2026-02-03T14:52:20.646021Z INFO  hpde_io Starting cdawmeta.metadata()
2026-02-03T14:52:20.646221Z INFO  hpde_io Requested meta_type(s): spase_hpde_io
2026-02-03T14:52:20.646314Z INFO  hpde_io Given requested meta_type = spase_hpde_io, need to create: ['allxml', 'spase_hpde_io']
2026-02-03T14:52:20.646411Z INFO  hpde_io Getting using requests-cache: https://spdf.gsfc.nasa.gov/pub/catalogs/all.xml
2026-02-03T14:52:21.461689Z INFO  hpde_io 
  status_code: 200
  from_cache:  True
  revalidated: True
  is_expired:  True
  timeout:     30
  max_retries: 5
  user headers: {'Accept-Encoding': None}
  cached_session_options: None
  cache_key:   4d2703751d36eabc
  cache_file:  ./data/CachedSession/allxml/4d2703751d36eabc.json
  cache_file_stat: 
    st_atime: Tue, 03 Feb 2026 19:52:20.972896 GMT
    st_mtime: Tue, 03 Feb 2026 19:52:21.325664 GMT
    st_ctime: Tue, 03 Feb 2026 19:52:21.325664 GMT
  Request Headers:
    Accept: */*
    Connection: keep-alive
    If-Modified-Since: Mon, 02 Feb 2026 16:16:27 GMT
    If-None-Match: "6ac66e-649d9a528f4fc"
    User-Agent: python-requests/2.32.5
  Response Headers:
    Accept-Ranges: bytes
    Access-Control-Allow-Methods: GET
    Access-Control-Allow-Origin: *
    Connection: Keep-Alive
    Content-Length: 6997678
    Content-Security-Policy: frame-ancestors 'self' *.gsfc.nasa.gov;
    Content-Type: text/xml
    Date: Tue, 03 Feb 2026 19:52:21 GMT
    ETag: "6ac66e-649ecc9d76dac"
    Keep-Alive: timeout=5, max=100
    Last-Modified: Tue, 03 Feb 2026 15:06:47 GMT
    Server: Apache
    Strict-Transport-Security: max-age=63072000; includeSubdomains; preload
    Vary: Accept-Encoding
2026-02-03T14:52:21.462628Z INFO  hpde_io File ./data/allxml/allxml.json exists and response was from cache. Not re-writing it.
2026-02-03T14:52:21.462669Z INFO  hpde_io File ./data/allxml/allxml.pkl exists and response was from cache. Not re-writing it.
2026-02-03T14:52:21.529020Z INFO  hpde_io Removing ids that match command line id_skip: AIM_CIPS_SCI_3A
2026-02-03T14:52:21.529339Z INFO  hpde_io   # of ids removed: 1
2026-02-03T14:52:21.529372Z INFO  hpde_io Removing ids that match id_skip in hapi.conf: AIM_CIPS_SCI_3A
2026-02-03T14:52:21.529587Z INFO  hpde_io   # of ids removed: 0
2026-02-03T14:52:21.529615Z INFO  hpde_io Using memoized allxml
2026-02-03T14:52:21.658861Z INFO  hpde_io Fetching from https://github.com/hpde/hpde.io to ./data/hpde.io
2026-02-03T14:52:22.674423Z INFO  hpde_io Merging origin/master
2026-02-03T14:52:22.976336Z INFO  hpde_io Getting list of files that match 'data/hpde.io/**/NumericalData/**/*.json'
2026-02-03T14:52:26.494963Z INFO  hpde_io 13096 NumericalData SPASE records before removing Deprecated
2026-02-03T14:52:26.504126Z INFO  hpde_io 7755 NumericalData SPASE records after removing Deprecated
2026-02-03T14:52:26.504158Z INFO  hpde_io Reading 7755 NumericalData SPASE records.
2026-02-03T14:52:26.511893Z WARN  hpde_io   No AccessURL/Name in http://hpde.io/GBO/NumericalData/McMAC/Bennington/Magnetometer/PT0.5S
2026-02-03T14:52:26.512054Z WARN  hpde_io   No AccessURL/Name in http://hpde.io/GBO/NumericalData/McMAC/Worthington/Magnetometer/PT0.5S
2026-02-03T14:52:26.512219Z WARN  hpde_io   No AccessURL/Name in http://hpde.io/GBO/NumericalData/McMAC/Linares/Magnetometer/PT0.5S
2026-02-03T14:52:26.512371Z WARN  hpde_io   No AccessURL/Name in http://hpde.io/GBO/NumericalData/McMAC/Americus/Magnetometer/PT0.5S
2026-02-03T14:52:26.512500Z WARN  hpde_io   No AccessURL/Name in http://hpde.io/GBO/NumericalData/McMAC/Glyndon/Magnetometer/PT0.5S
2026-02-03T14:52:26.512639Z WARN  hpde_io   No AccessURL/Name in http://hpde.io/GBO/NumericalData/McMAC/Richardson/Magnetometer/PT0.5S
2026-02-03T14:52:26.512762Z WARN  hpde_io   No AccessURL/Name in http://hpde.io/GBO/NumericalData/McMAC/San.Antonio/Magnetometer/PT0.5S
2026-02-03T14:52:26.512889Z WARN  hpde_io   No AccessURL/Name in http://hpde.io/GBO/NumericalData/McMAC/Purcell/Magnetometer/PT0.5S
2026-02-03T14:52:26.513015Z WARN  hpde_io   No AccessURL/Name in http://hpde.io/GBO/NumericalData/McMAC/Lyford/Magnetometer/PT0.5S
2026-02-03T14:52:26.683256Z WARN  hpde_io   No AccessURL/Name in http://hpde.io/GBO/NumericalData/IGPPLANL/Air.Force.Academy/Magnetometer/PT1S
2026-02-03T14:52:26.683422Z WARN  hpde_io   No AccessURL/Name in http://hpde.io/GBO/NumericalData/IGPPLANL/Cambridge/Magnetometer/PT1S
2026-02-03T14:52:26.683563Z WARN  hpde_io   No AccessURL/Name in http://hpde.io/GBO/NumericalData/IGPPLANL/Rapid.City/Magnetometer/PT1S
2026-02-03T14:52:26.683704Z WARN  hpde_io   No AccessURL/Name in http://hpde.io/GBO/NumericalData/IGPPLANL/Crete/Magnetometer/PT1S
2026-02-03T14:52:26.683827Z WARN  hpde_io   No AccessURL/Name in http://hpde.io/GBO/NumericalData/IGPPLANL/Table.Mountain/Magnetometer/PT1S
2026-02-03T14:52:26.683949Z WARN  hpde_io   No AccessURL/Name in http://hpde.io/GBO/NumericalData/IGPPLANL/Teoloyucan/Magnetometer/PT1S
2026-02-03T14:52:26.684077Z WARN  hpde_io   No AccessURL/Name in http://hpde.io/GBO/NumericalData/IGPPLANL/Southeast.Louisiana.University/Magnetometer/PT1S
2026-02-03T14:52:26.684198Z WARN  hpde_io   No AccessURL/Name in http://hpde.io/GBO/NumericalData/IGPPLANL/Jicamarca/Magnetometer/PT1S
2026-02-03T14:52:26.684328Z WARN  hpde_io   No AccessURL/Name in http://hpde.io/GBO/NumericalData/IGPPLANL/Los.Alamos.National.Laboratory/Magnetometer/PT1S
2026-02-03T14:52:26.684439Z WARN  hpde_io   No AccessURL/Name in http://hpde.io/GBO/NumericalData/IGPPLANL/Boulder/Magnetometer/PT1S
2026-02-03T14:52:26.684567Z WARN  hpde_io   No AccessURL/Name in http://hpde.io/GBO/NumericalData/IGPPLANL/San.Gabriel.Dam/Magnetometer/PT1S
2026-02-03T14:52:26.733600Z WARN  hpde_io   No AccessURL/Name in http://hpde.io/HamSCI/NumericalData/HFRadars/AmateurRadioSignalReport/AmateurRadioSignalReport
2026-02-03T14:52:26.734621Z WARN  hpde_io   No AccessURL/Name in http://hpde.io/IUGONET/NumericalData/NAOJSolarObs/sft_t1_halpha
2026-02-03T14:52:26.734733Z WARN  hpde_io   No AccessURL/Name in http://hpde.io/IUGONET/NumericalData/NAOJSolarObs/NAOJ_Mitaka_Whitelight_1997_fits
2026-02-03T14:52:26.734849Z WARN  hpde_io   No AccessURL/Name in http://hpde.io/IUGONET/NumericalData/NAOJSolarObs/wl_fulldisk
2026-02-03T14:52:26.734954Z WARN  hpde_io   No AccessURL/Name in http://hpde.io/IUGONET/NumericalData/KanazawaU/Akebono/VLF/H1/MCA
2026-02-03T14:52:26.743362Z WARN  hpde_io   No AccessURL/Name in http://hpde.io/IUGONET/NumericalData/RISH/DAWEX/GPN/Radiosonde/radiosonde_gpn_netcdf
2026-02-03T14:52:26.743500Z WARN  hpde_io   No AccessURL/Name in http://hpde.io/IUGONET/NumericalData/RISH/DAWEX/GPN/Radiosonde/radiosonde_gpn_txt
2026-02-03T14:52:26.743847Z WARN  hpde_io   No AccessURL/Name in http://hpde.io/IUGONET/NumericalData/TohokuU/radio_obs/rik/lf/lfrto_rik_numerical
2026-02-03T14:52:26.743970Z WARN  hpde_io   No AccessURL/Name in http://hpde.io/IUGONET/NumericalData/TohokuU/radio_obs/ptk/lf/avon_vlfb_ptk_numerical
2026-02-03T14:52:26.744098Z WARN  hpde_io   No AccessURL/Name in http://hpde.io/IUGONET/NumericalData/TohokuU/radio_obs/tnn/lf/avon_vlfb_tnn_numerical
2026-02-03T14:52:26.744218Z WARN  hpde_io   No AccessURL/Name in http://hpde.io/IUGONET/NumericalData/TohokuU/radio_obs/yon/hfspec/hfspec_sun_numerical
2026-02-03T14:52:26.744330Z WARN  hpde_io   No AccessURL/Name in http://hpde.io/IUGONET/NumericalData/TohokuU/radio_obs/yon/hfspec/hfspec_sun_cdf
2026-02-03T14:52:26.744453Z WARN  hpde_io   No AccessURL/Name in http://hpde.io/IUGONET/NumericalData/TohokuU/radio_obs/lbs/lf/avon_vlfb_lbs_numerical
2026-02-03T14:52:26.744567Z WARN  hpde_io   No AccessURL/Name in http://hpde.io/IUGONET/NumericalData/TohokuU/radio_obs/nal/lf/lfrto_nal_numerical
2026-02-03T14:52:26.744689Z WARN  hpde_io   No AccessURL/Name in http://hpde.io/IUGONET/NumericalData/TohokuU/radio_obs/ath/lf/lfrto_ath_numerical
2026-02-03T14:52:26.744805Z WARN  hpde_io   No AccessURL/Name in http://hpde.io/IUGONET/NumericalData/TohokuU/radio_obs/zao/lf/lfrto_zao_numerical
2026-02-03T14:52:26.744928Z WARN  hpde_io   No AccessURL/Name in http://hpde.io/IUGONET/NumericalData/TohokuU/radio_obs/srb/lf/avon_vlfb_srb_numerical
2026-02-03T14:52:26.745042Z WARN  hpde_io   No AccessURL/Name in http://hpde.io/IUGONET/NumericalData/TohokuU/radio_obs/iit/hfspec/hfspec_sun_numerical
2026-02-03T14:52:26.745156Z WARN  hpde_io   No AccessURL/Name in http://hpde.io/IUGONET/NumericalData/TohokuU/radio_obs/iit/hfspec/hfspec_sun_cdf
2026-02-03T14:52:26.745271Z WARN  hpde_io   No AccessURL/Name in http://hpde.io/IUGONET/NumericalData/TohokuU/radio_obs/iit/iprt/iprt_sun_numerical
2026-02-03T14:52:26.745386Z WARN  hpde_io   No AccessURL/Name in http://hpde.io/IUGONET/NumericalData/TohokuU/radio_obs/iit/iprt/iprt_jup_numerical
2026-02-03T14:52:26.745493Z WARN  hpde_io   No AccessURL/Name in http://hpde.io/IUGONET/NumericalData/TohokuU/mag_obs/pok/sm/sm_pok_numerical
2026-02-03T14:52:26.745591Z WARN  hpde_io   No AccessURL/Name in http://hpde.io/IUGONET/NumericalData/TohokuU/mag_obs/onw/sm/sm_onw_numerical
2026-02-03T14:52:26.745690Z WARN  hpde_io   No AccessURL/Name in http://hpde.io/IUGONET/NumericalData/TohokuU/opt_obs/hal/swfc/jup
2026-02-03T14:52:26.745786Z WARN  hpde_io   No AccessURL/Name in http://hpde.io/IUGONET/NumericalData/TohokuU/opt_obs/hal/lses/jup
2026-02-03T14:52:26.746704Z WARN  hpde_io   No AccessURL/Name in http://hpde.io/IUGONET/NumericalData/NIPR/misc/SYO/SodiumLidar/PT1H_temp_txt
2026-02-03T14:52:26.746838Z WARN  hpde_io   No AccessURL/Name in http://hpde.io/IUGONET/NumericalData/NIPR/misc/SYO/SodiumLidar/PT1H_dens_txt
2026-02-03T14:52:26.747568Z WARN  hpde_io   No AccessURL/Name in http://hpde.io/IUGONET/NumericalData/NIPR/EISCAT/TRO/UHF/cdf
2026-02-03T14:52:26.747755Z WARN  hpde_io   No AccessURL/Name in http://hpde.io/IUGONET/NumericalData/NIPR/EISCAT/TRO/VHF/cdf
2026-02-03T14:52:26.747946Z WARN  hpde_io   No AccessURL/Name in http://hpde.io/IUGONET/NumericalData/NIPR/EISCAT/LYR/ESR42m/cdf
2026-02-03T14:52:26.748126Z WARN  hpde_io   No AccessURL/Name in http://hpde.io/IUGONET/NumericalData/NIPR/EISCAT/LYR/ESR32m/cdf
2026-02-03T14:52:26.749650Z WARN  hpde_io   No AccessURL/Name in http://hpde.io/IUGONET/NumericalData/NIPR/Meteorradar/TRO/NTMR/PT1H_txt
2026-02-03T14:52:26.749783Z WARN  hpde_io   No AccessURL/Name in http://hpde.io/IUGONET/NumericalData/NIPR/Meteorradar/LYR/NSMR/PT1H_txt
2026-02-03T14:52:26.753726Z WARN  hpde_io   No AccessURL/Name in http://hpde.io/IUGONET/NumericalData/ICSWSE/EMN/VIC/fluxgate/PT3S_ICSWSE_storage
2026-02-03T14:52:26.753847Z WARN  hpde_io   No AccessURL/Name in http://hpde.io/IUGONET/NumericalData/ICSWSE/EMN/MMB/fluxgate/PT3S_ICSWSE_storage
2026-02-03T14:52:26.753979Z WARN  hpde_io   No AccessURL/Name in http://hpde.io/IUGONET/NumericalData/ICSWSE/EMN/POV/fluxgate/PT3S_ICSWSE_storage
2026-02-03T14:52:26.754113Z WARN  hpde_io   No AccessURL/Name in http://hpde.io/IUGONET/NumericalData/ICSWSE/EMN/GAR/fluxgate/PT3S_ICSWSE_storage
2026-02-03T14:52:26.754246Z WARN  hpde_io   No AccessURL/Name in http://hpde.io/IUGONET/NumericalData/ICSWSE/EMN/MAR/fluxgate/PT3S_ICSWSE_storage
2026-02-03T14:52:26.754373Z WARN  hpde_io   No AccessURL/Name in http://hpde.io/IUGONET/NumericalData/ICSWSE/EMN/VIL/fluxgate/PT3S_ICSWSE_storage
2026-02-03T14:52:26.754481Z WARN  hpde_io   No AccessURL/Name in http://hpde.io/IUGONET/NumericalData/ICSWSE/EMN/CNX/fluxgate/PT3S_ICSWSE_storage
2026-02-03T14:52:26.754605Z WARN  hpde_io   No AccessURL/Name in http://hpde.io/IUGONET/NumericalData/ICSWSE/EMN/GDL/fluxgate/PT3S_ICSWSE_storage
2026-02-03T14:52:26.754719Z WARN  hpde_io   No AccessURL/Name in http://hpde.io/IUGONET/NumericalData/ICSWSE/EMN/CPA/fluxgate/PT3S_ICSWSE_storage
2026-02-03T14:52:26.754832Z WARN  hpde_io   No AccessURL/Name in http://hpde.io/IUGONET/NumericalData/ICSWSE/EMN/YAP/fluxgate/PT3S_ICSWSE_storage
2026-02-03T14:52:26.754961Z WARN  hpde_io   No AccessURL/Name in http://hpde.io/IUGONET/NumericalData/ICSWSE/EMN/SMA/fluxgate/PT3S_ICSWSE_storage
2026-02-03T14:52:26.755090Z WARN  hpde_io   No AccessURL/Name in http://hpde.io/IUGONET/NumericalData/ICSWSE/EMN/MSR/fluxgate/PT3S_ICSWSE_storage
2026-02-03T14:52:26.755201Z WARN  hpde_io   No AccessURL/Name in http://hpde.io/IUGONET/NumericalData/ICSWSE/EMN/BLM/fluxgate/PT3S_ICSWSE_storage
2026-02-03T14:52:26.755331Z WARN  hpde_io   No AccessURL/Name in http://hpde.io/IUGONET/NumericalData/ICSWSE/EMN/EUS/fluxgate/PT3S_ICSWSE_storage
2026-02-03T14:52:26.755458Z WARN  hpde_io   No AccessURL/Name in http://hpde.io/IUGONET/NumericalData/ICSWSE/EMN/LAQ/fluxgate/PT3S_ICSWSE_storage
2026-02-03T14:52:26.755585Z WARN  hpde_io   No AccessURL/Name in http://hpde.io/IUGONET/NumericalData/ICSWSE/EMN/DAR/fluxgate/PT3S_ICSWSE_storage
2026-02-03T14:52:26.755709Z WARN  hpde_io   No AccessURL/Name in http://hpde.io/IUGONET/NumericalData/ICSWSE/EMN/ARI/fluxgate/PT3S_ICSWSE_storage
2026-02-03T14:52:26.755838Z WARN  hpde_io   No AccessURL/Name in http://hpde.io/IUGONET/NumericalData/ICSWSE/EMN/KOC/fluxgate/PT3S_ICSWSE_storage
2026-02-03T14:52:26.755954Z WARN  hpde_io   No AccessURL/Name in http://hpde.io/IUGONET/NumericalData/ICSWSE/EMN/HUA/fluxgate/PT3S_ICSWSE_storage
2026-02-03T14:52:26.756079Z WARN  hpde_io   No AccessURL/Name in http://hpde.io/IUGONET/NumericalData/ICSWSE/EMN/TAM/fluxgate/PT3S_ICSWSE_storage
2026-02-03T14:52:26.756206Z WARN  hpde_io   No AccessURL/Name in http://hpde.io/IUGONET/NumericalData/ICSWSE/EMN/CLF/fluxgate/PT3S_ICSWSE_storage
2026-02-03T14:52:26.756334Z WARN  hpde_io   No AccessURL/Name in http://hpde.io/IUGONET/NumericalData/ICSWSE/EMN/ALC/fluxgate/PT3S_ICSWSE_storage
2026-02-03T14:52:26.756467Z WARN  hpde_io   No AccessURL/Name in http://hpde.io/IUGONET/NumericalData/ICSWSE/EMN/PFO/fluxgate/PT3S_ICSWSE_storage
2026-02-03T14:52:26.756576Z WARN  hpde_io   No AccessURL/Name in http://hpde.io/IUGONET/NumericalData/ICSWSE/EMN/OKN/fluxgate/PT3S_ICSWSE_storage
2026-02-03T14:52:26.756704Z WARN  hpde_io   No AccessURL/Name in http://hpde.io/IUGONET/NumericalData/ICSWSE/EMN/ABG/fluxgate/PT3S_ICSWSE_storage
2026-02-03T14:52:26.756817Z WARN  hpde_io   No AccessURL/Name in http://hpde.io/IUGONET/NumericalData/ICSWSE/EMN/CNT/fluxgate/PT3S_ICSWSE_storage
2026-02-03T14:52:26.756943Z WARN  hpde_io   No AccessURL/Name in http://hpde.io/IUGONET/NumericalData/ICSWSE/EMN/TER/fluxgate/PT3S_ICSWSE_storage
2026-02-03T14:52:26.757072Z WARN  hpde_io   No AccessURL/Name in http://hpde.io/IUGONET/NumericalData/ICSWSE/EMN/ANC/fluxgate/PT3S_ICSWSE_storage
2026-02-03T14:52:26.757202Z WARN  hpde_io   No AccessURL/Name in http://hpde.io/IUGONET/NumericalData/ICSWSE/EMN/POH/fluxgate/PT3S_ICSWSE_storage
2026-02-03T14:52:26.757330Z WARN  hpde_io   No AccessURL/Name in http://hpde.io/IUGONET/NumericalData/ICSWSE/EMN/TRV/fluxgate/PT3S_ICSWSE_storage
2026-02-03T14:52:26.757456Z WARN  hpde_io   No AccessURL/Name in http://hpde.io/IUGONET/NumericalData/ICSWSE/EMN/CUI/fluxgate/PT3S_ICSWSE_storage
2026-02-03T14:52:26.757584Z WARN  hpde_io   No AccessURL/Name in http://hpde.io/IUGONET/NumericalData/ICSWSE/EMN/KUJ/fluxgate/PT3S_ICSWSE_storage
2026-02-03T14:52:26.757706Z WARN  hpde_io   No AccessURL/Name in http://hpde.io/IUGONET/NumericalData/ICSWSE/EMN/PRM/fluxgate/PT3S_ICSWSE_storage
2026-02-03T14:52:26.757835Z WARN  hpde_io   No AccessURL/Name in http://hpde.io/IUGONET/NumericalData/ICSWSE/EMN/PRD/fluxgate/PT3S_ICSWSE_storage
2026-02-03T14:52:26.757968Z WARN  hpde_io   No AccessURL/Name in http://hpde.io/IUGONET/NumericalData/ICSWSE/EMN/GUA/fluxgate/PT3S_ICSWSE_storage
2026-02-03T14:52:26.758084Z WARN  hpde_io   No AccessURL/Name in http://hpde.io/IUGONET/NumericalData/ICSWSE/EMN/SLZ/fluxgate/PT3S_ICSWSE_storage
2026-02-03T14:52:26.758210Z WARN  hpde_io   No AccessURL/Name in http://hpde.io/IUGONET/NumericalData/ICSWSE/EMN/CRI/fluxgate/PT3S_ICSWSE_storage
2026-02-03T14:52:26.758342Z WARN  hpde_io   No AccessURL/Name in http://hpde.io/IUGONET/NumericalData/ICSWSE/EMN/HAR/fluxgate/PT3S_ICSWSE_storage
2026-02-03T14:52:26.758468Z WARN  hpde_io   No AccessURL/Name in http://hpde.io/IUGONET/NumericalData/ICSWSE/EMN/MOK/fluxgate/PT3S_ICSWSE_storage
2026-02-03T14:52:26.758596Z WARN  hpde_io   No AccessURL/Name in http://hpde.io/IUGONET/NumericalData/ICSWSE/EMN/KOR/fluxgate/PT3S_ICSWSE_storage
2026-02-03T14:52:26.758716Z WARN  hpde_io   No AccessURL/Name in http://hpde.io/IUGONET/NumericalData/ICSWSE/EMN/MEL/fluxgate/PT3S_ICSWSE_storage
2026-02-03T14:52:26.758842Z WARN  hpde_io   No AccessURL/Name in http://hpde.io/IUGONET/NumericalData/ICSWSE/EMN/CLB/fluxgate/PT3S_ICSWSE_storage
2026-02-03T14:52:26.758984Z WARN  hpde_io   No AccessURL/Name in http://hpde.io/IUGONET/NumericalData/ICSWSE/EMN/GLP/fluxgate/PT3S_ICSWSE_storage
2026-02-03T14:52:26.759099Z WARN  hpde_io   No AccessURL/Name in http://hpde.io/IUGONET/NumericalData/ICSWSE/EMN/MED/fluxgate/PT3S_ICSWSE_storage
2026-02-03T14:52:26.759226Z WARN  hpde_io   No AccessURL/Name in http://hpde.io/IUGONET/NumericalData/ICSWSE/CPMN/GAR/fluxgate/PT1S_ICSWSE_storage
2026-02-03T14:52:26.759358Z WARN  hpde_io   No AccessURL/Name in http://hpde.io/IUGONET/NumericalData/ICSWSE/CPMN/CBI/fluxgate/PT1S_ICSWSE_storage
2026-02-03T14:52:26.759483Z WARN  hpde_io   No AccessURL/Name in http://hpde.io/IUGONET/NumericalData/ICSWSE/CPMN/RIK/fluxgate/PT1S_ICSWSE_storage
2026-02-03T14:52:26.759611Z WARN  hpde_io   No AccessURL/Name in http://hpde.io/IUGONET/NumericalData/ICSWSE/CPMN/PIU/fluxgate/PT1S_ICSWSE_storage
2026-02-03T14:52:26.759728Z WARN  hpde_io   No AccessURL/Name in http://hpde.io/IUGONET/NumericalData/ICSWSE/CPMN/CAN/fluxgate/PT1S_ICSWSE_storage
2026-02-03T14:52:26.759840Z WARN  hpde_io   No AccessURL/Name in http://hpde.io/IUGONET/NumericalData/ICSWSE/CPMN/MGD/fluxgate/PT1S_ICSWSE_storage
2026-02-03T14:52:26.759963Z WARN  hpde_io   No AccessURL/Name in http://hpde.io/IUGONET/NumericalData/ICSWSE/CPMN/CPA/fluxgate/PT1S_ICSWSE_storage
2026-02-03T14:52:26.760094Z WARN  hpde_io   No AccessURL/Name in http://hpde.io/IUGONET/NumericalData/ICSWSE/CPMN/BJI/fluxgate/PT1S_ICSWSE_storage
2026-02-03T14:52:26.760224Z WARN  hpde_io   No AccessURL/Name in http://hpde.io/IUGONET/NumericalData/ICSWSE/CPMN/YAP/fluxgate/PT1S_ICSWSE_storage
2026-02-03T14:52:26.760341Z WARN  hpde_io   No AccessURL/Name in http://hpde.io/IUGONET/NumericalData/ICSWSE/CPMN/NCK/fluxgate/PT1S_ICSWSE_storage
2026-02-03T14:52:26.760466Z WARN  hpde_io   No AccessURL/Name in http://hpde.io/IUGONET/NumericalData/ICSWSE/CPMN/SMA/fluxgate/PT1S_ICSWSE_storage
2026-02-03T14:52:26.760589Z WARN  hpde_io   No AccessURL/Name in http://hpde.io/IUGONET/NumericalData/ICSWSE/CPMN/PTK/fluxgate/PT1S_ICSWSE_storage
2026-02-03T14:52:26.760713Z WARN  hpde_io   No AccessURL/Name in http://hpde.io/IUGONET/NumericalData/ICSWSE/CPMN/MSR/fluxgate/PT1S_ICSWSE_storage
2026-02-03T14:52:26.760827Z WARN  hpde_io   No AccessURL/Name in http://hpde.io/IUGONET/NumericalData/ICSWSE/CPMN/BLM/fluxgate/PT1S_ICSWSE_storage
2026-02-03T14:52:26.760938Z WARN  hpde_io   No AccessURL/Name in http://hpde.io/IUGONET/NumericalData/ICSWSE/CPMN/EUS/fluxgate/PT1S_ICSWSE_storage
2026-02-03T14:52:26.761063Z WARN  hpde_io   No AccessURL/Name in http://hpde.io/IUGONET/NumericalData/ICSWSE/CPMN/LAQ/fluxgate/PT1S_ICSWSE_storage
2026-02-03T14:52:26.761195Z WARN  hpde_io   No AccessURL/Name in http://hpde.io/IUGONET/NumericalData/ICSWSE/CPMN/WEW/fluxgate/PT1S_ICSWSE_storage
2026-02-03T14:52:26.761324Z WARN  hpde_io   No AccessURL/Name in http://hpde.io/IUGONET/NumericalData/ICSWSE/CPMN/LMT/fluxgate/PT1S_ICSWSE_storage
2026-02-03T14:52:26.761462Z WARN  hpde_io   No AccessURL/Name in http://hpde.io/IUGONET/NumericalData/ICSWSE/CPMN/WEP/fluxgate/PT1S_ICSWSE_storage
2026-02-03T14:52:26.761577Z WARN  hpde_io   No AccessURL/Name in http://hpde.io/IUGONET/NumericalData/ICSWSE/CPMN/ZYK/fluxgate/PT1S_ICSWSE_storage
2026-02-03T14:52:26.761709Z WARN  hpde_io   No AccessURL/Name in http://hpde.io/IUGONET/NumericalData/ICSWSE/CPMN/BSV/fluxgate/PT1S_ICSWSE_storage
2026-02-03T14:52:26.761838Z WARN  hpde_io   No AccessURL/Name in http://hpde.io/IUGONET/NumericalData/ICSWSE/CPMN/MCQ/fluxgate/PT1S_ICSWSE_storage
2026-02-03T14:52:26.761968Z WARN  hpde_io   No AccessURL/Name in http://hpde.io/IUGONET/NumericalData/ICSWSE/CPMN/OKN/fluxgate/PT1S_ICSWSE_storage
2026-02-03T14:52:26.762105Z WARN  hpde_io   No AccessURL/Name in http://hpde.io/IUGONET/NumericalData/ICSWSE/CPMN/KAT/fluxgate/PT1S_ICSWSE_storage
2026-02-03T14:52:26.762228Z WARN  hpde_io   No AccessURL/Name in http://hpde.io/IUGONET/NumericalData/ICSWSE/CPMN/ADL/fluxgate/PT1S_ICSWSE_storage
2026-02-03T14:52:26.762355Z WARN  hpde_io   No AccessURL/Name in http://hpde.io/IUGONET/NumericalData/ICSWSE/CPMN/GAM/fluxgate/PT1S_ICSWSE_storage
2026-02-03T14:52:26.762493Z WARN  hpde_io   No AccessURL/Name in http://hpde.io/IUGONET/NumericalData/ICSWSE/CPMN/PON/fluxgate/PT1S_ICSWSE_storage
2026-02-03T14:52:26.762615Z WARN  hpde_io   No AccessURL/Name in http://hpde.io/IUGONET/NumericalData/ICSWSE/CPMN/CNT/fluxgate/PT1S_ICSWSE_storage
2026-02-03T14:52:26.762744Z WARN  hpde_io   No AccessURL/Name in http://hpde.io/IUGONET/NumericalData/ICSWSE/CPMN/CHD/fluxgate/PT1S_ICSWSE_storage
2026-02-03T14:52:26.762872Z WARN  hpde_io   No AccessURL/Name in http://hpde.io/IUGONET/NumericalData/ICSWSE/CPMN/KAG/fluxgate/PT1S_ICSWSE_storage
2026-02-03T14:52:26.762986Z WARN  hpde_io   No AccessURL/Name in http://hpde.io/IUGONET/NumericalData/ICSWSE/CPMN/ANC/fluxgate/PT1S_ICSWSE_storage
2026-02-03T14:52:26.763112Z WARN  hpde_io   No AccessURL/Name in http://hpde.io/IUGONET/NumericalData/ICSWSE/CPMN/ONW/fluxgate/PT1S_ICSWSE_storage
2026-02-03T14:52:26.763230Z WARN  hpde_io   No AccessURL/Name in http://hpde.io/IUGONET/NumericalData/ICSWSE/CPMN/TIK/fluxgate/PT1S_ICSWSE_storage
2026-02-03T14:52:26.763350Z WARN  hpde_io   No AccessURL/Name in http://hpde.io/IUGONET/NumericalData/ICSWSE/CPMN/HER/fluxgate/PT1S_ICSWSE_storage
2026-02-03T14:52:26.763465Z WARN  hpde_io   No AccessURL/Name in http://hpde.io/IUGONET/NumericalData/ICSWSE/CPMN/BCL/fluxgate/PT1S_ICSWSE_storage
2026-02-03T14:52:26.763594Z WARN  hpde_io   No AccessURL/Name in http://hpde.io/IUGONET/NumericalData/ICSWSE/CPMN/TRD/fluxgate/PT1S_ICSWSE_storage
2026-02-03T14:52:26.763726Z WARN  hpde_io   No AccessURL/Name in http://hpde.io/IUGONET/NumericalData/ICSWSE/CPMN/BIK/fluxgate/PT1S_ICSWSE_storage
2026-02-03T14:52:26.763856Z WARN  hpde_io   No AccessURL/Name in http://hpde.io/IUGONET/NumericalData/ICSWSE/CPMN/PTN/fluxgate/PT1S_ICSWSE_storage
2026-02-03T14:52:26.763991Z WARN  hpde_io   No AccessURL/Name in http://hpde.io/IUGONET/NumericalData/ICSWSE/CPMN/KUJ/fluxgate/PT1S_ICSWSE_storage
2026-02-03T14:52:26.764111Z WARN  hpde_io   No AccessURL/Name in http://hpde.io/IUGONET/NumericalData/ICSWSE/CPMN/MUT/fluxgate/PT1S_ICSWSE_storage
2026-02-03T14:52:26.764240Z WARN  hpde_io   No AccessURL/Name in http://hpde.io/IUGONET/NumericalData/ICSWSE/CPMN/YMK/fluxgate/PT1S_ICSWSE_storage
2026-02-03T14:52:26.764369Z WARN  hpde_io   No AccessURL/Name in http://hpde.io/IUGONET/NumericalData/ICSWSE/CPMN/GUA/fluxgate/PT1S_ICSWSE_storage
2026-02-03T14:52:26.764506Z WARN  hpde_io   No AccessURL/Name in http://hpde.io/IUGONET/NumericalData/ICSWSE/CPMN/KTN/fluxgate/PT1S_ICSWSE_storage
2026-02-03T14:52:26.764648Z WARN  hpde_io   No AccessURL/Name in http://hpde.io/IUGONET/NumericalData/ICSWSE/CPMN/DAV/fluxgate/PT1S_ICSWSE_storage
2026-02-03T14:52:26.764789Z WARN  hpde_io   No AccessURL/Name in http://hpde.io/IUGONET/NumericalData/ICSWSE/CPMN/EWA/fluxgate/PT1S_ICSWSE_storage
2026-02-03T14:52:26.764923Z WARN  hpde_io   No AccessURL/Name in http://hpde.io/IUGONET/NumericalData/ICSWSE/CPMN/DAL/fluxgate/PT1S_ICSWSE_storage
2026-02-03T14:52:26.765059Z WARN  hpde_io   No AccessURL/Name in http://hpde.io/IUGONET/NumericalData/ICSWSE/CPMN/HAR/fluxgate/PT1S_ICSWSE_storage
2026-02-03T14:52:26.765180Z WARN  hpde_io   No AccessURL/Name in http://hpde.io/IUGONET/NumericalData/ICSWSE/CPMN/PPI/fluxgate/PT1S_ICSWSE_storage
2026-02-03T14:52:26.765316Z WARN  hpde_io   No AccessURL/Name in http://hpde.io/IUGONET/NumericalData/ICSWSE/CPMN/LNP/fluxgate/PT1S_ICSWSE_storage
2026-02-03T14:52:26.765440Z WARN  hpde_io   No AccessURL/Name in http://hpde.io/IUGONET/NumericalData/ICSWSE/CPMN/DAW/fluxgate/PT1S_ICSWSE_storage
2026-02-03T14:52:26.765579Z WARN  hpde_io   No AccessURL/Name in http://hpde.io/IUGONET/NumericalData/ICSWSE/CPMN/KOT/fluxgate/PT1S_ICSWSE_storage
2026-02-03T14:52:26.765724Z WARN  hpde_io   No AccessURL/Name in http://hpde.io/IUGONET/NumericalData/ICSWSE/CPMN/CEB/fluxgate/PT1S_ICSWSE_storage
2026-02-03T14:52:26.765861Z WARN  hpde_io   No AccessURL/Name in http://hpde.io/IUGONET/NumericalData/ICSWSE/CPMN/COL/fluxgate/PT1S_ICSWSE_storage
2026-02-03T14:52:26.765986Z WARN  hpde_io   No AccessURL/Name in http://hpde.io/IUGONET/NumericalData/ICSWSE/CPMN/GLP/fluxgate/PT1S_ICSWSE_storage
2026-02-03T14:52:26.766127Z WARN  hpde_io   No AccessURL/Name in http://hpde.io/IUGONET/NumericalData/ICSWSE/MAGDAS-FMCW/MNL/fmcw/PT10M_ICSWSE_binary
2026-02-03T14:52:26.766258Z WARN  hpde_io   No AccessURL/Name in http://hpde.io/IUGONET/NumericalData/ICSWSE/MAGDAS-FMCW/PTK/fmcw/PT10M_ICSWSE_binary
2026-02-03T14:52:26.766398Z WARN  hpde_io   No AccessURL/Name in http://hpde.io/IUGONET/NumericalData/ICSWSE/MAGDAS-FMCW/SAS/fmcw/PT10M_ICSWSE_binary
2026-02-03T14:52:26.766544Z WARN  hpde_io   No AccessURL/Name in http://hpde.io/IUGONET/NumericalData/ICSWSE/MAGDAS/MND/fluxgate/PT1S_ICSWSE_storage
2026-02-03T14:52:26.766683Z WARN  hpde_io   No AccessURL/Name in http://hpde.io/IUGONET/NumericalData/ICSWSE/MAGDAS/ABJ/fluxgate/PT1S_ICSWSE_storage
2026-02-03T14:52:26.766813Z WARN  hpde_io   No AccessURL/Name in http://hpde.io/IUGONET/NumericalData/ICSWSE/MAGDAS/TIR/fluxgate/PT1S_ICSWSE_storage
2026-02-03T14:52:26.766950Z WARN  hpde_io   No AccessURL/Name in http://hpde.io/IUGONET/NumericalData/ICSWSE/MAGDAS/CMD/fluxgate/PT1S_ICSWSE_storage
2026-02-03T14:52:26.767073Z WARN  hpde_io   No AccessURL/Name in http://hpde.io/IUGONET/NumericalData/ICSWSE/MAGDAS/AAB/fluxgate/PT1S_ICSWSE_storage
2026-02-03T14:52:26.767213Z WARN  hpde_io   No AccessURL/Name in http://hpde.io/IUGONET/NumericalData/ICSWSE/MAGDAS/CKT/fluxgate/PT1S_ICSWSE_storage
2026-02-03T14:52:26.767355Z WARN  hpde_io   No AccessURL/Name in http://hpde.io/IUGONET/NumericalData/ICSWSE/MAGDAS/AMA/fluxgate/PT1S_ICSWSE_storage
2026-02-03T14:52:26.767532Z WARN  hpde_io   No AccessURL/Name in http://hpde.io/IUGONET/NumericalData/ICSWSE/MAGDAS/DRB/fluxgate/PT1S_ICSWSE_storage
2026-02-03T14:52:26.767668Z WARN  hpde_io   No AccessURL/Name in http://hpde.io/IUGONET/NumericalData/ICSWSE/MAGDAS/CAN/fluxgate/PT1S_ICSWSE_storage
2026-02-03T14:52:26.767788Z WARN  hpde_io   No AccessURL/Name in http://hpde.io/IUGONET/NumericalData/ICSWSE/MAGDAS/MGD/fluxgate/PT1S_ICSWSE_storage
2026-02-03T14:52:26.767957Z WARN  hpde_io   No AccessURL/Name in http://hpde.io/IUGONET/NumericalData/ICSWSE/MAGDAS/TWV/fluxgate/PT1S_ICSWSE_storage
2026-02-03T14:52:26.768109Z WARN  hpde_io   No AccessURL/Name in http://hpde.io/IUGONET/NumericalData/ICSWSE/MAGDAS/DES/fluxgate/PT1S_ICSWSE_storage
2026-02-03T14:52:26.768235Z WARN  hpde_io   No AccessURL/Name in http://hpde.io/IUGONET/NumericalData/ICSWSE/MAGDAS/YAP/fluxgate/PT1S_ICSWSE_storage
2026-02-03T14:52:26.768365Z WARN  hpde_io   No AccessURL/Name in http://hpde.io/IUGONET/NumericalData/ICSWSE/MAGDAS/WAD/fluxgate/PT1S_ICSWSE_storage
2026-02-03T14:52:26.768516Z WARN  hpde_io   No AccessURL/Name in http://hpde.io/IUGONET/NumericalData/ICSWSE/MAGDAS/ASB/fluxgate/PT1S_ICSWSE_storage
2026-02-03T14:52:26.768658Z WARN  hpde_io   No AccessURL/Name in http://hpde.io/IUGONET/NumericalData/ICSWSE/MAGDAS/SMA/fluxgate/PT1S_ICSWSE_storage
2026-02-03T14:52:26.768784Z WARN  hpde_io   No AccessURL/Name in http://hpde.io/IUGONET/NumericalData/ICSWSE/MAGDAS/MPT/fluxgate/PT1S_ICSWSE_storage
2026-02-03T14:52:26.768913Z WARN  hpde_io   No AccessURL/Name in http://hpde.io/IUGONET/NumericalData/ICSWSE/MAGDAS/PTK/fluxgate/PT1S_ICSWSE_storage
2026-02-03T14:52:26.769036Z WARN  hpde_io   No AccessURL/Name in http://hpde.io/IUGONET/NumericalData/ICSWSE/MAGDAS/CST/fluxgate/PT1S_ICSWSE_storage
2026-02-03T14:52:26.769180Z WARN  hpde_io   No AccessURL/Name in http://hpde.io/IUGONET/NumericalData/ICSWSE/MAGDAS/ASW/fluxgate/PT1S_ICSWSE_storage
2026-02-03T14:52:26.769319Z WARN  hpde_io   No AccessURL/Name in http://hpde.io/IUGONET/NumericalData/ICSWSE/MAGDAS/EUS/fluxgate/PT1S_ICSWSE_storage
2026-02-03T14:52:26.769466Z WARN  hpde_io   No AccessURL/Name in http://hpde.io/IUGONET/NumericalData/ICSWSE/MAGDAS/HOB/fluxgate/PT1S_ICSWSE_storage
2026-02-03T14:52:26.769599Z WARN  hpde_io   No AccessURL/Name in http://hpde.io/IUGONET/NumericalData/ICSWSE/MAGDAS/LAQ/fluxgate/PT1S_ICSWSE_storage
2026-02-03T14:52:26.769739Z WARN  hpde_io   No AccessURL/Name in http://hpde.io/IUGONET/NumericalData/ICSWSE/MAGDAS/KRT/fluxgate/PT1S_ICSWSE_storage
2026-02-03T14:52:26.769869Z WARN  hpde_io   No AccessURL/Name in http://hpde.io/IUGONET/NumericalData/ICSWSE/MAGDAS/BKL/fluxgate/PT1S_ICSWSE_storage
2026-02-03T14:52:26.770001Z WARN  hpde_io   No AccessURL/Name in http://hpde.io/IUGONET/NumericalData/ICSWSE/MAGDAS/LGZ/fluxgate/PT1S_ICSWSE_storage
2026-02-03T14:52:26.770140Z WARN  hpde_io   No AccessURL/Name in http://hpde.io/IUGONET/NumericalData/ICSWSE/MAGDAS/SCN/fluxgate/PT1S_ICSWSE_storage
2026-02-03T14:52:26.770279Z WARN  hpde_io   No AccessURL/Name in http://hpde.io/IUGONET/NumericalData/ICSWSE/MAGDAS/LKW/fluxgate/PT1S_ICSWSE_storage
2026-02-03T14:52:26.770410Z WARN  hpde_io   No AccessURL/Name in http://hpde.io/IUGONET/NumericalData/ICSWSE/MAGDAS/LSK/fluxgate/PT1S_ICSWSE_storage
2026-02-03T14:52:26.770546Z WARN  hpde_io   No AccessURL/Name in http://hpde.io/IUGONET/NumericalData/ICSWSE/MAGDAS/MCQ/fluxgate/PT1S_ICSWSE_storage
2026-02-03T14:52:26.770677Z WARN  hpde_io   No AccessURL/Name in http://hpde.io/IUGONET/NumericalData/ICSWSE/MAGDAS/TNO/fluxgate/PT1S_ICSWSE_storage
2026-02-03T14:52:26.770822Z WARN  hpde_io   No AccessURL/Name in http://hpde.io/IUGONET/NumericalData/ICSWSE/MAGDAS/FYM/fluxgate/PT1S_ICSWSE_storage
2026-02-03T14:52:26.770957Z WARN  hpde_io   No AccessURL/Name in http://hpde.io/IUGONET/NumericalData/ICSWSE/MAGDAS/ILR/fluxgate/PT1S_ICSWSE_storage
2026-02-03T14:52:26.771090Z WARN  hpde_io   No AccessURL/Name in http://hpde.io/IUGONET/NumericalData/ICSWSE/MAGDAS/OIS/fluxgate/PT1S_ICSWSE_storage
2026-02-03T14:52:26.771225Z WARN  hpde_io   No AccessURL/Name in http://hpde.io/IUGONET/NumericalData/ICSWSE/MAGDAS/TGG/fluxgate/PT1S_ICSWSE_storage
2026-02-03T14:52:26.771362Z WARN  hpde_io   No AccessURL/Name in http://hpde.io/IUGONET/NumericalData/ICSWSE/MAGDAS/CGR/fluxgate/PT1S_ICSWSE_storage
2026-02-03T14:52:26.771500Z WARN  hpde_io   No AccessURL/Name in http://hpde.io/IUGONET/NumericalData/ICSWSE/MAGDAS/JRS/fluxgate/PT1S_ICSWSE_storage
2026-02-03T14:52:26.771632Z WARN  hpde_io   No AccessURL/Name in http://hpde.io/IUGONET/NumericalData/ICSWSE/MAGDAS/ABU/fluxgate/PT1S_ICSWSE_storage
2026-02-03T14:52:26.771766Z WARN  hpde_io   No AccessURL/Name in http://hpde.io/IUGONET/NumericalData/ICSWSE/MAGDAS/ROC/fluxgate/PT1S_ICSWSE_storage
2026-02-03T14:52:26.771903Z WARN  hpde_io   No AccessURL/Name in http://hpde.io/IUGONET/NumericalData/ICSWSE/MAGDAS/CDO/fluxgate/PT1S_ICSWSE_storage
2026-02-03T14:52:26.772049Z WARN  hpde_io   No AccessURL/Name in http://hpde.io/IUGONET/NumericalData/ICSWSE/MAGDAS/ANC/fluxgate/PT1S_ICSWSE_storage
2026-02-03T14:52:26.772176Z WARN  hpde_io   No AccessURL/Name in http://hpde.io/IUGONET/NumericalData/ICSWSE/MAGDAS/ONW/fluxgate/PT1S_ICSWSE_storage
2026-02-03T14:52:26.772314Z WARN  hpde_io   No AccessURL/Name in http://hpde.io/IUGONET/NumericalData/ICSWSE/MAGDAS/LWA/fluxgate/PT1S_ICSWSE_storage
2026-02-03T14:52:26.772449Z WARN  hpde_io   No AccessURL/Name in http://hpde.io/IUGONET/NumericalData/ICSWSE/MAGDAS/HER/fluxgate/PT1S_ICSWSE_storage
2026-02-03T14:52:26.772568Z WARN  hpde_io   No AccessURL/Name in http://hpde.io/IUGONET/NumericalData/ICSWSE/MAGDAS/BCL/fluxgate/PT1S_ICSWSE_storage
2026-02-03T14:52:26.772696Z WARN  hpde_io   No AccessURL/Name in http://hpde.io/IUGONET/NumericalData/ICSWSE/MAGDAS/PTN/fluxgate/PT1S_ICSWSE_storage
2026-02-03T14:52:26.772823Z WARN  hpde_io   No AccessURL/Name in http://hpde.io/IUGONET/NumericalData/ICSWSE/MAGDAS/PRP/fluxgate/PT1S_ICSWSE_storage
2026-02-03T14:52:26.772942Z WARN  hpde_io   No AccessURL/Name in http://hpde.io/IUGONET/NumericalData/ICSWSE/MAGDAS/KUJ/fluxgate/PT1S_ICSWSE_storage
2026-02-03T14:52:26.773061Z WARN  hpde_io   No AccessURL/Name in http://hpde.io/IUGONET/NumericalData/ICSWSE/MAGDAS/MUT/fluxgate/PT1S_ICSWSE_storage
2026-02-03T14:52:26.773179Z WARN  hpde_io   No AccessURL/Name in http://hpde.io/IUGONET/NumericalData/ICSWSE/MAGDAS/HLN/fluxgate/PT1S_ICSWSE_storage
2026-02-03T14:52:26.773315Z WARN  hpde_io   No AccessURL/Name in http://hpde.io/IUGONET/NumericalData/ICSWSE/MAGDAS/KPG/fluxgate/PT1S_ICSWSE_storage
2026-02-03T14:52:26.773449Z WARN  hpde_io   No AccessURL/Name in http://hpde.io/IUGONET/NumericalData/ICSWSE/MAGDAS/LAG/fluxgate/PT1S_ICSWSE_storage
2026-02-03T14:52:26.773586Z WARN  hpde_io   No AccessURL/Name in http://hpde.io/IUGONET/NumericalData/ICSWSE/MAGDAS/DAV/fluxgate/PT1S_ICSWSE_storage
2026-02-03T14:52:26.773710Z WARN  hpde_io   No AccessURL/Name in http://hpde.io/IUGONET/NumericalData/ICSWSE/MAGDAS/EWA/fluxgate/PT1S_ICSWSE_storage
2026-02-03T14:52:26.773835Z WARN  hpde_io   No AccessURL/Name in http://hpde.io/IUGONET/NumericalData/ICSWSE/MAGDAS/NAB/fluxgate/PT1S_ICSWSE_storage
2026-02-03T14:52:26.773975Z WARN  hpde_io   No AccessURL/Name in http://hpde.io/IUGONET/NumericalData/ICSWSE/MAGDAS/DAW/fluxgate/PT1S_ICSWSE_storage
2026-02-03T14:52:26.774103Z WARN  hpde_io   No AccessURL/Name in http://hpde.io/IUGONET/NumericalData/ICSWSE/MAGDAS/DVS/fluxgate/PT1S_ICSWSE_storage
2026-02-03T14:52:26.774242Z WARN  hpde_io   No AccessURL/Name in http://hpde.io/IUGONET/NumericalData/ICSWSE/MAGDAS/HVD/fluxgate/PT1S_ICSWSE_storage
2026-02-03T14:52:26.774371Z WARN  hpde_io   No AccessURL/Name in http://hpde.io/IUGONET/NumericalData/ICSWSE/MAGDAS/JYP/fluxgate/PT1S_ICSWSE_storage
2026-02-03T14:52:26.774492Z WARN  hpde_io   No AccessURL/Name in http://hpde.io/IUGONET/NumericalData/ICSWSE/MAGDAS/CEB/fluxgate/PT1S_ICSWSE_storage
2026-02-03T14:52:26.774616Z WARN  hpde_io   No AccessURL/Name in http://hpde.io/IUGONET/NumericalData/ICSWSE/MAGDAS/MLB/fluxgate/PT1S_ICSWSE_storage
2026-02-03T14:52:26.774734Z WARN  hpde_io   No AccessURL/Name in http://hpde.io/IUGONET/NumericalData/ICSWSE/MAGDAS/GLY/fluxgate/PT1S_ICSWSE_storage
2026-02-03T14:52:26.774847Z WARN  hpde_io   No AccessURL/Name in http://hpde.io/IUGONET/NumericalData/KwasanHidaObs/smart_t1
2026-02-03T14:52:26.774964Z WARN  hpde_io   No AccessURL/Name in http://hpde.io/IUGONET/NumericalData/KwasanHidaObs/dst_his
2026-02-03T14:52:26.775092Z WARN  hpde_io   No AccessURL/Name in http://hpde.io/IUGONET/NumericalData/KwasanHidaObs/fmt_raw_hida
2026-02-03T14:52:26.775208Z WARN  hpde_io   No AccessURL/Name in http://hpde.io/IUGONET/NumericalData/KwasanHidaObs/smart_t3_lyot
2026-02-03T14:52:26.775330Z WARN  hpde_io   No AccessURL/Name in http://hpde.io/IUGONET/NumericalData/KwasanHidaObs/fmt_raw_ica
2026-02-03T14:52:26.775453Z WARN  hpde_io   No AccessURL/Name in http://hpde.io/IUGONET/NumericalData/KwasanHidaObs/smart_t3_fisch
2026-02-03T14:52:26.775574Z WARN  hpde_io   No AccessURL/Name in http://hpde.io/IUGONET/NumericalData/KwasanHidaObs/Ca_heliogram_1
2026-02-03T14:52:26.775689Z WARN  hpde_io   No AccessURL/Name in http://hpde.io/IUGONET/NumericalData/KwasanHidaObs/Pr_heliogram_0
2026-02-03T14:52:26.775810Z WARN  hpde_io   No AccessURL/Name in http://hpde.io/IUGONET/NumericalData/KwasanHidaObs/Wl_heliogram_0
2026-02-03T14:52:26.775932Z WARN  hpde_io   No AccessURL/Name in http://hpde.io/IUGONET/NumericalData/KwasanHidaObs/Wl_heliogram_1
2026-02-03T14:52:26.776045Z WARN  hpde_io   No AccessURL/Name in http://hpde.io/IUGONET/NumericalData/KwasanHidaObs/Pr_heliogram_1
2026-02-03T14:52:26.776171Z WARN  hpde_io   No AccessURL/Name in http://hpde.io/IUGONET/NumericalData/KwasanHidaObs/Ca_heliogram_0
2026-02-03T14:52:26.776286Z WARN  hpde_io   No AccessURL/Name in http://hpde.io/IUGONET/NumericalData/KwasanHidaObs/fmt_pgm
2026-02-03T14:52:26.776405Z WARN  hpde_io   No AccessURL/Name in http://hpde.io/IUGONET/NumericalData/KwasanHidaObs/smart_t2
2026-02-03T14:52:26.776522Z WARN  hpde_io   No AccessURL/Name in http://hpde.io/IUGONET/NumericalData/KwasanHidaObs/dst_spectra
2026-02-03T14:52:26.777641Z WARN  hpde_io   No AccessURL/Name in http://hpde.io/IUGONET/NumericalData/NICT/SALMON/YAM/MFradar/FCAWind/PT30M_txt
2026-02-03T14:52:26.777809Z WARN  hpde_io   No AccessURL/Name in http://hpde.io/IUGONET/NumericalData/NICT/SALMON/YAM/MFradar/FCAWind/PT1D_txt
2026-02-03T14:52:26.777971Z WARN  hpde_io   No AccessURL/Name in http://hpde.io/IUGONET/NumericalData/NICT/SALMON/YAM/MFradar/FCAWind/mfr_yam_txt
2026-02-03T14:52:26.778146Z WARN  hpde_io   No AccessURL/Name in http://hpde.io/IUGONET/NumericalData/NICT/SALMON/YAM/MFradar/FCAWind/PT4H_txt
2026-02-03T14:52:26.778308Z WARN  hpde_io   No AccessURL/Name in http://hpde.io/IUGONET/NumericalData/NICT/SALMON/YAM/MFradar/DAE/PT30M_txt
2026-02-03T14:52:26.778488Z WARN  hpde_io   No AccessURL/Name in http://hpde.io/IUGONET/NumericalData/NICT/SALMON/YAM/MFradar/DAE/PT1D_txt
2026-02-03T14:52:26.778649Z WARN  hpde_io   No AccessURL/Name in http://hpde.io/IUGONET/NumericalData/NICT/SALMON/YAM/MFradar/DAE/mfr_yam_txt
2026-02-03T14:52:26.778802Z WARN  hpde_io   No AccessURL/Name in http://hpde.io/IUGONET/NumericalData/NICT/SALMON/YAM/MFradar/DAE/PT4H_txt
2026-02-03T14:52:26.778952Z WARN  hpde_io   No AccessURL/Name in http://hpde.io/IUGONET/NumericalData/NICT/SALMON/WAK/MFradar/FCAWind/PT30M_txt
2026-02-03T14:52:26.779109Z WARN  hpde_io   No AccessURL/Name in http://hpde.io/IUGONET/NumericalData/NICT/SALMON/WAK/MFradar/FCAWind/mfr_wak_txt
2026-02-03T14:52:26.779276Z WARN  hpde_io   No AccessURL/Name in http://hpde.io/IUGONET/NumericalData/NICT/SALMON/WAK/MFradar/FCAWind/PT1D_txt
2026-02-03T14:52:26.779437Z WARN  hpde_io   No AccessURL/Name in http://hpde.io/IUGONET/NumericalData/NICT/SALMON/WAK/MFradar/FCAWind/PT4H_txt
2026-02-03T14:52:26.779574Z WARN  hpde_io   No AccessURL/Name in http://hpde.io/IUGONET/NumericalData/NICT/SALMON/WAK/MFradar/DAE/PT30M_txt
2026-02-03T14:52:26.779732Z WARN  hpde_io   No AccessURL/Name in http://hpde.io/IUGONET/NumericalData/NICT/SALMON/WAK/MFradar/DAE/mfr_wak_txt
2026-02-03T14:52:26.779877Z WARN  hpde_io   No AccessURL/Name in http://hpde.io/IUGONET/NumericalData/NICT/SALMON/WAK/MFradar/DAE/PT1D_txt
2026-02-03T14:52:26.780016Z WARN  hpde_io   No AccessURL/Name in http://hpde.io/IUGONET/NumericalData/NICT/SALMON/WAK/MFradar/DAE/PT4H_txt
2026-02-03T14:52:26.780171Z WARN  hpde_io   No AccessURL/Name in http://hpde.io/IUGONET/NumericalData/NICT/SALMON/PF/MFradar/FCAWind/PT30M_txt
2026-02-03T14:52:26.780332Z WARN  hpde_io   No AccessURL/Name in http://hpde.io/IUGONET/NumericalData/NICT/SALMON/PF/MFradar/FCAWind/mfr_pf_txt
2026-02-03T14:52:26.780478Z WARN  hpde_io   No AccessURL/Name in http://hpde.io/IUGONET/NumericalData/NICT/SALMON/PF/MFradar/FCAWind/PT1D_txt
2026-02-03T14:52:26.780633Z WARN  hpde_io   No AccessURL/Name in http://hpde.io/IUGONET/NumericalData/NICT/SALMON/PF/MFradar/FCAWind/PT4H_txt
2026-02-03T14:52:26.780782Z WARN  hpde_io   No AccessURL/Name in http://hpde.io/IUGONET/NumericalData/NICT/SALMON/PF/MFradar/METWind/PT30M_txt
2026-02-03T14:52:26.780931Z WARN  hpde_io   No AccessURL/Name in http://hpde.io/IUGONET/NumericalData/NICT/SALMON/PF/MFradar/DAE/PT30M_txt
2026-02-03T14:52:26.781077Z WARN  hpde_io   No AccessURL/Name in http://hpde.io/IUGONET/NumericalData/NICT/SALMON/PF/MFradar/DAE/mfr_pf_txt
2026-02-03T14:52:26.781216Z WARN  hpde_io   No AccessURL/Name in http://hpde.io/IUGONET/NumericalData/NICT/SALMON/PF/MFradar/DAE/PT1D_txt
2026-02-03T14:52:26.781358Z WARN  hpde_io   No AccessURL/Name in http://hpde.io/IUGONET/NumericalData/NICT/SALMON/PF/MFradar/DAE/PT4H_txt
2026-02-03T14:52:26.781515Z WARN  hpde_io   No AccessURL/Name in http://hpde.io/IUGONET/NumericalData/NICT/SALMON/KOG/LQ4/WPR_txt
2026-02-03T14:52:26.781650Z WARN  hpde_io   No AccessURL/Name in http://hpde.io/IUGONET/NumericalData/NICT/SALMON/KOG/LQ4/WPR_bin
2026-02-03T14:52:26.781780Z WARN  hpde_io   No AccessURL/Name in http://hpde.io/IUGONET/NumericalData/ISEE/misc/Tsukuba/MillimeterWaveSpectroscopicRadiometer/volumemixingratio
2026-02-03T14:52:26.782730Z WARN  hpde_io   No AccessURL/Name in http://hpde.io/IUGONET/NumericalData/ISEE/misc/Fukue/2010FukueNO2O3
2026-02-03T14:52:26.782871Z WARN  hpde_io   No AccessURL/Name in http://hpde.io/IUGONET/NumericalData/ISEE/misc/Shigaraki/2010ShigarakiAerosol
2026-02-03T14:52:26.783204Z WARN  hpde_io   No AccessURL/Name in http://hpde.io/IUGONET/NumericalData/ISEE/misc/Hongo/2008TokyoNO2O3
2026-02-03T14:52:26.783330Z WARN  hpde_io   No AccessURL/Name in http://hpde.io/IUGONET/NumericalData/ISEE/misc/Hongo/2007TokyoNO2O3
2026-02-03T14:52:26.783463Z WARN  hpde_io   No AccessURL/Name in http://hpde.io/IUGONET/NumericalData/ISEE/misc/Hongo/2009TokyoAerosol
2026-02-03T14:52:26.783595Z WARN  hpde_io   No AccessURL/Name in http://hpde.io/IUGONET/NumericalData/ISEE/VLF_ELF/KAP/VLF_ELF_cdf_data
2026-02-03T14:52:26.783725Z WARN  hpde_io   No AccessURL/Name in http://hpde.io/IUGONET/NumericalData/ISEE/VLF_ELF/MSR/VLF_ELF_MSR_wave_data
2026-02-03T14:52:26.783857Z WARN  hpde_io   No AccessURL/Name in http://hpde.io/IUGONET/NumericalData/ISEE/VLF_ELF/MSR/VLF_ELF_cdf_data
2026-02-03T14:52:26.783995Z WARN  hpde_io   No AccessURL/Name in http://hpde.io/IUGONET/NumericalData/ISEE/VLF_ELF/NYR/VLF_ELF_cdf_data
2026-02-03T14:52:26.784126Z WARN  hpde_io   No AccessURL/Name in http://hpde.io/IUGONET/NumericalData/ISEE/VLF_ELF/KAG/VLF_ELF_KAG_wave_data
2026-02-03T14:52:26.784266Z WARN  hpde_io   No AccessURL/Name in http://hpde.io/IUGONET/NumericalData/ISEE/VLF_ELF/KAG/VLF_ELF_cdf_data
2026-02-03T14:52:26.784395Z WARN  hpde_io   No AccessURL/Name in http://hpde.io/IUGONET/NumericalData/ISEE/VLF_ELF/GAK/VLF_ELF_cdf_data
2026-02-03T14:52:26.784541Z WARN  hpde_io   No AccessURL/Name in http://hpde.io/IUGONET/NumericalData/ISEE/VLF_ELF/ATH/VLF_ELF_ATH_spectral_data
2026-02-03T14:52:26.784689Z WARN  hpde_io   No AccessURL/Name in http://hpde.io/IUGONET/NumericalData/ISEE/VLF_ELF/ATH/VLF_ELF_cdf_data
2026-02-03T14:52:26.784849Z WARN  hpde_io   No AccessURL/Name in http://hpde.io/IUGONET/NumericalData/ISEE/IPS/vlist_text
2026-02-03T14:52:26.785021Z WARN  hpde_io   No AccessURL/Name in http://hpde.io/IUGONET/NumericalData/ISEE/OMTI/RIK/All-SkyImager/multiwavelengthobs
2026-02-03T14:52:26.785197Z WARN  hpde_io   No AccessURL/Name in http://hpde.io/IUGONET/NumericalData/ISEE/OMTI/DRW/All-SkyImager/multiwavelengthobs
2026-02-03T14:52:26.785373Z WARN  hpde_io   No AccessURL/Name in http://hpde.io/IUGONET/NumericalData/ISEE/OMTI/MGD/All-SkyImager/multiwavelengthobs
2026-02-03T14:52:26.785536Z WARN  hpde_io   No AccessURL/Name in http://hpde.io/IUGONET/NumericalData/ISEE/OMTI/HLK/All-SkyImager/multiwavelengthobs
2026-02-03T14:52:26.785698Z WARN  hpde_io   No AccessURL/Name in http://hpde.io/IUGONET/NumericalData/ISEE/OMTI/YNG/All-SkyImager/multiwavelengthobs
2026-02-03T14:52:26.785856Z WARN  hpde_io   No AccessURL/Name in http://hpde.io/IUGONET/NumericalData/ISEE/OMTI/PTK/All-SkyImager/multiwavelengthobs
2026-02-03T14:52:26.786014Z WARN  hpde_io   No AccessURL/Name in http://hpde.io/IUGONET/NumericalData/ISEE/OMTI/TRS/All-SkyImager/multiwavelengthobs
2026-02-03T14:52:26.786173Z WARN  hpde_io   No AccessURL/Name in http://hpde.io/IUGONET/NumericalData/ISEE/OMTI/KTB/All-SkyImager/multiwavelengthobs
2026-02-03T14:52:26.786345Z WARN  hpde_io   No AccessURL/Name in http://hpde.io/IUGONET/NumericalData/ISEE/OMTI/ITH/All-SkyImager/multiwavelengthobs
2026-02-03T14:52:26.786504Z WARN  hpde_io   No AccessURL/Name in http://hpde.io/IUGONET/NumericalData/ISEE/OMTI/SYO/All-SkyImager/multiwavelengthobs
2026-02-03T14:52:26.786667Z WARN  hpde_io   No AccessURL/Name in http://hpde.io/IUGONET/NumericalData/ISEE/OMTI/SGK/All-SkyImager/multiwavelengthobs
2026-02-03T14:52:26.786821Z WARN  hpde_io   No AccessURL/Name in http://hpde.io/IUGONET/NumericalData/ISEE/OMTI/ATH/All-SkyImager/multiwavelengthobs
2026-02-03T14:52:26.786982Z WARN  hpde_io   No AccessURL/Name in http://hpde.io/IUGONET/NumericalData/ISEE/OMTI/RSB/All-SkyImager/multiwavelengthobs
2026-02-03T14:52:26.787147Z WARN  hpde_io   No AccessURL/Name in http://hpde.io/IUGONET/NumericalData/ISEE/OMTI/STA/All-SkyImager/multiwavelengthobs
2026-02-03T14:52:26.787508Z WARN  hpde_io   No AccessURL/Name in http://hpde.io/IUGONET/NumericalData/ISEE/EISCAT/BJN/Meteorradar/neutralwind
2026-02-03T14:52:26.787639Z WARN  hpde_io   No AccessURL/Name in http://hpde.io/IUGONET/NumericalData/ISEE/EISCAT/TRO/MFradar/neutralwind
2026-02-03T14:52:26.787812Z WARN  hpde_io   No AccessURL/Name in http://hpde.io/IUGONET/NumericalData/ISEE/EISCAT/TRO/UHF/5min_ascii
2026-02-03T14:52:26.787981Z WARN  hpde_io   No AccessURL/Name in http://hpde.io/IUGONET/NumericalData/ISEE/EISCAT/TRO/UHF/1min_ascii
2026-02-03T14:52:26.788159Z WARN  hpde_io   No AccessURL/Name in http://hpde.io/IUGONET/NumericalData/ISEE/EISCAT/TRO/UHF/2min_ascii
2026-02-03T14:52:26.788337Z WARN  hpde_io   No AccessURL/Name in http://hpde.io/IUGONET/NumericalData/ISEE/EISCAT/TRO/VHF/5min_ascii
2026-02-03T14:52:26.788512Z WARN  hpde_io   No AccessURL/Name in http://hpde.io/IUGONET/NumericalData/ISEE/EISCAT/TRO/VHF/1min_ascii
2026-02-03T14:52:26.788698Z WARN  hpde_io   No AccessURL/Name in http://hpde.io/IUGONET/NumericalData/ISEE/EISCAT/TRO/VHF/2min_ascii
2026-02-03T14:52:26.788883Z WARN  hpde_io   No AccessURL/Name in http://hpde.io/IUGONET/NumericalData/ISEE/EISCAT/LYR/ESR42m/5min_ascii
2026-02-03T14:52:26.789057Z WARN  hpde_io   No AccessURL/Name in http://hpde.io/IUGONET/NumericalData/ISEE/EISCAT/LYR/ESR42m/1min_ascii
2026-02-03T14:52:26.789228Z WARN  hpde_io   No AccessURL/Name in http://hpde.io/IUGONET/NumericalData/ISEE/EISCAT/LYR/ESR42m/2min_ascii
2026-02-03T14:52:26.789403Z WARN  hpde_io   No AccessURL/Name in http://hpde.io/IUGONET/NumericalData/ISEE/EISCAT/LYR/ESR32m/5min_ascii
2026-02-03T14:52:26.789569Z WARN  hpde_io   No AccessURL/Name in http://hpde.io/IUGONET/NumericalData/ISEE/EISCAT/LYR/ESR32m/1min_ascii
2026-02-03T14:52:26.789736Z WARN  hpde_io   No AccessURL/Name in http://hpde.io/IUGONET/NumericalData/ISEE/EISCAT/LYR/ESR32m/2min_ascii
2026-02-03T14:52:26.790030Z WARN  hpde_io   No AccessURL/Name in http://hpde.io/IUGONET/NumericalData/ISEE/SuperDARN/HOK/HFradar/fitacf_ergsc_cdf
2026-02-03T14:52:26.790333Z WARN  hpde_io   No AccessURL/Name in http://hpde.io/IUGONET/NumericalData/ISEE/SuperDARN/HKW/HFradar/fitacf_ergsc_cdf
2026-02-03T14:52:26.790639Z WARN  hpde_io   No AccessURL/Name in http://hpde.io/IUGONET/NumericalData/ISEE/SuperDARN/KSR/HFradar/fitacf_ergsc_cdf
2026-02-03T14:52:26.790803Z WARN  hpde_io   No AccessURL/Name in http://hpde.io/IUGONET/NumericalData/ISEE/Riometer/KAP/PT1S_cna_cdf
2026-02-03T14:52:26.790957Z WARN  hpde_io   No AccessURL/Name in http://hpde.io/IUGONET/NumericalData/ISEE/Riometer/ZGN/PT1S_cna_cdf
2026-02-03T14:52:26.791107Z WARN  hpde_io   No AccessURL/Name in http://hpde.io/IUGONET/NumericalData/ISEE/Riometer/HUS/PT1S_cna_cdf
2026-02-03T14:52:26.791263Z WARN  hpde_io   No AccessURL/Name in http://hpde.io/IUGONET/NumericalData/ISEE/Riometer/GAK/PT1S_cna_cdf
2026-02-03T14:52:26.791413Z WARN  hpde_io   No AccessURL/Name in http://hpde.io/IUGONET/NumericalData/ISEE/Riometer/ITK/PT1S_cna_cdf
2026-02-03T14:52:26.791567Z WARN  hpde_io   No AccessURL/Name in http://hpde.io/IUGONET/NumericalData/ISEE/Riometer/ATH/PT1S_cna_cdf
2026-02-03T14:52:26.791714Z WARN  hpde_io   No AccessURL/Name in http://hpde.io/IUGONET/NumericalData/ISEE/Induction/KAP/induction/64hz_ergsc_cdf
2026-02-03T14:52:26.791856Z WARN  hpde_io   No AccessURL/Name in http://hpde.io/IUGONET/NumericalData/ISEE/Induction/MGD/induction/64hz_ergsc_cdf
2026-02-03T14:52:26.791999Z WARN  hpde_io   No AccessURL/Name in http://hpde.io/IUGONET/NumericalData/ISEE/Induction/PTK/induction/64hz_ergsc_cdf
2026-02-03T14:52:26.792150Z WARN  hpde_io   No AccessURL/Name in http://hpde.io/IUGONET/NumericalData/ISEE/Induction/MSR/induction/64hz_ergsc_cdf
2026-02-03T14:52:26.792297Z WARN  hpde_io   No AccessURL/Name in http://hpde.io/IUGONET/NumericalData/ISEE/Induction/ZGN/induction/64hz_ergsc_cdf
2026-02-03T14:52:26.792442Z WARN  hpde_io   No AccessURL/Name in http://hpde.io/IUGONET/NumericalData/ISEE/Induction/HUS/induction/64hz_ergsc_cdf
2026-02-03T14:52:26.792583Z WARN  hpde_io   No AccessURL/Name in http://hpde.io/IUGONET/NumericalData/ISEE/Induction/NYR/induction/64hz_ergsc_cdf
2026-02-03T14:52:26.792721Z WARN  hpde_io   No AccessURL/Name in http://hpde.io/IUGONET/NumericalData/ISEE/Induction/GAK/induction/64hz_ergsc_cdf
2026-02-03T14:52:26.792871Z WARN  hpde_io   No AccessURL/Name in http://hpde.io/IUGONET/NumericalData/ISEE/Induction/LCL/induction/64hz_ergsc_cdf
2026-02-03T14:52:26.793019Z WARN  hpde_io   No AccessURL/Name in http://hpde.io/IUGONET/NumericalData/ISEE/Induction/ITK/induction/64hz_ergsc_cdf
2026-02-03T14:52:26.793167Z WARN  hpde_io   No AccessURL/Name in http://hpde.io/IUGONET/NumericalData/ISEE/Induction/ATH/induction/64hz_ergsc_cdf
2026-02-03T14:52:26.793311Z WARN  hpde_io   No AccessURL/Name in http://hpde.io/IUGONET/NumericalData/ISEE/Induction/STA/induction/64hz_ergsc_cdf
2026-02-03T14:52:26.793484Z WARN  hpde_io   No AccessURL/Name in http://hpde.io/IUGONET/NumericalData/ISEE/MM210/CBI/fluxgate/PT1M_ergsc_cdf
2026-02-03T14:52:26.793644Z WARN  hpde_io   No AccessURL/Name in http://hpde.io/IUGONET/NumericalData/ISEE/MM210/RIK/fluxgate/PT1M_ergsc_cdf
2026-02-03T14:52:26.793808Z WARN  hpde_io   No AccessURL/Name in http://hpde.io/IUGONET/NumericalData/ISEE/MM210/CAN/fluxgate/PT1M_ergsc_cdf
2026-02-03T14:52:26.793975Z WARN  hpde_io   No AccessURL/Name in http://hpde.io/IUGONET/NumericalData/ISEE/MM210/MGD/fluxgate/PT1M_ergsc_cdf
2026-02-03T14:52:26.794139Z WARN  hpde_io   No AccessURL/Name in http://hpde.io/IUGONET/NumericalData/ISEE/MM210/YAP/fluxgate/PT1M_ergsc_cdf
2026-02-03T14:52:26.794307Z WARN  hpde_io   No AccessURL/Name in http://hpde.io/IUGONET/NumericalData/ISEE/MM210/PTK/fluxgate/PT1M_ergsc_cdf
2026-02-03T14:52:26.794465Z WARN  hpde_io   No AccessURL/Name in http://hpde.io/IUGONET/NumericalData/ISEE/MM210/MSR/fluxgate/PT1M_ergsc_cdf
2026-02-03T14:52:26.794626Z WARN  hpde_io   No AccessURL/Name in http://hpde.io/IUGONET/NumericalData/ISEE/MM210/WEW/fluxgate/PT1M_ergsc_cdf
2026-02-03T14:52:26.794794Z WARN  hpde_io   No AccessURL/Name in http://hpde.io/IUGONET/NumericalData/ISEE/MM210/LMT/fluxgate/PT1M_ergsc_cdf
2026-02-03T14:52:26.794955Z WARN  hpde_io   No AccessURL/Name in http://hpde.io/IUGONET/NumericalData/ISEE/MM210/WEP/fluxgate/PT1M_ergsc_cdf
2026-02-03T14:52:26.795127Z WARN  hpde_io   No AccessURL/Name in http://hpde.io/IUGONET/NumericalData/ISEE/MM210/KTB/fluxgate/PT1M_ergsc_cdf
2026-02-03T14:52:26.795288Z WARN  hpde_io   No AccessURL/Name in http://hpde.io/IUGONET/NumericalData/ISEE/MM210/ZYK/fluxgate/PT1M_ergsc_cdf
2026-02-03T14:52:26.795443Z WARN  hpde_io   No AccessURL/Name in http://hpde.io/IUGONET/NumericalData/ISEE/MM210/BSV/fluxgate/PT1M_ergsc_cdf
2026-02-03T14:52:26.795610Z WARN  hpde_io   No AccessURL/Name in http://hpde.io/IUGONET/NumericalData/ISEE/MM210/MCQ/fluxgate/PT1M_ergsc_cdf
2026-02-03T14:52:26.795775Z WARN  hpde_io   No AccessURL/Name in http://hpde.io/IUGONET/NumericalData/ISEE/MM210/KAT/fluxgate/PT1M_ergsc_cdf
2026-02-03T14:52:26.795933Z WARN  hpde_io   No AccessURL/Name in http://hpde.io/IUGONET/NumericalData/ISEE/MM210/ADL/fluxgate/PT1M_ergsc_cdf
2026-02-03T14:52:26.796089Z WARN  hpde_io   No AccessURL/Name in http://hpde.io/IUGONET/NumericalData/ISEE/MM210/CHD/fluxgate/PT1M_ergsc_cdf
2026-02-03T14:52:26.796249Z WARN  hpde_io   No AccessURL/Name in http://hpde.io/IUGONET/NumericalData/ISEE/MM210/KAG/fluxgate/PT1M_ergsc_cdf
2026-02-03T14:52:26.796424Z WARN  hpde_io   No AccessURL/Name in http://hpde.io/IUGONET/NumericalData/ISEE/MM210/ONW/fluxgate/PT1M_ergsc_cdf
2026-02-03T14:52:26.796594Z WARN  hpde_io   No AccessURL/Name in http://hpde.io/IUGONET/NumericalData/ISEE/MM210/TIK/fluxgate/PT1M_ergsc_cdf
2026-02-03T14:52:26.796758Z WARN  hpde_io   No AccessURL/Name in http://hpde.io/IUGONET/NumericalData/ISEE/MM210/BIK/fluxgate/PT1M_ergsc_cdf
2026-02-03T14:52:26.796926Z WARN  hpde_io   No AccessURL/Name in http://hpde.io/IUGONET/NumericalData/ISEE/MM210/MUT/fluxgate/PT1M_ergsc_cdf
2026-02-03T14:52:26.797093Z WARN  hpde_io   No AccessURL/Name in http://hpde.io/IUGONET/NumericalData/ISEE/MM210/YMK/fluxgate/PT1M_ergsc_cdf
2026-02-03T14:52:26.797266Z WARN  hpde_io   No AccessURL/Name in http://hpde.io/IUGONET/NumericalData/ISEE/MM210/GUA/fluxgate/PT1M_ergsc_cdf
2026-02-03T14:52:26.797423Z WARN  hpde_io   No AccessURL/Name in http://hpde.io/IUGONET/NumericalData/ISEE/MM210/KTN/fluxgate/PT1M_ergsc_cdf
2026-02-03T14:52:26.797588Z WARN  hpde_io   No AccessURL/Name in http://hpde.io/IUGONET/NumericalData/ISEE/MM210/EWA/fluxgate/PT1M_ergsc_cdf
2026-02-03T14:52:26.797754Z WARN  hpde_io   No AccessURL/Name in http://hpde.io/IUGONET/NumericalData/ISEE/MM210/DAL/fluxgate/PT1M_ergsc_cdf
2026-02-03T14:52:26.797926Z WARN  hpde_io   No AccessURL/Name in http://hpde.io/IUGONET/NumericalData/ISEE/MM210/PPI/fluxgate/PT1M_ergsc_cdf
2026-02-03T14:52:26.798097Z WARN  hpde_io   No AccessURL/Name in http://hpde.io/IUGONET/NumericalData/ISEE/MM210/LNP/fluxgate/PT1M_ergsc_cdf
2026-02-03T14:52:26.798254Z WARN  hpde_io   No AccessURL/Name in http://hpde.io/IUGONET/NumericalData/ISEE/MM210/DAW/fluxgate/PT1M_ergsc_cdf
2026-02-03T14:52:27.001215Z WARN  hpde_io   No AccessURL/Name in http://hpde.io/ESA/NumericalData/SolarOrbiter/PHI/HRT/ICNT/PT60S
2026-02-03T14:52:27.001368Z WARN  hpde_io   No AccessURL/Name in http://hpde.io/ESA/NumericalData/SolarOrbiter/PHI/HRT/BLOS/PT60S
2026-02-03T14:52:27.001509Z WARN  hpde_io   No AccessURL/Name in http://hpde.io/ESA/NumericalData/SolarOrbiter/PHI/HRT/BAZI/PT60S
2026-02-03T14:52:27.001638Z WARN  hpde_io   No AccessURL/Name in http://hpde.io/ESA/NumericalData/SolarOrbiter/PHI/HRT/STOKES/PT60S
2026-02-03T14:52:27.001758Z WARN  hpde_io   No AccessURL/Name in http://hpde.io/ESA/NumericalData/SolarOrbiter/PHI/HRT/BMAG/PT60S
2026-02-03T14:52:27.001875Z WARN  hpde_io   No AccessURL/Name in http://hpde.io/ESA/NumericalData/SolarOrbiter/PHI/HRT/BINC/PT60S
2026-02-03T14:52:27.001996Z WARN  hpde_io   No AccessURL/Name in http://hpde.io/ESA/NumericalData/SolarOrbiter/PHI/HRT/VLOS/PT60S
2026-02-03T14:52:27.002112Z WARN  hpde_io   No AccessURL/Name in http://hpde.io/ESA/NumericalData/SolarOrbiter/PHI/FDT/ICNT/PT60M
2026-02-03T14:52:27.002232Z WARN  hpde_io   No AccessURL/Name in http://hpde.io/ESA/NumericalData/SolarOrbiter/PHI/FDT/BLOS/PT60M
2026-02-03T14:52:27.003166Z WARN  hpde_io   No AccessURL/Name in http://hpde.io/ESA/NumericalData/SOHO/GOLF/MissionLong
2026-02-03T14:52:27.019657Z WARN  hpde_io   No AccessURL/Name in http://hpde.io/ESA/NumericalData/SOHO/VIRGO/SPM/GREEN/MissionLong/PT60S
2026-02-03T14:52:27.019798Z WARN  hpde_io   No AccessURL/Name in http://hpde.io/ESA/NumericalData/SOHO/VIRGO/SPM/BLUE/MissionLong/PT60S
2026-02-03T14:52:27.019935Z WARN  hpde_io   No AccessURL/Name in http://hpde.io/ESA/NumericalData/SOHO/VIRGO/SPM/RED/MissionLong/PT60S
2026-02-03T14:52:27.020065Z WARN  hpde_io   No AccessURL/Name in http://hpde.io/ESA/NumericalData/SOHO/VIRGO/DIARAD_PMO6V/MissionLong/PT1M
2026-02-03T14:52:27.020197Z WARN  hpde_io   No AccessURL/Name in http://hpde.io/ESA/NumericalData/SOHO/VIRGO/DIARAD_PMO6V/MissionLong/P1D
2026-02-03T14:52:27.020332Z WARN  hpde_io   No AccessURL/Name in http://hpde.io/ESA/NumericalData/SOHO/VIRGO/DIARAD_PMO6V/MissionLong/PT1H
2026-02-03T14:52:27.020576Z WARN  hpde_io   No AccessURL/Name in http://hpde.io/ESA/NumericalData/SOHO/VIRGO/LOI/MissionLong/PT60S
2026-02-03T14:52:27.020698Z WARN  hpde_io   No AccessURL/Name in http://hpde.io/ESA/NumericalData/SOHO/VIRGO/DIARAD/PT3M
2026-02-03T14:52:27.298048Z WARN  hpde_io   No AccessURL/Name in http://hpde.io/NOAA/NumericalData/GOES/18/SUVI/FE131/PT120S
2026-02-03T14:52:27.298417Z WARN  hpde_io   No AccessURL/Name in http://hpde.io/NOAA/NumericalData/GOES/18/SUVI/FE284/PT240S
2026-02-03T14:52:27.298608Z WARN  hpde_io   No AccessURL/Name in http://hpde.io/NOAA/NumericalData/GOES/18/SUVI/FE094/PT120S
2026-02-03T14:52:27.298783Z WARN  hpde_io   No AccessURL/Name in http://hpde.io/NOAA/NumericalData/GOES/18/SUVI/FE171/PT240S
2026-02-03T14:52:27.298962Z WARN  hpde_io   No AccessURL/Name in http://hpde.io/NOAA/NumericalData/GOES/18/SUVI/FE195/PT60S
2026-02-03T14:52:27.299163Z WARN  hpde_io   No AccessURL/Name in http://hpde.io/NOAA/NumericalData/GOES/18/SUVI/HE304/PT120S
2026-02-03T14:52:27.322022Z WARN  hpde_io   No AccessURL/Name in http://hpde.io/NOAA/NumericalData/GOES/16/SUVI/FE131/PT120S
2026-02-03T14:52:27.322301Z WARN  hpde_io   No AccessURL/Name in http://hpde.io/NOAA/NumericalData/GOES/16/SUVI/FE284/PT240S
2026-02-03T14:52:27.322461Z WARN  hpde_io   No AccessURL/Name in http://hpde.io/NOAA/NumericalData/GOES/16/SUVI/FE094/PT120S
2026-02-03T14:52:27.322606Z WARN  hpde_io   No AccessURL/Name in http://hpde.io/NOAA/NumericalData/GOES/16/SUVI/FE171/PT240S
2026-02-03T14:52:27.322756Z WARN  hpde_io   No AccessURL/Name in http://hpde.io/NOAA/NumericalData/GOES/16/SUVI/FE195/PT60S
2026-02-03T14:52:27.322905Z WARN  hpde_io   No AccessURL/Name in http://hpde.io/NOAA/NumericalData/GOES/16/SUVI/HE304/PT120S
2026-02-03T14:52:27.329950Z WARN  hpde_io   No AccessURL/Name in http://hpde.io/NOAA/NumericalData/GOES/17/SUVI/FE131/PT120S
2026-02-03T14:52:27.330103Z WARN  hpde_io   No AccessURL/Name in http://hpde.io/NOAA/NumericalData/GOES/17/SUVI/FE284/PT240S
2026-02-03T14:52:27.330263Z WARN  hpde_io   No AccessURL/Name in http://hpde.io/NOAA/NumericalData/GOES/17/SUVI/FE094/PT120S
2026-02-03T14:52:27.330408Z WARN  hpde_io   No AccessURL/Name in http://hpde.io/NOAA/NumericalData/GOES/17/SUVI/FE171/PT240S
2026-02-03T14:52:27.330558Z WARN  hpde_io   No AccessURL/Name in http://hpde.io/NOAA/NumericalData/GOES/17/SUVI/FE195/PT60S
2026-02-03T14:52:27.330699Z WARN  hpde_io   No AccessURL/Name in http://hpde.io/NOAA/NumericalData/GOES/17/SUVI/HE304/PT120S
2026-02-03T14:52:27.338149Z WARN  hpde_io   No AccessURL/Name in http://hpde.io/NOAA/NumericalData/GOES/19/SUVI/FE131/PT120S
2026-02-03T14:52:27.338405Z WARN  hpde_io   No AccessURL/Name in http://hpde.io/NOAA/NumericalData/GOES/19/SUVI/FE284/PT240S
2026-02-03T14:52:27.338553Z WARN  hpde_io   No AccessURL/Name in http://hpde.io/NOAA/NumericalData/GOES/19/SUVI/FE094/PT120S
2026-02-03T14:52:27.338693Z WARN  hpde_io   No AccessURL/Name in http://hpde.io/NOAA/NumericalData/GOES/19/SUVI/FE171/PT240S
2026-02-03T14:52:27.338937Z WARN  hpde_io   No AccessURL/Name in http://hpde.io/NOAA/NumericalData/GOES/19/SUVI/FE195/PT60S
2026-02-03T14:52:27.339078Z WARN  hpde_io   No AccessURL/Name in http://hpde.io/NOAA/NumericalData/GOES/19/SUVI/HE304/PT120S
2026-02-03T14:52:27.411289Z WARN  hpde_io   No AccessURL/Name in http://hpde.io/NOAA/NumericalData/DSCOVR/PlasMag/FluxgateMagnetometer/PT1S
2026-02-03T14:52:27.411574Z WARN  hpde_io   No AccessURL/Name in http://hpde.io/NOAA/NumericalData/DSCOVR/PlasMag/FluxgateMagnetometer/PT1M
2026-02-03T14:52:27.412640Z WARN  hpde_io   No AccessURL/Name in http://hpde.io/NOAA/NumericalData/DSCOVR/PlasMag/FluxgateMagnetometer/L0/PT0.02S
2026-02-03T14:52:27.412905Z WARN  hpde_io   No AccessURL/Name in http://hpde.io/NOAA/NumericalData/DSCOVR/PlasMag/FluxgateMagnetometer/L1/PT0.02S
2026-02-03T14:52:27.413443Z WARN  hpde_io   No AccessURL/Name in http://hpde.io/NOAA/NumericalData/DSCOVR/PlasMag/FaradayCup/PT3S
2026-02-03T14:52:27.413985Z WARN  hpde_io   No AccessURL/Name in http://hpde.io/NOAA/NumericalData/DSCOVR/PlasMag/FaradayCup/PT1M
2026-02-03T14:52:27.415210Z WARN  hpde_io   No AccessURL/Name in http://hpde.io/NOAA/NumericalData/DSCOVR/PlasMag/FaradayCup/L0/PT0.04S
2026-02-03T14:52:27.415662Z WARN  hpde_io   No AccessURL/Name in http://hpde.io/NOAA/NumericalData/DSCOVR/PlasMag/FaradayCup/L1/PT0.04S
2026-02-03T14:52:27.424557Z WARN  hpde_io   No AccessURL/Name in http://hpde.io/NOAA/NumericalData/MetOp/B/SEM-2/TED/PT2S
2026-02-03T14:52:27.431175Z WARN  hpde_io   No AccessURL/Name in http://hpde.io/NOAA/NumericalData/POES/18/SEM-2/TED/PT2S
2026-02-03T14:52:27.440529Z WARN  hpde_io   No AccessURL/Name in http://hpde.io/NOAA/NumericalData/POES/16/SEM-2/TED/PT2S
2026-02-03T14:52:27.449465Z WARN  hpde_io   No AccessURL/Name in http://hpde.io/NOAA/NumericalData/POES/17/SEM-2/TED/PT2S
2026-02-03T14:52:27.454174Z WARN  hpde_io   No AccessURL/Name in http://hpde.io/NOAA/NumericalData/POES/19/SEM-2/TED/PT2S
2026-02-03T14:52:27.463524Z WARN  hpde_io   No AccessURL/Name in http://hpde.io/NOAA/NumericalData/POES/15/SEM-2/TED/PT2S
2026-02-03T14:52:27.516734Z ERROR hpde_io       Duplicate AccessURL/Name = 'CDAWeb' in http://hpde.io/NASA/NumericalData/Ulysses/COSPIN/AT/Ion/Fluxes/SpinAveraged/PT10M
2026-02-03T14:52:27.776282Z WARN  hpde_io   No AccessURL/Name in http://hpde.io/NASA/NumericalData/POLAR/EFI/SC/Potential_PlasmaDensity/Burst/PT6S
2026-02-03T14:52:27.777245Z WARN  hpde_io   No AccessURL/Name in http://hpde.io/NASA/NumericalData/POLAR/EFI/SC/Potential_PlasmaDensity/Spin/PT6S
2026-02-03T14:52:27.777473Z WARN  hpde_io   No AccessURL/Name in http://hpde.io/NASA/NumericalData/POLAR/EFI/SC/Potential_PlasmaDensity/Realtime/PT6S
2026-02-03T14:52:27.777700Z WARN  hpde_io   No AccessURL/Name in http://hpde.io/NASA/NumericalData/POLAR/EFI/SC/GEI/Position/PT60S
2026-02-03T14:52:27.777964Z WARN  hpde_io   No AccessURL/Name in http://hpde.io/NASA/NumericalData/POLAR/EFI/SC/GEI/Velocity/PT60S
2026-02-03T14:52:27.778206Z WARN  hpde_io   No AccessURL/Name in http://hpde.io/NASA/NumericalData/POLAR/EFI/SC/GEI/Attitude/PT600S
2026-02-03T14:52:27.780031Z WARN  hpde_io   No AccessURL/Name in http://hpde.io/NASA/NumericalData/POLAR/EFI/SC/OtherOrbit/PT60S
2026-02-03T14:52:27.780357Z WARN  hpde_io   No AccessURL/Name in http://hpde.io/NASA/NumericalData/POLAR/EFI/SC/GSM/Position/PT60S
2026-02-03T14:52:27.780578Z WARN  hpde_io   No AccessURL/Name in http://hpde.io/NASA/NumericalData/POLAR/EFI/SC/GSM/Velocity/PT60S
2026-02-03T14:52:27.780781Z WARN  hpde_io   No AccessURL/Name in http://hpde.io/NASA/NumericalData/POLAR/EFI/SC/GSM/Attitude/PT600S
2026-02-03T14:52:27.781107Z WARN  hpde_io   No AccessURL/Name in http://hpde.io/NASA/NumericalData/POLAR/EFI/EField/EDot0/GSE/Burst/PT0.000625S
2026-02-03T14:52:27.781309Z WARN  hpde_io   No AccessURL/Name in http://hpde.io/NASA/NumericalData/POLAR/EFI/EField/EDot0/GSE/Spin/PT6S
2026-02-03T14:52:27.781575Z WARN  hpde_io   No AccessURL/Name in http://hpde.io/NASA/NumericalData/POLAR/EFI/EField/EDot0/GSE/Realtime/PT0.025S
2026-02-03T14:52:27.781789Z WARN  hpde_io   No AccessURL/Name in http://hpde.io/NASA/NumericalData/POLAR/EFI/EField/EDot0/GSM/Burst/PT0.000625S
2026-02-03T14:52:27.782008Z WARN  hpde_io   No AccessURL/Name in http://hpde.io/NASA/NumericalData/POLAR/EFI/EField/EDot0/GSM/Spin/PT6S
2026-02-03T14:52:27.782221Z WARN  hpde_io   No AccessURL/Name in http://hpde.io/NASA/NumericalData/POLAR/EFI/EField/EDot0/GSM/Realtime/PT0.025S
2026-02-03T14:52:27.782420Z WARN  hpde_io   No AccessURL/Name in http://hpde.io/NASA/NumericalData/POLAR/EFI/EField/E0/GSE/Burst/PT0.000625S
2026-02-03T14:52:27.782618Z WARN  hpde_io   No AccessURL/Name in http://hpde.io/NASA/NumericalData/POLAR/EFI/EField/E0/GSE/Spin/PT6S
2026-02-03T14:52:27.782805Z WARN  hpde_io   No AccessURL/Name in http://hpde.io/NASA/NumericalData/POLAR/EFI/EField/E0/GSE/Realtime/PT0.025S
2026-02-03T14:52:27.782994Z WARN  hpde_io   No AccessURL/Name in http://hpde.io/NASA/NumericalData/POLAR/EFI/EField/E0/GSM/Burst/PT0.000625S
2026-02-03T14:52:27.783174Z WARN  hpde_io   No AccessURL/Name in http://hpde.io/NASA/NumericalData/POLAR/EFI/EField/E0/GSM/Spin/PT6S
2026-02-03T14:52:27.783352Z WARN  hpde_io   No AccessURL/Name in http://hpde.io/NASA/NumericalData/POLAR/EFI/EField/E0/GSM/Realtime/PT0.025S
2026-02-03T14:52:27.956834Z WARN  hpde_io   No AccessURL/Name in http://hpde.io/NASA/NumericalData/STEREO-A/SECCHI/Cor2/CarringtonMaps
2026-02-03T14:52:27.958228Z WARN  hpde_io   No AccessURL/Name in http://hpde.io/NASA/NumericalData/STEREO-A/SECCHI/EUVI/CarringtonMaps
2026-02-03T14:52:27.958729Z WARN  hpde_io   No AccessURL/Name in http://hpde.io/NASA/NumericalData/STEREO-A/SECCHI/Cor1/CarringtonMaps
2026-02-03T14:52:28.559955Z ERROR hpde_io No ResourceID in data/hpde.io/NASA/NumericalData/ParkerSolarProbe/WISPR/MPEG/PT30m.json
2026-02-03T14:52:28.560515Z ERROR hpde_io No ResourceID in data/hpde.io/NASA/NumericalData/ParkerSolarProbe/WISPR/PNG/PT30m.json
2026-02-03T14:52:29.492491Z WARN  hpde_io   No AccessURL/Name in http://hpde.io/NASA/NumericalData/Voyager2/PWS/Waveform-CDF/PT0.00003472S
2026-02-03T14:52:29.497108Z WARN  hpde_io   No AccessURL/Name in http://hpde.io/NASA/NumericalData/Voyager2/PWS/CDF/PT4S
2026-02-03T14:52:29.499620Z WARN  hpde_io   No AccessURL/Name in http://hpde.io/NASA/NumericalData/Voyager2/CRS/RATES/PT15M
2026-02-03T14:52:29.500546Z WARN  hpde_io   No AccessURL/Name in http://hpde.io/NASA/NumericalData/Voyager2/CRS/Flux/EnergyFlux/HydrogenHelium/LevelH3/ASCII/P1D
2026-02-03T14:52:29.501348Z WARN  hpde_io   No AccessURL/Name in http://hpde.io/NASA/NumericalData/Voyager2/CRS/Flux/EnergyFlux/HydrogenHelium/LevelH3/ASCII/PT6H
2026-02-03T14:52:29.502561Z WARN  hpde_io   No AccessURL/Name in http://hpde.io/NASA/NumericalData/GEO-Reanalysis/OBrienLemon/PT1H
2026-02-03T14:52:29.502841Z WARN  hpde_io   No AccessURL/Name in http://hpde.io/NASA/NumericalData/RHESSI/QuickLook_Image
2026-02-03T14:52:29.503102Z WARN  hpde_io   No AccessURL/Name in http://hpde.io/NASA/NumericalData/RHESSI/Flare_ImageCube
2026-02-03T14:52:29.563522Z WARN  hpde_io   No AccessURL/Name in http://hpde.io/NASA/NumericalData/Wind/SMS/STICS/Distfunc/P1D
2026-02-03T14:52:29.682194Z ERROR hpde_io       Duplicate AccessURL/Name = 'CDAWeb' in http://hpde.io/NASA/NumericalData/IMAGE/HK/CDAWeb/PT24H
2026-02-03T14:52:29.682272Z ERROR hpde_io       Duplicate AccessURL/Name = 'CDAWeb' in http://hpde.io/NASA/NumericalData/IMAGE/HK/CDAWeb/PT24H
2026-02-03T14:52:29.682305Z ERROR hpde_io       Duplicate AccessURL/Name = 'CDAWeb' in http://hpde.io/NASA/NumericalData/IMAGE/HK/CDAWeb/PT24H
2026-02-03T14:52:29.682332Z ERROR hpde_io       Duplicate AccessURL/Name = 'CDAWeb' in http://hpde.io/NASA/NumericalData/IMAGE/HK/CDAWeb/PT24H
2026-02-03T14:52:29.682366Z ERROR hpde_io       Duplicate AccessURL/Name = 'CDAWeb' in http://hpde.io/NASA/NumericalData/IMAGE/HK/CDAWeb/PT24H
2026-02-03T14:52:31.508004Z WARN  hpde_io   No AccessURL/Name in http://hpde.io/NASA/NumericalData/SolarOrbiter/SoloHI/FITS/Level2/PT8M
2026-02-03T14:52:31.508081Z WARN  hpde_io   No AccessURL/Name in http://hpde.io/NASA/NumericalData/SolarOrbiter/SoloHI/FITS/Level2/PT8M
2026-02-03T14:52:31.508444Z WARN  hpde_io   No AccessURL/Name in http://hpde.io/NASA/NumericalData/SolarOrbiter/SoloHI/FITS/Level1/PT8M
2026-02-03T14:52:31.508472Z WARN  hpde_io   No AccessURL/Name in http://hpde.io/NASA/NumericalData/SolarOrbiter/SoloHI/FITS/Level1/PT8M
2026-02-03T14:52:31.508736Z WARN  hpde_io   No AccessURL/Name in http://hpde.io/NASA/NumericalData/SolarOrbiter/SoloHI/MVI/PT48M
2026-02-03T14:52:31.579240Z WARN  hpde_io   No AccessURL/Name in http://hpde.io/NASA/NumericalData/STEREO-B/SECCHI/Cor2/CarringtonMaps
2026-02-03T14:52:31.580175Z WARN  hpde_io   No AccessURL/Name in http://hpde.io/NASA/NumericalData/STEREO-B/SECCHI/EUVI/CarringtonMaps
2026-02-03T14:52:31.580582Z WARN  hpde_io   No AccessURL/Name in http://hpde.io/NASA/NumericalData/STEREO-B/SECCHI/Cor1/CarringtonMaps
2026-02-03T14:52:31.616239Z WARN  hpde_io   No AccessURL/Name in http://hpde.io/NASA/NumericalData/PUNCH/NFI/LevelQ/CNN/PT8M
2026-02-03T14:52:31.616694Z WARN  hpde_io   No AccessURL/Name in http://hpde.io/NASA/NumericalData/PUNCH/NFI/Level0/CR4/PT8M
2026-02-03T14:52:31.616923Z WARN  hpde_io   No AccessURL/Name in http://hpde.io/NASA/NumericalData/PUNCH/NFI/Level0/PZ4/PT4M
2026-02-03T14:52:31.617121Z WARN  hpde_io   No AccessURL/Name in http://hpde.io/NASA/NumericalData/PUNCH/NFI/Level0/PP4/PT4M
2026-02-03T14:52:31.617320Z WARN  hpde_io   No AccessURL/Name in http://hpde.io/NASA/NumericalData/PUNCH/NFI/Level0/PM4/PT4M
2026-02-03T14:52:31.617720Z WARN  hpde_io   No AccessURL/Name in http://hpde.io/NASA/NumericalData/PUNCH/NFI/Level1/CR4/PT8M
2026-02-03T14:52:31.618003Z WARN  hpde_io   No AccessURL/Name in http://hpde.io/NASA/NumericalData/PUNCH/NFI/Level1/PZ4/PT4M
2026-02-03T14:52:31.618225Z WARN  hpde_io   No AccessURL/Name in http://hpde.io/NASA/NumericalData/PUNCH/NFI/Level1/PP4/PT4M
2026-02-03T14:52:31.618516Z WARN  hpde_io   No AccessURL/Name in http://hpde.io/NASA/NumericalData/PUNCH/NFI/Level1/PM4/PT4M
2026-02-03T14:52:31.618878Z WARN  hpde_io   No AccessURL/Name in http://hpde.io/NASA/NumericalData/PUNCH/NFI_WFI_Mosaic/LevelQ/CTM/PT8M
2026-02-03T14:52:31.619249Z WARN  hpde_io   No AccessURL/Name in http://hpde.io/NASA/NumericalData/PUNCH/NFI_WFI_Mosaic/Level3/PFM/PT24H
2026-02-03T14:52:31.619454Z WARN  hpde_io   No AccessURL/Name in http://hpde.io/NASA/NumericalData/PUNCH/NFI_WFI_Mosaic/Level3/CIM/PT8M
2026-02-03T14:52:31.619663Z WARN  hpde_io   No AccessURL/Name in http://hpde.io/NASA/NumericalData/PUNCH/NFI_WFI_Mosaic/Level3/PIM/PT4M
2026-02-03T14:52:31.619870Z WARN  hpde_io   No AccessURL/Name in http://hpde.io/NASA/NumericalData/PUNCH/NFI_WFI_Mosaic/Level3/CFM/PT24H
2026-02-03T14:52:31.620074Z WARN  hpde_io   No AccessURL/Name in http://hpde.io/NASA/NumericalData/PUNCH/NFI_WFI_Mosaic/Level2/PTM/PT4M
2026-02-03T14:52:31.620275Z WARN  hpde_io   No AccessURL/Name in http://hpde.io/NASA/NumericalData/PUNCH/NFI_WFI_Mosaic/Level2/CTM/PT8M
2026-02-03T14:52:31.620474Z WARN  hpde_io   No AccessURL/Name in http://hpde.io/NASA/NumericalData/PUNCH/WFI/1/Level0/PM1/PT4M
2026-02-03T14:52:31.620675Z WARN  hpde_io   No AccessURL/Name in http://hpde.io/NASA/NumericalData/PUNCH/WFI/1/Level0/PP1/PT4M
2026-02-03T14:52:31.620870Z WARN  hpde_io   No AccessURL/Name in http://hpde.io/NASA/NumericalData/PUNCH/WFI/1/Level0/PZ1/PT4M
2026-02-03T14:52:31.621066Z WARN  hpde_io   No AccessURL/Name in http://hpde.io/NASA/NumericalData/PUNCH/WFI/1/Level0/CR1/PT8M
2026-02-03T14:52:31.621261Z WARN  hpde_io   No AccessURL/Name in http://hpde.io/NASA/NumericalData/PUNCH/WFI/1/Level1/PM1/PT4M
2026-02-03T14:52:31.621452Z WARN  hpde_io   No AccessURL/Name in http://hpde.io/NASA/NumericalData/PUNCH/WFI/1/Level1/PP1/PT4M
2026-02-03T14:52:31.621643Z WARN  hpde_io   No AccessURL/Name in http://hpde.io/NASA/NumericalData/PUNCH/WFI/1/Level1/PZ1/PT4M
2026-02-03T14:52:31.621836Z WARN  hpde_io   No AccessURL/Name in http://hpde.io/NASA/NumericalData/PUNCH/WFI/1/Level1/CR1/PT8M
2026-02-03T14:52:31.622045Z WARN  hpde_io   No AccessURL/Name in http://hpde.io/NASA/NumericalData/PUNCH/WFI/3/Level0/PZ3/PT4M
2026-02-03T14:52:31.622295Z WARN  hpde_io   No AccessURL/Name in http://hpde.io/NASA/NumericalData/PUNCH/WFI/3/Level0/CR3/PT8M
2026-02-03T14:52:31.622503Z WARN  hpde_io   No AccessURL/Name in http://hpde.io/NASA/NumericalData/PUNCH/WFI/3/Level0/PP3/PT4M
2026-02-03T14:52:31.622709Z WARN  hpde_io   No AccessURL/Name in http://hpde.io/NASA/NumericalData/PUNCH/WFI/3/Level0/PM3/PT4M
2026-02-03T14:52:31.622897Z WARN  hpde_io   No AccessURL/Name in http://hpde.io/NASA/NumericalData/PUNCH/WFI/3/Level1/PZ3/PT4M
2026-02-03T14:52:31.623102Z WARN  hpde_io   No AccessURL/Name in http://hpde.io/NASA/NumericalData/PUNCH/WFI/3/Level1/CR3/PT8M
2026-02-03T14:52:31.623314Z WARN  hpde_io   No AccessURL/Name in http://hpde.io/NASA/NumericalData/PUNCH/WFI/3/Level1/PP3/PT4M
2026-02-03T14:52:31.623496Z WARN  hpde_io   No AccessURL/Name in http://hpde.io/NASA/NumericalData/PUNCH/WFI/3/Level1/PM3/PT4M
2026-02-03T14:52:31.623701Z WARN  hpde_io   No AccessURL/Name in http://hpde.io/NASA/NumericalData/PUNCH/WFI/2/Level0/CR2/PT8M
2026-02-03T14:52:31.623897Z WARN  hpde_io   No AccessURL/Name in http://hpde.io/NASA/NumericalData/PUNCH/WFI/2/Level0/PZ2/PT4M
2026-02-03T14:52:31.624094Z WARN  hpde_io   No AccessURL/Name in http://hpde.io/NASA/NumericalData/PUNCH/WFI/2/Level0/PP2/PT4M
2026-02-03T14:52:31.624280Z WARN  hpde_io   No AccessURL/Name in http://hpde.io/NASA/NumericalData/PUNCH/WFI/2/Level0/PM2/PT4M
2026-02-03T14:52:31.624466Z WARN  hpde_io   No AccessURL/Name in http://hpde.io/NASA/NumericalData/PUNCH/WFI/2/Level1/CR2/PT8M
2026-02-03T14:52:31.624653Z WARN  hpde_io   No AccessURL/Name in http://hpde.io/NASA/NumericalData/PUNCH/WFI/2/Level1/PZ2/PT4M
2026-02-03T14:52:31.624851Z WARN  hpde_io   No AccessURL/Name in http://hpde.io/NASA/NumericalData/PUNCH/WFI/2/Level1/PP2/PT4M
2026-02-03T14:52:31.625042Z WARN  hpde_io   No AccessURL/Name in http://hpde.io/NASA/NumericalData/PUNCH/WFI/2/Level1/PM2/PT4M
2026-02-03T14:52:31.762129Z WARN  hpde_io   No AccessURL/Name in http://hpde.io/NASA/NumericalData/Voyager1/PWS/Waveform-CDF/PT0.00003472S
2026-02-03T14:52:31.766501Z WARN  hpde_io   No AccessURL/Name in http://hpde.io/NASA/NumericalData/Voyager1/PWS/CDF/PT4S
2026-02-03T14:52:31.768397Z WARN  hpde_io   No AccessURL/Name in http://hpde.io/NASA/NumericalData/Voyager1/CRS/RATES/PT15M
2026-02-03T14:52:31.769150Z WARN  hpde_io   No AccessURL/Name in http://hpde.io/NASA/NumericalData/Voyager1/CRS/Flux/EnergyFlux/HydrogenHelium/LevelH3/ASCII/P1D
2026-02-03T14:52:31.769909Z WARN  hpde_io   No AccessURL/Name in http://hpde.io/NASA/NumericalData/Voyager1/CRS/Flux/EnergyFlux/HydrogenHelium/LevelH3/ASCII/PT6H
2026-02-03T14:52:32.067006Z WARN  hpde_io   No AccessURL/Name in http://hpde.io/NASA/NumericalData/SOHO/LASCO/C1/Level_05/PT10M
2026-02-03T14:52:32.067389Z WARN  hpde_io   No AccessURL/Name in http://hpde.io/NASA/NumericalData/SOHO/LASCO/C3/Level_05/PT12M
2026-02-03T14:52:32.068457Z WARN  hpde_io   No AccessURL/Name in http://hpde.io/NASA/NumericalData/SOHO/LASCO/C2/Level_05/PT12M
2026-02-03T14:52:32.145785Z INFO  hpde_io Found 2020 NumericalData SPASE for CDAWeb.
2026-02-03T14:52:32.145946Z INFO  hpde_io Reading ./data/spase_hpde_io/info/A1_K0_MPA.pkl
2026-02-03T14:52:32.146127Z INFO  hpde_io Read ./data/spase_hpde_io/info/A1_K0_MPA.pkl
2026-02-03T14:52:32.146212Z INFO  hpde_io Reading ./data/spase_hpde_io/info/A2_K0_MPA.pkl
2026-02-03T14:52:32.146377Z INFO  hpde_io Read ./data/spase_hpde_io/info/A2_K0_MPA.pkl
2026-02-03T14:52:32.146420Z INFO  hpde_io Reading ./data/spase_hpde_io/info/AC_AT_DEF.pkl
2026-02-03T14:52:32.146549Z INFO  hpde_io Read ./data/spase_hpde_io/info/AC_AT_DEF.pkl
2026-02-03T14:52:32.146594Z INFO  hpde_io Reading ./data/spase_hpde_io/info/AC_H0_MFI.pkl
2026-02-03T14:52:32.146722Z INFO  hpde_io Read ./data/spase_hpde_io/info/AC_H0_MFI.pkl
2026-02-03T14:52:32.146761Z INFO  hpde_io Reading ./data/spase_hpde_io/info/AC_H0_SWE.pkl
2026-02-03T14:52:32.146907Z INFO  hpde_io Read ./data/spase_hpde_io/info/AC_H0_SWE.pkl
2026-02-03T14:52:32.146986Z INFO  hpde_io Reading ./data/spase_hpde_io/info/AC_H1_EPM.pkl
2026-02-03T14:52:32.147163Z INFO  hpde_io Read ./data/spase_hpde_io/info/AC_H1_EPM.pkl
2026-02-03T14:52:32.147213Z INFO  hpde_io Reading ./data/spase_hpde_io/info/AC_H1_MFI.pkl
2026-02-03T14:52:32.147402Z INFO  hpde_io Read ./data/spase_hpde_io/info/AC_H1_MFI.pkl
2026-02-03T14:52:32.147446Z INFO  hpde_io Reading ./data/spase_hpde_io/info/AC_H1_SIS.pkl
2026-02-03T14:52:32.147657Z INFO  hpde_io Read ./data/spase_hpde_io/info/AC_H1_SIS.pkl
2026-02-03T14:52:32.147702Z INFO  hpde_io Reading ./data/spase_hpde_io/info/AC_H2_CRIS.pkl
2026-02-03T14:52:32.147949Z INFO  hpde_io Read ./data/spase_hpde_io/info/AC_H2_CRIS.pkl
2026-02-03T14:52:32.147995Z INFO  hpde_io Reading ./data/spase_hpde_io/info/AC_H2_EPM.pkl
2026-02-03T14:52:32.148160Z INFO  hpde_io Read ./data/spase_hpde_io/info/AC_H2_EPM.pkl
2026-02-03T14:52:32.148201Z INFO  hpde_io Reading ./data/spase_hpde_io/info/AC_H2_MFI.pkl
2026-02-03T14:52:32.148325Z INFO  hpde_io Read ./data/spase_hpde_io/info/AC_H2_MFI.pkl
2026-02-03T14:52:32.148362Z INFO  hpde_io Reading ./data/spase_hpde_io/info/AC_H2_SEP.pkl
2026-02-03T14:52:32.148641Z INFO  hpde_io Read ./data/spase_hpde_io/info/AC_H2_SEP.pkl
2026-02-03T14:52:32.148676Z INFO  hpde_io Reading ./data/spase_hpde_io/info/AC_H2_SIS.pkl
2026-02-03T14:52:32.148878Z INFO  hpde_io Read ./data/spase_hpde_io/info/AC_H2_SIS.pkl
2026-02-03T14:52:32.148922Z INFO  hpde_io Reading ./data/spase_hpde_io/info/AC_H2_SWE.pkl
2026-02-03T14:52:32.149053Z INFO  hpde_io Read ./data/spase_hpde_io/info/AC_H2_SWE.pkl
2026-02-03T14:52:32.149095Z INFO  hpde_io Reading ./data/spase_hpde_io/info/AC_H2_SWI.pkl
2026-02-03T14:52:32.149281Z INFO  hpde_io Read ./data/spase_hpde_io/info/AC_H2_SWI.pkl
2026-02-03T14:52:32.149320Z INFO  hpde_io Reading ./data/spase_hpde_io/info/AC_H2_ULE.pkl
2026-02-03T14:52:32.149516Z INFO  hpde_io Read ./data/spase_hpde_io/info/AC_H2_ULE.pkl
2026-02-03T14:52:32.149551Z INFO  hpde_io Reading ./data/spase_hpde_io/info/AC_H3_CRIS.pkl
2026-02-03T14:52:32.149800Z INFO  hpde_io Read ./data/spase_hpde_io/info/AC_H3_CRIS.pkl
2026-02-03T14:52:32.149838Z INFO  hpde_io Reading ./data/spase_hpde_io/info/AC_H3_EPM.pkl
2026-02-03T14:52:32.150004Z INFO  hpde_io Read ./data/spase_hpde_io/info/AC_H3_EPM.pkl
2026-02-03T14:52:32.150044Z INFO  hpde_io Reading ./data/spase_hpde_io/info/AC_H3_MFI.pkl
2026-02-03T14:52:32.150159Z INFO  hpde_io Read ./data/spase_hpde_io/info/AC_H3_MFI.pkl
2026-02-03T14:52:32.150193Z INFO  hpde_io Reading ./data/spase_hpde_io/info/AC_H3_SW2.pkl
2026-02-03T14:52:32.150308Z INFO  hpde_io Read ./data/spase_hpde_io/info/AC_H3_SW2.pkl
2026-02-03T14:52:32.150340Z INFO  hpde_io Reading ./data/spase_hpde_io/info/AC_H3_SWI.pkl
2026-02-03T14:52:32.150511Z INFO  hpde_io Read ./data/spase_hpde_io/info/AC_H3_SWI.pkl
2026-02-03T14:52:32.150543Z INFO  hpde_io Reading ./data/spase_hpde_io/info/AC_H4_SWI.pkl
2026-02-03T14:52:32.150746Z INFO  hpde_io Read ./data/spase_hpde_io/info/AC_H4_SWI.pkl
2026-02-03T14:52:32.150788Z INFO  hpde_io Reading ./data/spase_hpde_io/info/AC_H5_SWI.pkl
2026-02-03T14:52:32.150932Z INFO  hpde_io Read ./data/spase_hpde_io/info/AC_H5_SWI.pkl
2026-02-03T14:52:32.150976Z INFO  hpde_io Reading ./data/spase_hpde_io/info/AC_H6_SWI.pkl
2026-02-03T14:52:32.151078Z INFO  hpde_io Read ./data/spase_hpde_io/info/AC_H6_SWI.pkl
2026-02-03T14:52:32.151111Z INFO  hpde_io Reading ./data/spase_hpde_io/info/AC_K0_EPM.pkl
2026-02-03T14:52:32.151246Z INFO  hpde_io Read ./data/spase_hpde_io/info/AC_K0_EPM.pkl
2026-02-03T14:52:32.151281Z INFO  hpde_io Reading ./data/spase_hpde_io/info/AC_K0_MFI.pkl
2026-02-03T14:52:32.151404Z INFO  hpde_io Read ./data/spase_hpde_io/info/AC_K0_MFI.pkl
2026-02-03T14:52:32.151438Z INFO  hpde_io Reading ./data/spase_hpde_io/info/AC_K0_SIS.pkl
2026-02-03T14:52:32.151556Z INFO  hpde_io Read ./data/spase_hpde_io/info/AC_K0_SIS.pkl
2026-02-03T14:52:32.151589Z INFO  hpde_io Reading ./data/spase_hpde_io/info/AC_K0_SWE.pkl
2026-02-03T14:52:32.151704Z INFO  hpde_io Read ./data/spase_hpde_io/info/AC_K0_SWE.pkl
2026-02-03T14:52:32.151738Z INFO  hpde_io Reading ./data/spase_hpde_io/info/AC_K1_EPM.pkl
2026-02-03T14:52:32.151852Z INFO  hpde_io Read ./data/spase_hpde_io/info/AC_K1_EPM.pkl
2026-02-03T14:52:32.151886Z INFO  hpde_io Reading ./data/spase_hpde_io/info/AC_K1_MFI.pkl
2026-02-03T14:52:32.152013Z INFO  hpde_io Read ./data/spase_hpde_io/info/AC_K1_MFI.pkl
2026-02-03T14:52:32.152069Z INFO  hpde_io Reading ./data/spase_hpde_io/info/AC_K1_SWE.pkl
2026-02-03T14:52:32.152198Z INFO  hpde_io Read ./data/spase_hpde_io/info/AC_K1_SWE.pkl
2026-02-03T14:52:32.152238Z INFO  hpde_io Reading ./data/spase_hpde_io/info/AC_K2_MFI.pkl
2026-02-03T14:52:32.152574Z INFO  hpde_io Read ./data/spase_hpde_io/info/AC_K2_MFI.pkl
2026-02-03T14:52:32.152613Z INFO  hpde_io Reading ./data/spase_hpde_io/info/AC_OR_DEF.pkl
2026-02-03T14:52:32.152732Z INFO  hpde_io Read ./data/spase_hpde_io/info/AC_OR_DEF.pkl
2026-02-03T14:52:32.152772Z INFO  hpde_io Reading ./data/spase_hpde_io/info/AC_OR_SSC.pkl
2026-02-03T14:52:32.152884Z INFO  hpde_io Read ./data/spase_hpde_io/info/AC_OR_SSC.pkl
2026-02-03T14:52:32.152917Z INFO  hpde_io Reading ./data/spase_hpde_io/info/AEROCUBE-6-A_DOSIMETER_L2.pkl
2026-02-03T14:52:32.153130Z INFO  hpde_io Read ./data/spase_hpde_io/info/AEROCUBE-6-A_DOSIMETER_L2.pkl
2026-02-03T14:52:32.153169Z INFO  hpde_io Reading ./data/spase_hpde_io/info/AEROCUBE-6-B_DOSIMETER_L2.pkl
2026-02-03T14:52:32.153361Z INFO  hpde_io Read ./data/spase_hpde_io/info/AEROCUBE-6-B_DOSIMETER_L2.pkl
2026-02-03T14:52:32.153399Z INFO  hpde_io Reading ./data/spase_hpde_io/info/ALOUETTE2_AV_LIM.pkl
2026-02-03T14:52:32.181610Z INFO  hpde_io Read ./data/spase_hpde_io/info/ALOUETTE2_AV_LIM.pkl
2026-02-03T14:52:32.181777Z INFO  hpde_io Reading ./data/spase_hpde_io/info/ALOUETTE2_AV_QUI.pkl
2026-02-03T14:52:32.182491Z INFO  hpde_io Read ./data/spase_hpde_io/info/ALOUETTE2_AV_QUI.pkl
2026-02-03T14:52:32.182546Z INFO  hpde_io Reading ./data/spase_hpde_io/info/ALOUETTE2_AV_SNT.pkl
2026-02-03T14:52:32.183217Z INFO  hpde_io Read ./data/spase_hpde_io/info/ALOUETTE2_AV_SNT.pkl
2026-02-03T14:52:32.183301Z INFO  hpde_io Reading ./data/spase_hpde_io/info/ALOUETTE2_AV_SOL.pkl
2026-02-03T14:52:32.183540Z INFO  hpde_io Read ./data/spase_hpde_io/info/ALOUETTE2_AV_SOL.pkl
2026-02-03T14:52:32.183591Z INFO  hpde_io Reading ./data/spase_hpde_io/info/ALOUETTE2_AV_ULA.pkl
2026-02-03T14:52:32.183783Z INFO  hpde_io Read ./data/spase_hpde_io/info/ALOUETTE2_AV_ULA.pkl
2026-02-03T14:52:32.183825Z INFO  hpde_io Reading ./data/spase_hpde_io/info/ALOUETTE2_AV_WNK.pkl
2026-02-03T14:52:32.184035Z INFO  hpde_io Read ./data/spase_hpde_io/info/ALOUETTE2_AV_WNK.pkl
2026-02-03T14:52:32.184077Z INFO  hpde_io Reading ./data/spase_hpde_io/info/ALOUETTE2_NEPROF_TOPS.pkl
2026-02-03T14:52:32.184226Z INFO  hpde_io Read ./data/spase_hpde_io/info/ALOUETTE2_NEPROF_TOPS.pkl
2026-02-03T14:52:32.184272Z INFO  hpde_io Reading ./data/spase_hpde_io/info/AMPTECCE_H0_MEPA.pkl
2026-02-03T14:52:32.184681Z INFO  hpde_io Read ./data/spase_hpde_io/info/AMPTECCE_H0_MEPA.pkl
2026-02-03T14:52:32.184726Z INFO  hpde_io Reading ./data/spase_hpde_io/info/APOLLO12_SWS_1HR.pkl
2026-02-03T14:52:32.184927Z INFO  hpde_io Read ./data/spase_hpde_io/info/APOLLO12_SWS_1HR.pkl
2026-02-03T14:52:32.185031Z INFO  hpde_io Reading ./data/spase_hpde_io/info/APOLLO12_SWS_28S.pkl
2026-02-03T14:52:32.185209Z INFO  hpde_io Read ./data/spase_hpde_io/info/APOLLO12_SWS_28S.pkl
2026-02-03T14:52:32.185296Z INFO  hpde_io Reading ./data/spase_hpde_io/info/APOLLO15_SWS_1HR.pkl
2026-02-03T14:52:32.185445Z INFO  hpde_io Read ./data/spase_hpde_io/info/APOLLO15_SWS_1HR.pkl
2026-02-03T14:52:32.185482Z INFO  hpde_io Reading ./data/spase_hpde_io/info/APOLLO15_SWS_28S.pkl
2026-02-03T14:52:32.185589Z INFO  hpde_io Read ./data/spase_hpde_io/info/APOLLO15_SWS_28S.pkl
2026-02-03T14:52:32.185628Z INFO  hpde_io Reading ./data/spase_hpde_io/info/AWE_L3A_TMP.pkl
2026-02-03T14:52:32.185778Z INFO  hpde_io Read ./data/spase_hpde_io/info/AWE_L3A_TMP.pkl
2026-02-03T14:52:32.185819Z INFO  hpde_io Reading ./data/spase_hpde_io/info/AWE_L3C_Q20.pkl
2026-02-03T14:52:32.185969Z INFO  hpde_io Read ./data/spase_hpde_io/info/AWE_L3C_Q20.pkl
2026-02-03T14:52:32.186011Z INFO  hpde_io Reading ./data/spase_hpde_io/info/BAR_1A_L2_EPHM.pkl
2026-02-03T14:52:32.186152Z INFO  hpde_io Read ./data/spase_hpde_io/info/BAR_1A_L2_EPHM.pkl
2026-02-03T14:52:32.186197Z INFO  hpde_io Reading ./data/spase_hpde_io/info/BAR_1A_L2_FSPC.pkl
2026-02-03T14:52:32.186375Z INFO  hpde_io Read ./data/spase_hpde_io/info/BAR_1A_L2_FSPC.pkl
2026-02-03T14:52:32.186458Z INFO  hpde_io Reading ./data/spase_hpde_io/info/BAR_1A_L2_HKPG.pkl
2026-02-03T14:52:32.186666Z INFO  hpde_io Read ./data/spase_hpde_io/info/BAR_1A_L2_HKPG.pkl
2026-02-03T14:52:32.186728Z INFO  hpde_io Reading ./data/spase_hpde_io/info/BAR_1A_L2_MAGN.pkl
2026-02-03T14:52:32.186872Z INFO  hpde_io Read ./data/spase_hpde_io/info/BAR_1A_L2_MAGN.pkl
2026-02-03T14:52:32.186918Z INFO  hpde_io Reading ./data/spase_hpde_io/info/BAR_1A_L2_MSPC.pkl
2026-02-03T14:52:32.187114Z INFO  hpde_io Read ./data/spase_hpde_io/info/BAR_1A_L2_MSPC.pkl
2026-02-03T14:52:32.187159Z INFO  hpde_io Reading ./data/spase_hpde_io/info/BAR_1A_L2_RCNT.pkl
2026-02-03T14:52:32.187340Z INFO  hpde_io Read ./data/spase_hpde_io/info/BAR_1A_L2_RCNT.pkl
2026-02-03T14:52:32.187427Z INFO  hpde_io Reading ./data/spase_hpde_io/info/BAR_1A_L2_SSPC.pkl
2026-02-03T14:52:32.187617Z INFO  hpde_io Read ./data/spase_hpde_io/info/BAR_1A_L2_SSPC.pkl
2026-02-03T14:52:32.187718Z INFO  hpde_io Reading ./data/spase_hpde_io/info/BAR_1B_L2_EPHM.pkl
2026-02-03T14:52:32.187902Z INFO  hpde_io Read ./data/spase_hpde_io/info/BAR_1B_L2_EPHM.pkl
2026-02-03T14:52:32.187945Z INFO  hpde_io Reading ./data/spase_hpde_io/info/BAR_1B_L2_FSPC.pkl
2026-02-03T14:52:32.188080Z INFO  hpde_io Read ./data/spase_hpde_io/info/BAR_1B_L2_FSPC.pkl
2026-02-03T14:52:32.188119Z INFO  hpde_io Reading ./data/spase_hpde_io/info/BAR_1B_L2_HKPG.pkl
2026-02-03T14:52:32.188277Z INFO  hpde_io Read ./data/spase_hpde_io/info/BAR_1B_L2_HKPG.pkl
2026-02-03T14:52:32.188312Z INFO  hpde_io Reading ./data/spase_hpde_io/info/BAR_1B_L2_MAGN.pkl
2026-02-03T14:52:32.188428Z INFO  hpde_io Read ./data/spase_hpde_io/info/BAR_1B_L2_MAGN.pkl
2026-02-03T14:52:32.188497Z INFO  hpde_io Reading ./data/spase_hpde_io/info/BAR_1B_L2_MSPC.pkl
2026-02-03T14:52:32.188680Z INFO  hpde_io Read ./data/spase_hpde_io/info/BAR_1B_L2_MSPC.pkl
2026-02-03T14:52:32.188730Z INFO  hpde_io Reading ./data/spase_hpde_io/info/BAR_1B_L2_RCNT.pkl
2026-02-03T14:52:32.188856Z INFO  hpde_io Read ./data/spase_hpde_io/info/BAR_1B_L2_RCNT.pkl
2026-02-03T14:52:32.188892Z INFO  hpde_io Reading ./data/spase_hpde_io/info/BAR_1B_L2_SSPC.pkl
2026-02-03T14:52:32.189013Z INFO  hpde_io Read ./data/spase_hpde_io/info/BAR_1B_L2_SSPC.pkl
2026-02-03T14:52:32.189051Z INFO  hpde_io Reading ./data/spase_hpde_io/info/BAR_1C_L2_EPHM.pkl
2026-02-03T14:52:32.189174Z INFO  hpde_io Read ./data/spase_hpde_io/info/BAR_1C_L2_EPHM.pkl
2026-02-03T14:52:32.189211Z INFO  hpde_io Reading ./data/spase_hpde_io/info/BAR_1C_L2_FSPC.pkl
2026-02-03T14:52:32.189371Z INFO  hpde_io Read ./data/spase_hpde_io/info/BAR_1C_L2_FSPC.pkl
2026-02-03T14:52:32.189461Z INFO  hpde_io Reading ./data/spase_hpde_io/info/BAR_1C_L2_HKPG.pkl
2026-02-03T14:52:32.189652Z INFO  hpde_io Read ./data/spase_hpde_io/info/BAR_1C_L2_HKPG.pkl
2026-02-03T14:52:32.189710Z INFO  hpde_io Reading ./data/spase_hpde_io/info/BAR_1C_L2_MAGN.pkl
2026-02-03T14:52:32.189827Z INFO  hpde_io Read ./data/spase_hpde_io/info/BAR_1C_L2_MAGN.pkl
2026-02-03T14:52:32.189868Z INFO  hpde_io Reading ./data/spase_hpde_io/info/BAR_1C_L2_MSPC.pkl
2026-02-03T14:52:32.190050Z INFO  hpde_io Read ./data/spase_hpde_io/info/BAR_1C_L2_MSPC.pkl
2026-02-03T14:52:32.190100Z INFO  hpde_io Reading ./data/spase_hpde_io/info/BAR_1C_L2_RCNT.pkl
2026-02-03T14:52:32.190262Z INFO  hpde_io Read ./data/spase_hpde_io/info/BAR_1C_L2_RCNT.pkl
2026-02-03T14:52:32.190322Z INFO  hpde_io Reading ./data/spase_hpde_io/info/BAR_1C_L2_SSPC.pkl
2026-02-03T14:52:32.190485Z INFO  hpde_io Read ./data/spase_hpde_io/info/BAR_1C_L2_SSPC.pkl
2026-02-03T14:52:32.190524Z INFO  hpde_io Reading ./data/spase_hpde_io/info/BAR_1D_L2_EPHM.pkl
2026-02-03T14:52:32.190682Z INFO  hpde_io Read ./data/spase_hpde_io/info/BAR_1D_L2_EPHM.pkl
2026-02-03T14:52:32.190775Z INFO  hpde_io Reading ./data/spase_hpde_io/info/BAR_1D_L2_FSPC.pkl
2026-02-03T14:52:32.190953Z INFO  hpde_io Read ./data/spase_hpde_io/info/BAR_1D_L2_FSPC.pkl
2026-02-03T14:52:32.191009Z INFO  hpde_io Reading ./data/spase_hpde_io/info/BAR_1D_L2_HKPG.pkl
2026-02-03T14:52:32.191203Z INFO  hpde_io Read ./data/spase_hpde_io/info/BAR_1D_L2_HKPG.pkl
2026-02-03T14:52:32.191260Z INFO  hpde_io Reading ./data/spase_hpde_io/info/BAR_1D_L2_MAGN.pkl
2026-02-03T14:52:32.191422Z INFO  hpde_io Read ./data/spase_hpde_io/info/BAR_1D_L2_MAGN.pkl
2026-02-03T14:52:32.191467Z INFO  hpde_io Reading ./data/spase_hpde_io/info/BAR_1D_L2_MSPC.pkl
2026-02-03T14:52:32.191653Z INFO  hpde_io Read ./data/spase_hpde_io/info/BAR_1D_L2_MSPC.pkl
2026-02-03T14:52:32.191697Z INFO  hpde_io Reading ./data/spase_hpde_io/info/BAR_1D_L2_RCNT.pkl
2026-02-03T14:52:32.191860Z INFO  hpde_io Read ./data/spase_hpde_io/info/BAR_1D_L2_RCNT.pkl
2026-02-03T14:52:32.191943Z INFO  hpde_io Reading ./data/spase_hpde_io/info/BAR_1D_L2_SSPC.pkl
2026-02-03T14:52:32.192118Z INFO  hpde_io Read ./data/spase_hpde_io/info/BAR_1D_L2_SSPC.pkl
2026-02-03T14:52:32.192160Z INFO  hpde_io Reading ./data/spase_hpde_io/info/BAR_1G_L2_EPHM.pkl
2026-02-03T14:52:32.192308Z INFO  hpde_io Read ./data/spase_hpde_io/info/BAR_1G_L2_EPHM.pkl
2026-02-03T14:52:32.192347Z INFO  hpde_io Reading ./data/spase_hpde_io/info/BAR_1G_L2_FSPC.pkl
2026-02-03T14:52:32.192514Z INFO  hpde_io Read ./data/spase_hpde_io/info/BAR_1G_L2_FSPC.pkl
2026-02-03T14:52:32.192581Z INFO  hpde_io Reading ./data/spase_hpde_io/info/BAR_1G_L2_HKPG.pkl
2026-02-03T14:52:32.192819Z INFO  hpde_io Read ./data/spase_hpde_io/info/BAR_1G_L2_HKPG.pkl
2026-02-03T14:52:32.192860Z INFO  hpde_io Reading ./data/spase_hpde_io/info/BAR_1G_L2_MAGN.pkl
2026-02-03T14:52:32.193025Z INFO  hpde_io Read ./data/spase_hpde_io/info/BAR_1G_L2_MAGN.pkl
2026-02-03T14:52:32.193065Z INFO  hpde_io Reading ./data/spase_hpde_io/info/BAR_1G_L2_MSPC.pkl
2026-02-03T14:52:32.193270Z INFO  hpde_io Read ./data/spase_hpde_io/info/BAR_1G_L2_MSPC.pkl
2026-02-03T14:52:32.193336Z INFO  hpde_io Reading ./data/spase_hpde_io/info/BAR_1G_L2_RCNT.pkl
2026-02-03T14:52:32.193496Z INFO  hpde_io Read ./data/spase_hpde_io/info/BAR_1G_L2_RCNT.pkl
2026-02-03T14:52:32.193538Z INFO  hpde_io Reading ./data/spase_hpde_io/info/BAR_1G_L2_SSPC.pkl
2026-02-03T14:52:32.193680Z INFO  hpde_io Read ./data/spase_hpde_io/info/BAR_1G_L2_SSPC.pkl
2026-02-03T14:52:32.193716Z INFO  hpde_io Reading ./data/spase_hpde_io/info/BAR_1H_L2_EPHM.pkl
2026-02-03T14:52:32.193857Z INFO  hpde_io Read ./data/spase_hpde_io/info/BAR_1H_L2_EPHM.pkl
2026-02-03T14:52:32.193896Z INFO  hpde_io Reading ./data/spase_hpde_io/info/BAR_1H_L2_FSPC.pkl
2026-02-03T14:52:32.194096Z INFO  hpde_io Read ./data/spase_hpde_io/info/BAR_1H_L2_FSPC.pkl
2026-02-03T14:52:32.194204Z INFO  hpde_io Reading ./data/spase_hpde_io/info/BAR_1H_L2_HKPG.pkl
2026-02-03T14:52:32.194410Z INFO  hpde_io Read ./data/spase_hpde_io/info/BAR_1H_L2_HKPG.pkl
2026-02-03T14:52:32.194502Z INFO  hpde_io Reading ./data/spase_hpde_io/info/BAR_1H_L2_MAGN.pkl
2026-02-03T14:52:32.194667Z INFO  hpde_io Read ./data/spase_hpde_io/info/BAR_1H_L2_MAGN.pkl
2026-02-03T14:52:32.194743Z INFO  hpde_io Reading ./data/spase_hpde_io/info/BAR_1H_L2_MSPC.pkl
2026-02-03T14:52:32.194979Z INFO  hpde_io Read ./data/spase_hpde_io/info/BAR_1H_L2_MSPC.pkl
2026-02-03T14:52:32.195043Z INFO  hpde_io Reading ./data/spase_hpde_io/info/BAR_1H_L2_RCNT.pkl
2026-02-03T14:52:32.195188Z INFO  hpde_io Read ./data/spase_hpde_io/info/BAR_1H_L2_RCNT.pkl
2026-02-03T14:52:32.195229Z INFO  hpde_io Reading ./data/spase_hpde_io/info/BAR_1H_L2_SSPC.pkl
2026-02-03T14:52:32.195374Z INFO  hpde_io Read ./data/spase_hpde_io/info/BAR_1H_L2_SSPC.pkl
2026-02-03T14:52:32.195449Z INFO  hpde_io Reading ./data/spase_hpde_io/info/BAR_1I_L2_EPHM.pkl
2026-02-03T14:52:32.195605Z INFO  hpde_io Read ./data/spase_hpde_io/info/BAR_1I_L2_EPHM.pkl
2026-02-03T14:52:32.195659Z INFO  hpde_io Reading ./data/spase_hpde_io/info/BAR_1I_L2_FSPC.pkl
2026-02-03T14:52:32.195807Z INFO  hpde_io Read ./data/spase_hpde_io/info/BAR_1I_L2_FSPC.pkl
2026-02-03T14:52:32.195851Z INFO  hpde_io Reading ./data/spase_hpde_io/info/BAR_1I_L2_HKPG.pkl
2026-02-03T14:52:32.196022Z INFO  hpde_io Read ./data/spase_hpde_io/info/BAR_1I_L2_HKPG.pkl
2026-02-03T14:52:32.196059Z INFO  hpde_io Reading ./data/spase_hpde_io/info/BAR_1I_L2_MAGN.pkl
2026-02-03T14:52:32.196181Z INFO  hpde_io Read ./data/spase_hpde_io/info/BAR_1I_L2_MAGN.pkl
2026-02-03T14:52:32.196230Z INFO  hpde_io Reading ./data/spase_hpde_io/info/BAR_1I_L2_MSPC.pkl
2026-02-03T14:52:32.196401Z INFO  hpde_io Read ./data/spase_hpde_io/info/BAR_1I_L2_MSPC.pkl
2026-02-03T14:52:32.196440Z INFO  hpde_io Reading ./data/spase_hpde_io/info/BAR_1I_L2_RCNT.pkl
2026-02-03T14:52:32.196562Z INFO  hpde_io Read ./data/spase_hpde_io/info/BAR_1I_L2_RCNT.pkl
2026-02-03T14:52:32.196599Z INFO  hpde_io Reading ./data/spase_hpde_io/info/BAR_1I_L2_SSPC.pkl
2026-02-03T14:52:32.196729Z INFO  hpde_io Read ./data/spase_hpde_io/info/BAR_1I_L2_SSPC.pkl
2026-02-03T14:52:32.196766Z INFO  hpde_io Reading ./data/spase_hpde_io/info/BAR_1J_L2_EPHM.pkl
2026-02-03T14:52:32.196909Z INFO  hpde_io Read ./data/spase_hpde_io/info/BAR_1J_L2_EPHM.pkl
2026-02-03T14:52:32.196983Z INFO  hpde_io Reading ./data/spase_hpde_io/info/BAR_1J_L2_FSPC.pkl
2026-02-03T14:52:32.197138Z INFO  hpde_io Read ./data/spase_hpde_io/info/BAR_1J_L2_FSPC.pkl
2026-02-03T14:52:32.197185Z INFO  hpde_io Reading ./data/spase_hpde_io/info/BAR_1J_L2_HKPG.pkl
2026-02-03T14:52:32.197367Z INFO  hpde_io Read ./data/spase_hpde_io/info/BAR_1J_L2_HKPG.pkl
2026-02-03T14:52:32.197411Z INFO  hpde_io Reading ./data/spase_hpde_io/info/BAR_1J_L2_MAGN.pkl
2026-02-03T14:52:32.197528Z INFO  hpde_io Read ./data/spase_hpde_io/info/BAR_1J_L2_MAGN.pkl
2026-02-03T14:52:32.197573Z INFO  hpde_io Reading ./data/spase_hpde_io/info/BAR_1J_L2_MSPC.pkl
2026-02-03T14:52:32.197786Z INFO  hpde_io Read ./data/spase_hpde_io/info/BAR_1J_L2_MSPC.pkl
2026-02-03T14:52:32.197836Z INFO  hpde_io Reading ./data/spase_hpde_io/info/BAR_1J_L2_RCNT.pkl
2026-02-03T14:52:32.197964Z INFO  hpde_io Read ./data/spase_hpde_io/info/BAR_1J_L2_RCNT.pkl
2026-02-03T14:52:32.198006Z INFO  hpde_io Reading ./data/spase_hpde_io/info/BAR_1J_L2_SSPC.pkl
2026-02-03T14:52:32.198139Z INFO  hpde_io Read ./data/spase_hpde_io/info/BAR_1J_L2_SSPC.pkl
2026-02-03T14:52:32.198175Z INFO  hpde_io Reading ./data/spase_hpde_io/info/BAR_1K_L2_EPHM.pkl
2026-02-03T14:52:32.198309Z INFO  hpde_io Read ./data/spase_hpde_io/info/BAR_1K_L2_EPHM.pkl
2026-02-03T14:52:32.198346Z INFO  hpde_io Reading ./data/spase_hpde_io/info/BAR_1K_L2_FSPC.pkl
2026-02-03T14:52:32.198478Z INFO  hpde_io Read ./data/spase_hpde_io/info/BAR_1K_L2_FSPC.pkl
2026-02-03T14:52:32.198515Z INFO  hpde_io Reading ./data/spase_hpde_io/info/BAR_1K_L2_HKPG.pkl
2026-02-03T14:52:32.198684Z INFO  hpde_io Read ./data/spase_hpde_io/info/BAR_1K_L2_HKPG.pkl
2026-02-03T14:52:32.198724Z INFO  hpde_io Reading ./data/spase_hpde_io/info/BAR_1K_L2_MAGN.pkl
2026-02-03T14:52:32.198848Z INFO  hpde_io Read ./data/spase_hpde_io/info/BAR_1K_L2_MAGN.pkl
2026-02-03T14:52:32.198887Z INFO  hpde_io Reading ./data/spase_hpde_io/info/BAR_1K_L2_MSPC.pkl
2026-02-03T14:52:32.199076Z INFO  hpde_io Read ./data/spase_hpde_io/info/BAR_1K_L2_MSPC.pkl
2026-02-03T14:52:32.199120Z INFO  hpde_io Reading ./data/spase_hpde_io/info/BAR_1K_L2_RCNT.pkl
2026-02-03T14:52:32.199261Z INFO  hpde_io Read ./data/spase_hpde_io/info/BAR_1K_L2_RCNT.pkl
2026-02-03T14:52:32.199299Z INFO  hpde_io Reading ./data/spase_hpde_io/info/BAR_1K_L2_SSPC.pkl
2026-02-03T14:52:32.199446Z INFO  hpde_io Read ./data/spase_hpde_io/info/BAR_1K_L2_SSPC.pkl
2026-02-03T14:52:32.199486Z INFO  hpde_io Reading ./data/spase_hpde_io/info/BAR_1M_L2_EPHM.pkl
2026-02-03T14:52:32.199641Z INFO  hpde_io Read ./data/spase_hpde_io/info/BAR_1M_L2_EPHM.pkl
2026-02-03T14:52:32.199677Z INFO  hpde_io Reading ./data/spase_hpde_io/info/BAR_1M_L2_FSPC.pkl
2026-02-03T14:52:32.199829Z INFO  hpde_io Read ./data/spase_hpde_io/info/BAR_1M_L2_FSPC.pkl
2026-02-03T14:52:32.199867Z INFO  hpde_io Reading ./data/spase_hpde_io/info/BAR_1M_L2_HKPG.pkl
2026-02-03T14:52:32.200042Z INFO  hpde_io Read ./data/spase_hpde_io/info/BAR_1M_L2_HKPG.pkl
2026-02-03T14:52:32.200081Z INFO  hpde_io Reading ./data/spase_hpde_io/info/BAR_1M_L2_MAGN.pkl
2026-02-03T14:52:32.200206Z INFO  hpde_io Read ./data/spase_hpde_io/info/BAR_1M_L2_MAGN.pkl
2026-02-03T14:52:32.200243Z INFO  hpde_io Reading ./data/spase_hpde_io/info/BAR_1M_L2_MSPC.pkl
2026-02-03T14:52:32.201028Z INFO  hpde_io Read ./data/spase_hpde_io/info/BAR_1M_L2_MSPC.pkl
2026-02-03T14:52:32.201079Z INFO  hpde_io Reading ./data/spase_hpde_io/info/BAR_1M_L2_RCNT.pkl
2026-02-03T14:52:32.201231Z INFO  hpde_io Read ./data/spase_hpde_io/info/BAR_1M_L2_RCNT.pkl
2026-02-03T14:52:32.201302Z INFO  hpde_io Reading ./data/spase_hpde_io/info/BAR_1M_L2_SSPC.pkl
2026-02-03T14:52:32.201452Z INFO  hpde_io Read ./data/spase_hpde_io/info/BAR_1M_L2_SSPC.pkl
2026-02-03T14:52:32.201499Z INFO  hpde_io Reading ./data/spase_hpde_io/info/BAR_1N_L2_EPHM.pkl
2026-02-03T14:52:32.201637Z INFO  hpde_io Read ./data/spase_hpde_io/info/BAR_1N_L2_EPHM.pkl
2026-02-03T14:52:32.201677Z INFO  hpde_io Reading ./data/spase_hpde_io/info/BAR_1N_L2_FSPC.pkl
2026-02-03T14:52:32.201806Z INFO  hpde_io Read ./data/spase_hpde_io/info/BAR_1N_L2_FSPC.pkl
2026-02-03T14:52:32.201846Z INFO  hpde_io Reading ./data/spase_hpde_io/info/BAR_1N_L2_HKPG.pkl
2026-02-03T14:52:32.202031Z INFO  hpde_io Read ./data/spase_hpde_io/info/BAR_1N_L2_HKPG.pkl
2026-02-03T14:52:32.202071Z INFO  hpde_io Reading ./data/spase_hpde_io/info/BAR_1N_L2_MAGN.pkl
2026-02-03T14:52:32.202198Z INFO  hpde_io Read ./data/spase_hpde_io/info/BAR_1N_L2_MAGN.pkl
2026-02-03T14:52:32.202240Z INFO  hpde_io Reading ./data/spase_hpde_io/info/BAR_1N_L2_MSPC.pkl
2026-02-03T14:52:32.202414Z INFO  hpde_io Read ./data/spase_hpde_io/info/BAR_1N_L2_MSPC.pkl
2026-02-03T14:52:32.202451Z INFO  hpde_io Reading ./data/spase_hpde_io/info/BAR_1N_L2_RCNT.pkl
2026-02-03T14:52:32.202579Z INFO  hpde_io Read ./data/spase_hpde_io/info/BAR_1N_L2_RCNT.pkl
2026-02-03T14:52:32.202619Z INFO  hpde_io Reading ./data/spase_hpde_io/info/BAR_1N_L2_SSPC.pkl
2026-02-03T14:52:32.202755Z INFO  hpde_io Read ./data/spase_hpde_io/info/BAR_1N_L2_SSPC.pkl
2026-02-03T14:52:32.202797Z INFO  hpde_io Reading ./data/spase_hpde_io/info/BAR_1O_L2_EPHM.pkl
2026-02-03T14:52:32.202959Z INFO  hpde_io Read ./data/spase_hpde_io/info/BAR_1O_L2_EPHM.pkl
2026-02-03T14:52:32.202998Z INFO  hpde_io Reading ./data/spase_hpde_io/info/BAR_1O_L2_FSPC.pkl
2026-02-03T14:52:32.203141Z INFO  hpde_io Read ./data/spase_hpde_io/info/BAR_1O_L2_FSPC.pkl
2026-02-03T14:52:32.203179Z INFO  hpde_io Reading ./data/spase_hpde_io/info/BAR_1O_L2_HKPG.pkl
2026-02-03T14:52:32.203344Z INFO  hpde_io Read ./data/spase_hpde_io/info/BAR_1O_L2_HKPG.pkl
2026-02-03T14:52:32.203384Z INFO  hpde_io Reading ./data/spase_hpde_io/info/BAR_1O_L2_MAGN.pkl
2026-02-03T14:52:32.203507Z INFO  hpde_io Read ./data/spase_hpde_io/info/BAR_1O_L2_MAGN.pkl
2026-02-03T14:52:32.203544Z INFO  hpde_io Reading ./data/spase_hpde_io/info/BAR_1O_L2_MSPC.pkl
2026-02-03T14:52:32.203713Z INFO  hpde_io Read ./data/spase_hpde_io/info/BAR_1O_L2_MSPC.pkl
2026-02-03T14:52:32.203754Z INFO  hpde_io Reading ./data/spase_hpde_io/info/BAR_1O_L2_RCNT.pkl
2026-02-03T14:52:32.203913Z INFO  hpde_io Read ./data/spase_hpde_io/info/BAR_1O_L2_RCNT.pkl
2026-02-03T14:52:32.203957Z INFO  hpde_io Reading ./data/spase_hpde_io/info/BAR_1O_L2_SSPC.pkl
2026-02-03T14:52:32.204094Z INFO  hpde_io Read ./data/spase_hpde_io/info/BAR_1O_L2_SSPC.pkl
2026-02-03T14:52:32.204137Z INFO  hpde_io Reading ./data/spase_hpde_io/info/BAR_1Q_L2_EPHM.pkl
2026-02-03T14:52:32.204270Z INFO  hpde_io Read ./data/spase_hpde_io/info/BAR_1Q_L2_EPHM.pkl
2026-02-03T14:52:32.204309Z INFO  hpde_io Reading ./data/spase_hpde_io/info/BAR_1Q_L2_FSPC.pkl
2026-02-03T14:52:32.204446Z INFO  hpde_io Read ./data/spase_hpde_io/info/BAR_1Q_L2_FSPC.pkl
2026-02-03T14:52:32.204484Z INFO  hpde_io Reading ./data/spase_hpde_io/info/BAR_1Q_L2_HKPG.pkl
2026-02-03T14:52:32.204647Z INFO  hpde_io Read ./data/spase_hpde_io/info/BAR_1Q_L2_HKPG.pkl
2026-02-03T14:52:32.204695Z INFO  hpde_io Reading ./data/spase_hpde_io/info/BAR_1Q_L2_MAGN.pkl
2026-02-03T14:52:32.204826Z INFO  hpde_io Read ./data/spase_hpde_io/info/BAR_1Q_L2_MAGN.pkl
2026-02-03T14:52:32.204866Z INFO  hpde_io Reading ./data/spase_hpde_io/info/BAR_1Q_L2_MSPC.pkl
2026-02-03T14:52:32.205034Z INFO  hpde_io Read ./data/spase_hpde_io/info/BAR_1Q_L2_MSPC.pkl
2026-02-03T14:52:32.205072Z INFO  hpde_io Reading ./data/spase_hpde_io/info/BAR_1Q_L2_RCNT.pkl
2026-02-03T14:52:32.205227Z INFO  hpde_io Read ./data/spase_hpde_io/info/BAR_1Q_L2_RCNT.pkl
2026-02-03T14:52:32.205268Z INFO  hpde_io Reading ./data/spase_hpde_io/info/BAR_1Q_L2_SSPC.pkl
2026-02-03T14:52:32.205394Z INFO  hpde_io Read ./data/spase_hpde_io/info/BAR_1Q_L2_SSPC.pkl
2026-02-03T14:52:32.205431Z INFO  hpde_io Reading ./data/spase_hpde_io/info/BAR_1R_L2_EPHM.pkl
2026-02-03T14:52:32.205567Z INFO  hpde_io Read ./data/spase_hpde_io/info/BAR_1R_L2_EPHM.pkl
2026-02-03T14:52:32.205611Z INFO  hpde_io Reading ./data/spase_hpde_io/info/BAR_1R_L2_FSPC.pkl
2026-02-03T14:52:32.205752Z INFO  hpde_io Read ./data/spase_hpde_io/info/BAR_1R_L2_FSPC.pkl
2026-02-03T14:52:32.205791Z INFO  hpde_io Reading ./data/spase_hpde_io/info/BAR_1R_L2_HKPG.pkl
2026-02-03T14:52:32.205966Z INFO  hpde_io Read ./data/spase_hpde_io/info/BAR_1R_L2_HKPG.pkl
2026-02-03T14:52:32.206003Z INFO  hpde_io Reading ./data/spase_hpde_io/info/BAR_1R_L2_MAGN.pkl
2026-02-03T14:52:32.206118Z INFO  hpde_io Read ./data/spase_hpde_io/info/BAR_1R_L2_MAGN.pkl
2026-02-03T14:52:32.206154Z INFO  hpde_io Reading ./data/spase_hpde_io/info/BAR_1R_L2_MSPC.pkl
2026-02-03T14:52:32.206327Z INFO  hpde_io Read ./data/spase_hpde_io/info/BAR_1R_L2_MSPC.pkl
2026-02-03T14:52:32.206366Z INFO  hpde_io Reading ./data/spase_hpde_io/info/BAR_1R_L2_RCNT.pkl
2026-02-03T14:52:32.206495Z INFO  hpde_io Read ./data/spase_hpde_io/info/BAR_1R_L2_RCNT.pkl
2026-02-03T14:52:32.206536Z INFO  hpde_io Reading ./data/spase_hpde_io/info/BAR_1R_L2_SSPC.pkl
2026-02-03T14:52:32.206670Z INFO  hpde_io Read ./data/spase_hpde_io/info/BAR_1R_L2_SSPC.pkl
2026-02-03T14:52:32.206713Z INFO  hpde_io Reading ./data/spase_hpde_io/info/BAR_1S_L2_EPHM.pkl
2026-02-03T14:52:32.206851Z INFO  hpde_io Read ./data/spase_hpde_io/info/BAR_1S_L2_EPHM.pkl
2026-02-03T14:52:32.206924Z INFO  hpde_io Reading ./data/spase_hpde_io/info/BAR_1S_L2_FSPC.pkl
2026-02-03T14:52:32.207069Z INFO  hpde_io Read ./data/spase_hpde_io/info/BAR_1S_L2_FSPC.pkl
2026-02-03T14:52:32.207123Z INFO  hpde_io Reading ./data/spase_hpde_io/info/BAR_1S_L2_HKPG.pkl
2026-02-03T14:52:32.207314Z INFO  hpde_io Read ./data/spase_hpde_io/info/BAR_1S_L2_HKPG.pkl
2026-02-03T14:52:32.207365Z INFO  hpde_io Reading ./data/spase_hpde_io/info/BAR_1S_L2_MAGN.pkl
2026-02-03T14:52:32.207537Z INFO  hpde_io Read ./data/spase_hpde_io/info/BAR_1S_L2_MAGN.pkl
2026-02-03T14:52:32.207632Z INFO  hpde_io Reading ./data/spase_hpde_io/info/BAR_1S_L2_MSPC.pkl
2026-02-03T14:52:32.207872Z INFO  hpde_io Read ./data/spase_hpde_io/info/BAR_1S_L2_MSPC.pkl
2026-02-03T14:52:32.207922Z INFO  hpde_io Reading ./data/spase_hpde_io/info/BAR_1S_L2_RCNT.pkl
2026-02-03T14:52:32.208115Z INFO  hpde_io Read ./data/spase_hpde_io/info/BAR_1S_L2_RCNT.pkl
2026-02-03T14:52:32.208175Z INFO  hpde_io Reading ./data/spase_hpde_io/info/BAR_1S_L2_SSPC.pkl
2026-02-03T14:52:32.208321Z INFO  hpde_io Read ./data/spase_hpde_io/info/BAR_1S_L2_SSPC.pkl
2026-02-03T14:52:32.208358Z INFO  hpde_io Reading ./data/spase_hpde_io/info/BAR_1T_L2_EPHM.pkl
2026-02-03T14:52:32.208484Z INFO  hpde_io Read ./data/spase_hpde_io/info/BAR_1T_L2_EPHM.pkl
2026-02-03T14:52:32.208526Z INFO  hpde_io Reading ./data/spase_hpde_io/info/BAR_1T_L2_FSPC.pkl
2026-02-03T14:52:32.208655Z INFO  hpde_io Read ./data/spase_hpde_io/info/BAR_1T_L2_FSPC.pkl
2026-02-03T14:52:32.208699Z INFO  hpde_io Reading ./data/spase_hpde_io/info/BAR_1T_L2_HKPG.pkl
2026-02-03T14:52:32.208865Z INFO  hpde_io Read ./data/spase_hpde_io/info/BAR_1T_L2_HKPG.pkl
2026-02-03T14:52:32.208902Z INFO  hpde_io Reading ./data/spase_hpde_io/info/BAR_1T_L2_MAGN.pkl
2026-02-03T14:52:32.209018Z INFO  hpde_io Read ./data/spase_hpde_io/info/BAR_1T_L2_MAGN.pkl
2026-02-03T14:52:32.209052Z INFO  hpde_io Reading ./data/spase_hpde_io/info/BAR_1T_L2_MSPC.pkl
2026-02-03T14:52:32.209294Z INFO  hpde_io Read ./data/spase_hpde_io/info/BAR_1T_L2_MSPC.pkl
2026-02-03T14:52:32.209339Z INFO  hpde_io Reading ./data/spase_hpde_io/info/BAR_1T_L2_RCNT.pkl
2026-02-03T14:52:32.209492Z INFO  hpde_io Read ./data/spase_hpde_io/info/BAR_1T_L2_RCNT.pkl
2026-02-03T14:52:32.209590Z INFO  hpde_io Reading ./data/spase_hpde_io/info/BAR_1T_L2_SSPC.pkl
2026-02-03T14:52:32.209763Z INFO  hpde_io Read ./data/spase_hpde_io/info/BAR_1T_L2_SSPC.pkl
2026-02-03T14:52:32.209808Z INFO  hpde_io Reading ./data/spase_hpde_io/info/BAR_1U_L2_EPHM.pkl
2026-02-03T14:52:32.209964Z INFO  hpde_io Read ./data/spase_hpde_io/info/BAR_1U_L2_EPHM.pkl
2026-02-03T14:52:32.210012Z INFO  hpde_io Reading ./data/spase_hpde_io/info/BAR_1U_L2_FSPC.pkl
2026-02-03T14:52:32.210165Z INFO  hpde_io Read ./data/spase_hpde_io/info/BAR_1U_L2_FSPC.pkl
2026-02-03T14:52:32.210220Z INFO  hpde_io Reading ./data/spase_hpde_io/info/BAR_1U_L2_HKPG.pkl
2026-02-03T14:52:32.210448Z INFO  hpde_io Read ./data/spase_hpde_io/info/BAR_1U_L2_HKPG.pkl
2026-02-03T14:52:32.210495Z INFO  hpde_io Reading ./data/spase_hpde_io/info/BAR_1U_L2_MAGN.pkl
2026-02-03T14:52:32.210678Z INFO  hpde_io Read ./data/spase_hpde_io/info/BAR_1U_L2_MAGN.pkl
2026-02-03T14:52:32.210770Z INFO  hpde_io Reading ./data/spase_hpde_io/info/BAR_1U_L2_MSPC.pkl
2026-02-03T14:52:32.211013Z INFO  hpde_io Read ./data/spase_hpde_io/info/BAR_1U_L2_MSPC.pkl
2026-02-03T14:52:32.211064Z INFO  hpde_io Reading ./data/spase_hpde_io/info/BAR_1U_L2_RCNT.pkl
2026-02-03T14:52:32.211196Z INFO  hpde_io Read ./data/spase_hpde_io/info/BAR_1U_L2_RCNT.pkl
2026-02-03T14:52:32.211243Z INFO  hpde_io Reading ./data/spase_hpde_io/info/BAR_1U_L2_SSPC.pkl
2026-02-03T14:52:32.211438Z INFO  hpde_io Read ./data/spase_hpde_io/info/BAR_1U_L2_SSPC.pkl
2026-02-03T14:52:32.211516Z INFO  hpde_io Reading ./data/spase_hpde_io/info/BAR_1V_L2_EPHM.pkl
2026-02-03T14:52:32.211669Z INFO  hpde_io Read ./data/spase_hpde_io/info/BAR_1V_L2_EPHM.pkl
2026-02-03T14:52:32.211720Z INFO  hpde_io Reading ./data/spase_hpde_io/info/BAR_1V_L2_FSPC.pkl
2026-02-03T14:52:32.211874Z INFO  hpde_io Read ./data/spase_hpde_io/info/BAR_1V_L2_FSPC.pkl
2026-02-03T14:52:32.211925Z INFO  hpde_io Reading ./data/spase_hpde_io/info/BAR_1V_L2_HKPG.pkl
2026-02-03T14:52:32.212115Z INFO  hpde_io Read ./data/spase_hpde_io/info/BAR_1V_L2_HKPG.pkl
2026-02-03T14:52:32.212166Z INFO  hpde_io Reading ./data/spase_hpde_io/info/BAR_1V_L2_MAGN.pkl
2026-02-03T14:52:32.212297Z INFO  hpde_io Read ./data/spase_hpde_io/info/BAR_1V_L2_MAGN.pkl
2026-02-03T14:52:32.212364Z INFO  hpde_io Reading ./data/spase_hpde_io/info/BAR_1V_L2_MSPC.pkl
2026-02-03T14:52:32.212563Z INFO  hpde_io Read ./data/spase_hpde_io/info/BAR_1V_L2_MSPC.pkl
2026-02-03T14:52:32.212628Z INFO  hpde_io Reading ./data/spase_hpde_io/info/BAR_1V_L2_RCNT.pkl
2026-02-03T14:52:32.212768Z INFO  hpde_io Read ./data/spase_hpde_io/info/BAR_1V_L2_RCNT.pkl
2026-02-03T14:52:32.212815Z INFO  hpde_io Reading ./data/spase_hpde_io/info/BAR_1V_L2_SSPC.pkl
2026-02-03T14:52:32.212944Z INFO  hpde_io Read ./data/spase_hpde_io/info/BAR_1V_L2_SSPC.pkl
2026-02-03T14:52:32.212993Z INFO  hpde_io Reading ./data/spase_hpde_io/info/BAR_2A_L2_EPHM.pkl
2026-02-03T14:52:32.213170Z INFO  hpde_io Read ./data/spase_hpde_io/info/BAR_2A_L2_EPHM.pkl
2026-02-03T14:52:32.213253Z INFO  hpde_io Reading ./data/spase_hpde_io/info/BAR_2A_L2_FSPC.pkl
2026-02-03T14:52:32.213432Z INFO  hpde_io Read ./data/spase_hpde_io/info/BAR_2A_L2_FSPC.pkl
2026-02-03T14:52:32.213499Z INFO  hpde_io Reading ./data/spase_hpde_io/info/BAR_2A_L2_HKPG.pkl
2026-02-03T14:52:32.213686Z INFO  hpde_io Read ./data/spase_hpde_io/info/BAR_2A_L2_HKPG.pkl
2026-02-03T14:52:32.213736Z INFO  hpde_io Reading ./data/spase_hpde_io/info/BAR_2A_L2_MAGN.pkl
2026-02-03T14:52:32.213873Z INFO  hpde_io Read ./data/spase_hpde_io/info/BAR_2A_L2_MAGN.pkl
2026-02-03T14:52:32.213927Z INFO  hpde_io Reading ./data/spase_hpde_io/info/BAR_2A_L2_MSPC.pkl
2026-02-03T14:52:32.214119Z INFO  hpde_io Read ./data/spase_hpde_io/info/BAR_2A_L2_MSPC.pkl
2026-02-03T14:52:32.214164Z INFO  hpde_io Reading ./data/spase_hpde_io/info/BAR_2A_L2_RCNT.pkl
2026-02-03T14:52:32.214297Z INFO  hpde_io Read ./data/spase_hpde_io/info/BAR_2A_L2_RCNT.pkl
2026-02-03T14:52:32.214334Z INFO  hpde_io Reading ./data/spase_hpde_io/info/BAR_2A_L2_SSPC.pkl
2026-02-03T14:52:32.214481Z INFO  hpde_io Read ./data/spase_hpde_io/info/BAR_2A_L2_SSPC.pkl
2026-02-03T14:52:32.214524Z INFO  hpde_io Reading ./data/spase_hpde_io/info/BAR_2B_L2_EPHM.pkl
2026-02-03T14:52:32.214697Z INFO  hpde_io Read ./data/spase_hpde_io/info/BAR_2B_L2_EPHM.pkl
2026-02-03T14:52:32.214776Z INFO  hpde_io Reading ./data/spase_hpde_io/info/BAR_2B_L2_FSPC.pkl
2026-02-03T14:52:32.214952Z INFO  hpde_io Read ./data/spase_hpde_io/info/BAR_2B_L2_FSPC.pkl
2026-02-03T14:52:32.215013Z INFO  hpde_io Reading ./data/spase_hpde_io/info/BAR_2B_L2_HKPG.pkl
2026-02-03T14:52:32.215245Z INFO  hpde_io Read ./data/spase_hpde_io/info/BAR_2B_L2_HKPG.pkl
2026-02-03T14:52:32.215293Z INFO  hpde_io Reading ./data/spase_hpde_io/info/BAR_2B_L2_MAGN.pkl
2026-02-03T14:52:32.215446Z INFO  hpde_io Read ./data/spase_hpde_io/info/BAR_2B_L2_MAGN.pkl
2026-02-03T14:52:32.215500Z INFO  hpde_io Reading ./data/spase_hpde_io/info/BAR_2B_L2_MSPC.pkl
2026-02-03T14:52:32.215705Z INFO  hpde_io Read ./data/spase_hpde_io/info/BAR_2B_L2_MSPC.pkl
2026-02-03T14:52:32.215757Z INFO  hpde_io Reading ./data/spase_hpde_io/info/BAR_2B_L2_RCNT.pkl
2026-02-03T14:52:32.215917Z INFO  hpde_io Read ./data/spase_hpde_io/info/BAR_2B_L2_RCNT.pkl
2026-02-03T14:52:32.215970Z INFO  hpde_io Reading ./data/spase_hpde_io/info/BAR_2B_L2_SSPC.pkl
2026-02-03T14:52:32.216114Z INFO  hpde_io Read ./data/spase_hpde_io/info/BAR_2B_L2_SSPC.pkl
2026-02-03T14:52:32.216172Z INFO  hpde_io Reading ./data/spase_hpde_io/info/BAR_2C_L2_EPHM.pkl
2026-02-03T14:52:32.216357Z INFO  hpde_io Read ./data/spase_hpde_io/info/BAR_2C_L2_EPHM.pkl
2026-02-03T14:52:32.216404Z INFO  hpde_io Reading ./data/spase_hpde_io/info/BAR_2C_L2_FSPC.pkl
2026-02-03T14:52:32.216568Z INFO  hpde_io Read ./data/spase_hpde_io/info/BAR_2C_L2_FSPC.pkl
2026-02-03T14:52:32.216633Z INFO  hpde_io Reading ./data/spase_hpde_io/info/BAR_2C_L2_HKPG.pkl
2026-02-03T14:52:32.216825Z INFO  hpde_io Read ./data/spase_hpde_io/info/BAR_2C_L2_HKPG.pkl
2026-02-03T14:52:32.216872Z INFO  hpde_io Reading ./data/spase_hpde_io/info/BAR_2C_L2_MAGN.pkl
2026-02-03T14:52:32.217006Z INFO  hpde_io Read ./data/spase_hpde_io/info/BAR_2C_L2_MAGN.pkl
2026-02-03T14:52:32.217080Z INFO  hpde_io Reading ./data/spase_hpde_io/info/BAR_2C_L2_MSPC.pkl
2026-02-03T14:52:32.217278Z INFO  hpde_io Read ./data/spase_hpde_io/info/BAR_2C_L2_MSPC.pkl
2026-02-03T14:52:32.217319Z INFO  hpde_io Reading ./data/spase_hpde_io/info/BAR_2C_L2_RCNT.pkl
2026-02-03T14:52:32.217442Z INFO  hpde_io Read ./data/spase_hpde_io/info/BAR_2C_L2_RCNT.pkl
2026-02-03T14:52:32.217487Z INFO  hpde_io Reading ./data/spase_hpde_io/info/BAR_2C_L2_SSPC.pkl
2026-02-03T14:52:32.217626Z INFO  hpde_io Read ./data/spase_hpde_io/info/BAR_2C_L2_SSPC.pkl
2026-02-03T14:52:32.217683Z INFO  hpde_io Reading ./data/spase_hpde_io/info/BAR_2D_L2_EPHM.pkl
2026-02-03T14:52:32.217833Z INFO  hpde_io Read ./data/spase_hpde_io/info/BAR_2D_L2_EPHM.pkl
2026-02-03T14:52:32.217897Z INFO  hpde_io Reading ./data/spase_hpde_io/info/BAR_2D_L2_FSPC.pkl
2026-02-03T14:52:32.218082Z INFO  hpde_io Read ./data/spase_hpde_io/info/BAR_2D_L2_FSPC.pkl
2026-02-03T14:52:32.218150Z INFO  hpde_io Reading ./data/spase_hpde_io/info/BAR_2D_L2_HKPG.pkl
2026-02-03T14:52:32.218341Z INFO  hpde_io Read ./data/spase_hpde_io/info/BAR_2D_L2_HKPG.pkl
2026-02-03T14:52:32.218386Z INFO  hpde_io Reading ./data/spase_hpde_io/info/BAR_2D_L2_MAGN.pkl
2026-02-03T14:52:32.218521Z INFO  hpde_io Read ./data/spase_hpde_io/info/BAR_2D_L2_MAGN.pkl
2026-02-03T14:52:32.218572Z INFO  hpde_io Reading ./data/spase_hpde_io/info/BAR_2D_L2_MSPC.pkl
2026-02-03T14:52:32.219132Z INFO  hpde_io Read ./data/spase_hpde_io/info/BAR_2D_L2_MSPC.pkl
2026-02-03T14:52:32.219170Z INFO  hpde_io Reading ./data/spase_hpde_io/info/BAR_2D_L2_RCNT.pkl
2026-02-03T14:52:32.219307Z INFO  hpde_io Read ./data/spase_hpde_io/info/BAR_2D_L2_RCNT.pkl
2026-02-03T14:52:32.219363Z INFO  hpde_io Reading ./data/spase_hpde_io/info/BAR_2D_L2_SSPC.pkl
2026-02-03T14:52:32.219494Z INFO  hpde_io Read ./data/spase_hpde_io/info/BAR_2D_L2_SSPC.pkl
2026-02-03T14:52:32.219578Z INFO  hpde_io Reading ./data/spase_hpde_io/info/BAR_2E_L2_EPHM.pkl
2026-02-03T14:52:32.219768Z INFO  hpde_io Read ./data/spase_hpde_io/info/BAR_2E_L2_EPHM.pkl
2026-02-03T14:52:32.219811Z INFO  hpde_io Reading ./data/spase_hpde_io/info/BAR_2E_L2_FSPC.pkl
2026-02-03T14:52:32.219966Z INFO  hpde_io Read ./data/spase_hpde_io/info/BAR_2E_L2_FSPC.pkl
2026-02-03T14:52:32.220022Z INFO  hpde_io Reading ./data/spase_hpde_io/info/BAR_2E_L2_HKPG.pkl
2026-02-03T14:52:32.220203Z INFO  hpde_io Read ./data/spase_hpde_io/info/BAR_2E_L2_HKPG.pkl
2026-02-03T14:52:32.220245Z INFO  hpde_io Reading ./data/spase_hpde_io/info/BAR_2E_L2_MAGN.pkl
2026-02-03T14:52:32.220370Z INFO  hpde_io Read ./data/spase_hpde_io/info/BAR_2E_L2_MAGN.pkl
2026-02-03T14:52:32.220416Z INFO  hpde_io Reading ./data/spase_hpde_io/info/BAR_2E_L2_MSPC.pkl
2026-02-03T14:52:32.220607Z INFO  hpde_io Read ./data/spase_hpde_io/info/BAR_2E_L2_MSPC.pkl
2026-02-03T14:52:32.220655Z INFO  hpde_io Reading ./data/spase_hpde_io/info/BAR_2E_L2_RCNT.pkl
2026-02-03T14:52:32.220796Z INFO  hpde_io Read ./data/spase_hpde_io/info/BAR_2E_L2_RCNT.pkl
2026-02-03T14:52:32.220849Z INFO  hpde_io Reading ./data/spase_hpde_io/info/BAR_2E_L2_SSPC.pkl
2026-02-03T14:52:32.220997Z INFO  hpde_io Read ./data/spase_hpde_io/info/BAR_2E_L2_SSPC.pkl
2026-02-03T14:52:32.221042Z INFO  hpde_io Reading ./data/spase_hpde_io/info/BAR_2F_L2_EPHM.pkl
2026-02-03T14:52:32.221180Z INFO  hpde_io Read ./data/spase_hpde_io/info/BAR_2F_L2_EPHM.pkl
2026-02-03T14:52:32.221241Z INFO  hpde_io Reading ./data/spase_hpde_io/info/BAR_2F_L2_FSPC.pkl
2026-02-03T14:52:32.221418Z INFO  hpde_io Read ./data/spase_hpde_io/info/BAR_2F_L2_FSPC.pkl
2026-02-03T14:52:32.221472Z INFO  hpde_io Reading ./data/spase_hpde_io/info/BAR_2F_L2_HKPG.pkl
2026-02-03T14:52:32.221654Z INFO  hpde_io Read ./data/spase_hpde_io/info/BAR_2F_L2_HKPG.pkl
2026-02-03T14:52:32.221697Z INFO  hpde_io Reading ./data/spase_hpde_io/info/BAR_2F_L2_MAGN.pkl
2026-02-03T14:52:32.221842Z INFO  hpde_io Read ./data/spase_hpde_io/info/BAR_2F_L2_MAGN.pkl
2026-02-03T14:52:32.221881Z INFO  hpde_io Reading ./data/spase_hpde_io/info/BAR_2F_L2_MSPC.pkl
2026-02-03T14:52:32.222055Z INFO  hpde_io Read ./data/spase_hpde_io/info/BAR_2F_L2_MSPC.pkl
2026-02-03T14:52:32.222096Z INFO  hpde_io Reading ./data/spase_hpde_io/info/BAR_2F_L2_RCNT.pkl
2026-02-03T14:52:32.222230Z INFO  hpde_io Read ./data/spase_hpde_io/info/BAR_2F_L2_RCNT.pkl
2026-02-03T14:52:32.222273Z INFO  hpde_io Reading ./data/spase_hpde_io/info/BAR_2F_L2_SSPC.pkl
2026-02-03T14:52:32.222421Z INFO  hpde_io Read ./data/spase_hpde_io/info/BAR_2F_L2_SSPC.pkl
2026-02-03T14:52:32.222471Z INFO  hpde_io Reading ./data/spase_hpde_io/info/BAR_2I_L2_EPHM.pkl
2026-02-03T14:52:32.222608Z INFO  hpde_io Read ./data/spase_hpde_io/info/BAR_2I_L2_EPHM.pkl
2026-02-03T14:52:32.222666Z INFO  hpde_io Reading ./data/spase_hpde_io/info/BAR_2I_L2_FSPC.pkl
2026-02-03T14:52:32.222816Z INFO  hpde_io Read ./data/spase_hpde_io/info/BAR_2I_L2_FSPC.pkl
2026-02-03T14:52:32.222856Z INFO  hpde_io Reading ./data/spase_hpde_io/info/BAR_2I_L2_HKPG.pkl
2026-02-03T14:52:32.223097Z INFO  hpde_io Read ./data/spase_hpde_io/info/BAR_2I_L2_HKPG.pkl
2026-02-03T14:52:32.223148Z INFO  hpde_io Reading ./data/spase_hpde_io/info/BAR_2I_L2_MAGN.pkl
2026-02-03T14:52:32.223284Z INFO  hpde_io Read ./data/spase_hpde_io/info/BAR_2I_L2_MAGN.pkl
2026-02-03T14:52:32.223320Z INFO  hpde_io Reading ./data/spase_hpde_io/info/BAR_2I_L2_MSPC.pkl
2026-02-03T14:52:32.223502Z INFO  hpde_io Read ./data/spase_hpde_io/info/BAR_2I_L2_MSPC.pkl
2026-02-03T14:52:32.223541Z INFO  hpde_io Reading ./data/spase_hpde_io/info/BAR_2I_L2_RCNT.pkl
2026-02-03T14:52:32.223703Z INFO  hpde_io Read ./data/spase_hpde_io/info/BAR_2I_L2_RCNT.pkl
2026-02-03T14:52:32.223760Z INFO  hpde_io Reading ./data/spase_hpde_io/info/BAR_2I_L2_SSPC.pkl
2026-02-03T14:52:32.223905Z INFO  hpde_io Read ./data/spase_hpde_io/info/BAR_2I_L2_SSPC.pkl
2026-02-03T14:52:32.223942Z INFO  hpde_io Reading ./data/spase_hpde_io/info/BAR_2K_L2_EPHM.pkl
2026-02-03T14:52:32.224077Z INFO  hpde_io Read ./data/spase_hpde_io/info/BAR_2K_L2_EPHM.pkl
2026-02-03T14:52:32.224116Z INFO  hpde_io Reading ./data/spase_hpde_io/info/BAR_2K_L2_FSPC.pkl
2026-02-03T14:52:32.224279Z INFO  hpde_io Read ./data/spase_hpde_io/info/BAR_2K_L2_FSPC.pkl
2026-02-03T14:52:32.224361Z INFO  hpde_io Reading ./data/spase_hpde_io/info/BAR_2K_L2_HKPG.pkl
2026-02-03T14:52:32.224577Z INFO  hpde_io Read ./data/spase_hpde_io/info/BAR_2K_L2_HKPG.pkl
2026-02-03T14:52:32.224635Z INFO  hpde_io Reading ./data/spase_hpde_io/info/BAR_2K_L2_MAGN.pkl
2026-02-03T14:52:32.224796Z INFO  hpde_io Read ./data/spase_hpde_io/info/BAR_2K_L2_MAGN.pkl
2026-02-03T14:52:32.224891Z INFO  hpde_io Reading ./data/spase_hpde_io/info/BAR_2K_L2_MSPC.pkl
2026-02-03T14:52:32.225073Z INFO  hpde_io Read ./data/spase_hpde_io/info/BAR_2K_L2_MSPC.pkl
2026-02-03T14:52:32.225122Z INFO  hpde_io Reading ./data/spase_hpde_io/info/BAR_2K_L2_RCNT.pkl
2026-02-03T14:52:32.225295Z INFO  hpde_io Read ./data/spase_hpde_io/info/BAR_2K_L2_RCNT.pkl
2026-02-03T14:52:32.225342Z INFO  hpde_io Reading ./data/spase_hpde_io/info/BAR_2K_L2_SSPC.pkl
2026-02-03T14:52:32.225469Z INFO  hpde_io Read ./data/spase_hpde_io/info/BAR_2K_L2_SSPC.pkl
2026-02-03T14:52:32.225514Z INFO  hpde_io Reading ./data/spase_hpde_io/info/BAR_2L_L2_EPHM.pkl
2026-02-03T14:52:32.225666Z INFO  hpde_io Read ./data/spase_hpde_io/info/BAR_2L_L2_EPHM.pkl
2026-02-03T14:52:32.225718Z INFO  hpde_io Reading ./data/spase_hpde_io/info/BAR_2L_L2_FSPC.pkl
2026-02-03T14:52:32.225897Z INFO  hpde_io Read ./data/spase_hpde_io/info/BAR_2L_L2_FSPC.pkl
2026-02-03T14:52:32.226011Z INFO  hpde_io Reading ./data/spase_hpde_io/info/BAR_2L_L2_HKPG.pkl
2026-02-03T14:52:32.226226Z INFO  hpde_io Read ./data/spase_hpde_io/info/BAR_2L_L2_HKPG.pkl
2026-02-03T14:52:32.226274Z INFO  hpde_io Reading ./data/spase_hpde_io/info/BAR_2L_L2_MAGN.pkl
2026-02-03T14:52:32.226428Z INFO  hpde_io Read ./data/spase_hpde_io/info/BAR_2L_L2_MAGN.pkl
2026-02-03T14:52:32.226523Z INFO  hpde_io Reading ./data/spase_hpde_io/info/BAR_2L_L2_MSPC.pkl
2026-02-03T14:52:32.226740Z INFO  hpde_io Read ./data/spase_hpde_io/info/BAR_2L_L2_MSPC.pkl
2026-02-03T14:52:32.226783Z INFO  hpde_io Reading ./data/spase_hpde_io/info/BAR_2L_L2_RCNT.pkl
2026-02-03T14:52:32.226902Z INFO  hpde_io Read ./data/spase_hpde_io/info/BAR_2L_L2_RCNT.pkl
2026-02-03T14:52:32.226938Z INFO  hpde_io Reading ./data/spase_hpde_io/info/BAR_2L_L2_SSPC.pkl
2026-02-03T14:52:32.227068Z INFO  hpde_io Read ./data/spase_hpde_io/info/BAR_2L_L2_SSPC.pkl
2026-02-03T14:52:32.227101Z INFO  hpde_io Reading ./data/spase_hpde_io/info/BAR_2M_L2_EPHM.pkl
2026-02-03T14:52:32.227255Z INFO  hpde_io Read ./data/spase_hpde_io/info/BAR_2M_L2_EPHM.pkl
2026-02-03T14:52:32.227342Z INFO  hpde_io Reading ./data/spase_hpde_io/info/BAR_2M_L2_FSPC.pkl
2026-02-03T14:52:32.227505Z INFO  hpde_io Read ./data/spase_hpde_io/info/BAR_2M_L2_FSPC.pkl
2026-02-03T14:52:32.227541Z INFO  hpde_io Reading ./data/spase_hpde_io/info/BAR_2M_L2_HKPG.pkl
2026-02-03T14:52:32.227728Z INFO  hpde_io Read ./data/spase_hpde_io/info/BAR_2M_L2_HKPG.pkl
2026-02-03T14:52:32.227795Z INFO  hpde_io Reading ./data/spase_hpde_io/info/BAR_2M_L2_MAGN.pkl
2026-02-03T14:52:32.227980Z INFO  hpde_io Read ./data/spase_hpde_io/info/BAR_2M_L2_MAGN.pkl
2026-02-03T14:52:32.228045Z INFO  hpde_io Reading ./data/spase_hpde_io/info/BAR_2M_L2_MSPC.pkl
2026-02-03T14:52:32.228254Z INFO  hpde_io Read ./data/spase_hpde_io/info/BAR_2M_L2_MSPC.pkl
2026-02-03T14:52:32.228304Z INFO  hpde_io Reading ./data/spase_hpde_io/info/BAR_2M_L2_RCNT.pkl
2026-02-03T14:52:32.228452Z INFO  hpde_io Read ./data/spase_hpde_io/info/BAR_2M_L2_RCNT.pkl
2026-02-03T14:52:32.228493Z INFO  hpde_io Reading ./data/spase_hpde_io/info/BAR_2M_L2_SSPC.pkl
2026-02-03T14:52:32.228635Z INFO  hpde_io Read ./data/spase_hpde_io/info/BAR_2M_L2_SSPC.pkl
2026-02-03T14:52:32.228685Z INFO  hpde_io Reading ./data/spase_hpde_io/info/BAR_2N_L2_EPHM.pkl
2026-02-03T14:52:32.228837Z INFO  hpde_io Read ./data/spase_hpde_io/info/BAR_2N_L2_EPHM.pkl
2026-02-03T14:52:32.228898Z INFO  hpde_io Reading ./data/spase_hpde_io/info/BAR_2N_L2_FSPC.pkl
2026-02-03T14:52:32.229066Z INFO  hpde_io Read ./data/spase_hpde_io/info/BAR_2N_L2_FSPC.pkl
2026-02-03T14:52:32.229108Z INFO  hpde_io Reading ./data/spase_hpde_io/info/BAR_2N_L2_HKPG.pkl
2026-02-03T14:52:32.229292Z INFO  hpde_io Read ./data/spase_hpde_io/info/BAR_2N_L2_HKPG.pkl
2026-02-03T14:52:32.229339Z INFO  hpde_io Reading ./data/spase_hpde_io/info/BAR_2N_L2_MAGN.pkl
2026-02-03T14:52:32.229514Z INFO  hpde_io Read ./data/spase_hpde_io/info/BAR_2N_L2_MAGN.pkl
2026-02-03T14:52:32.229565Z INFO  hpde_io Reading ./data/spase_hpde_io/info/BAR_2N_L2_MSPC.pkl
2026-02-03T14:52:32.229773Z INFO  hpde_io Read ./data/spase_hpde_io/info/BAR_2N_L2_MSPC.pkl
2026-02-03T14:52:32.229822Z INFO  hpde_io Reading ./data/spase_hpde_io/info/BAR_2N_L2_RCNT.pkl
2026-02-03T14:52:32.229955Z INFO  hpde_io Read ./data/spase_hpde_io/info/BAR_2N_L2_RCNT.pkl
2026-02-03T14:52:32.229992Z INFO  hpde_io Reading ./data/spase_hpde_io/info/BAR_2N_L2_SSPC.pkl
2026-02-03T14:52:32.230125Z INFO  hpde_io Read ./data/spase_hpde_io/info/BAR_2N_L2_SSPC.pkl
2026-02-03T14:52:32.230163Z INFO  hpde_io Reading ./data/spase_hpde_io/info/BAR_2O_L2_EPHM.pkl
2026-02-03T14:52:32.230302Z INFO  hpde_io Read ./data/spase_hpde_io/info/BAR_2O_L2_EPHM.pkl
2026-02-03T14:52:32.230341Z INFO  hpde_io Reading ./data/spase_hpde_io/info/BAR_2O_L2_FSPC.pkl
2026-02-03T14:52:32.230509Z INFO  hpde_io Read ./data/spase_hpde_io/info/BAR_2O_L2_FSPC.pkl
2026-02-03T14:52:32.230563Z INFO  hpde_io Reading ./data/spase_hpde_io/info/BAR_2O_L2_HKPG.pkl
2026-02-03T14:52:32.230724Z INFO  hpde_io Read ./data/spase_hpde_io/info/BAR_2O_L2_HKPG.pkl
2026-02-03T14:52:32.230756Z INFO  hpde_io Reading ./data/spase_hpde_io/info/BAR_2O_L2_MAGN.pkl
2026-02-03T14:52:32.230914Z INFO  hpde_io Read ./data/spase_hpde_io/info/BAR_2O_L2_MAGN.pkl
2026-02-03T14:52:32.230995Z INFO  hpde_io Reading ./data/spase_hpde_io/info/BAR_2O_L2_MSPC.pkl
2026-02-03T14:52:32.231205Z INFO  hpde_io Read ./data/spase_hpde_io/info/BAR_2O_L2_MSPC.pkl
2026-02-03T14:52:32.231252Z INFO  hpde_io Reading ./data/spase_hpde_io/info/BAR_2O_L2_RCNT.pkl
2026-02-03T14:52:32.231393Z INFO  hpde_io Read ./data/spase_hpde_io/info/BAR_2O_L2_RCNT.pkl
2026-02-03T14:52:32.231441Z INFO  hpde_io Reading ./data/spase_hpde_io/info/BAR_2O_L2_SSPC.pkl
2026-02-03T14:52:32.231592Z INFO  hpde_io Read ./data/spase_hpde_io/info/BAR_2O_L2_SSPC.pkl
2026-02-03T14:52:32.231635Z INFO  hpde_io Reading ./data/spase_hpde_io/info/BAR_2P_L2_EPHM.pkl
2026-02-03T14:52:32.231785Z INFO  hpde_io Read ./data/spase_hpde_io/info/BAR_2P_L2_EPHM.pkl
2026-02-03T14:52:32.231846Z INFO  hpde_io Reading ./data/spase_hpde_io/info/BAR_2P_L2_FSPC.pkl
2026-02-03T14:52:32.232009Z INFO  hpde_io Read ./data/spase_hpde_io/info/BAR_2P_L2_FSPC.pkl
2026-02-03T14:52:32.232054Z INFO  hpde_io Reading ./data/spase_hpde_io/info/BAR_2P_L2_HKPG.pkl
2026-02-03T14:52:32.232247Z INFO  hpde_io Read ./data/spase_hpde_io/info/BAR_2P_L2_HKPG.pkl
2026-02-03T14:52:32.232292Z INFO  hpde_io Reading ./data/spase_hpde_io/info/BAR_2P_L2_MAGN.pkl
2026-02-03T14:52:32.232431Z INFO  hpde_io Read ./data/spase_hpde_io/info/BAR_2P_L2_MAGN.pkl
2026-02-03T14:52:32.232470Z INFO  hpde_io Reading ./data/spase_hpde_io/info/BAR_2P_L2_MSPC.pkl
2026-02-03T14:52:32.232645Z INFO  hpde_io Read ./data/spase_hpde_io/info/BAR_2P_L2_MSPC.pkl
2026-02-03T14:52:32.232683Z INFO  hpde_io Reading ./data/spase_hpde_io/info/BAR_2P_L2_RCNT.pkl
2026-02-03T14:52:32.232832Z INFO  hpde_io Read ./data/spase_hpde_io/info/BAR_2P_L2_RCNT.pkl
2026-02-03T14:52:32.232885Z INFO  hpde_io Reading ./data/spase_hpde_io/info/BAR_2P_L2_SSPC.pkl
2026-02-03T14:52:32.233022Z INFO  hpde_io Read ./data/spase_hpde_io/info/BAR_2P_L2_SSPC.pkl
2026-02-03T14:52:32.233059Z INFO  hpde_io Reading ./data/spase_hpde_io/info/BAR_2Q_L2_EPHM.pkl
2026-02-03T14:52:32.233182Z INFO  hpde_io Read ./data/spase_hpde_io/info/BAR_2Q_L2_EPHM.pkl
2026-02-03T14:52:32.233220Z INFO  hpde_io Reading ./data/spase_hpde_io/info/BAR_2Q_L2_FSPC.pkl
2026-02-03T14:52:32.233371Z INFO  hpde_io Read ./data/spase_hpde_io/info/BAR_2Q_L2_FSPC.pkl
2026-02-03T14:52:32.233411Z INFO  hpde_io Reading ./data/spase_hpde_io/info/BAR_2Q_L2_HKPG.pkl
2026-02-03T14:52:32.233579Z INFO  hpde_io Read ./data/spase_hpde_io/info/BAR_2Q_L2_HKPG.pkl
2026-02-03T14:52:32.233614Z INFO  hpde_io Reading ./data/spase_hpde_io/info/BAR_2Q_L2_MAGN.pkl
2026-02-03T14:52:32.233753Z INFO  hpde_io Read ./data/spase_hpde_io/info/BAR_2Q_L2_MAGN.pkl
2026-02-03T14:52:32.233792Z INFO  hpde_io Reading ./data/spase_hpde_io/info/BAR_2Q_L2_MSPC.pkl
2026-02-03T14:52:32.233984Z INFO  hpde_io Read ./data/spase_hpde_io/info/BAR_2Q_L2_MSPC.pkl
2026-02-03T14:52:32.234041Z INFO  hpde_io Reading ./data/spase_hpde_io/info/BAR_2Q_L2_RCNT.pkl
2026-02-03T14:52:32.234161Z INFO  hpde_io Read ./data/spase_hpde_io/info/BAR_2Q_L2_RCNT.pkl
2026-02-03T14:52:32.234201Z INFO  hpde_io Reading ./data/spase_hpde_io/info/BAR_2Q_L2_SSPC.pkl
2026-02-03T14:52:32.234333Z INFO  hpde_io Read ./data/spase_hpde_io/info/BAR_2Q_L2_SSPC.pkl
2026-02-03T14:52:32.234382Z INFO  hpde_io Reading ./data/spase_hpde_io/info/BAR_2T_L2_EPHM.pkl
2026-02-03T14:52:32.234517Z INFO  hpde_io Read ./data/spase_hpde_io/info/BAR_2T_L2_EPHM.pkl
2026-02-03T14:52:32.234578Z INFO  hpde_io Reading ./data/spase_hpde_io/info/BAR_2T_L2_FSPC.pkl
2026-02-03T14:52:32.234733Z INFO  hpde_io Read ./data/spase_hpde_io/info/BAR_2T_L2_FSPC.pkl
2026-02-03T14:52:32.234773Z INFO  hpde_io Reading ./data/spase_hpde_io/info/BAR_2T_L2_HKPG.pkl
2026-02-03T14:52:32.234960Z INFO  hpde_io Read ./data/spase_hpde_io/info/BAR_2T_L2_HKPG.pkl
2026-02-03T14:52:32.235003Z INFO  hpde_io Reading ./data/spase_hpde_io/info/BAR_2T_L2_MAGN.pkl
2026-02-03T14:52:32.235135Z INFO  hpde_io Read ./data/spase_hpde_io/info/BAR_2T_L2_MAGN.pkl
2026-02-03T14:52:32.235179Z INFO  hpde_io Reading ./data/spase_hpde_io/info/BAR_2T_L2_MSPC.pkl
2026-02-03T14:52:32.235377Z INFO  hpde_io Read ./data/spase_hpde_io/info/BAR_2T_L2_MSPC.pkl
2026-02-03T14:52:32.235429Z INFO  hpde_io Reading ./data/spase_hpde_io/info/BAR_2T_L2_RCNT.pkl
2026-02-03T14:52:32.235560Z INFO  hpde_io Read ./data/spase_hpde_io/info/BAR_2T_L2_RCNT.pkl
2026-02-03T14:52:32.235635Z INFO  hpde_io Reading ./data/spase_hpde_io/info/BAR_2T_L2_SSPC.pkl
2026-02-03T14:52:32.235798Z INFO  hpde_io Read ./data/spase_hpde_io/info/BAR_2T_L2_SSPC.pkl
2026-02-03T14:52:32.235857Z INFO  hpde_io Reading ./data/spase_hpde_io/info/BAR_2W_L2_EPHM.pkl
2026-02-03T14:52:32.236036Z INFO  hpde_io Read ./data/spase_hpde_io/info/BAR_2W_L2_EPHM.pkl
2026-02-03T14:52:32.236103Z INFO  hpde_io Reading ./data/spase_hpde_io/info/BAR_2W_L2_FSPC.pkl
2026-02-03T14:52:32.236252Z INFO  hpde_io Read ./data/spase_hpde_io/info/BAR_2W_L2_FSPC.pkl
2026-02-03T14:52:32.236302Z INFO  hpde_io Reading ./data/spase_hpde_io/info/BAR_2W_L2_HKPG.pkl
2026-02-03T14:52:32.236490Z INFO  hpde_io Read ./data/spase_hpde_io/info/BAR_2W_L2_HKPG.pkl
2026-02-03T14:52:32.236549Z INFO  hpde_io Reading ./data/spase_hpde_io/info/BAR_2W_L2_MAGN.pkl
2026-02-03T14:52:32.236669Z INFO  hpde_io Read ./data/spase_hpde_io/info/BAR_2W_L2_MAGN.pkl
2026-02-03T14:52:32.236708Z INFO  hpde_io Reading ./data/spase_hpde_io/info/BAR_2W_L2_MSPC.pkl
2026-02-03T14:52:32.237459Z INFO  hpde_io Read ./data/spase_hpde_io/info/BAR_2W_L2_MSPC.pkl
2026-02-03T14:52:32.237566Z INFO  hpde_io Reading ./data/spase_hpde_io/info/BAR_2W_L2_RCNT.pkl
2026-02-03T14:52:32.237733Z INFO  hpde_io Read ./data/spase_hpde_io/info/BAR_2W_L2_RCNT.pkl
2026-02-03T14:52:32.237772Z INFO  hpde_io Reading ./data/spase_hpde_io/info/BAR_2W_L2_SSPC.pkl
2026-02-03T14:52:32.237908Z INFO  hpde_io Read ./data/spase_hpde_io/info/BAR_2W_L2_SSPC.pkl
2026-02-03T14:52:32.237950Z INFO  hpde_io Reading ./data/spase_hpde_io/info/BAR_2X_L2_EPHM.pkl
2026-02-03T14:52:32.238117Z INFO  hpde_io Read ./data/spase_hpde_io/info/BAR_2X_L2_EPHM.pkl
2026-02-03T14:52:32.238169Z INFO  hpde_io Reading ./data/spase_hpde_io/info/BAR_2X_L2_FSPC.pkl
2026-02-03T14:52:32.238396Z INFO  hpde_io Read ./data/spase_hpde_io/info/BAR_2X_L2_FSPC.pkl
2026-02-03T14:52:32.238438Z INFO  hpde_io Reading ./data/spase_hpde_io/info/BAR_2X_L2_HKPG.pkl
2026-02-03T14:52:32.238610Z INFO  hpde_io Read ./data/spase_hpde_io/info/BAR_2X_L2_HKPG.pkl
2026-02-03T14:52:32.238663Z INFO  hpde_io Reading ./data/spase_hpde_io/info/BAR_2X_L2_MAGN.pkl
2026-02-03T14:52:32.238780Z INFO  hpde_io Read ./data/spase_hpde_io/info/BAR_2X_L2_MAGN.pkl
2026-02-03T14:52:32.238821Z INFO  hpde_io Reading ./data/spase_hpde_io/info/BAR_2X_L2_MSPC.pkl
2026-02-03T14:52:32.238999Z INFO  hpde_io Read ./data/spase_hpde_io/info/BAR_2X_L2_MSPC.pkl
2026-02-03T14:52:32.239039Z INFO  hpde_io Reading ./data/spase_hpde_io/info/BAR_2X_L2_RCNT.pkl
2026-02-03T14:52:32.239164Z INFO  hpde_io Read ./data/spase_hpde_io/info/BAR_2X_L2_RCNT.pkl
2026-02-03T14:52:32.239225Z INFO  hpde_io Reading ./data/spase_hpde_io/info/BAR_2X_L2_SSPC.pkl
2026-02-03T14:52:32.239377Z INFO  hpde_io Read ./data/spase_hpde_io/info/BAR_2X_L2_SSPC.pkl
2026-02-03T14:52:32.239448Z INFO  hpde_io Reading ./data/spase_hpde_io/info/BAR_2Y_L2_EPHM.pkl
2026-02-03T14:52:32.239606Z INFO  hpde_io Read ./data/spase_hpde_io/info/BAR_2Y_L2_EPHM.pkl
2026-02-03T14:52:32.239659Z INFO  hpde_io Reading ./data/spase_hpde_io/info/BAR_2Y_L2_FSPC.pkl
2026-02-03T14:52:32.239806Z INFO  hpde_io Read ./data/spase_hpde_io/info/BAR_2Y_L2_FSPC.pkl
2026-02-03T14:52:32.239845Z INFO  hpde_io Reading ./data/spase_hpde_io/info/BAR_2Y_L2_HKPG.pkl
2026-02-03T14:52:32.240016Z INFO  hpde_io Read ./data/spase_hpde_io/info/BAR_2Y_L2_HKPG.pkl
2026-02-03T14:52:32.240052Z INFO  hpde_io Reading ./data/spase_hpde_io/info/BAR_2Y_L2_MAGN.pkl
2026-02-03T14:52:32.240166Z INFO  hpde_io Read ./data/spase_hpde_io/info/BAR_2Y_L2_MAGN.pkl
2026-02-03T14:52:32.240202Z INFO  hpde_io Reading ./data/spase_hpde_io/info/BAR_2Y_L2_MSPC.pkl
2026-02-03T14:52:32.240382Z INFO  hpde_io Read ./data/spase_hpde_io/info/BAR_2Y_L2_MSPC.pkl
2026-02-03T14:52:32.240421Z INFO  hpde_io Reading ./data/spase_hpde_io/info/BAR_2Y_L2_RCNT.pkl
2026-02-03T14:52:32.240541Z INFO  hpde_io Read ./data/spase_hpde_io/info/BAR_2Y_L2_RCNT.pkl
2026-02-03T14:52:32.240577Z INFO  hpde_io Reading ./data/spase_hpde_io/info/BAR_2Y_L2_SSPC.pkl
2026-02-03T14:52:32.240714Z INFO  hpde_io Read ./data/spase_hpde_io/info/BAR_2Y_L2_SSPC.pkl
2026-02-03T14:52:32.240757Z INFO  hpde_io Reading ./data/spase_hpde_io/info/BAR_3A_L2_EPHM.pkl
2026-02-03T14:52:32.240893Z INFO  hpde_io Read ./data/spase_hpde_io/info/BAR_3A_L2_EPHM.pkl
2026-02-03T14:52:32.240943Z INFO  hpde_io Reading ./data/spase_hpde_io/info/BAR_3A_L2_FSPC.pkl
2026-02-03T14:52:32.241090Z INFO  hpde_io Read ./data/spase_hpde_io/info/BAR_3A_L2_FSPC.pkl
2026-02-03T14:52:32.241129Z INFO  hpde_io Reading ./data/spase_hpde_io/info/BAR_3A_L2_HKPG.pkl
2026-02-03T14:52:32.241316Z INFO  hpde_io Read ./data/spase_hpde_io/info/BAR_3A_L2_HKPG.pkl
2026-02-03T14:52:32.241367Z INFO  hpde_io Reading ./data/spase_hpde_io/info/BAR_3A_L2_MAGN.pkl
2026-02-03T14:52:32.241497Z INFO  hpde_io Read ./data/spase_hpde_io/info/BAR_3A_L2_MAGN.pkl
2026-02-03T14:52:32.241548Z INFO  hpde_io Reading ./data/spase_hpde_io/info/BAR_3A_L2_MSPC.pkl
2026-02-03T14:52:32.241732Z INFO  hpde_io Read ./data/spase_hpde_io/info/BAR_3A_L2_MSPC.pkl
2026-02-03T14:52:32.241770Z INFO  hpde_io Reading ./data/spase_hpde_io/info/BAR_3A_L2_RCNT.pkl
2026-02-03T14:52:32.241903Z INFO  hpde_io Read ./data/spase_hpde_io/info/BAR_3A_L2_RCNT.pkl
2026-02-03T14:52:32.241938Z INFO  hpde_io Reading ./data/spase_hpde_io/info/BAR_3A_L2_SSPC.pkl
2026-02-03T14:52:32.242059Z INFO  hpde_io Read ./data/spase_hpde_io/info/BAR_3A_L2_SSPC.pkl
2026-02-03T14:52:32.242094Z INFO  hpde_io Reading ./data/spase_hpde_io/info/BAR_3B_L2_EPHM.pkl
2026-02-03T14:52:32.242222Z INFO  hpde_io Read ./data/spase_hpde_io/info/BAR_3B_L2_EPHM.pkl
2026-02-03T14:52:32.242291Z INFO  hpde_io Reading ./data/spase_hpde_io/info/BAR_3B_L2_FSPC.pkl
2026-02-03T14:52:32.242453Z INFO  hpde_io Read ./data/spase_hpde_io/info/BAR_3B_L2_FSPC.pkl
2026-02-03T14:52:32.242509Z INFO  hpde_io Reading ./data/spase_hpde_io/info/BAR_3B_L2_HKPG.pkl
2026-02-03T14:52:32.242687Z INFO  hpde_io Read ./data/spase_hpde_io/info/BAR_3B_L2_HKPG.pkl
2026-02-03T14:52:32.242727Z INFO  hpde_io Reading ./data/spase_hpde_io/info/BAR_3B_L2_MAGN.pkl
2026-02-03T14:52:32.242874Z INFO  hpde_io Read ./data/spase_hpde_io/info/BAR_3B_L2_MAGN.pkl
2026-02-03T14:52:32.242926Z INFO  hpde_io Reading ./data/spase_hpde_io/info/BAR_3B_L2_MSPC.pkl
2026-02-03T14:52:32.243167Z INFO  hpde_io Read ./data/spase_hpde_io/info/BAR_3B_L2_MSPC.pkl
2026-02-03T14:52:32.243210Z INFO  hpde_io Reading ./data/spase_hpde_io/info/BAR_3B_L2_RCNT.pkl
2026-02-03T14:52:32.243352Z INFO  hpde_io Read ./data/spase_hpde_io/info/BAR_3B_L2_RCNT.pkl
2026-02-03T14:52:32.243411Z INFO  hpde_io Reading ./data/spase_hpde_io/info/BAR_3B_L2_SSPC.pkl
2026-02-03T14:52:32.243542Z INFO  hpde_io Read ./data/spase_hpde_io/info/BAR_3B_L2_SSPC.pkl
2026-02-03T14:52:32.243588Z INFO  hpde_io Reading ./data/spase_hpde_io/info/BAR_3C_L2_EPHM.pkl
2026-02-03T14:52:32.243738Z INFO  hpde_io Read ./data/spase_hpde_io/info/BAR_3C_L2_EPHM.pkl
2026-02-03T14:52:32.243813Z INFO  hpde_io Reading ./data/spase_hpde_io/info/BAR_3C_L2_FSPC.pkl
2026-02-03T14:52:32.243979Z INFO  hpde_io Read ./data/spase_hpde_io/info/BAR_3C_L2_FSPC.pkl
2026-02-03T14:52:32.244045Z INFO  hpde_io Reading ./data/spase_hpde_io/info/BAR_3C_L2_HKPG.pkl
2026-02-03T14:52:32.244244Z INFO  hpde_io Read ./data/spase_hpde_io/info/BAR_3C_L2_HKPG.pkl
2026-02-03T14:52:32.244288Z INFO  hpde_io Reading ./data/spase_hpde_io/info/BAR_3C_L2_MAGN.pkl
2026-02-03T14:52:32.244463Z INFO  hpde_io Read ./data/spase_hpde_io/info/BAR_3C_L2_MAGN.pkl
2026-02-03T14:52:32.244531Z INFO  hpde_io Reading ./data/spase_hpde_io/info/BAR_3C_L2_MSPC.pkl
2026-02-03T14:52:32.244749Z INFO  hpde_io Read ./data/spase_hpde_io/info/BAR_3C_L2_MSPC.pkl
2026-02-03T14:52:32.244831Z INFO  hpde_io Reading ./data/spase_hpde_io/info/BAR_3C_L2_RCNT.pkl
2026-02-03T14:52:32.245013Z INFO  hpde_io Read ./data/spase_hpde_io/info/BAR_3C_L2_RCNT.pkl
2026-02-03T14:52:32.245082Z INFO  hpde_io Reading ./data/spase_hpde_io/info/BAR_3C_L2_SSPC.pkl
2026-02-03T14:52:32.245243Z INFO  hpde_io Read ./data/spase_hpde_io/info/BAR_3C_L2_SSPC.pkl
2026-02-03T14:52:32.245305Z INFO  hpde_io Reading ./data/spase_hpde_io/info/BAR_3D_L2_EPHM.pkl
2026-02-03T14:52:32.245460Z INFO  hpde_io Read ./data/spase_hpde_io/info/BAR_3D_L2_EPHM.pkl
2026-02-03T14:52:32.245535Z INFO  hpde_io Reading ./data/spase_hpde_io/info/BAR_3D_L2_FSPC.pkl
2026-02-03T14:52:32.245715Z INFO  hpde_io Read ./data/spase_hpde_io/info/BAR_3D_L2_FSPC.pkl
2026-02-03T14:52:32.245784Z INFO  hpde_io Reading ./data/spase_hpde_io/info/BAR_3D_L2_HKPG.pkl
2026-02-03T14:52:32.245987Z INFO  hpde_io Read ./data/spase_hpde_io/info/BAR_3D_L2_HKPG.pkl
2026-02-03T14:52:32.246039Z INFO  hpde_io Reading ./data/spase_hpde_io/info/BAR_3D_L2_MAGN.pkl
2026-02-03T14:52:32.246176Z INFO  hpde_io Read ./data/spase_hpde_io/info/BAR_3D_L2_MAGN.pkl
2026-02-03T14:52:32.246233Z INFO  hpde_io Reading ./data/spase_hpde_io/info/BAR_3D_L2_MSPC.pkl
2026-02-03T14:52:32.246405Z INFO  hpde_io Read ./data/spase_hpde_io/info/BAR_3D_L2_MSPC.pkl
2026-02-03T14:52:32.246478Z INFO  hpde_io Reading ./data/spase_hpde_io/info/BAR_3D_L2_RCNT.pkl
2026-02-03T14:52:32.246637Z INFO  hpde_io Read ./data/spase_hpde_io/info/BAR_3D_L2_RCNT.pkl
2026-02-03T14:52:32.246704Z INFO  hpde_io Reading ./data/spase_hpde_io/info/BAR_3D_L2_SSPC.pkl
2026-02-03T14:52:32.246861Z INFO  hpde_io Read ./data/spase_hpde_io/info/BAR_3D_L2_SSPC.pkl
2026-02-03T14:52:32.246909Z INFO  hpde_io Reading ./data/spase_hpde_io/info/BAR_3E_L2_EPHM.pkl
2026-02-03T14:52:32.247061Z INFO  hpde_io Read ./data/spase_hpde_io/info/BAR_3E_L2_EPHM.pkl
2026-02-03T14:52:32.247128Z INFO  hpde_io Reading ./data/spase_hpde_io/info/BAR_3E_L2_FSPC.pkl
2026-02-03T14:52:32.247308Z INFO  hpde_io Read ./data/spase_hpde_io/info/BAR_3E_L2_FSPC.pkl
2026-02-03T14:52:32.247369Z INFO  hpde_io Reading ./data/spase_hpde_io/info/BAR_3E_L2_HKPG.pkl
2026-02-03T14:52:32.247558Z INFO  hpde_io Read ./data/spase_hpde_io/info/BAR_3E_L2_HKPG.pkl
2026-02-03T14:52:32.247600Z INFO  hpde_io Reading ./data/spase_hpde_io/info/BAR_3E_L2_MAGN.pkl
2026-02-03T14:52:32.247749Z INFO  hpde_io Read ./data/spase_hpde_io/info/BAR_3E_L2_MAGN.pkl
2026-02-03T14:52:32.247789Z INFO  hpde_io Reading ./data/spase_hpde_io/info/BAR_3E_L2_MSPC.pkl
2026-02-03T14:52:32.247968Z INFO  hpde_io Read ./data/spase_hpde_io/info/BAR_3E_L2_MSPC.pkl
2026-02-03T14:52:32.248009Z INFO  hpde_io Reading ./data/spase_hpde_io/info/BAR_3E_L2_RCNT.pkl
2026-02-03T14:52:32.248141Z INFO  hpde_io Read ./data/spase_hpde_io/info/BAR_3E_L2_RCNT.pkl
2026-02-03T14:52:32.248198Z INFO  hpde_io Reading ./data/spase_hpde_io/info/BAR_3E_L2_SSPC.pkl
2026-02-03T14:52:32.248353Z INFO  hpde_io Read ./data/spase_hpde_io/info/BAR_3E_L2_SSPC.pkl
2026-02-03T14:52:32.248407Z INFO  hpde_io Reading ./data/spase_hpde_io/info/BAR_3F_L2_EPHM.pkl
2026-02-03T14:52:32.248559Z INFO  hpde_io Read ./data/spase_hpde_io/info/BAR_3F_L2_EPHM.pkl
2026-02-03T14:52:32.248598Z INFO  hpde_io Reading ./data/spase_hpde_io/info/BAR_3F_L2_FSPC.pkl
2026-02-03T14:52:32.248754Z INFO  hpde_io Read ./data/spase_hpde_io/info/BAR_3F_L2_FSPC.pkl
2026-02-03T14:52:32.248816Z INFO  hpde_io Reading ./data/spase_hpde_io/info/BAR_3F_L2_HKPG.pkl
2026-02-03T14:52:32.248991Z INFO  hpde_io Read ./data/spase_hpde_io/info/BAR_3F_L2_HKPG.pkl
2026-02-03T14:52:32.249038Z INFO  hpde_io Reading ./data/spase_hpde_io/info/BAR_3F_L2_MAGN.pkl
2026-02-03T14:52:32.249166Z INFO  hpde_io Read ./data/spase_hpde_io/info/BAR_3F_L2_MAGN.pkl
2026-02-03T14:52:32.249218Z INFO  hpde_io Reading ./data/spase_hpde_io/info/BAR_3F_L2_MSPC.pkl
2026-02-03T14:52:32.249430Z INFO  hpde_io Read ./data/spase_hpde_io/info/BAR_3F_L2_MSPC.pkl
2026-02-03T14:52:32.249489Z INFO  hpde_io Reading ./data/spase_hpde_io/info/BAR_3F_L2_RCNT.pkl
2026-02-03T14:52:32.249633Z INFO  hpde_io Read ./data/spase_hpde_io/info/BAR_3F_L2_RCNT.pkl
2026-02-03T14:52:32.249720Z INFO  hpde_io Reading ./data/spase_hpde_io/info/BAR_3F_L2_SSPC.pkl
2026-02-03T14:52:32.249896Z INFO  hpde_io Read ./data/spase_hpde_io/info/BAR_3F_L2_SSPC.pkl
2026-02-03T14:52:32.249964Z INFO  hpde_io Reading ./data/spase_hpde_io/info/BAR_3G_L2_EPHM.pkl
2026-02-03T14:52:32.250139Z INFO  hpde_io Read ./data/spase_hpde_io/info/BAR_3G_L2_EPHM.pkl
2026-02-03T14:52:32.250193Z INFO  hpde_io Reading ./data/spase_hpde_io/info/BAR_3G_L2_FSPC.pkl
2026-02-03T14:52:32.250360Z INFO  hpde_io Read ./data/spase_hpde_io/info/BAR_3G_L2_FSPC.pkl
2026-02-03T14:52:32.250411Z INFO  hpde_io Reading ./data/spase_hpde_io/info/BAR_3G_L2_HKPG.pkl
2026-02-03T14:52:32.250583Z INFO  hpde_io Read ./data/spase_hpde_io/info/BAR_3G_L2_HKPG.pkl
2026-02-03T14:52:32.250624Z INFO  hpde_io Reading ./data/spase_hpde_io/info/BAR_3G_L2_MAGN.pkl
2026-02-03T14:52:32.250754Z INFO  hpde_io Read ./data/spase_hpde_io/info/BAR_3G_L2_MAGN.pkl
2026-02-03T14:52:32.250796Z INFO  hpde_io Reading ./data/spase_hpde_io/info/BAR_3G_L2_MSPC.pkl
2026-02-03T14:52:32.250982Z INFO  hpde_io Read ./data/spase_hpde_io/info/BAR_3G_L2_MSPC.pkl
2026-02-03T14:52:32.251027Z INFO  hpde_io Reading ./data/spase_hpde_io/info/BAR_3G_L2_RCNT.pkl
2026-02-03T14:52:32.251167Z INFO  hpde_io Read ./data/spase_hpde_io/info/BAR_3G_L2_RCNT.pkl
2026-02-03T14:52:32.251212Z INFO  hpde_io Reading ./data/spase_hpde_io/info/BAR_3G_L2_SSPC.pkl
2026-02-03T14:52:32.251350Z INFO  hpde_io Read ./data/spase_hpde_io/info/BAR_3G_L2_SSPC.pkl
2026-02-03T14:52:32.251395Z INFO  hpde_io Reading ./data/spase_hpde_io/info/BAR_4A_L2_EPHM.pkl
2026-02-03T14:52:32.251550Z INFO  hpde_io Read ./data/spase_hpde_io/info/BAR_4A_L2_EPHM.pkl
2026-02-03T14:52:32.251591Z INFO  hpde_io Reading ./data/spase_hpde_io/info/BAR_4A_L2_FSPC.pkl
2026-02-03T14:52:32.251737Z INFO  hpde_io Read ./data/spase_hpde_io/info/BAR_4A_L2_FSPC.pkl
2026-02-03T14:52:32.251777Z INFO  hpde_io Reading ./data/spase_hpde_io/info/BAR_4A_L2_HKPG.pkl
2026-02-03T14:52:32.251973Z INFO  hpde_io Read ./data/spase_hpde_io/info/BAR_4A_L2_HKPG.pkl
2026-02-03T14:52:32.252024Z INFO  hpde_io Reading ./data/spase_hpde_io/info/BAR_4A_L2_MSPC.pkl
2026-02-03T14:52:32.252193Z INFO  hpde_io Read ./data/spase_hpde_io/info/BAR_4A_L2_MSPC.pkl
2026-02-03T14:52:32.252238Z INFO  hpde_io Reading ./data/spase_hpde_io/info/BAR_4A_L2_RCNT.pkl
2026-02-03T14:52:32.252371Z INFO  hpde_io Read ./data/spase_hpde_io/info/BAR_4A_L2_RCNT.pkl
2026-02-03T14:52:32.252415Z INFO  hpde_io Reading ./data/spase_hpde_io/info/BAR_4A_L2_SSPC.pkl
2026-02-03T14:52:32.252545Z INFO  hpde_io Read ./data/spase_hpde_io/info/BAR_4A_L2_SSPC.pkl
2026-02-03T14:52:32.252597Z INFO  hpde_io Reading ./data/spase_hpde_io/info/BAR_4A_L2_USPC.pkl
2026-02-03T14:52:32.252741Z INFO  hpde_io Read ./data/spase_hpde_io/info/BAR_4A_L2_USPC.pkl
2026-02-03T14:52:32.252795Z INFO  hpde_io Reading ./data/spase_hpde_io/info/BAR_4A_L2_XSPC.pkl
2026-02-03T14:52:32.252943Z INFO  hpde_io Read ./data/spase_hpde_io/info/BAR_4A_L2_XSPC.pkl
2026-02-03T14:52:32.252983Z INFO  hpde_io Reading ./data/spase_hpde_io/info/BAR_4B_L2_EPHM.pkl
2026-02-03T14:52:32.253116Z INFO  hpde_io Read ./data/spase_hpde_io/info/BAR_4B_L2_EPHM.pkl
2026-02-03T14:52:32.253162Z INFO  hpde_io Reading ./data/spase_hpde_io/info/BAR_4B_L2_FSPC.pkl
2026-02-03T14:52:32.253303Z INFO  hpde_io Read ./data/spase_hpde_io/info/BAR_4B_L2_FSPC.pkl
2026-02-03T14:52:32.253354Z INFO  hpde_io Reading ./data/spase_hpde_io/info/BAR_4B_L2_HKPG.pkl
2026-02-03T14:52:32.253572Z INFO  hpde_io Read ./data/spase_hpde_io/info/BAR_4B_L2_HKPG.pkl
2026-02-03T14:52:32.253632Z INFO  hpde_io Reading ./data/spase_hpde_io/info/BAR_4B_L2_MSPC.pkl
2026-02-03T14:52:32.253844Z INFO  hpde_io Read ./data/spase_hpde_io/info/BAR_4B_L2_MSPC.pkl
2026-02-03T14:52:32.253892Z INFO  hpde_io Reading ./data/spase_hpde_io/info/BAR_4B_L2_RCNT.pkl
2026-02-03T14:52:32.254082Z INFO  hpde_io Read ./data/spase_hpde_io/info/BAR_4B_L2_RCNT.pkl
2026-02-03T14:52:32.254130Z INFO  hpde_io Reading ./data/spase_hpde_io/info/BAR_4B_L2_SSPC.pkl
2026-02-03T14:52:32.254326Z INFO  hpde_io Read ./data/spase_hpde_io/info/BAR_4B_L2_SSPC.pkl
2026-02-03T14:52:32.254382Z INFO  hpde_io Reading ./data/spase_hpde_io/info/BAR_4B_L2_USPC.pkl
2026-02-03T14:52:32.254541Z INFO  hpde_io Read ./data/spase_hpde_io/info/BAR_4B_L2_USPC.pkl
2026-02-03T14:52:32.254594Z INFO  hpde_io Reading ./data/spase_hpde_io/info/BAR_4B_L2_XSPC.pkl
2026-02-03T14:52:32.254814Z INFO  hpde_io Read ./data/spase_hpde_io/info/BAR_4B_L2_XSPC.pkl
2026-02-03T14:52:32.254906Z INFO  hpde_io Reading ./data/spase_hpde_io/info/BAR_4C_L2_EPHM.pkl
2026-02-03T14:52:32.255079Z INFO  hpde_io Read ./data/spase_hpde_io/info/BAR_4C_L2_EPHM.pkl
2026-02-03T14:52:32.255142Z INFO  hpde_io Reading ./data/spase_hpde_io/info/BAR_4C_L2_FSPC.pkl
2026-02-03T14:52:32.255354Z INFO  hpde_io Read ./data/spase_hpde_io/info/BAR_4C_L2_FSPC.pkl
2026-02-03T14:52:32.255439Z INFO  hpde_io Reading ./data/spase_hpde_io/info/BAR_4C_L2_HKPG.pkl
2026-02-03T14:52:32.255644Z INFO  hpde_io Read ./data/spase_hpde_io/info/BAR_4C_L2_HKPG.pkl
2026-02-03T14:52:32.255711Z INFO  hpde_io Reading ./data/spase_hpde_io/info/BAR_4C_L2_MSPC.pkl
2026-02-03T14:52:32.256377Z INFO  hpde_io Read ./data/spase_hpde_io/info/BAR_4C_L2_MSPC.pkl
2026-02-03T14:52:32.256432Z INFO  hpde_io Reading ./data/spase_hpde_io/info/BAR_4C_L2_RCNT.pkl
2026-02-03T14:52:32.256599Z INFO  hpde_io Read ./data/spase_hpde_io/info/BAR_4C_L2_RCNT.pkl
2026-02-03T14:52:32.256639Z INFO  hpde_io Reading ./data/spase_hpde_io/info/BAR_4C_L2_SSPC.pkl
2026-02-03T14:52:32.256790Z INFO  hpde_io Read ./data/spase_hpde_io/info/BAR_4C_L2_SSPC.pkl
2026-02-03T14:52:32.256837Z INFO  hpde_io Reading ./data/spase_hpde_io/info/BAR_4C_L2_USPC.pkl
2026-02-03T14:52:32.256982Z INFO  hpde_io Read ./data/spase_hpde_io/info/BAR_4C_L2_USPC.pkl
2026-02-03T14:52:32.257023Z INFO  hpde_io Reading ./data/spase_hpde_io/info/BAR_4C_L2_XSPC.pkl
2026-02-03T14:52:32.257164Z INFO  hpde_io Read ./data/spase_hpde_io/info/BAR_4C_L2_XSPC.pkl
2026-02-03T14:52:32.257206Z INFO  hpde_io Reading ./data/spase_hpde_io/info/BAR_4D_L2_EPHM.pkl
2026-02-03T14:52:32.257332Z INFO  hpde_io Read ./data/spase_hpde_io/info/BAR_4D_L2_EPHM.pkl
2026-02-03T14:52:32.257369Z INFO  hpde_io Reading ./data/spase_hpde_io/info/BAR_4D_L2_FSPC.pkl
2026-02-03T14:52:32.257507Z INFO  hpde_io Read ./data/spase_hpde_io/info/BAR_4D_L2_FSPC.pkl
2026-02-03T14:52:32.257553Z INFO  hpde_io Reading ./data/spase_hpde_io/info/BAR_4D_L2_HKPG.pkl
2026-02-03T14:52:32.257748Z INFO  hpde_io Read ./data/spase_hpde_io/info/BAR_4D_L2_HKPG.pkl
2026-02-03T14:52:32.257792Z INFO  hpde_io Reading ./data/spase_hpde_io/info/BAR_4D_L2_MSPC.pkl
2026-02-03T14:52:32.257989Z INFO  hpde_io Read ./data/spase_hpde_io/info/BAR_4D_L2_MSPC.pkl
2026-02-03T14:52:32.258031Z INFO  hpde_io Reading ./data/spase_hpde_io/info/BAR_4D_L2_RCNT.pkl
2026-02-03T14:52:32.258184Z INFO  hpde_io Read ./data/spase_hpde_io/info/BAR_4D_L2_RCNT.pkl
2026-02-03T14:52:32.258225Z INFO  hpde_io Reading ./data/spase_hpde_io/info/BAR_4D_L2_SSPC.pkl
2026-02-03T14:52:32.258357Z INFO  hpde_io Read ./data/spase_hpde_io/info/BAR_4D_L2_SSPC.pkl
2026-02-03T14:52:32.258398Z INFO  hpde_io Reading ./data/spase_hpde_io/info/BAR_4D_L2_USPC.pkl
2026-02-03T14:52:32.258527Z INFO  hpde_io Read ./data/spase_hpde_io/info/BAR_4D_L2_USPC.pkl
2026-02-03T14:52:32.258564Z INFO  hpde_io Reading ./data/spase_hpde_io/info/BAR_4D_L2_XSPC.pkl
2026-02-03T14:52:32.258702Z INFO  hpde_io Read ./data/spase_hpde_io/info/BAR_4D_L2_XSPC.pkl
2026-02-03T14:52:32.258740Z INFO  hpde_io Reading ./data/spase_hpde_io/info/BAR_4E_L2_EPHM.pkl
2026-02-03T14:52:32.258872Z INFO  hpde_io Read ./data/spase_hpde_io/info/BAR_4E_L2_EPHM.pkl
2026-02-03T14:52:32.258912Z INFO  hpde_io Reading ./data/spase_hpde_io/info/BAR_4E_L2_FSPC.pkl
2026-02-03T14:52:32.259054Z INFO  hpde_io Read ./data/spase_hpde_io/info/BAR_4E_L2_FSPC.pkl
2026-02-03T14:52:32.259092Z INFO  hpde_io Reading ./data/spase_hpde_io/info/BAR_4E_L2_HKPG.pkl
2026-02-03T14:52:32.259283Z INFO  hpde_io Read ./data/spase_hpde_io/info/BAR_4E_L2_HKPG.pkl
2026-02-03T14:52:32.259322Z INFO  hpde_io Reading ./data/spase_hpde_io/info/BAR_4E_L2_MSPC.pkl
2026-02-03T14:52:32.259516Z INFO  hpde_io Read ./data/spase_hpde_io/info/BAR_4E_L2_MSPC.pkl
2026-02-03T14:52:32.259553Z INFO  hpde_io Reading ./data/spase_hpde_io/info/BAR_4E_L2_RCNT.pkl
2026-02-03T14:52:32.259678Z INFO  hpde_io Read ./data/spase_hpde_io/info/BAR_4E_L2_RCNT.pkl
2026-02-03T14:52:32.259716Z INFO  hpde_io Reading ./data/spase_hpde_io/info/BAR_4E_L2_SSPC.pkl
2026-02-03T14:52:32.259877Z INFO  hpde_io Read ./data/spase_hpde_io/info/BAR_4E_L2_SSPC.pkl
2026-02-03T14:52:32.259926Z INFO  hpde_io Reading ./data/spase_hpde_io/info/BAR_4E_L2_USPC.pkl
2026-02-03T14:52:32.260063Z INFO  hpde_io Read ./data/spase_hpde_io/info/BAR_4E_L2_USPC.pkl
2026-02-03T14:52:32.260105Z INFO  hpde_io Reading ./data/spase_hpde_io/info/BAR_4E_L2_XSPC.pkl
2026-02-03T14:52:32.260258Z INFO  hpde_io Read ./data/spase_hpde_io/info/BAR_4E_L2_XSPC.pkl
2026-02-03T14:52:32.260299Z INFO  hpde_io Reading ./data/spase_hpde_io/info/BAR_4F_L2_EPHM.pkl
2026-02-03T14:52:32.260442Z INFO  hpde_io Read ./data/spase_hpde_io/info/BAR_4F_L2_EPHM.pkl
2026-02-03T14:52:32.260482Z INFO  hpde_io Reading ./data/spase_hpde_io/info/BAR_4F_L2_FSPC.pkl
2026-02-03T14:52:32.260631Z INFO  hpde_io Read ./data/spase_hpde_io/info/BAR_4F_L2_FSPC.pkl
2026-02-03T14:52:32.260674Z INFO  hpde_io Reading ./data/spase_hpde_io/info/BAR_4F_L2_HKPG.pkl
2026-02-03T14:52:32.260845Z INFO  hpde_io Read ./data/spase_hpde_io/info/BAR_4F_L2_HKPG.pkl
2026-02-03T14:52:32.260886Z INFO  hpde_io Reading ./data/spase_hpde_io/info/BAR_4F_L2_MSPC.pkl
2026-02-03T14:52:32.261071Z INFO  hpde_io Read ./data/spase_hpde_io/info/BAR_4F_L2_MSPC.pkl
2026-02-03T14:52:32.261117Z INFO  hpde_io Reading ./data/spase_hpde_io/info/BAR_4F_L2_RCNT.pkl
2026-02-03T14:52:32.261257Z INFO  hpde_io Read ./data/spase_hpde_io/info/BAR_4F_L2_RCNT.pkl
2026-02-03T14:52:32.261299Z INFO  hpde_io Reading ./data/spase_hpde_io/info/BAR_4F_L2_SSPC.pkl
2026-02-03T14:52:32.261429Z INFO  hpde_io Read ./data/spase_hpde_io/info/BAR_4F_L2_SSPC.pkl
2026-02-03T14:52:32.261466Z INFO  hpde_io Reading ./data/spase_hpde_io/info/BAR_4F_L2_USPC.pkl
2026-02-03T14:52:32.261606Z INFO  hpde_io Read ./data/spase_hpde_io/info/BAR_4F_L2_USPC.pkl
2026-02-03T14:52:32.261650Z INFO  hpde_io Reading ./data/spase_hpde_io/info/BAR_4F_L2_XSPC.pkl
2026-02-03T14:52:32.261794Z INFO  hpde_io Read ./data/spase_hpde_io/info/BAR_4F_L2_XSPC.pkl
2026-02-03T14:52:32.261831Z INFO  hpde_io Reading ./data/spase_hpde_io/info/BAR_4G_L2_EPHM.pkl
2026-02-03T14:52:32.261962Z INFO  hpde_io Read ./data/spase_hpde_io/info/BAR_4G_L2_EPHM.pkl
2026-02-03T14:52:32.262000Z INFO  hpde_io Reading ./data/spase_hpde_io/info/BAR_4G_L2_FSPC.pkl
2026-02-03T14:52:32.262139Z INFO  hpde_io Read ./data/spase_hpde_io/info/BAR_4G_L2_FSPC.pkl
2026-02-03T14:52:32.262176Z INFO  hpde_io Reading ./data/spase_hpde_io/info/BAR_4G_L2_HKPG.pkl
2026-02-03T14:52:32.262341Z INFO  hpde_io Read ./data/spase_hpde_io/info/BAR_4G_L2_HKPG.pkl
2026-02-03T14:52:32.262381Z INFO  hpde_io Reading ./data/spase_hpde_io/info/BAR_4G_L2_MSPC.pkl
2026-02-03T14:52:32.262560Z INFO  hpde_io Read ./data/spase_hpde_io/info/BAR_4G_L2_MSPC.pkl
2026-02-03T14:52:32.262598Z INFO  hpde_io Reading ./data/spase_hpde_io/info/BAR_4G_L2_RCNT.pkl
2026-02-03T14:52:32.262734Z INFO  hpde_io Read ./data/spase_hpde_io/info/BAR_4G_L2_RCNT.pkl
2026-02-03T14:52:32.262771Z INFO  hpde_io Reading ./data/spase_hpde_io/info/BAR_4G_L2_SSPC.pkl
2026-02-03T14:52:32.262896Z INFO  hpde_io Read ./data/spase_hpde_io/info/BAR_4G_L2_SSPC.pkl
2026-02-03T14:52:32.262945Z INFO  hpde_io Reading ./data/spase_hpde_io/info/BAR_4G_L2_USPC.pkl
2026-02-03T14:52:32.263065Z INFO  hpde_io Read ./data/spase_hpde_io/info/BAR_4G_L2_USPC.pkl
2026-02-03T14:52:32.263109Z INFO  hpde_io Reading ./data/spase_hpde_io/info/BAR_4G_L2_XSPC.pkl
2026-02-03T14:52:32.263255Z INFO  hpde_io Read ./data/spase_hpde_io/info/BAR_4G_L2_XSPC.pkl
2026-02-03T14:52:32.263294Z INFO  hpde_io Reading ./data/spase_hpde_io/info/BAR_4H_L2_EPHM.pkl
2026-02-03T14:52:32.263423Z INFO  hpde_io Read ./data/spase_hpde_io/info/BAR_4H_L2_EPHM.pkl
2026-02-03T14:52:32.263462Z INFO  hpde_io Reading ./data/spase_hpde_io/info/BAR_4H_L2_FSPC.pkl
2026-02-03T14:52:32.263759Z INFO  hpde_io Read ./data/spase_hpde_io/info/BAR_4H_L2_FSPC.pkl
2026-02-03T14:52:32.263798Z INFO  hpde_io Reading ./data/spase_hpde_io/info/BAR_4H_L2_HKPG.pkl
2026-02-03T14:52:32.263974Z INFO  hpde_io Read ./data/spase_hpde_io/info/BAR_4H_L2_HKPG.pkl
2026-02-03T14:52:32.264012Z INFO  hpde_io Reading ./data/spase_hpde_io/info/BAR_4H_L2_MSPC.pkl
2026-02-03T14:52:32.264211Z INFO  hpde_io Read ./data/spase_hpde_io/info/BAR_4H_L2_MSPC.pkl
2026-02-03T14:52:32.264254Z INFO  hpde_io Reading ./data/spase_hpde_io/info/BAR_4H_L2_RCNT.pkl
2026-02-03T14:52:32.264408Z INFO  hpde_io Read ./data/spase_hpde_io/info/BAR_4H_L2_RCNT.pkl
2026-02-03T14:52:32.264444Z INFO  hpde_io Reading ./data/spase_hpde_io/info/BAR_4H_L2_SSPC.pkl
2026-02-03T14:52:32.264583Z INFO  hpde_io Read ./data/spase_hpde_io/info/BAR_4H_L2_SSPC.pkl
2026-02-03T14:52:32.264630Z INFO  hpde_io Reading ./data/spase_hpde_io/info/BAR_4H_L2_USPC.pkl
2026-02-03T14:52:32.264781Z INFO  hpde_io Read ./data/spase_hpde_io/info/BAR_4H_L2_USPC.pkl
2026-02-03T14:52:32.264823Z INFO  hpde_io Reading ./data/spase_hpde_io/info/BAR_4H_L2_XSPC.pkl
2026-02-03T14:52:32.264983Z INFO  hpde_io Read ./data/spase_hpde_io/info/BAR_4H_L2_XSPC.pkl
2026-02-03T14:52:32.265020Z INFO  hpde_io Reading ./data/spase_hpde_io/info/BAR_5A_L2_EPHM.pkl
2026-02-03T14:52:32.265184Z INFO  hpde_io Read ./data/spase_hpde_io/info/BAR_5A_L2_EPHM.pkl
2026-02-03T14:52:32.265220Z INFO  hpde_io Reading ./data/spase_hpde_io/info/BAR_5A_L2_FSPC.pkl
2026-02-03T14:52:32.265381Z INFO  hpde_io Read ./data/spase_hpde_io/info/BAR_5A_L2_FSPC.pkl
2026-02-03T14:52:32.265419Z INFO  hpde_io Reading ./data/spase_hpde_io/info/BAR_5A_L2_HKPG.pkl
2026-02-03T14:52:32.265599Z INFO  hpde_io Read ./data/spase_hpde_io/info/BAR_5A_L2_HKPG.pkl
2026-02-03T14:52:32.265644Z INFO  hpde_io Reading ./data/spase_hpde_io/info/BAR_5A_L2_MSPC.pkl
2026-02-03T14:52:32.265840Z INFO  hpde_io Read ./data/spase_hpde_io/info/BAR_5A_L2_MSPC.pkl
2026-02-03T14:52:32.265883Z INFO  hpde_io Reading ./data/spase_hpde_io/info/BAR_5A_L2_RCNT.pkl
2026-02-03T14:52:32.266033Z INFO  hpde_io Read ./data/spase_hpde_io/info/BAR_5A_L2_RCNT.pkl
2026-02-03T14:52:32.266079Z INFO  hpde_io Reading ./data/spase_hpde_io/info/BAR_5A_L2_SSPC.pkl
2026-02-03T14:52:32.266258Z INFO  hpde_io Read ./data/spase_hpde_io/info/BAR_5A_L2_SSPC.pkl
2026-02-03T14:52:32.266297Z INFO  hpde_io Reading ./data/spase_hpde_io/info/BAR_5A_L2_USPC.pkl
2026-02-03T14:52:32.266450Z INFO  hpde_io Read ./data/spase_hpde_io/info/BAR_5A_L2_USPC.pkl
2026-02-03T14:52:32.266489Z INFO  hpde_io Reading ./data/spase_hpde_io/info/BAR_5A_L2_XSPC.pkl
2026-02-03T14:52:32.266686Z INFO  hpde_io Read ./data/spase_hpde_io/info/BAR_5A_L2_XSPC.pkl
2026-02-03T14:52:32.266792Z INFO  hpde_io No hpde.io SPASE record for BAR_6A_L2_EPHM.
2026-02-03T14:52:32.266841Z INFO  hpde_io No hpde.io SPASE record for BAR_6A_L2_FSPC.
2026-02-03T14:52:32.266924Z INFO  hpde_io No hpde.io SPASE record for BAR_6A_L2_HKPG.
2026-02-03T14:52:32.266958Z INFO  hpde_io No hpde.io SPASE record for BAR_6A_L2_MAGN.
2026-02-03T14:52:32.266990Z INFO  hpde_io No hpde.io SPASE record for BAR_6A_L2_MSPC.
2026-02-03T14:52:32.267023Z INFO  hpde_io No hpde.io SPASE record for BAR_6A_L2_RCNT.
2026-02-03T14:52:32.267059Z INFO  hpde_io No hpde.io SPASE record for BAR_6A_L2_SSPC.
2026-02-03T14:52:32.267087Z INFO  hpde_io No hpde.io SPASE record for BAR_7A_L2_EPHM.
2026-02-03T14:52:32.267120Z INFO  hpde_io No hpde.io SPASE record for BAR_7A_L2_FSPC.
2026-02-03T14:52:32.267157Z INFO  hpde_io No hpde.io SPASE record for BAR_7A_L2_HKPG.
2026-02-03T14:52:32.267191Z INFO  hpde_io No hpde.io SPASE record for BAR_7A_L2_MAGN.
2026-02-03T14:52:32.267223Z INFO  hpde_io No hpde.io SPASE record for BAR_7A_L2_MSPC.
2026-02-03T14:52:32.267253Z INFO  hpde_io No hpde.io SPASE record for BAR_7A_L2_RCNT.
2026-02-03T14:52:32.267286Z INFO  hpde_io No hpde.io SPASE record for BAR_7A_L2_SSPC.
2026-02-03T14:52:32.267317Z INFO  hpde_io Reading ./data/spase_hpde_io/info/BEPICOLOMBO_HELIO1DAY_POSITION.pkl
2026-02-03T14:52:32.267515Z INFO  hpde_io Read ./data/spase_hpde_io/info/BEPICOLOMBO_HELIO1DAY_POSITION.pkl
2026-02-03T14:52:32.267573Z INFO  hpde_io Reading ./data/spase_hpde_io/info/BEPICOLOMBO_HELIO1HR_POSITION.pkl
2026-02-03T14:52:32.267743Z INFO  hpde_io Read ./data/spase_hpde_io/info/BEPICOLOMBO_HELIO1HR_POSITION.pkl
2026-02-03T14:52:32.267791Z INFO  hpde_io No hpde.io SPASE record for BIOSENTINEL_LET_LETS.
2026-02-03T14:52:32.267828Z INFO  hpde_io Reading ./data/spase_hpde_io/info/BORRELLY_HELIO1DAY_POSITION.pkl
2026-02-03T14:52:32.267999Z INFO  hpde_io Read ./data/spase_hpde_io/info/BORRELLY_HELIO1DAY_POSITION.pkl
2026-02-03T14:52:32.268052Z INFO  hpde_io Reading ./data/spase_hpde_io/info/BORRELLY_HELIO1HR_POSITION.pkl
2026-02-03T14:52:32.268210Z INFO  hpde_io Read ./data/spase_hpde_io/info/BORRELLY_HELIO1HR_POSITION.pkl
2026-02-03T14:52:32.268266Z INFO  hpde_io No hpde.io SPASE record for C1_CP_CIS-CODIF_H1_1D_PEF.
2026-02-03T14:52:32.268306Z INFO  hpde_io No hpde.io SPASE record for C1_CP_CIS-CODIF_HE1_1D_PEF.
2026-02-03T14:52:32.268345Z INFO  hpde_io No hpde.io SPASE record for C1_CP_CIS-CODIF_HS_H1_PEF.
2026-02-03T14:52:32.268377Z INFO  hpde_io No hpde.io SPASE record for C1_CP_CIS-CODIF_HS_H1_PF.
2026-02-03T14:52:32.268412Z INFO  hpde_io No hpde.io SPASE record for C1_CP_CIS-CODIF_HS_H1_PSD.
2026-02-03T14:52:32.268444Z INFO  hpde_io No hpde.io SPASE record for C1_CP_CIS-CODIF_HS_HE1_PF.
2026-02-03T14:52:32.268494Z INFO  hpde_io No hpde.io SPASE record for C1_CP_CIS-CODIF_HS_HE1_PSD.
2026-02-03T14:52:32.268553Z INFO  hpde_io No hpde.io SPASE record for C1_CP_CIS-CODIF_HS_O1_PEF.
2026-02-03T14:52:32.268596Z INFO  hpde_io No hpde.io SPASE record for C1_CP_CIS-CODIF_HS_O1_PF.
2026-02-03T14:52:32.268630Z INFO  hpde_io No hpde.io SPASE record for C1_CP_CIS-CODIF_HS_O1_PSD.
2026-02-03T14:52:32.268665Z INFO  hpde_io No hpde.io SPASE record for C1_CP_CIS-CODIF_O1_1D_PEF.
2026-02-03T14:52:32.268701Z INFO  hpde_io No hpde.io SPASE record for C1_CP_CIS-CODIF_PAD_HS_H1_PF.
2026-02-03T14:52:32.268735Z INFO  hpde_io No hpde.io SPASE record for C1_CP_CIS-CODIF_PAD_HS_HE1_PF.
2026-02-03T14:52:32.268764Z INFO  hpde_io No hpde.io SPASE record for C1_CP_CIS-CODIF_PAD_HS_O1_PF.
2026-02-03T14:52:32.268792Z INFO  hpde_io No hpde.io SPASE record for C1_CP_CIS-HIA_HS_1D_PEF.
2026-02-03T14:52:32.268827Z INFO  hpde_io No hpde.io SPASE record for C1_CP_CIS-HIA_HS_MAG_IONS_PEF.
2026-02-03T14:52:32.268853Z INFO  hpde_io No hpde.io SPASE record for C1_CP_CIS-HIA_HS_MAG_IONS_PF.
2026-02-03T14:52:32.268900Z INFO  hpde_io No hpde.io SPASE record for C1_CP_CIS-HIA_HS_MAG_IONS_PSD.
2026-02-03T14:52:32.268932Z INFO  hpde_io No hpde.io SPASE record for C1_CP_CIS-HIA_HS_SW_IONS_PEF.
2026-02-03T14:52:32.268965Z INFO  hpde_io No hpde.io SPASE record for C1_CP_CIS-HIA_HS_SW_IONS_PF.
2026-02-03T14:52:32.268993Z INFO  hpde_io No hpde.io SPASE record for C1_CP_CIS-HIA_HS_SW_IONS_PSD.
2026-02-03T14:52:32.269025Z INFO  hpde_io No hpde.io SPASE record for C1_CP_CIS-HIA_LS_1D_PEF.
2026-02-03T14:52:32.269074Z INFO  hpde_io No hpde.io SPASE record for C1_CP_CIS-HIA_LS_SW_IONS_PEF.
2026-02-03T14:52:32.269119Z INFO  hpde_io No hpde.io SPASE record for C1_CP_CIS-HIA_LS_SW_IONS_PF.
2026-02-03T14:52:32.269158Z INFO  hpde_io No hpde.io SPASE record for C1_CP_CIS-HIA_LS_SW_IONS_PSD.
2026-02-03T14:52:32.269193Z INFO  hpde_io No hpde.io SPASE record for C1_CP_CIS-HIA_PAD_HS_MAG_IONS_PF.
2026-02-03T14:52:32.269226Z INFO  hpde_io No hpde.io SPASE record for C1_CP_EDI_AEDC.
2026-02-03T14:52:32.269257Z INFO  hpde_io No hpde.io SPASE record for C1_CP_EDI_MP.
2026-02-03T14:52:32.269288Z INFO  hpde_io No hpde.io SPASE record for C1_CP_EDI_QZC.
2026-02-03T14:52:32.269317Z INFO  hpde_io No hpde.io SPASE record for C1_CP_EDI_SPIN.
2026-02-03T14:52:32.269352Z INFO  hpde_io No hpde.io SPASE record for C1_CP_EFW_L3_E3D_INERT.
2026-02-03T14:52:32.269383Z INFO  hpde_io No hpde.io SPASE record for C1_CP_EFW_L3_P.
2026-02-03T14:52:32.269418Z INFO  hpde_io No hpde.io SPASE record for C1_CP_EFW_L3_V3D_INERT.
2026-02-03T14:52:32.269446Z INFO  hpde_io No hpde.io SPASE record for C1_CP_FGM_5VPS.
2026-02-03T14:52:32.269472Z INFO  hpde_io Reading ./data/spase_hpde_io/info/C1_CP_FGM_SPIN.pkl
2026-02-03T14:52:32.269675Z INFO  hpde_io Read ./data/spase_hpde_io/info/C1_CP_FGM_SPIN.pkl
2026-02-03T14:52:32.269732Z INFO  hpde_io No hpde.io SPASE record for C1_CP_RAP_E3DD.
2026-02-03T14:52:32.269776Z INFO  hpde_io No hpde.io SPASE record for C1_CP_RAP_ESPCT6.
2026-02-03T14:52:32.269811Z INFO  hpde_io No hpde.io SPASE record for C1_CP_RAP_HSPCT.
2026-02-03T14:52:32.269847Z INFO  hpde_io No hpde.io SPASE record for C1_CP_RAP_I3DM_CNO.
2026-02-03T14:52:32.269884Z INFO  hpde_io No hpde.io SPASE record for C1_CP_RAP_I3DM_H.
2026-02-03T14:52:32.269916Z INFO  hpde_io No hpde.io SPASE record for C1_CP_RAP_I3DM_HE.
2026-02-03T14:52:32.269958Z INFO  hpde_io No hpde.io SPASE record for C1_CP_RAP_ISPCT_CNO.
2026-02-03T14:52:32.269999Z INFO  hpde_io No hpde.io SPASE record for C1_CP_RAP_ISPCT_HE.
2026-02-03T14:52:32.270033Z INFO  hpde_io No hpde.io SPASE record for C1_CP_RAP_L3DD.
2026-02-03T14:52:32.270068Z INFO  hpde_io No hpde.io SPASE record for C1_CP_RAP_PAD_CNO.
2026-02-03T14:52:32.270101Z INFO  hpde_io No hpde.io SPASE record for C1_CP_RAP_PAD_E3DD.
2026-02-03T14:52:32.270132Z INFO  hpde_io No hpde.io SPASE record for C1_CP_RAP_PAD_H.
2026-02-03T14:52:32.270168Z INFO  hpde_io No hpde.io SPASE record for C1_CP_RAP_PAD_HE.
2026-02-03T14:52:32.270195Z INFO  hpde_io No hpde.io SPASE record for C1_CP_RAP_PAD_L3DD.
2026-02-03T14:52:32.270224Z INFO  hpde_io No hpde.io SPASE record for C1_CP_STA_CWF_GSE.
2026-02-03T14:52:32.270260Z INFO  hpde_io No hpde.io SPASE record for C1_CP_STA_PPP.
2026-02-03T14:52:32.270291Z INFO  hpde_io No hpde.io SPASE record for C1_CP_STA_PSD.
2026-02-03T14:52:32.270323Z INFO  hpde_io No hpde.io SPASE record for C1_CP_STA_SM.
2026-02-03T14:52:32.270359Z INFO  hpde_io No hpde.io SPASE record for C1_CP_WHI_ACTIVE.
2026-02-03T14:52:32.270392Z INFO  hpde_io No hpde.io SPASE record for C1_CP_WHI_ELECTRON_DENSITY.
2026-02-03T14:52:32.270426Z INFO  hpde_io No hpde.io SPASE record for C1_CP_WHI_NATURAL.
2026-02-03T14:52:32.270475Z INFO  hpde_io No hpde.io SPASE record for C1_CP_WHI_PASSIVE_ACTIVE.
2026-02-03T14:52:32.270521Z INFO  hpde_io No hpde.io SPASE record for C1_CP_WHI_WAVE_FORM_ENERGY.
2026-02-03T14:52:32.270561Z INFO  hpde_io Reading ./data/spase_hpde_io/info/C1_JP_PMP.pkl
2026-02-03T14:52:32.270760Z INFO  hpde_io Read ./data/spase_hpde_io/info/C1_JP_PMP.pkl
2026-02-03T14:52:32.270820Z INFO  hpde_io Reading ./data/spase_hpde_io/info/C1_JP_PSE.pkl
2026-02-03T14:52:32.270986Z INFO  hpde_io Read ./data/spase_hpde_io/info/C1_JP_PSE.pkl
2026-02-03T14:52:32.271029Z INFO  hpde_io Reading ./data/spase_hpde_io/info/C1_PP_ASP.pkl
2026-02-03T14:52:32.271191Z INFO  hpde_io Read ./data/spase_hpde_io/info/C1_PP_ASP.pkl
2026-02-03T14:52:32.271234Z INFO  hpde_io Reading ./data/spase_hpde_io/info/C1_PP_CIS.pkl
2026-02-03T14:52:32.271445Z INFO  hpde_io Read ./data/spase_hpde_io/info/C1_PP_CIS.pkl
2026-02-03T14:52:32.271494Z INFO  hpde_io Reading ./data/spase_hpde_io/info/C1_PP_DWP.pkl
2026-02-03T14:52:32.271657Z INFO  hpde_io Read ./data/spase_hpde_io/info/C1_PP_DWP.pkl
2026-02-03T14:52:32.271698Z INFO  hpde_io Reading ./data/spase_hpde_io/info/C1_PP_EDI.pkl
2026-02-03T14:52:32.271876Z INFO  hpde_io Read ./data/spase_hpde_io/info/C1_PP_EDI.pkl
2026-02-03T14:52:32.271919Z INFO  hpde_io Reading ./data/spase_hpde_io/info/C1_PP_EFW.pkl
2026-02-03T14:52:32.272095Z INFO  hpde_io Read ./data/spase_hpde_io/info/C1_PP_EFW.pkl
2026-02-03T14:52:32.272135Z INFO  hpde_io Reading ./data/spase_hpde_io/info/C1_PP_PEA.pkl
2026-02-03T14:52:32.272302Z INFO  hpde_io Read ./data/spase_hpde_io/info/C1_PP_PEA.pkl
2026-02-03T14:52:32.272346Z INFO  hpde_io Reading ./data/spase_hpde_io/info/C1_PP_RAP.pkl
2026-02-03T14:52:32.272516Z INFO  hpde_io Read ./data/spase_hpde_io/info/C1_PP_RAP.pkl
2026-02-03T14:52:32.272553Z INFO  hpde_io Reading ./data/spase_hpde_io/info/C1_PP_STA.pkl
2026-02-03T14:52:32.272715Z INFO  hpde_io Read ./data/spase_hpde_io/info/C1_PP_STA.pkl
2026-02-03T14:52:32.272756Z INFO  hpde_io Reading ./data/spase_hpde_io/info/C1_PP_WHI.pkl
2026-02-03T14:52:32.272918Z INFO  hpde_io Read ./data/spase_hpde_io/info/C1_PP_WHI.pkl
2026-02-03T14:52:32.272962Z INFO  hpde_io Reading ./data/spase_hpde_io/info/C1_UP_FGM.pkl
2026-02-03T14:52:32.273141Z INFO  hpde_io Read ./data/spase_hpde_io/info/C1_UP_FGM.pkl
2026-02-03T14:52:32.273187Z INFO  hpde_io Reading ./data/spase_hpde_io/info/C1_WAVEFORM_WBD.pkl
2026-02-03T14:52:32.273352Z INFO  hpde_io Read ./data/spase_hpde_io/info/C1_WAVEFORM_WBD.pkl
2026-02-03T14:52:32.273395Z INFO  hpde_io Reading ./data/spase_hpde_io/info/C1_WAVEFORM_WBD_BM2.pkl
2026-02-03T14:52:32.273628Z INFO  hpde_io Read ./data/spase_hpde_io/info/C1_WAVEFORM_WBD_BM2.pkl
2026-02-03T14:52:32.273677Z INFO  hpde_io No hpde.io SPASE record for C2_CP_EDI_AEDC.
2026-02-03T14:52:32.273712Z INFO  hpde_io No hpde.io SPASE record for C2_CP_EDI_MP.
2026-02-03T14:52:32.273753Z INFO  hpde_io No hpde.io SPASE record for C2_CP_EDI_QZC.
2026-02-03T14:52:32.273787Z INFO  hpde_io No hpde.io SPASE record for C2_CP_EDI_SPIN.
2026-02-03T14:52:32.273821Z INFO  hpde_io No hpde.io SPASE record for C2_CP_EFW_L3_E3D_INERT.
2026-02-03T14:52:32.273867Z INFO  hpde_io No hpde.io SPASE record for C2_CP_EFW_L3_P.
2026-02-03T14:52:32.273915Z INFO  hpde_io No hpde.io SPASE record for C2_CP_EFW_L3_V3D_INERT.
2026-02-03T14:52:32.273952Z INFO  hpde_io No hpde.io SPASE record for C2_CP_FGM_5VPS.
2026-02-03T14:52:32.273985Z INFO  hpde_io Reading ./data/spase_hpde_io/info/C2_CP_FGM_SPIN.pkl
2026-02-03T14:52:32.274152Z INFO  hpde_io Read ./data/spase_hpde_io/info/C2_CP_FGM_SPIN.pkl
2026-02-03T14:52:32.274203Z INFO  hpde_io No hpde.io SPASE record for C2_CP_RAP_E3DD.
2026-02-03T14:52:32.274242Z INFO  hpde_io No hpde.io SPASE record for C2_CP_RAP_ESPCT6.
2026-02-03T14:52:32.274274Z INFO  hpde_io No hpde.io SPASE record for C2_CP_RAP_HSPCT.
2026-02-03T14:52:32.274317Z INFO  hpde_io No hpde.io SPASE record for C2_CP_RAP_I3DM_CNO.
2026-02-03T14:52:32.274353Z INFO  hpde_io No hpde.io SPASE record for C2_CP_RAP_I3DM_H.
2026-02-03T14:52:32.274387Z INFO  hpde_io No hpde.io SPASE record for C2_CP_RAP_I3DM_HE.
2026-02-03T14:52:32.274415Z INFO  hpde_io No hpde.io SPASE record for C2_CP_RAP_ISPCT_CNO.
2026-02-03T14:52:32.274442Z INFO  hpde_io No hpde.io SPASE record for C2_CP_RAP_ISPCT_HE.
2026-02-03T14:52:32.274476Z INFO  hpde_io No hpde.io SPASE record for C2_CP_RAP_L3DD.
2026-02-03T14:52:32.274540Z INFO  hpde_io No hpde.io SPASE record for C2_CP_RAP_PAD_E3DD.
2026-02-03T14:52:32.274586Z INFO  hpde_io No hpde.io SPASE record for C2_CP_RAP_PAD_H.
2026-02-03T14:52:32.274617Z INFO  hpde_io No hpde.io SPASE record for C2_CP_RAP_PAD_HE.
2026-02-03T14:52:32.274656Z INFO  hpde_io No hpde.io SPASE record for C2_CP_RAP_PAD_L3DD.
2026-02-03T14:52:32.274689Z INFO  hpde_io No hpde.io SPASE record for C2_CP_STA_CWF_GSE.
2026-02-03T14:52:32.274723Z INFO  hpde_io No hpde.io SPASE record for C2_CP_STA_PPP.
2026-02-03T14:52:32.274750Z INFO  hpde_io No hpde.io SPASE record for C2_CP_STA_PSD.
2026-02-03T14:52:32.274778Z INFO  hpde_io No hpde.io SPASE record for C2_CP_STA_SM.
2026-02-03T14:52:32.274810Z INFO  hpde_io No hpde.io SPASE record for C2_CP_WHI_ACTIVE.
2026-02-03T14:52:32.274842Z INFO  hpde_io No hpde.io SPASE record for C2_CP_WHI_ELECTRON_DENSITY.
2026-02-03T14:52:32.274872Z INFO  hpde_io No hpde.io SPASE record for C2_CP_WHI_NATURAL.
2026-02-03T14:52:32.274899Z INFO  hpde_io No hpde.io SPASE record for C2_CP_WHI_PASSIVE_ACTIVE.
2026-02-03T14:52:32.274929Z INFO  hpde_io No hpde.io SPASE record for C2_CP_WHI_WAVE_FORM_ENERGY.
2026-02-03T14:52:32.274959Z INFO  hpde_io Reading ./data/spase_hpde_io/info/C2_JP_PMP.pkl
2026-02-03T14:52:32.275149Z INFO  hpde_io Read ./data/spase_hpde_io/info/C2_JP_PMP.pkl
2026-02-03T14:52:32.275209Z INFO  hpde_io Reading ./data/spase_hpde_io/info/C2_JP_PSE.pkl
2026-02-03T14:52:32.275397Z INFO  hpde_io Read ./data/spase_hpde_io/info/C2_JP_PSE.pkl
2026-02-03T14:52:32.275442Z INFO  hpde_io Reading ./data/spase_hpde_io/info/C2_PP_ASP.pkl
2026-02-03T14:52:32.275615Z INFO  hpde_io Read ./data/spase_hpde_io/info/C2_PP_ASP.pkl
2026-02-03T14:52:32.275668Z INFO  hpde_io Reading ./data/spase_hpde_io/info/C2_PP_DWP.pkl
2026-02-03T14:52:32.275854Z INFO  hpde_io Read ./data/spase_hpde_io/info/C2_PP_DWP.pkl
2026-02-03T14:52:32.275902Z INFO  hpde_io Reading ./data/spase_hpde_io/info/C2_PP_EDI.pkl
2026-02-03T14:52:32.276091Z INFO  hpde_io Read ./data/spase_hpde_io/info/C2_PP_EDI.pkl
2026-02-03T14:52:32.276161Z INFO  hpde_io Reading ./data/spase_hpde_io/info/C2_PP_EFW.pkl
2026-02-03T14:52:32.276376Z INFO  hpde_io Read ./data/spase_hpde_io/info/C2_PP_EFW.pkl
2026-02-03T14:52:32.276459Z INFO  hpde_io Reading ./data/spase_hpde_io/info/C2_PP_PEA.pkl
2026-02-03T14:52:32.276649Z INFO  hpde_io Read ./data/spase_hpde_io/info/C2_PP_PEA.pkl
2026-02-03T14:52:32.276694Z INFO  hpde_io Reading ./data/spase_hpde_io/info/C2_PP_RAP.pkl
2026-02-03T14:52:32.276873Z INFO  hpde_io Read ./data/spase_hpde_io/info/C2_PP_RAP.pkl
2026-02-03T14:52:32.276913Z INFO  hpde_io Reading ./data/spase_hpde_io/info/C2_PP_STA.pkl
2026-02-03T14:52:32.277117Z INFO  hpde_io Read ./data/spase_hpde_io/info/C2_PP_STA.pkl
2026-02-03T14:52:32.277154Z INFO  hpde_io Reading ./data/spase_hpde_io/info/C2_PP_WHI.pkl
2026-02-03T14:52:32.277320Z INFO  hpde_io Read ./data/spase_hpde_io/info/C2_PP_WHI.pkl
2026-02-03T14:52:32.277356Z INFO  hpde_io Reading ./data/spase_hpde_io/info/C2_UP_FGM.pkl
2026-02-03T14:52:32.277515Z INFO  hpde_io Read ./data/spase_hpde_io/info/C2_UP_FGM.pkl
2026-02-03T14:52:32.277552Z INFO  hpde_io Reading ./data/spase_hpde_io/info/C2_WAVEFORM_WBD.pkl
2026-02-03T14:52:32.277718Z INFO  hpde_io Read ./data/spase_hpde_io/info/C2_WAVEFORM_WBD.pkl
2026-02-03T14:52:32.277756Z INFO  hpde_io Reading ./data/spase_hpde_io/info/C2_WAVEFORM_WBD_BM2.pkl
2026-02-03T14:52:32.277923Z INFO  hpde_io Read ./data/spase_hpde_io/info/C2_WAVEFORM_WBD_BM2.pkl
2026-02-03T14:52:32.277976Z INFO  hpde_io No hpde.io SPASE record for C3_CP_CIS-CODIF_H1_1D_PEF.
2026-02-03T14:52:32.278014Z INFO  hpde_io No hpde.io SPASE record for C3_CP_CIS-CODIF_HE1_1D_PEF.
2026-02-03T14:52:32.278049Z INFO  hpde_io No hpde.io SPASE record for C3_CP_CIS-CODIF_HS_H1_PEF.
2026-02-03T14:52:32.278081Z INFO  hpde_io No hpde.io SPASE record for C3_CP_CIS-CODIF_HS_H1_PF.
2026-02-03T14:52:32.278119Z INFO  hpde_io No hpde.io SPASE record for C3_CP_CIS-CODIF_HS_H1_PSD.
2026-02-03T14:52:32.278154Z INFO  hpde_io No hpde.io SPASE record for C3_CP_CIS-CODIF_HS_HE1_PF.
2026-02-03T14:52:32.278185Z INFO  hpde_io No hpde.io SPASE record for C3_CP_CIS-CODIF_HS_HE1_PSD.
2026-02-03T14:52:32.278214Z INFO  hpde_io No hpde.io SPASE record for C3_CP_CIS-CODIF_HS_O1_PEF.
2026-02-03T14:52:32.278240Z INFO  hpde_io No hpde.io SPASE record for C3_CP_CIS-CODIF_HS_O1_PF.
2026-02-03T14:52:32.278278Z INFO  hpde_io No hpde.io SPASE record for C3_CP_CIS-CODIF_HS_O1_PSD.
2026-02-03T14:52:32.278332Z INFO  hpde_io No hpde.io SPASE record for C3_CP_CIS-CODIF_O1_1D_PEF.
2026-02-03T14:52:32.278363Z INFO  hpde_io No hpde.io SPASE record for C3_CP_CIS-CODIF_PAD_HS_H1_PF.
2026-02-03T14:52:32.278397Z INFO  hpde_io No hpde.io SPASE record for C3_CP_CIS-CODIF_PAD_HS_HE1_PF.
2026-02-03T14:52:32.278427Z INFO  hpde_io No hpde.io SPASE record for C3_CP_CIS-CODIF_PAD_HS_O1_PF.
2026-02-03T14:52:32.278478Z INFO  hpde_io No hpde.io SPASE record for C3_CP_CIS-HIA_HS_1D_PEF.
2026-02-03T14:52:32.278514Z INFO  hpde_io No hpde.io SPASE record for C3_CP_CIS-HIA_HS_MAG_IONS_PEF.
2026-02-03T14:52:32.278544Z INFO  hpde_io No hpde.io SPASE record for C3_CP_CIS-HIA_HS_MAG_IONS_PF.
2026-02-03T14:52:32.278583Z INFO  hpde_io No hpde.io SPASE record for C3_CP_CIS-HIA_HS_MAG_IONS_PSD.
2026-02-03T14:52:32.278630Z INFO  hpde_io No hpde.io SPASE record for C3_CP_CIS-HIA_HS_SW_IONS_PEF.
2026-02-03T14:52:32.278663Z INFO  hpde_io No hpde.io SPASE record for C3_CP_CIS-HIA_HS_SW_IONS_PF.
2026-02-03T14:52:32.278713Z INFO  hpde_io No hpde.io SPASE record for C3_CP_CIS-HIA_HS_SW_IONS_PSD.
2026-02-03T14:52:32.278765Z INFO  hpde_io No hpde.io SPASE record for C3_CP_CIS-HIA_LS_1D_PEF.
2026-02-03T14:52:32.278812Z INFO  hpde_io No hpde.io SPASE record for C3_CP_CIS-HIA_LS_SW_IONS_PEF.
2026-02-03T14:52:32.278849Z INFO  hpde_io No hpde.io SPASE record for C3_CP_CIS-HIA_LS_SW_IONS_PF.
2026-02-03T14:52:32.278888Z INFO  hpde_io No hpde.io SPASE record for C3_CP_CIS-HIA_LS_SW_IONS_PSD.
2026-02-03T14:52:32.278924Z INFO  hpde_io No hpde.io SPASE record for C3_CP_CIS-HIA_PAD_HS_MAG_IONS_PF.
2026-02-03T14:52:32.278961Z INFO  hpde_io No hpde.io SPASE record for C3_CP_EDI_AEDC.
2026-02-03T14:52:32.278995Z INFO  hpde_io No hpde.io SPASE record for C3_CP_EDI_MP.
2026-02-03T14:52:32.279027Z INFO  hpde_io No hpde.io SPASE record for C3_CP_EDI_QZC.
2026-02-03T14:52:32.279056Z INFO  hpde_io No hpde.io SPASE record for C3_CP_EDI_SPIN.
2026-02-03T14:52:32.279082Z INFO  hpde_io No hpde.io SPASE record for C3_CP_EFW_L3_E3D_INERT.
2026-02-03T14:52:32.279111Z INFO  hpde_io No hpde.io SPASE record for C3_CP_EFW_L3_P.
2026-02-03T14:52:32.279139Z INFO  hpde_io No hpde.io SPASE record for C3_CP_EFW_L3_V3D_INERT.
2026-02-03T14:52:32.279166Z INFO  hpde_io No hpde.io SPASE record for C3_CP_FGM_5VPS.
2026-02-03T14:52:32.279191Z INFO  hpde_io Reading ./data/spase_hpde_io/info/C3_CP_FGM_SPIN.pkl
2026-02-03T14:52:32.279392Z INFO  hpde_io Read ./data/spase_hpde_io/info/C3_CP_FGM_SPIN.pkl
2026-02-03T14:52:32.279442Z INFO  hpde_io No hpde.io SPASE record for C3_CP_RAP_E3DD.
2026-02-03T14:52:32.279474Z INFO  hpde_io No hpde.io SPASE record for C3_CP_RAP_ESPCT6.
2026-02-03T14:52:32.279514Z INFO  hpde_io No hpde.io SPASE record for C3_CP_RAP_HSPCT.
2026-02-03T14:52:32.279540Z INFO  hpde_io No hpde.io SPASE record for C3_CP_RAP_I3DM_CNO.
2026-02-03T14:52:32.279567Z INFO  hpde_io No hpde.io SPASE record for C3_CP_RAP_I3DM_H.
2026-02-03T14:52:32.279597Z INFO  hpde_io No hpde.io SPASE record for C3_CP_RAP_I3DM_HE.
2026-02-03T14:52:32.279625Z INFO  hpde_io No hpde.io SPASE record for C3_CP_RAP_ISPCT_CNO.
2026-02-03T14:52:32.279655Z INFO  hpde_io No hpde.io SPASE record for C3_CP_RAP_ISPCT_HE.
2026-02-03T14:52:32.279681Z INFO  hpde_io No hpde.io SPASE record for C3_CP_RAP_L3DD.
2026-02-03T14:52:32.279711Z INFO  hpde_io No hpde.io SPASE record for C3_CP_RAP_PAD_CNO.
2026-02-03T14:52:32.279738Z INFO  hpde_io No hpde.io SPASE record for C3_CP_RAP_PAD_E3DD.
2026-02-03T14:52:32.279768Z INFO  hpde_io No hpde.io SPASE record for C3_CP_RAP_PAD_H.
2026-02-03T14:52:32.279796Z INFO  hpde_io No hpde.io SPASE record for C3_CP_RAP_PAD_HE.
2026-02-03T14:52:32.279825Z INFO  hpde_io No hpde.io SPASE record for C3_CP_RAP_PAD_L3DD.
2026-02-03T14:52:32.279853Z INFO  hpde_io No hpde.io SPASE record for C3_CP_STA_CWF_GSE.
2026-02-03T14:52:32.279882Z INFO  hpde_io No hpde.io SPASE record for C3_CP_STA_PPP.
2026-02-03T14:52:32.279909Z INFO  hpde_io No hpde.io SPASE record for C3_CP_STA_PSD.
2026-02-03T14:52:32.279938Z INFO  hpde_io No hpde.io SPASE record for C3_CP_STA_SM.
2026-02-03T14:52:32.279965Z INFO  hpde_io No hpde.io SPASE record for C3_CP_WHI_ACTIVE.
2026-02-03T14:52:32.279994Z INFO  hpde_io No hpde.io SPASE record for C3_CP_WHI_ELECTRON_DENSITY.
2026-02-03T14:52:32.280022Z INFO  hpde_io No hpde.io SPASE record for C3_CP_WHI_NATURAL.
2026-02-03T14:52:32.280051Z INFO  hpde_io No hpde.io SPASE record for C3_CP_WHI_PASSIVE_ACTIVE.
2026-02-03T14:52:32.280079Z INFO  hpde_io No hpde.io SPASE record for C3_CP_WHI_WAVE_FORM_ENERGY.
2026-02-03T14:52:32.280106Z INFO  hpde_io Reading ./data/spase_hpde_io/info/C3_JP_PMP.pkl
2026-02-03T14:52:32.280312Z INFO  hpde_io Read ./data/spase_hpde_io/info/C3_JP_PMP.pkl
2026-02-03T14:52:32.280358Z INFO  hpde_io Reading ./data/spase_hpde_io/info/C3_JP_PSE.pkl
2026-02-03T14:52:32.280525Z INFO  hpde_io Read ./data/spase_hpde_io/info/C3_JP_PSE.pkl
2026-02-03T14:52:32.280565Z INFO  hpde_io Reading ./data/spase_hpde_io/info/C3_PP_ASP.pkl
2026-02-03T14:52:32.280718Z INFO  hpde_io Read ./data/spase_hpde_io/info/C3_PP_ASP.pkl
2026-02-03T14:52:32.280753Z INFO  hpde_io Reading ./data/spase_hpde_io/info/C3_PP_CIS.pkl
2026-02-03T14:52:32.281016Z INFO  hpde_io Read ./data/spase_hpde_io/info/C3_PP_CIS.pkl
2026-02-03T14:52:32.281088Z INFO  hpde_io Reading ./data/spase_hpde_io/info/C3_PP_EDI.pkl
2026-02-03T14:52:32.281278Z INFO  hpde_io Read ./data/spase_hpde_io/info/C3_PP_EDI.pkl
2026-02-03T14:52:32.281321Z INFO  hpde_io Reading ./data/spase_hpde_io/info/C3_PP_EFW.pkl
2026-02-03T14:52:32.281505Z INFO  hpde_io Read ./data/spase_hpde_io/info/C3_PP_EFW.pkl
2026-02-03T14:52:32.281547Z INFO  hpde_io Reading ./data/spase_hpde_io/info/C3_PP_PEA.pkl
2026-02-03T14:52:32.281756Z INFO  hpde_io Read ./data/spase_hpde_io/info/C3_PP_PEA.pkl
2026-02-03T14:52:32.281820Z INFO  hpde_io Reading ./data/spase_hpde_io/info/C3_PP_RAP.pkl
2026-02-03T14:52:32.281995Z INFO  hpde_io Read ./data/spase_hpde_io/info/C3_PP_RAP.pkl
2026-02-03T14:52:32.282042Z INFO  hpde_io Reading ./data/spase_hpde_io/info/C3_PP_STA.pkl
2026-02-03T14:52:32.282208Z INFO  hpde_io Read ./data/spase_hpde_io/info/C3_PP_STA.pkl
2026-02-03T14:52:32.282253Z INFO  hpde_io Reading ./data/spase_hpde_io/info/C3_PP_WHI.pkl
2026-02-03T14:52:32.282412Z INFO  hpde_io Read ./data/spase_hpde_io/info/C3_PP_WHI.pkl
2026-02-03T14:52:32.282458Z INFO  hpde_io Reading ./data/spase_hpde_io/info/C3_UP_FGM.pkl
2026-02-03T14:52:32.282615Z INFO  hpde_io Read ./data/spase_hpde_io/info/C3_UP_FGM.pkl
2026-02-03T14:52:32.282663Z INFO  hpde_io Reading ./data/spase_hpde_io/info/C3_WAVEFORM_WBD.pkl
2026-02-03T14:52:32.282826Z INFO  hpde_io Read ./data/spase_hpde_io/info/C3_WAVEFORM_WBD.pkl
2026-02-03T14:52:32.282870Z INFO  hpde_io Reading ./data/spase_hpde_io/info/C3_WAVEFORM_WBD_BM2.pkl
2026-02-03T14:52:32.283152Z INFO  hpde_io Read ./data/spase_hpde_io/info/C3_WAVEFORM_WBD_BM2.pkl
2026-02-03T14:52:32.283210Z INFO  hpde_io No hpde.io SPASE record for C4_CP_CIS-CODIF_H1_1D_PEF.
2026-02-03T14:52:32.283242Z INFO  hpde_io No hpde.io SPASE record for C4_CP_CIS-CODIF_HE1_1D_PEF.
2026-02-03T14:52:32.283278Z INFO  hpde_io No hpde.io SPASE record for C4_CP_CIS-CODIF_HE1_DENSITY_CORRECTED.
2026-02-03T14:52:32.283319Z INFO  hpde_io No hpde.io SPASE record for C4_CP_CIS-CODIF_HS_H1_PEF.
2026-02-03T14:52:32.283357Z INFO  hpde_io No hpde.io SPASE record for C4_CP_CIS-CODIF_HS_H1_PF.
2026-02-03T14:52:32.283389Z INFO  hpde_io No hpde.io SPASE record for C4_CP_CIS-CODIF_HS_H1_PSD.
2026-02-03T14:52:32.283419Z INFO  hpde_io No hpde.io SPASE record for C4_CP_CIS-CODIF_HS_HE1_PF.
2026-02-03T14:52:32.283450Z INFO  hpde_io No hpde.io SPASE record for C4_CP_CIS-CODIF_HS_HE1_PSD.
2026-02-03T14:52:32.283481Z INFO  hpde_io No hpde.io SPASE record for C4_CP_CIS-CODIF_HS_O1_PEF.
2026-02-03T14:52:32.283513Z INFO  hpde_io No hpde.io SPASE record for C4_CP_CIS-CODIF_HS_O1_PF.
2026-02-03T14:52:32.283548Z INFO  hpde_io No hpde.io SPASE record for C4_CP_CIS-CODIF_HS_O1_PSD.
2026-02-03T14:52:32.283579Z INFO  hpde_io No hpde.io SPASE record for C4_CP_CIS-CODIF_LS_H1_PEF.
2026-02-03T14:52:32.283610Z INFO  hpde_io No hpde.io SPASE record for C4_CP_CIS-CODIF_LS_H1_PF.
2026-02-03T14:52:32.283644Z INFO  hpde_io No hpde.io SPASE record for C4_CP_CIS-CODIF_LS_H1_PSD.
2026-02-03T14:52:32.283676Z INFO  hpde_io No hpde.io SPASE record for C4_CP_CIS-CODIF_LS_HE1_PEF.
2026-02-03T14:52:32.283709Z INFO  hpde_io No hpde.io SPASE record for C4_CP_CIS-CODIF_LS_HE1_PF.
2026-02-03T14:52:32.283744Z INFO  hpde_io No hpde.io SPASE record for C4_CP_CIS-CODIF_LS_O1_PEF.
2026-02-03T14:52:32.283775Z INFO  hpde_io No hpde.io SPASE record for C4_CP_CIS-CODIF_LS_O1_PF.
2026-02-03T14:52:32.283809Z INFO  hpde_io No hpde.io SPASE record for C4_CP_CIS-CODIF_LS_O1_PSD.
2026-02-03T14:52:32.283841Z INFO  hpde_io No hpde.io SPASE record for C4_CP_CIS-CODIF_O1_1D_PEF.
2026-02-03T14:52:32.283872Z INFO  hpde_io No hpde.io SPASE record for C4_CP_CIS-CODIF_PAD_HS_H1_PF.
2026-02-03T14:52:32.283903Z INFO  hpde_io No hpde.io SPASE record for C4_CP_CIS-CODIF_PAD_HS_HE1_PF.
2026-02-03T14:52:32.283939Z INFO  hpde_io No hpde.io SPASE record for C4_CP_CIS-CODIF_PAD_HS_O1_PF.
2026-02-03T14:52:32.283970Z INFO  hpde_io No hpde.io SPASE record for C4_CP_CIS-CODIF_PAD_LS_H1_PF.
2026-02-03T14:52:32.284003Z INFO  hpde_io No hpde.io SPASE record for C4_CP_CIS-CODIF_PAD_LS_HE1_PF.
2026-02-03T14:52:32.284034Z INFO  hpde_io No hpde.io SPASE record for C4_CP_CIS-CODIF_PAD_LS_O1_PF.
2026-02-03T14:52:32.284066Z INFO  hpde_io No hpde.io SPASE record for C4_CP_EFW_L3_E3D_INERT.
2026-02-03T14:52:32.284097Z INFO  hpde_io No hpde.io SPASE record for C4_CP_EFW_L3_P.
2026-02-03T14:52:32.284132Z INFO  hpde_io No hpde.io SPASE record for C4_CP_EFW_L3_V3D_INERT.
2026-02-03T14:52:32.284162Z INFO  hpde_io No hpde.io SPASE record for C4_CP_FGM_5VPS.
2026-02-03T14:52:32.284191Z INFO  hpde_io Reading ./data/spase_hpde_io/info/C4_CP_FGM_SPIN.pkl
2026-02-03T14:52:32.284398Z INFO  hpde_io Read ./data/spase_hpde_io/info/C4_CP_FGM_SPIN.pkl
2026-02-03T14:52:32.284448Z INFO  hpde_io No hpde.io SPASE record for C4_CP_RAP_E3DD.
2026-02-03T14:52:32.284484Z INFO  hpde_io No hpde.io SPASE record for C4_CP_RAP_ESPCT6.
2026-02-03T14:52:32.284515Z INFO  hpde_io No hpde.io SPASE record for C4_CP_RAP_HSPCT.
2026-02-03T14:52:32.284546Z INFO  hpde_io No hpde.io SPASE record for C4_CP_RAP_I3DM_CNO.
2026-02-03T14:52:32.284576Z INFO  hpde_io No hpde.io SPASE record for C4_CP_RAP_I3DM_H.
2026-02-03T14:52:32.284605Z INFO  hpde_io No hpde.io SPASE record for C4_CP_RAP_I3DM_HE.
2026-02-03T14:52:32.284637Z INFO  hpde_io No hpde.io SPASE record for C4_CP_RAP_ISPCT_CNO.
2026-02-03T14:52:32.284669Z INFO  hpde_io No hpde.io SPASE record for C4_CP_RAP_ISPCT_HE.
2026-02-03T14:52:32.284699Z INFO  hpde_io No hpde.io SPASE record for C4_CP_RAP_L3DD.
2026-02-03T14:52:32.284729Z INFO  hpde_io No hpde.io SPASE record for C4_CP_RAP_PAD_CNO.
2026-02-03T14:52:32.284763Z INFO  hpde_io No hpde.io SPASE record for C4_CP_RAP_PAD_E3DD.
2026-02-03T14:52:32.284798Z INFO  hpde_io No hpde.io SPASE record for C4_CP_RAP_PAD_H.
2026-02-03T14:52:32.284832Z INFO  hpde_io No hpde.io SPASE record for C4_CP_RAP_PAD_HE.
2026-02-03T14:52:32.284864Z INFO  hpde_io No hpde.io SPASE record for C4_CP_RAP_PAD_L3DD.
2026-02-03T14:52:32.284900Z INFO  hpde_io No hpde.io SPASE record for C4_CP_STA_CWF_GSE.
2026-02-03T14:52:32.284934Z INFO  hpde_io No hpde.io SPASE record for C4_CP_STA_PPP.
2026-02-03T14:52:32.284966Z INFO  hpde_io No hpde.io SPASE record for C4_CP_STA_PSD.
2026-02-03T14:52:32.284996Z INFO  hpde_io No hpde.io SPASE record for C4_CP_STA_SM.
2026-02-03T14:52:32.285026Z INFO  hpde_io No hpde.io SPASE record for C4_CP_WHI_ACTIVE.
2026-02-03T14:52:32.285056Z INFO  hpde_io No hpde.io SPASE record for C4_CP_WHI_ELECTRON_DENSITY.
2026-02-03T14:52:32.285085Z INFO  hpde_io No hpde.io SPASE record for C4_CP_WHI_NATURAL.
2026-02-03T14:52:32.285115Z INFO  hpde_io No hpde.io SPASE record for C4_CP_WHI_PASSIVE_ACTIVE.
2026-02-03T14:52:32.285147Z INFO  hpde_io No hpde.io SPASE record for C4_CP_WHI_WAVE_FORM_ENERGY.
2026-02-03T14:52:32.285177Z INFO  hpde_io Reading ./data/spase_hpde_io/info/C4_JP_PMP.pkl
2026-02-03T14:52:32.285361Z INFO  hpde_io Read ./data/spase_hpde_io/info/C4_JP_PMP.pkl
2026-02-03T14:52:32.285401Z INFO  hpde_io Reading ./data/spase_hpde_io/info/C4_JP_PSE.pkl
2026-02-03T14:52:32.285557Z INFO  hpde_io Read ./data/spase_hpde_io/info/C4_JP_PSE.pkl
2026-02-03T14:52:32.285597Z INFO  hpde_io Reading ./data/spase_hpde_io/info/C4_PP_ASP.pkl
2026-02-03T14:52:32.285744Z INFO  hpde_io Read ./data/spase_hpde_io/info/C4_PP_ASP.pkl
2026-02-03T14:52:32.285787Z INFO  hpde_io Reading ./data/spase_hpde_io/info/C4_PP_CIS.pkl
2026-02-03T14:52:32.285958Z INFO  hpde_io Read ./data/spase_hpde_io/info/C4_PP_CIS.pkl
2026-02-03T14:52:32.286008Z INFO  hpde_io Reading ./data/spase_hpde_io/info/C4_PP_DWP.pkl
2026-02-03T14:52:32.286181Z INFO  hpde_io Read ./data/spase_hpde_io/info/C4_PP_DWP.pkl
2026-02-03T14:52:32.286220Z INFO  hpde_io Reading ./data/spase_hpde_io/info/C4_PP_EDI.pkl
2026-02-03T14:52:32.286376Z INFO  hpde_io Read ./data/spase_hpde_io/info/C4_PP_EDI.pkl
2026-02-03T14:52:32.286420Z INFO  hpde_io Reading ./data/spase_hpde_io/info/C4_PP_EFW.pkl
2026-02-03T14:52:32.286569Z INFO  hpde_io Read ./data/spase_hpde_io/info/C4_PP_EFW.pkl
2026-02-03T14:52:32.286607Z INFO  hpde_io Reading ./data/spase_hpde_io/info/C4_PP_PEA.pkl
2026-02-03T14:52:32.286764Z INFO  hpde_io Read ./data/spase_hpde_io/info/C4_PP_PEA.pkl
2026-02-03T14:52:32.286803Z INFO  hpde_io Reading ./data/spase_hpde_io/info/C4_PP_RAP.pkl
2026-02-03T14:52:32.286961Z INFO  hpde_io Read ./data/spase_hpde_io/info/C4_PP_RAP.pkl
2026-02-03T14:52:32.287001Z INFO  hpde_io Reading ./data/spase_hpde_io/info/C4_PP_STA.pkl
2026-02-03T14:52:32.287163Z INFO  hpde_io Read ./data/spase_hpde_io/info/C4_PP_STA.pkl
2026-02-03T14:52:32.287200Z INFO  hpde_io Reading ./data/spase_hpde_io/info/C4_PP_WHI.pkl
2026-02-03T14:52:32.287371Z INFO  hpde_io Read ./data/spase_hpde_io/info/C4_PP_WHI.pkl
2026-02-03T14:52:32.287408Z INFO  hpde_io Reading ./data/spase_hpde_io/info/C4_UP_FGM.pkl
2026-02-03T14:52:32.287555Z INFO  hpde_io Read ./data/spase_hpde_io/info/C4_UP_FGM.pkl
2026-02-03T14:52:32.287594Z INFO  hpde_io Reading ./data/spase_hpde_io/info/C4_WAVEFORM_WBD.pkl
2026-02-03T14:52:32.287742Z INFO  hpde_io Read ./data/spase_hpde_io/info/C4_WAVEFORM_WBD.pkl
2026-02-03T14:52:32.287779Z INFO  hpde_io Reading ./data/spase_hpde_io/info/C4_WAVEFORM_WBD_BM2.pkl
2026-02-03T14:52:32.287967Z INFO  hpde_io Read ./data/spase_hpde_io/info/C4_WAVEFORM_WBD_BM2.pkl
2026-02-03T14:52:32.288008Z INFO  hpde_io Reading ./data/spase_hpde_io/info/CASSINI_HELIO1DAY_POSITION.pkl
2026-02-03T14:52:32.288170Z INFO  hpde_io Read ./data/spase_hpde_io/info/CASSINI_HELIO1DAY_POSITION.pkl
2026-02-03T14:52:32.288210Z INFO  hpde_io Reading ./data/spase_hpde_io/info/CASSINI_HELIO1HR_POSITION.pkl
2026-02-03T14:52:32.288370Z INFO  hpde_io Read ./data/spase_hpde_io/info/CASSINI_HELIO1HR_POSITION.pkl
2026-02-03T14:52:32.288416Z INFO  hpde_io Reading ./data/spase_hpde_io/info/CASSINI_MAG_1MIN_MAGNETIC_FIELD.pkl
2026-02-03T14:52:32.288591Z INFO  hpde_io Read ./data/spase_hpde_io/info/CASSINI_MAG_1MIN_MAGNETIC_FIELD.pkl
2026-02-03T14:52:32.288643Z INFO  hpde_io No hpde.io SPASE record for CIRBE_REPTILE-2_L1A_DETECTORS.
2026-02-03T14:52:32.288675Z INFO  hpde_io No hpde.io SPASE record for CIRBE_REPTILE-2_L1B_RNG_ELECS.
2026-02-03T14:52:32.288707Z INFO  hpde_io No hpde.io SPASE record for CIRBE_REPTILE-2_L2_RNG_ELECS.
2026-02-03T14:52:32.288739Z INFO  hpde_io No hpde.io SPASE record for CLPS-BGM1_LEXI_L1C-PHOTONS.
2026-02-03T14:52:32.288771Z INFO  hpde_io No hpde.io SPASE record for CLPS-BGM1_LEXI_L2-IMAGES.
2026-02-03T14:52:32.288798Z INFO  hpde_io Reading ./data/spase_hpde_io/info/CL_JP_PCY.pkl
2026-02-03T14:52:32.288942Z INFO  hpde_io Read ./data/spase_hpde_io/info/CL_JP_PCY.pkl
2026-02-03T14:52:32.288988Z INFO  hpde_io Reading ./data/spase_hpde_io/info/CL_JP_PGP.pkl
2026-02-03T14:52:32.289191Z INFO  hpde_io Read ./data/spase_hpde_io/info/CL_JP_PGP.pkl
2026-02-03T14:52:32.289229Z INFO  hpde_io Reading ./data/spase_hpde_io/info/CL_SP_AUX.pkl
2026-02-03T14:52:32.289413Z INFO  hpde_io Read ./data/spase_hpde_io/info/CL_SP_AUX.pkl
2026-02-03T14:52:32.289453Z INFO  hpde_io Reading ./data/spase_hpde_io/info/CNOFS_CINDI_IVM_500MS.pkl
2026-02-03T14:52:32.289608Z INFO  hpde_io Read ./data/spase_hpde_io/info/CNOFS_CINDI_IVM_500MS.pkl
2026-02-03T14:52:32.289654Z INFO  hpde_io Reading ./data/spase_hpde_io/info/CNOFS_PLP_PLASMA_1SEC.pkl
2026-02-03T14:52:32.289799Z INFO  hpde_io Read ./data/spase_hpde_io/info/CNOFS_PLP_PLASMA_1SEC.pkl
2026-02-03T14:52:32.289844Z INFO  hpde_io Reading ./data/spase_hpde_io/info/CNOFS_VEFI_BFIELD_1SEC.pkl
2026-02-03T14:52:32.290005Z INFO  hpde_io Read ./data/spase_hpde_io/info/CNOFS_VEFI_BFIELD_1SEC.pkl
2026-02-03T14:52:32.290041Z INFO  hpde_io Reading ./data/spase_hpde_io/info/CNOFS_VEFI_EFIELD_1SEC.pkl
2026-02-03T14:52:32.290191Z INFO  hpde_io Read ./data/spase_hpde_io/info/CNOFS_VEFI_EFIELD_1SEC.pkl
2026-02-03T14:52:32.290231Z INFO  hpde_io Reading ./data/spase_hpde_io/info/CNOFS_VEFI_LD_500MS.pkl
2026-02-03T14:52:32.290372Z INFO  hpde_io Read ./data/spase_hpde_io/info/CNOFS_VEFI_LD_500MS.pkl
2026-02-03T14:52:32.290410Z INFO  hpde_io Reading ./data/spase_hpde_io/info/CN_K0_ASI.pkl
2026-02-03T14:52:32.290592Z INFO  hpde_io Read ./data/spase_hpde_io/info/CN_K0_ASI.pkl
2026-02-03T14:52:32.290662Z INFO  hpde_io Reading ./data/spase_hpde_io/info/CN_K0_BARS.pkl
2026-02-03T14:52:32.290891Z INFO  hpde_io Read ./data/spase_hpde_io/info/CN_K0_BARS.pkl
2026-02-03T14:52:32.290936Z INFO  hpde_io Reading ./data/spase_hpde_io/info/CN_K0_MARI.pkl
2026-02-03T14:52:32.291093Z INFO  hpde_io Read ./data/spase_hpde_io/info/CN_K0_MARI.pkl
2026-02-03T14:52:32.291139Z INFO  hpde_io Reading ./data/spase_hpde_io/info/CN_K0_MPA.pkl
2026-02-03T14:52:32.291342Z INFO  hpde_io Read ./data/spase_hpde_io/info/CN_K0_MPA.pkl
2026-02-03T14:52:32.291383Z INFO  hpde_io Reading ./data/spase_hpde_io/info/CN_K1_MARI.pkl
2026-02-03T14:52:32.291548Z INFO  hpde_io Read ./data/spase_hpde_io/info/CN_K1_MARI.pkl
2026-02-03T14:52:32.291590Z INFO  hpde_io Reading ./data/spase_hpde_io/info/COMETGS_HELIO1DAY_POSITION.pkl
2026-02-03T14:52:32.291748Z INFO  hpde_io Read ./data/spase_hpde_io/info/COMETGS_HELIO1DAY_POSITION.pkl
2026-02-03T14:52:32.291792Z INFO  hpde_io Reading ./data/spase_hpde_io/info/COMETGS_HELIO1HR_POSITION.pkl
2026-02-03T14:52:32.291943Z INFO  hpde_io Read ./data/spase_hpde_io/info/COMETGS_HELIO1HR_POSITION.pkl
2026-02-03T14:52:32.291993Z INFO  hpde_io Reading ./data/spase_hpde_io/info/COMETHMP_HELIO1DAY_POSITION.pkl
2026-02-03T14:52:32.292157Z INFO  hpde_io Read ./data/spase_hpde_io/info/COMETHMP_HELIO1DAY_POSITION.pkl
2026-02-03T14:52:32.292198Z INFO  hpde_io Reading ./data/spase_hpde_io/info/COMETHMP_HELIO1HR_POSITION.pkl
2026-02-03T14:52:32.292347Z INFO  hpde_io Read ./data/spase_hpde_io/info/COMETHMP_HELIO1HR_POSITION.pkl
2026-02-03T14:52:32.292387Z INFO  hpde_io Reading ./data/spase_hpde_io/info/CRRES_H0_MEA.pkl
2026-02-03T14:52:32.292546Z INFO  hpde_io Read ./data/spase_hpde_io/info/CRRES_H0_MEA.pkl
2026-02-03T14:52:32.292587Z INFO  hpde_io Reading ./data/spase_hpde_io/info/CSSWE_REPTILE_6SEC-COUNTS-L1.pkl
2026-02-03T14:52:32.292733Z INFO  hpde_io Read ./data/spase_hpde_io/info/CSSWE_REPTILE_6SEC-COUNTS-L1.pkl
2026-02-03T14:52:32.292773Z INFO  hpde_io Reading ./data/spase_hpde_io/info/CSSWE_REPTILE_6SEC-FLUX-L2.pkl
2026-02-03T14:52:32.292913Z INFO  hpde_io Read ./data/spase_hpde_io/info/CSSWE_REPTILE_6SEC-FLUX-L2.pkl
2026-02-03T14:52:32.292953Z INFO  hpde_io Reading ./data/spase_hpde_io/info/CT_JP_PSE.pkl
2026-02-03T14:52:32.293115Z INFO  hpde_io Read ./data/spase_hpde_io/info/CT_JP_PSE.pkl
2026-02-03T14:52:32.293156Z INFO  hpde_io Reading ./data/spase_hpde_io/info/DAWN_HELIO1DAY_POSITION.pkl
2026-02-03T14:52:32.293339Z INFO  hpde_io Read ./data/spase_hpde_io/info/DAWN_HELIO1DAY_POSITION.pkl
2026-02-03T14:52:32.293377Z INFO  hpde_io Reading ./data/spase_hpde_io/info/DAWN_HELIO1HR_POSITION.pkl
2026-02-03T14:52:32.293554Z INFO  hpde_io Read ./data/spase_hpde_io/info/DAWN_HELIO1HR_POSITION.pkl
2026-02-03T14:52:32.293601Z INFO  hpde_io Reading ./data/spase_hpde_io/info/DE1_1MIN_RIMS.pkl
2026-02-03T14:52:32.294780Z INFO  hpde_io Read ./data/spase_hpde_io/info/DE1_1MIN_RIMS.pkl
2026-02-03T14:52:32.294860Z INFO  hpde_io No hpde.io SPASE record for DE1_2SEC_OA.
2026-02-03T14:52:32.294897Z INFO  hpde_io No hpde.io SPASE record for DE1_62MS_MAGA-GMS.
2026-02-03T14:52:32.294945Z INFO  hpde_io Reading ./data/spase_hpde_io/info/DE1_6SEC_MAGAGMS.pkl
2026-02-03T14:52:32.295179Z INFO  hpde_io Read ./data/spase_hpde_io/info/DE1_6SEC_MAGAGMS.pkl
2026-02-03T14:52:32.295225Z INFO  hpde_io Reading ./data/spase_hpde_io/info/DE1_PWI_LFC-SPECTRA.pkl
2026-02-03T14:52:32.295393Z INFO  hpde_io Read ./data/spase_hpde_io/info/DE1_PWI_LFC-SPECTRA.pkl
2026-02-03T14:52:32.295437Z INFO  hpde_io Reading ./data/spase_hpde_io/info/DE1_PWI_OR-AT.pkl
2026-02-03T14:52:32.295608Z INFO  hpde_io Read ./data/spase_hpde_io/info/DE1_PWI_OR-AT.pkl
2026-02-03T14:52:32.295650Z INFO  hpde_io Reading ./data/spase_hpde_io/info/DE1_PWI_SFC-SPECTRA.pkl
2026-02-03T14:52:32.295827Z INFO  hpde_io Read ./data/spase_hpde_io/info/DE1_PWI_SFC-SPECTRA.pkl
2026-02-03T14:52:32.295867Z INFO  hpde_io Reading ./data/spase_hpde_io/info/DE2_62MS_VEFIMAGB.pkl
2026-02-03T14:52:32.296054Z INFO  hpde_io Read ./data/spase_hpde_io/info/DE2_62MS_VEFIMAGB.pkl
2026-02-03T14:52:32.296103Z INFO  hpde_io Reading ./data/spase_hpde_io/info/DE2_AC500MS_VEFI.pkl
2026-02-03T14:52:32.296313Z INFO  hpde_io Read ./data/spase_hpde_io/info/DE2_AC500MS_VEFI.pkl
2026-02-03T14:52:32.296352Z INFO  hpde_io Reading ./data/spase_hpde_io/info/DE2_DCA500MS_VEFI.pkl
2026-02-03T14:52:32.296529Z INFO  hpde_io Read ./data/spase_hpde_io/info/DE2_DCA500MS_VEFI.pkl
2026-02-03T14:52:32.296567Z INFO  hpde_io Reading ./data/spase_hpde_io/info/DE2_DUCT16MS_RPA.pkl
2026-02-03T14:52:32.296716Z INFO  hpde_io Read ./data/spase_hpde_io/info/DE2_DUCT16MS_RPA.pkl
2026-02-03T14:52:32.296753Z INFO  hpde_io Reading ./data/spase_hpde_io/info/DE2_ION2S_RPA.pkl
2026-02-03T14:52:32.296912Z INFO  hpde_io Read ./data/spase_hpde_io/info/DE2_ION2S_RPA.pkl
2026-02-03T14:52:32.296962Z INFO  hpde_io No hpde.io SPASE record for DE2_LAPI_ELECTRON-FLUX-COUNTS-PPS1.
2026-02-03T14:52:32.297011Z INFO  hpde_io No hpde.io SPASE record for DE2_LAPI_ELECTRON-FLUX-COUNTS-PPS2.
2026-02-03T14:52:32.297073Z INFO  hpde_io No hpde.io SPASE record for DE2_LAPI_GEIGER-MUELLER.
2026-02-03T14:52:32.297134Z INFO  hpde_io No hpde.io SPASE record for DE2_LAPI_GEIGER-MUELLER-RATIO.
2026-02-03T14:52:32.297176Z INFO  hpde_io No hpde.io SPASE record for DE2_LAPI_ION-FLUX-COUNTS-PPS1.
2026-02-03T14:52:32.297211Z INFO  hpde_io No hpde.io SPASE record for DE2_LAPI_ION-FLUX-COUNTS-PPS2.
2026-02-03T14:52:32.297248Z INFO  hpde_io No hpde.io SPASE record for DE2_LAPI_LAPI-MAG.
2026-02-03T14:52:32.297283Z INFO  hpde_io No hpde.io SPASE record for DE2_LAPI_ORBIT-ATTITUDE.
2026-02-03T14:52:32.297320Z INFO  hpde_io No hpde.io SPASE record for DE2_LAPI_ORBIT-ATTITUDE-MAGB.
2026-02-03T14:52:32.297352Z INFO  hpde_io No hpde.io SPASE record for DE2_LAPI_PITCH-ANGLES.
2026-02-03T14:52:32.297380Z INFO  hpde_io No hpde.io SPASE record for DE2_LAPI_PROJECTED-MAGB.
2026-02-03T14:52:32.297406Z INFO  hpde_io No hpde.io SPASE record for DE2_LAPI_SC-MAGB.
2026-02-03T14:52:32.297432Z INFO  hpde_io No hpde.io SPASE record for DE2_LAPI_SHAFT-ENCODER-ANGLE.
2026-02-03T14:52:32.297458Z INFO  hpde_io Reading ./data/spase_hpde_io/info/DE2_NEUTRAL1S_NACS.pkl
2026-02-03T14:52:32.297604Z INFO  hpde_io Read ./data/spase_hpde_io/info/DE2_NEUTRAL1S_NACS.pkl
2026-02-03T14:52:32.297663Z INFO  hpde_io Reading ./data/spase_hpde_io/info/DE2_NEUTRAL8S_FPI.pkl
2026-02-03T14:52:32.297869Z INFO  hpde_io Read ./data/spase_hpde_io/info/DE2_NEUTRAL8S_FPI.pkl
2026-02-03T14:52:32.297949Z INFO  hpde_io Reading ./data/spase_hpde_io/info/DE2_PLASMA500MS_LANG.pkl
2026-02-03T14:52:32.298104Z INFO  hpde_io Read ./data/spase_hpde_io/info/DE2_PLASMA500MS_LANG.pkl
2026-02-03T14:52:32.298152Z INFO  hpde_io Reading ./data/spase_hpde_io/info/DE2_UA16S_ALL.pkl
2026-02-03T14:52:32.298306Z INFO  hpde_io Read ./data/spase_hpde_io/info/DE2_UA16S_ALL.pkl
2026-02-03T14:52:32.298395Z INFO  hpde_io Reading ./data/spase_hpde_io/info/DE2_VION250MS_IDM.pkl
2026-02-03T14:52:32.298539Z INFO  hpde_io Read ./data/spase_hpde_io/info/DE2_VION250MS_IDM.pkl
2026-02-03T14:52:32.298584Z INFO  hpde_io Reading ./data/spase_hpde_io/info/DE2_WIND2S_WATS.pkl
2026-02-03T14:52:32.298767Z INFO  hpde_io Read ./data/spase_hpde_io/info/DE2_WIND2S_WATS.pkl
2026-02-03T14:52:32.298822Z INFO  hpde_io Reading ./data/spase_hpde_io/info/DE_UV_SAI.pkl
2026-02-03T14:52:32.298971Z INFO  hpde_io Read ./data/spase_hpde_io/info/DE_UV_SAI.pkl
2026-02-03T14:52:32.299032Z INFO  hpde_io Reading ./data/spase_hpde_io/info/DE_VS_EICS.pkl
2026-02-03T14:52:32.299191Z INFO  hpde_io Read ./data/spase_hpde_io/info/DE_VS_EICS.pkl
2026-02-03T14:52:32.299245Z INFO  hpde_io No hpde.io SPASE record for DMSP-F06_SSJ_PRECIPITATING-ELECTRONS-IONS.
2026-02-03T14:52:32.299284Z INFO  hpde_io No hpde.io SPASE record for DMSP-F07_SSJ_PRECIPITATING-ELECTRONS-IONS.
2026-02-03T14:52:32.299324Z INFO  hpde_io No hpde.io SPASE record for DMSP-F08_SSJ_PRECIPITATING-ELECTRONS-IONS.
2026-02-03T14:52:32.299365Z INFO  hpde_io No hpde.io SPASE record for DMSP-F09_SSJ_PRECIPITATING-ELECTRONS-IONS.
2026-02-03T14:52:32.299402Z INFO  hpde_io No hpde.io SPASE record for DMSP-F12_SSJ_PRECIPITATING-ELECTRONS-IONS.
2026-02-03T14:52:32.299443Z INFO  hpde_io No hpde.io SPASE record for DMSP-F13_SSJ_PRECIPITATING-ELECTRONS-IONS.
2026-02-03T14:52:32.299477Z INFO  hpde_io No hpde.io SPASE record for DMSP-F14_SSJ_PRECIPITATING-ELECTRONS-IONS.
2026-02-03T14:52:32.299510Z INFO  hpde_io No hpde.io SPASE record for DMSP-F15_SSJ_PRECIPITATING-ELECTRONS-IONS.
2026-02-03T14:52:32.299539Z INFO  hpde_io Reading ./data/spase_hpde_io/info/DMSP-F16_SSIES-3_THERMAL-PLASMA.pkl
2026-02-03T14:52:32.299785Z INFO  hpde_io Read ./data/spase_hpde_io/info/DMSP-F16_SSIES-3_THERMAL-PLASMA.pkl
2026-02-03T14:52:32.299832Z INFO  hpde_io Reading ./data/spase_hpde_io/info/DMSP-F16_SSJ_PRECIPITATING-ELECTRONS-IONS.pkl
2026-02-03T14:52:32.300083Z INFO  hpde_io Read ./data/spase_hpde_io/info/DMSP-F16_SSJ_PRECIPITATING-ELECTRONS-IONS.pkl
2026-02-03T14:52:32.300126Z INFO  hpde_io Reading ./data/spase_hpde_io/info/DMSP-F16_SSM_MAGNETOMETER.pkl
2026-02-03T14:52:32.300349Z INFO  hpde_io Read ./data/spase_hpde_io/info/DMSP-F16_SSM_MAGNETOMETER.pkl
2026-02-03T14:52:32.300388Z INFO  hpde_io Reading ./data/spase_hpde_io/info/DMSP-F17_SSIES-3_THERMAL-PLASMA.pkl
2026-02-03T14:52:32.300610Z INFO  hpde_io Read ./data/spase_hpde_io/info/DMSP-F17_SSIES-3_THERMAL-PLASMA.pkl
2026-02-03T14:52:32.300648Z INFO  hpde_io Reading ./data/spase_hpde_io/info/DMSP-F17_SSJ_PRECIPITATING-ELECTRONS-IONS.pkl
2026-02-03T14:52:32.300892Z INFO  hpde_io Read ./data/spase_hpde_io/info/DMSP-F17_SSJ_PRECIPITATING-ELECTRONS-IONS.pkl
2026-02-03T14:52:32.300932Z INFO  hpde_io Reading ./data/spase_hpde_io/info/DMSP-F17_SSM_MAGNETOMETER.pkl
2026-02-03T14:52:32.301116Z INFO  hpde_io Read ./data/spase_hpde_io/info/DMSP-F17_SSM_MAGNETOMETER.pkl
2026-02-03T14:52:32.301155Z INFO  hpde_io Reading ./data/spase_hpde_io/info/DMSP-F18_SSIES-3_THERMAL-PLASMA.pkl
2026-02-03T14:52:32.301371Z INFO  hpde_io Read ./data/spase_hpde_io/info/DMSP-F18_SSIES-3_THERMAL-PLASMA.pkl
2026-02-03T14:52:32.301409Z INFO  hpde_io Reading ./data/spase_hpde_io/info/DMSP-F18_SSJ_PRECIPITATING-ELECTRONS-IONS.pkl
2026-02-03T14:52:32.301669Z INFO  hpde_io Read ./data/spase_hpde_io/info/DMSP-F18_SSJ_PRECIPITATING-ELECTRONS-IONS.pkl
2026-02-03T14:52:32.301712Z INFO  hpde_io Reading ./data/spase_hpde_io/info/DMSP-F18_SSM_MAGNETOMETER.pkl
2026-02-03T14:52:32.301905Z INFO  hpde_io Read ./data/spase_hpde_io/info/DMSP-F18_SSM_MAGNETOMETER.pkl
2026-02-03T14:52:32.301945Z INFO  hpde_io Reading ./data/spase_hpde_io/info/DN_K0_GBAY.pkl
2026-02-03T14:52:32.302169Z INFO  hpde_io Read ./data/spase_hpde_io/info/DN_K0_GBAY.pkl
2026-02-03T14:52:32.302205Z INFO  hpde_io Reading ./data/spase_hpde_io/info/DN_K0_HANK.pkl
2026-02-03T14:52:32.302395Z INFO  hpde_io Read ./data/spase_hpde_io/info/DN_K0_HANK.pkl
2026-02-03T14:52:32.302434Z INFO  hpde_io Reading ./data/spase_hpde_io/info/DN_K0_ICEW.pkl
2026-02-03T14:52:32.302630Z INFO  hpde_io Read ./data/spase_hpde_io/info/DN_K0_ICEW.pkl
2026-02-03T14:52:32.302668Z INFO  hpde_io Reading ./data/spase_hpde_io/info/DN_K0_KAPU.pkl
2026-02-03T14:52:32.302859Z INFO  hpde_io Read ./data/spase_hpde_io/info/DN_K0_KAPU.pkl
2026-02-03T14:52:32.302896Z INFO  hpde_io Reading ./data/spase_hpde_io/info/DN_K0_PACE.pkl
2026-02-03T14:52:32.303084Z INFO  hpde_io Read ./data/spase_hpde_io/info/DN_K0_PACE.pkl
2026-02-03T14:52:32.303119Z INFO  hpde_io Reading ./data/spase_hpde_io/info/DN_K0_PYKK.pkl
2026-02-03T14:52:32.303301Z INFO  hpde_io Read ./data/spase_hpde_io/info/DN_K0_PYKK.pkl
2026-02-03T14:52:32.303340Z INFO  hpde_io Reading ./data/spase_hpde_io/info/DN_K0_SASK.pkl
2026-02-03T14:52:32.303535Z INFO  hpde_io Read ./data/spase_hpde_io/info/DN_K0_SASK.pkl
2026-02-03T14:52:32.303577Z INFO  hpde_io No hpde.io SPASE record for DN_MAGN-L2-HIRES_G08.
2026-02-03T14:52:32.303619Z INFO  hpde_io No hpde.io SPASE record for DN_MAGN-L2-HIRES_G09.
2026-02-03T14:52:32.303650Z INFO  hpde_io No hpde.io SPASE record for DN_MAGN-L2-HIRES_G10.
2026-02-03T14:52:32.303682Z INFO  hpde_io No hpde.io SPASE record for DN_MAGN-L2-HIRES_G11.
2026-02-03T14:52:32.303713Z INFO  hpde_io No hpde.io SPASE record for DN_MAGN-L2-HIRES_G12.
2026-02-03T14:52:32.303743Z INFO  hpde_io No hpde.io SPASE record for DN_MAGN-L2-HIRES_G13.
2026-02-03T14:52:32.303773Z INFO  hpde_io No hpde.io SPASE record for DN_MAGN-L2-HIRES_G14.
2026-02-03T14:52:32.303804Z INFO  hpde_io No hpde.io SPASE record for DN_MAGN-L2-HIRES_G15.
2026-02-03T14:52:32.303835Z INFO  hpde_io No hpde.io SPASE record for DN_MAGN-L2-HIRES_G16.
2026-02-03T14:52:32.303867Z INFO  hpde_io No hpde.io SPASE record for DN_MAGN-L2-HIRES_G17.
2026-02-03T14:52:32.303894Z INFO  hpde_io No hpde.io SPASE record for DN_MAGN-L2-HIRES_G18.
2026-02-03T14:52:32.303927Z INFO  hpde_io No hpde.io SPASE record for DN_MAGN-L2-HIRES_G19.
2026-02-03T14:52:32.303956Z INFO  hpde_io Reading ./data/spase_hpde_io/info/DSCOVR_AT_DEF.pkl
2026-02-03T14:52:32.304123Z INFO  hpde_io Read ./data/spase_hpde_io/info/DSCOVR_AT_DEF.pkl
2026-02-03T14:52:32.304161Z INFO  hpde_io Reading ./data/spase_hpde_io/info/DSCOVR_AT_PRE.pkl
2026-02-03T14:52:32.304323Z INFO  hpde_io Read ./data/spase_hpde_io/info/DSCOVR_AT_PRE.pkl
2026-02-03T14:52:32.304361Z INFO  hpde_io Reading ./data/spase_hpde_io/info/DSCOVR_H0_MAG.pkl
2026-02-03T14:52:32.304544Z INFO  hpde_io Read ./data/spase_hpde_io/info/DSCOVR_H0_MAG.pkl
2026-02-03T14:52:32.304582Z INFO  hpde_io Reading ./data/spase_hpde_io/info/DSCOVR_H1_FC.pkl
2026-02-03T14:52:32.304753Z INFO  hpde_io Read ./data/spase_hpde_io/info/DSCOVR_H1_FC.pkl
2026-02-03T14:52:32.304790Z INFO  hpde_io Reading ./data/spase_hpde_io/info/DSCOVR_ORBIT_PRE.pkl
2026-02-03T14:52:32.304949Z INFO  hpde_io Read ./data/spase_hpde_io/info/DSCOVR_ORBIT_PRE.pkl
2026-02-03T14:52:32.304991Z INFO  hpde_io No hpde.io SPASE record for DYNAMO-2_DESA_NX02A-ESA-FLUX.
2026-02-03T14:52:32.305018Z INFO  hpde_io Reading ./data/spase_hpde_io/info/EARTH_HELIO1DAY_POSITION.pkl
2026-02-03T14:52:32.305187Z INFO  hpde_io Read ./data/spase_hpde_io/info/EARTH_HELIO1DAY_POSITION.pkl
2026-02-03T14:52:32.305226Z INFO  hpde_io Reading ./data/spase_hpde_io/info/EARTH_HELIO1HR_POSITION.pkl
2026-02-03T14:52:32.305397Z INFO  hpde_io Read ./data/spase_hpde_io/info/EARTH_HELIO1HR_POSITION.pkl
2026-02-03T14:52:32.305445Z INFO  hpde_io Reading ./data/spase_hpde_io/info/ELA_L1_EPDEF.pkl
2026-02-03T14:52:32.305627Z INFO  hpde_io Read ./data/spase_hpde_io/info/ELA_L1_EPDEF.pkl
2026-02-03T14:52:32.305675Z INFO  hpde_io Reading ./data/spase_hpde_io/info/ELA_L1_EPDIF.pkl
2026-02-03T14:52:32.305889Z INFO  hpde_io Read ./data/spase_hpde_io/info/ELA_L1_EPDIF.pkl
2026-02-03T14:52:32.305939Z INFO  hpde_io Reading ./data/spase_hpde_io/info/ELA_L1_STATE_DEFN.pkl
2026-02-03T14:52:32.306098Z INFO  hpde_io Read ./data/spase_hpde_io/info/ELA_L1_STATE_DEFN.pkl
2026-02-03T14:52:32.306144Z INFO  hpde_io Reading ./data/spase_hpde_io/info/ELA_L1_STATE_PRED.pkl
2026-02-03T14:52:32.306308Z INFO  hpde_io Read ./data/spase_hpde_io/info/ELA_L1_STATE_PRED.pkl
2026-02-03T14:52:32.306346Z INFO  hpde_io Reading ./data/spase_hpde_io/info/ELB_L1_EPDEF.pkl
2026-02-03T14:52:32.306515Z INFO  hpde_io Read ./data/spase_hpde_io/info/ELB_L1_EPDEF.pkl
2026-02-03T14:52:32.306552Z INFO  hpde_io Reading ./data/spase_hpde_io/info/ELB_L1_EPDIF.pkl
2026-02-03T14:52:32.306731Z INFO  hpde_io Read ./data/spase_hpde_io/info/ELB_L1_EPDIF.pkl
2026-02-03T14:52:32.306773Z INFO  hpde_io Reading ./data/spase_hpde_io/info/ELB_L1_STATE_DEFN.pkl
2026-02-03T14:52:32.306927Z INFO  hpde_io Read ./data/spase_hpde_io/info/ELB_L1_STATE_DEFN.pkl
2026-02-03T14:52:32.306971Z INFO  hpde_io Reading ./data/spase_hpde_io/info/ELB_L1_STATE_PRED.pkl
2026-02-03T14:52:32.307142Z INFO  hpde_io Read ./data/spase_hpde_io/info/ELB_L1_STATE_PRED.pkl
2026-02-03T14:52:32.307183Z INFO  hpde_io No hpde.io SPASE record for ENDURANCE_EPHEMERIS_DEF.
2026-02-03T14:52:32.307219Z INFO  hpde_io No hpde.io SPASE record for ENDURANCE_EPHEMERIS_GPS.
2026-02-03T14:52:32.307259Z INFO  hpde_io No hpde.io SPASE record for ENDURANCE_FIELDS_SKINPOT-500US.
2026-02-03T14:52:32.307289Z INFO  hpde_io No hpde.io SPASE record for ENDURANCE_FIELDS_VLF-33US.
2026-02-03T14:52:32.307319Z INFO  hpde_io No hpde.io SPASE record for ENDURANCE_L1A_PES.
2026-02-03T14:52:32.307350Z INFO  hpde_io No hpde.io SPASE record for ENDURANCE_L1B_PES.
2026-02-03T14:52:32.307380Z INFO  hpde_io No hpde.io SPASE record for ENDURANCE_L2-ESA_PES.
2026-02-03T14:52:32.307411Z INFO  hpde_io No hpde.io SPASE record for ENDURANCE_L2-GF_PES.
2026-02-03T14:52:32.307445Z INFO  hpde_io No hpde.io SPASE record for ENDURANCE_L2-RPA_PES.
2026-02-03T14:52:32.307476Z INFO  hpde_io No hpde.io SPASE record for ENDURANCE_L2_SLP.
2026-02-03T14:52:32.307506Z INFO  hpde_io No hpde.io SPASE record for ENDURANCE_L2_SLP_PSD.
2026-02-03T14:52:32.307536Z INFO  hpde_io No hpde.io SPASE record for ENDURANCE_L3_PES.
2026-02-03T14:52:32.307564Z INFO  hpde_io Reading ./data/spase_hpde_io/info/EQ_PP_AUX.pkl
2026-02-03T14:52:32.307740Z INFO  hpde_io Read ./data/spase_hpde_io/info/EQ_PP_AUX.pkl
2026-02-03T14:52:32.307785Z INFO  hpde_io Reading ./data/spase_hpde_io/info/EQ_PP_EDI.pkl
2026-02-03T14:52:32.307925Z INFO  hpde_io Read ./data/spase_hpde_io/info/EQ_PP_EDI.pkl
2026-02-03T14:52:32.307966Z INFO  hpde_io Reading ./data/spase_hpde_io/info/EQ_PP_EPI.pkl
2026-02-03T14:52:32.308110Z INFO  hpde_io Read ./data/spase_hpde_io/info/EQ_PP_EPI.pkl
2026-02-03T14:52:32.308147Z INFO  hpde_io Reading ./data/spase_hpde_io/info/EQ_PP_ICI.pkl
2026-02-03T14:52:32.308285Z INFO  hpde_io Read ./data/spase_hpde_io/info/EQ_PP_ICI.pkl
2026-02-03T14:52:32.308321Z INFO  hpde_io Reading ./data/spase_hpde_io/info/EQ_PP_MAM.pkl
2026-02-03T14:52:32.308460Z INFO  hpde_io Read ./data/spase_hpde_io/info/EQ_PP_MAM.pkl
2026-02-03T14:52:32.308496Z INFO  hpde_io Reading ./data/spase_hpde_io/info/EQ_PP_PCD.pkl
2026-02-03T14:52:32.308653Z INFO  hpde_io Read ./data/spase_hpde_io/info/EQ_PP_PCD.pkl
2026-02-03T14:52:32.308688Z INFO  hpde_io Reading ./data/spase_hpde_io/info/EQ_SP_SFD.pkl
2026-02-03T14:52:32.308831Z INFO  hpde_io Read ./data/spase_hpde_io/info/EQ_SP_SFD.pkl
2026-02-03T14:52:32.308874Z INFO  hpde_io No hpde.io SPASE record for ERG_HEP_L2_OMNIFLUX.
2026-02-03T14:52:32.308908Z INFO  hpde_io No hpde.io SPASE record for ERG_LEPE_L2_OMNIFLUX.
2026-02-03T14:52:32.308940Z INFO  hpde_io No hpde.io SPASE record for ERG_LEPI_L2_OMNIFLUX.
2026-02-03T14:52:32.308968Z INFO  hpde_io No hpde.io SPASE record for ERG_MEPE_L2_3DFLUX.
2026-02-03T14:52:32.308995Z INFO  hpde_io No hpde.io SPASE record for ERG_MEPE_L2_OMNIFLUX.
2026-02-03T14:52:32.309026Z INFO  hpde_io No hpde.io SPASE record for ERG_MEPI_L2_3DFLUX.
2026-02-03T14:52:32.309058Z INFO  hpde_io No hpde.io SPASE record for ERG_MEPI_L2_OMNIFLUX.
2026-02-03T14:52:32.309089Z INFO  hpde_io No hpde.io SPASE record for ERG_MGF_L2_8SEC.
2026-02-03T14:52:32.309122Z INFO  hpde_io No hpde.io SPASE record for ERG_ORB_L2.
2026-02-03T14:52:32.309152Z INFO  hpde_io No hpde.io SPASE record for ERG_ORB_LPRE_L2.
2026-02-03T14:52:32.309183Z INFO  hpde_io No hpde.io SPASE record for ERG_ORB_MPRE_L2.
2026-02-03T14:52:32.309214Z INFO  hpde_io No hpde.io SPASE record for ERG_ORB_PRE_L2.
2026-02-03T14:52:32.309245Z INFO  hpde_io No hpde.io SPASE record for ERG_ORB_SPRE_L2.
2026-02-03T14:52:32.309275Z INFO  hpde_io No hpde.io SPASE record for ERG_PWE_EFD_L2_E_SPIN.
2026-02-03T14:52:32.309307Z INFO  hpde_io No hpde.io SPASE record for ERG_PWE_EFD_L2_POT.
2026-02-03T14:52:32.309337Z INFO  hpde_io No hpde.io SPASE record for ERG_PWE_HFA_L2_SPEC_HIGH.
2026-02-03T14:52:32.309370Z INFO  hpde_io No hpde.io SPASE record for ERG_PWE_HFA_L2_SPEC_LOW.
2026-02-03T14:52:32.309398Z INFO  hpde_io No hpde.io SPASE record for ERG_PWE_HFA_L2_SPEC_MONIT.
2026-02-03T14:52:32.309428Z INFO  hpde_io No hpde.io SPASE record for ERG_PWE_OFA_L2_SPEC.
2026-02-03T14:52:32.309459Z INFO  hpde_io No hpde.io SPASE record for ERG_XEP_L2_OMNIFLUX.
2026-02-03T14:52:32.309484Z INFO  hpde_io Reading ./data/spase_hpde_io/info/FAST_HR_DCB.pkl
2026-02-03T14:52:32.309735Z INFO  hpde_io Read ./data/spase_hpde_io/info/FAST_HR_DCB.pkl
2026-02-03T14:52:32.309788Z INFO  hpde_io No hpde.io SPASE record for FAST_OR_SSC.
2026-02-03T14:52:32.309819Z INFO  hpde_io No hpde.io SPASE record for FAST_TEAMS_PA_L2.
2026-02-03T14:52:32.309847Z INFO  hpde_io Reading ./data/spase_hpde_io/info/FA_ESA_L2_EEB.pkl
2026-02-03T14:52:32.310152Z INFO  hpde_io Read ./data/spase_hpde_io/info/FA_ESA_L2_EEB.pkl
2026-02-03T14:52:32.310192Z INFO  hpde_io Reading ./data/spase_hpde_io/info/FA_ESA_L2_EES.pkl
2026-02-03T14:52:32.310446Z INFO  hpde_io Read ./data/spase_hpde_io/info/FA_ESA_L2_EES.pkl
2026-02-03T14:52:32.310485Z INFO  hpde_io Reading ./data/spase_hpde_io/info/FA_ESA_L2_IEB.pkl
2026-02-03T14:52:32.310752Z INFO  hpde_io Read ./data/spase_hpde_io/info/FA_ESA_L2_IEB.pkl
2026-02-03T14:52:32.310794Z INFO  hpde_io Reading ./data/spase_hpde_io/info/FA_ESA_L2_IES.pkl
2026-02-03T14:52:32.311059Z INFO  hpde_io Read ./data/spase_hpde_io/info/FA_ESA_L2_IES.pkl
2026-02-03T14:52:32.311099Z INFO  hpde_io Reading ./data/spase_hpde_io/info/FA_K0_ACF.pkl
2026-02-03T14:52:32.311281Z INFO  hpde_io Read ./data/spase_hpde_io/info/FA_K0_ACF.pkl
2026-02-03T14:52:32.311320Z INFO  hpde_io Reading ./data/spase_hpde_io/info/FA_K0_TMS.pkl
2026-02-03T14:52:32.311575Z INFO  hpde_io Read ./data/spase_hpde_io/info/FA_K0_TMS.pkl
2026-02-03T14:52:32.311613Z INFO  hpde_io Reading ./data/spase_hpde_io/info/FM_K0_KILP.pkl
2026-02-03T14:52:32.311784Z INFO  hpde_io Read ./data/spase_hpde_io/info/FM_K0_KILP.pkl
2026-02-03T14:52:32.311826Z INFO  hpde_io No hpde.io SPASE record for FORMOSAT5_AIP_IDN.
2026-02-03T14:52:32.311857Z INFO  hpde_io Reading ./data/spase_hpde_io/info/G0_K0_EP8.pkl
2026-02-03T14:52:32.311995Z INFO  hpde_io Read ./data/spase_hpde_io/info/G0_K0_EP8.pkl
2026-02-03T14:52:32.312032Z INFO  hpde_io Reading ./data/spase_hpde_io/info/G0_K0_MAG.pkl
2026-02-03T14:52:32.312180Z INFO  hpde_io Read ./data/spase_hpde_io/info/G0_K0_MAG.pkl
2026-02-03T14:52:32.312221Z INFO  hpde_io Reading ./data/spase_hpde_io/info/G10_L2_MAG.pkl
2026-02-03T14:52:32.312419Z INFO  hpde_io Read ./data/spase_hpde_io/info/G10_L2_MAG.pkl
2026-02-03T14:52:32.312459Z INFO  hpde_io Reading ./data/spase_hpde_io/info/G11_L2_MAG.pkl
2026-02-03T14:52:32.312628Z INFO  hpde_io Read ./data/spase_hpde_io/info/G11_L2_MAG.pkl
2026-02-03T14:52:32.312665Z INFO  hpde_io Reading ./data/spase_hpde_io/info/G12_L2_MAG.pkl
2026-02-03T14:52:32.312837Z INFO  hpde_io Read ./data/spase_hpde_io/info/G12_L2_MAG.pkl
2026-02-03T14:52:32.312874Z INFO  hpde_io Reading ./data/spase_hpde_io/info/G6_K0_EPS.pkl
2026-02-03T14:52:32.313047Z INFO  hpde_io Read ./data/spase_hpde_io/info/G6_K0_EPS.pkl
2026-02-03T14:52:32.313086Z INFO  hpde_io Reading ./data/spase_hpde_io/info/G6_K0_MAG.pkl
2026-02-03T14:52:32.313227Z INFO  hpde_io Read ./data/spase_hpde_io/info/G6_K0_MAG.pkl
2026-02-03T14:52:32.313267Z INFO  hpde_io Reading ./data/spase_hpde_io/info/G7_K0_EPS.pkl
2026-02-03T14:52:32.313402Z INFO  hpde_io Read ./data/spase_hpde_io/info/G7_K0_EPS.pkl
2026-02-03T14:52:32.313439Z INFO  hpde_io Reading ./data/spase_hpde_io/info/G7_K0_MAG.pkl
2026-02-03T14:52:32.313592Z INFO  hpde_io Read ./data/spase_hpde_io/info/G7_K0_MAG.pkl
2026-02-03T14:52:32.313633Z INFO  hpde_io Reading ./data/spase_hpde_io/info/G7_K1_MAG.pkl
2026-02-03T14:52:32.313791Z INFO  hpde_io Read ./data/spase_hpde_io/info/G7_K1_MAG.pkl
2026-02-03T14:52:32.313828Z INFO  hpde_io Reading ./data/spase_hpde_io/info/G8_K0_EP8.pkl
2026-02-03T14:52:32.313999Z INFO  hpde_io Read ./data/spase_hpde_io/info/G8_K0_EP8.pkl
2026-02-03T14:52:32.314037Z INFO  hpde_io Reading ./data/spase_hpde_io/info/G8_K0_MAG.pkl
2026-02-03T14:52:32.314194Z INFO  hpde_io Read ./data/spase_hpde_io/info/G8_K0_MAG.pkl
2026-02-03T14:52:32.314230Z INFO  hpde_io Reading ./data/spase_hpde_io/info/G9_K0_EP8.pkl
2026-02-03T14:52:32.314869Z INFO  hpde_io Read ./data/spase_hpde_io/info/G9_K0_EP8.pkl
2026-02-03T14:52:32.314917Z INFO  hpde_io Reading ./data/spase_hpde_io/info/G9_K0_MAG.pkl
2026-02-03T14:52:32.315088Z INFO  hpde_io Read ./data/spase_hpde_io/info/G9_K0_MAG.pkl
2026-02-03T14:52:32.315127Z INFO  hpde_io Reading ./data/spase_hpde_io/info/GALILEO_HELIO1DAY_POSITION.pkl
2026-02-03T14:52:32.315311Z INFO  hpde_io Read ./data/spase_hpde_io/info/GALILEO_HELIO1DAY_POSITION.pkl
2026-02-03T14:52:32.315350Z INFO  hpde_io Reading ./data/spase_hpde_io/info/GALILEO_HELIO1HR_POSITION.pkl
2026-02-03T14:52:32.315511Z INFO  hpde_io Read ./data/spase_hpde_io/info/GALILEO_HELIO1HR_POSITION.pkl
2026-02-03T14:52:32.315551Z INFO  hpde_io Reading ./data/spase_hpde_io/info/GENESIS_3DL2_GIM.pkl
2026-02-03T14:52:32.315704Z INFO  hpde_io Read ./data/spase_hpde_io/info/GENESIS_3DL2_GIM.pkl
2026-02-03T14:52:32.315749Z INFO  hpde_io Reading ./data/spase_hpde_io/info/GE_1MIN_MAG_PLASMA_SW_ONLY.pkl
2026-02-03T14:52:32.315899Z INFO  hpde_io Read ./data/spase_hpde_io/info/GE_1MIN_MAG_PLASMA_SW_ONLY.pkl
2026-02-03T14:52:32.315940Z INFO  hpde_io Reading ./data/spase_hpde_io/info/GE_AT_DEF.pkl
2026-02-03T14:52:32.316081Z INFO  hpde_io Read ./data/spase_hpde_io/info/GE_AT_DEF.pkl
2026-02-03T14:52:32.316122Z INFO  hpde_io Reading ./data/spase_hpde_io/info/GE_AT_PRE.pkl
2026-02-03T14:52:32.316252Z INFO  hpde_io Read ./data/spase_hpde_io/info/GE_AT_PRE.pkl
2026-02-03T14:52:32.316290Z INFO  hpde_io Reading ./data/spase_hpde_io/info/GE_EDA12SEC_LEP.pkl
2026-02-03T14:52:32.316499Z INFO  hpde_io Read ./data/spase_hpde_io/info/GE_EDA12SEC_LEP.pkl
2026-02-03T14:52:32.316579Z INFO  hpde_io Reading ./data/spase_hpde_io/info/GE_EDA3SEC_MGF.pkl
2026-02-03T14:52:32.316777Z INFO  hpde_io Read ./data/spase_hpde_io/info/GE_EDA3SEC_MGF.pkl
2026-02-03T14:52:32.316856Z INFO  hpde_io Reading ./data/spase_hpde_io/info/GE_EDB12SEC_LEP.pkl
2026-02-03T14:52:32.317118Z INFO  hpde_io Read ./data/spase_hpde_io/info/GE_EDB12SEC_LEP.pkl
2026-02-03T14:52:32.317214Z INFO  hpde_io Reading ./data/spase_hpde_io/info/GE_EDB3SEC_MGF.pkl
2026-02-03T14:52:32.317416Z INFO  hpde_io Read ./data/spase_hpde_io/info/GE_EDB3SEC_MGF.pkl
2026-02-03T14:52:32.317478Z INFO  hpde_io Reading ./data/spase_hpde_io/info/GE_H0_CPI.pkl
2026-02-03T14:52:32.317653Z INFO  hpde_io Read ./data/spase_hpde_io/info/GE_H0_CPI.pkl
2026-02-03T14:52:32.317706Z INFO  hpde_io Reading ./data/spase_hpde_io/info/GE_HPAMOM_CPI.pkl
2026-02-03T14:52:32.317887Z INFO  hpde_io Read ./data/spase_hpde_io/info/GE_HPAMOM_CPI.pkl
2026-02-03T14:52:32.317935Z INFO  hpde_io Reading ./data/spase_hpde_io/info/GE_K0_CPI.pkl
2026-02-03T14:52:32.318188Z INFO  hpde_io Read ./data/spase_hpde_io/info/GE_K0_CPI.pkl
2026-02-03T14:52:32.318230Z INFO  hpde_io Reading ./data/spase_hpde_io/info/GE_K0_EFD.pkl
2026-02-03T14:52:32.318382Z INFO  hpde_io Read ./data/spase_hpde_io/info/GE_K0_EFD.pkl
2026-02-03T14:52:32.318422Z INFO  hpde_io Reading ./data/spase_hpde_io/info/GE_K0_EPI.pkl
2026-02-03T14:52:32.318574Z INFO  hpde_io Read ./data/spase_hpde_io/info/GE_K0_EPI.pkl
2026-02-03T14:52:32.318614Z INFO  hpde_io Reading ./data/spase_hpde_io/info/GE_K0_LEP.pkl
2026-02-03T14:52:32.318767Z INFO  hpde_io Read ./data/spase_hpde_io/info/GE_K0_LEP.pkl
2026-02-03T14:52:32.318809Z INFO  hpde_io Reading ./data/spase_hpde_io/info/GE_K0_MGF.pkl
2026-02-03T14:52:32.318977Z INFO  hpde_io Read ./data/spase_hpde_io/info/GE_K0_MGF.pkl
2026-02-03T14:52:32.319018Z INFO  hpde_io Reading ./data/spase_hpde_io/info/GE_K0_PWI.pkl
2026-02-03T14:52:32.319169Z INFO  hpde_io Read ./data/spase_hpde_io/info/GE_K0_PWI.pkl
2026-02-03T14:52:32.319207Z INFO  hpde_io Reading ./data/spase_hpde_io/info/GE_K0_SPHA.pkl
2026-02-03T14:52:32.319363Z INFO  hpde_io Read ./data/spase_hpde_io/info/GE_K0_SPHA.pkl
2026-02-03T14:52:32.319404Z INFO  hpde_io Reading ./data/spase_hpde_io/info/GE_OR_DEF.pkl
2026-02-03T14:52:32.319576Z INFO  hpde_io Read ./data/spase_hpde_io/info/GE_OR_DEF.pkl
2026-02-03T14:52:32.319614Z INFO  hpde_io Reading ./data/spase_hpde_io/info/GE_OR_PRE.pkl
2026-02-03T14:52:32.319763Z INFO  hpde_io Read ./data/spase_hpde_io/info/GE_OR_PRE.pkl
2026-02-03T14:52:32.319801Z INFO  hpde_io Reading ./data/spase_hpde_io/info/GE_SW_CPI.pkl
2026-02-03T14:52:32.319954Z INFO  hpde_io Read ./data/spase_hpde_io/info/GE_SW_CPI.pkl
2026-02-03T14:52:32.319993Z INFO  hpde_io Reading ./data/spase_hpde_io/info/GIACOBINI_HELIO1DAY_POSITION.pkl
2026-02-03T14:52:32.320159Z INFO  hpde_io Read ./data/spase_hpde_io/info/GIACOBINI_HELIO1DAY_POSITION.pkl
2026-02-03T14:52:32.320205Z INFO  hpde_io Reading ./data/spase_hpde_io/info/GIACOBINI_HELIO1HR_POSITION.pkl
2026-02-03T14:52:32.320379Z INFO  hpde_io Read ./data/spase_hpde_io/info/GIACOBINI_HELIO1HR_POSITION.pkl
2026-02-03T14:52:32.320422Z INFO  hpde_io Reading ./data/spase_hpde_io/info/GIOTTO_HELIO1DAY_POSITION.pkl
2026-02-03T14:52:32.320599Z INFO  hpde_io Read ./data/spase_hpde_io/info/GIOTTO_HELIO1DAY_POSITION.pkl
2026-02-03T14:52:32.320641Z INFO  hpde_io Reading ./data/spase_hpde_io/info/GIOTTO_HELIO1HR_POSITION.pkl
2026-02-03T14:52:32.320857Z INFO  hpde_io Read ./data/spase_hpde_io/info/GIOTTO_HELIO1HR_POSITION.pkl
2026-02-03T14:52:32.320905Z INFO  hpde_io Reading ./data/spase_hpde_io/info/GOES10_EPHEMERIS_SSC.pkl
2026-02-03T14:52:32.321127Z INFO  hpde_io Read ./data/spase_hpde_io/info/GOES10_EPHEMERIS_SSC.pkl
2026-02-03T14:52:32.321184Z INFO  hpde_io Reading ./data/spase_hpde_io/info/GOES11_EPHEMERIS_SSC.pkl
2026-02-03T14:52:32.321935Z INFO  hpde_io Read ./data/spase_hpde_io/info/GOES11_EPHEMERIS_SSC.pkl
2026-02-03T14:52:32.321994Z INFO  hpde_io Reading ./data/spase_hpde_io/info/GOES11_K0_EP8.pkl
2026-02-03T14:52:32.322343Z INFO  hpde_io Read ./data/spase_hpde_io/info/GOES11_K0_EP8.pkl
2026-02-03T14:52:32.322385Z INFO  hpde_io Reading ./data/spase_hpde_io/info/GOES11_K0_MAG.pkl
2026-02-03T14:52:32.322537Z INFO  hpde_io Read ./data/spase_hpde_io/info/GOES11_K0_MAG.pkl
2026-02-03T14:52:32.322577Z INFO  hpde_io Reading ./data/spase_hpde_io/info/GOES12_EPHEMERIS_SSC.pkl
2026-02-03T14:52:32.322817Z INFO  hpde_io Read ./data/spase_hpde_io/info/GOES12_EPHEMERIS_SSC.pkl
2026-02-03T14:52:32.322856Z INFO  hpde_io Reading ./data/spase_hpde_io/info/GOES12_K0_MAG.pkl
2026-02-03T14:52:32.323016Z INFO  hpde_io Read ./data/spase_hpde_io/info/GOES12_K0_MAG.pkl
2026-02-03T14:52:32.323053Z INFO  hpde_io Reading ./data/spase_hpde_io/info/GOES13_EPEAD-SCIENCE-ELECTRONS-E13EW_1MIN.pkl
2026-02-03T14:52:32.323215Z INFO  hpde_io Read ./data/spase_hpde_io/info/GOES13_EPEAD-SCIENCE-ELECTRONS-E13EW_1MIN.pkl
2026-02-03T14:52:32.323272Z INFO  hpde_io Reading ./data/spase_hpde_io/info/GOES13_EPHEMERIS_SSC.pkl
2026-02-03T14:52:32.323608Z INFO  hpde_io Read ./data/spase_hpde_io/info/GOES13_EPHEMERIS_SSC.pkl
2026-02-03T14:52:32.323659Z INFO  hpde_io Reading ./data/spase_hpde_io/info/GOES13_EPS-MAGED_1MIN.pkl
2026-02-03T14:52:32.324035Z INFO  hpde_io Read ./data/spase_hpde_io/info/GOES13_EPS-MAGED_1MIN.pkl
2026-02-03T14:52:32.324093Z INFO  hpde_io Reading ./data/spase_hpde_io/info/GOES13_EPS-MAGED_5MIN.pkl
2026-02-03T14:52:32.324307Z INFO  hpde_io Read ./data/spase_hpde_io/info/GOES13_EPS-MAGED_5MIN.pkl
2026-02-03T14:52:32.324357Z INFO  hpde_io Reading ./data/spase_hpde_io/info/GOES13_EPS-PITCH-ANGLES_1MIN.pkl
2026-02-03T14:52:32.324496Z INFO  hpde_io Read ./data/spase_hpde_io/info/GOES13_EPS-PITCH-ANGLES_1MIN.pkl
2026-02-03T14:52:32.324540Z INFO  hpde_io Reading ./data/spase_hpde_io/info/GOES14_EPEAD-SCIENCE-ELECTRONS-E13EW_1MIN.pkl
2026-02-03T14:52:32.324662Z INFO  hpde_io Read ./data/spase_hpde_io/info/GOES14_EPEAD-SCIENCE-ELECTRONS-E13EW_1MIN.pkl
2026-02-03T14:52:32.324705Z INFO  hpde_io Reading ./data/spase_hpde_io/info/GOES14_EPHEMERIS_SSC.pkl
2026-02-03T14:52:32.324882Z INFO  hpde_io Read ./data/spase_hpde_io/info/GOES14_EPHEMERIS_SSC.pkl
2026-02-03T14:52:32.324922Z INFO  hpde_io Reading ./data/spase_hpde_io/info/GOES14_EPS-MAGED_1MIN.pkl
2026-02-03T14:52:32.325169Z INFO  hpde_io Read ./data/spase_hpde_io/info/GOES14_EPS-MAGED_1MIN.pkl
2026-02-03T14:52:32.325211Z INFO  hpde_io Reading ./data/spase_hpde_io/info/GOES14_EPS-MAGED_5MIN.pkl
2026-02-03T14:52:32.325426Z INFO  hpde_io Read ./data/spase_hpde_io/info/GOES14_EPS-MAGED_5MIN.pkl
2026-02-03T14:52:32.325467Z INFO  hpde_io Reading ./data/spase_hpde_io/info/GOES14_EPS-PITCH-ANGLES_1MIN.pkl
2026-02-03T14:52:32.325623Z INFO  hpde_io Read ./data/spase_hpde_io/info/GOES14_EPS-PITCH-ANGLES_1MIN.pkl
2026-02-03T14:52:32.325664Z INFO  hpde_io Reading ./data/spase_hpde_io/info/GOES15_EPEAD-SCIENCE-ELECTRONS-E13EW_1MIN.pkl
2026-02-03T14:52:32.325802Z INFO  hpde_io Read ./data/spase_hpde_io/info/GOES15_EPEAD-SCIENCE-ELECTRONS-E13EW_1MIN.pkl
2026-02-03T14:52:32.325846Z INFO  hpde_io Reading ./data/spase_hpde_io/info/GOES15_EPHEMERIS_SSC.pkl
2026-02-03T14:52:32.326099Z INFO  hpde_io Read ./data/spase_hpde_io/info/GOES15_EPHEMERIS_SSC.pkl
2026-02-03T14:52:32.326139Z INFO  hpde_io Reading ./data/spase_hpde_io/info/GOES15_EPS-MAGED_1MIN.pkl
2026-02-03T14:52:32.326418Z INFO  hpde_io Read ./data/spase_hpde_io/info/GOES15_EPS-MAGED_1MIN.pkl
2026-02-03T14:52:32.326464Z INFO  hpde_io Reading ./data/spase_hpde_io/info/GOES15_EPS-MAGED_5MIN.pkl
2026-02-03T14:52:32.326685Z INFO  hpde_io Read ./data/spase_hpde_io/info/GOES15_EPS-MAGED_5MIN.pkl
2026-02-03T14:52:32.326730Z INFO  hpde_io Reading ./data/spase_hpde_io/info/GOES15_EPS-PITCH-ANGLES_1MIN.pkl
2026-02-03T14:52:32.326885Z INFO  hpde_io Read ./data/spase_hpde_io/info/GOES15_EPS-PITCH-ANGLES_1MIN.pkl
2026-02-03T14:52:32.326924Z INFO  hpde_io Reading ./data/spase_hpde_io/info/GOES16_EPHEMERIS_SSC.pkl
2026-02-03T14:52:32.327125Z INFO  hpde_io Read ./data/spase_hpde_io/info/GOES16_EPHEMERIS_SSC.pkl
2026-02-03T14:52:32.327166Z INFO  hpde_io Reading ./data/spase_hpde_io/info/GOES17_EPHEMERIS_SSC.pkl
2026-02-03T14:52:32.327386Z INFO  hpde_io Read ./data/spase_hpde_io/info/GOES17_EPHEMERIS_SSC.pkl
2026-02-03T14:52:32.327445Z INFO  hpde_io No hpde.io SPASE record for GOES18_EPHEMERIS_SSC.
2026-02-03T14:52:32.327475Z INFO  hpde_io Reading ./data/spase_hpde_io/info/GOES8_EPHEMERIS_SSC.pkl
2026-02-03T14:52:32.327677Z INFO  hpde_io Read ./data/spase_hpde_io/info/GOES8_EPHEMERIS_SSC.pkl
2026-02-03T14:52:32.327719Z INFO  hpde_io Reading ./data/spase_hpde_io/info/GOES9_EPHEMERIS_SSC.pkl
2026-02-03T14:52:32.327922Z INFO  hpde_io Read ./data/spase_hpde_io/info/GOES9_EPHEMERIS_SSC.pkl
2026-02-03T14:52:32.327961Z INFO  hpde_io Reading ./data/spase_hpde_io/info/GOLD_L2_NMAX.pkl
2026-02-03T14:52:32.328115Z INFO  hpde_io Read ./data/spase_hpde_io/info/GOLD_L2_NMAX.pkl
2026-02-03T14:52:32.328160Z INFO  hpde_io No hpde.io SPASE record for GOLD_L2_O2DEN.
2026-02-03T14:52:32.328192Z INFO  hpde_io Reading ./data/spase_hpde_io/info/GOLD_L2_ON2.pkl
2026-02-03T14:52:32.328350Z INFO  hpde_io Read ./data/spase_hpde_io/info/GOLD_L2_ON2.pkl
2026-02-03T14:52:32.328391Z INFO  hpde_io Reading ./data/spase_hpde_io/info/GOLD_L2_TDISK.pkl
2026-02-03T14:52:32.328554Z INFO  hpde_io Read ./data/spase_hpde_io/info/GOLD_L2_TDISK.pkl
2026-02-03T14:52:32.328602Z INFO  hpde_io No hpde.io SPASE record for GPS_RF_LANL-VTEC-1HR.
2026-02-03T14:52:32.328631Z INFO  hpde_io Reading ./data/spase_hpde_io/info/GPS_ROTI15MIN_JPL.pkl
2026-02-03T14:52:32.328846Z INFO  hpde_io Read ./data/spase_hpde_io/info/GPS_ROTI15MIN_JPL.pkl
2026-02-03T14:52:32.328885Z INFO  hpde_io Reading ./data/spase_hpde_io/info/GPS_TEC15MIN_IGS.pkl
2026-02-03T14:52:32.329027Z INFO  hpde_io Read ./data/spase_hpde_io/info/GPS_TEC15MIN_IGS.pkl
2026-02-03T14:52:32.329067Z INFO  hpde_io Reading ./data/spase_hpde_io/info/GPS_TEC1HR_IGS.pkl
2026-02-03T14:52:32.329205Z INFO  hpde_io Read ./data/spase_hpde_io/info/GPS_TEC1HR_IGS.pkl
2026-02-03T14:52:32.329247Z INFO  hpde_io Reading ./data/spase_hpde_io/info/GPS_TEC2HR_IGS.pkl
2026-02-03T14:52:32.329381Z INFO  hpde_io Read ./data/spase_hpde_io/info/GPS_TEC2HR_IGS.pkl
2026-02-03T14:52:32.329424Z INFO  hpde_io Reading ./data/spase_hpde_io/info/HALEBOPP_HELIO1DAY_POSITION.pkl
2026-02-03T14:52:32.329578Z INFO  hpde_io Read ./data/spase_hpde_io/info/HALEBOPP_HELIO1DAY_POSITION.pkl
2026-02-03T14:52:32.329622Z INFO  hpde_io Reading ./data/spase_hpde_io/info/HALEBOPP_HELIO1HR_POSITION.pkl
2026-02-03T14:52:32.329775Z INFO  hpde_io Read ./data/spase_hpde_io/info/HALEBOPP_HELIO1HR_POSITION.pkl
2026-02-03T14:52:32.329813Z INFO  hpde_io Reading ./data/spase_hpde_io/info/HALLEY_HELIO1DAY_POSITION.pkl
2026-02-03T14:52:32.329974Z INFO  hpde_io Read ./data/spase_hpde_io/info/HALLEY_HELIO1DAY_POSITION.pkl
2026-02-03T14:52:32.330015Z INFO  hpde_io Reading ./data/spase_hpde_io/info/HALLEY_HELIO1HR_POSITION.pkl
2026-02-03T14:52:32.330157Z INFO  hpde_io Read ./data/spase_hpde_io/info/HALLEY_HELIO1HR_POSITION.pkl
2026-02-03T14:52:32.330194Z INFO  hpde_io Reading ./data/spase_hpde_io/info/HEL1_6SEC_NESSMAG.pkl
2026-02-03T14:52:32.330366Z INFO  hpde_io Read ./data/spase_hpde_io/info/HEL1_6SEC_NESSMAG.pkl
2026-02-03T14:52:32.330417Z INFO  hpde_io Reading ./data/spase_hpde_io/info/HEL2_6SEC_NESSMAG.pkl
2026-02-03T14:52:32.330573Z INFO  hpde_io Read ./data/spase_hpde_io/info/HEL2_6SEC_NESSMAG.pkl
2026-02-03T14:52:32.330614Z INFO  hpde_io Reading ./data/spase_hpde_io/info/HELIOS1_40SEC_MAG-PLASMA.pkl
2026-02-03T14:52:32.330771Z INFO  hpde_io Read ./data/spase_hpde_io/info/HELIOS1_40SEC_MAG-PLASMA.pkl
2026-02-03T14:52:32.330811Z INFO  hpde_io Reading ./data/spase_hpde_io/info/HELIOS1_COHO1HR_MERGED_MAG_PLASMA.pkl
2026-02-03T14:52:32.330993Z INFO  hpde_io Read ./data/spase_hpde_io/info/HELIOS1_COHO1HR_MERGED_MAG_PLASMA.pkl
2026-02-03T14:52:32.331032Z INFO  hpde_io Reading ./data/spase_hpde_io/info/HELIOS1_E6_1HOUR_PARTICLE_FLUX.pkl
2026-02-03T14:52:32.331270Z INFO  hpde_io Read ./data/spase_hpde_io/info/HELIOS1_E6_1HOUR_PARTICLE_FLUX.pkl
2026-02-03T14:52:32.331311Z INFO  hpde_io Reading ./data/spase_hpde_io/info/HELIOS1_E6_KUNOW_1HOUR_PARTICLE-FLUX.pkl
2026-02-03T14:52:32.331502Z INFO  hpde_io Read ./data/spase_hpde_io/info/HELIOS1_E6_KUNOW_1HOUR_PARTICLE-FLUX.pkl
2026-02-03T14:52:32.331542Z INFO  hpde_io Reading ./data/spase_hpde_io/info/HELIOS1_HELIO1DAY_POSITION.pkl
2026-02-03T14:52:32.331712Z INFO  hpde_io Read ./data/spase_hpde_io/info/HELIOS1_HELIO1DAY_POSITION.pkl
2026-02-03T14:52:32.331754Z INFO  hpde_io Reading ./data/spase_hpde_io/info/HELIOS1_HELIO1HR_POSITION.pkl
2026-02-03T14:52:32.331914Z INFO  hpde_io Read ./data/spase_hpde_io/info/HELIOS1_HELIO1HR_POSITION.pkl
2026-02-03T14:52:32.331955Z INFO  hpde_io Reading ./data/spase_hpde_io/info/HELIOS2_40SEC_MAG-PLASMA.pkl
2026-02-03T14:52:32.332100Z INFO  hpde_io Read ./data/spase_hpde_io/info/HELIOS2_40SEC_MAG-PLASMA.pkl
2026-02-03T14:52:32.332137Z INFO  hpde_io Reading ./data/spase_hpde_io/info/HELIOS2_COHO1HR_MERGED_MAG_PLASMA.pkl
2026-02-03T14:52:32.332302Z INFO  hpde_io Read ./data/spase_hpde_io/info/HELIOS2_COHO1HR_MERGED_MAG_PLASMA.pkl
2026-02-03T14:52:32.332340Z INFO  hpde_io Reading ./data/spase_hpde_io/info/HELIOS2_E6_1HOUR_PARTICLE_FLUX.pkl
2026-02-03T14:52:32.332533Z INFO  hpde_io Read ./data/spase_hpde_io/info/HELIOS2_E6_1HOUR_PARTICLE_FLUX.pkl
2026-02-03T14:52:32.332571Z INFO  hpde_io Reading ./data/spase_hpde_io/info/HELIOS2_E6_KUNOW_1HOUR_PARTICLE-FLUX.pkl
2026-02-03T14:52:32.332764Z INFO  hpde_io Read ./data/spase_hpde_io/info/HELIOS2_E6_KUNOW_1HOUR_PARTICLE-FLUX.pkl
2026-02-03T14:52:32.332802Z INFO  hpde_io Reading ./data/spase_hpde_io/info/HELIOS2_HELIO1DAY_POSITION.pkl
2026-02-03T14:52:32.332968Z INFO  hpde_io Read ./data/spase_hpde_io/info/HELIOS2_HELIO1DAY_POSITION.pkl
2026-02-03T14:52:32.333007Z INFO  hpde_io Reading ./data/spase_hpde_io/info/HELIOS2_HELIO1HR_POSITION.pkl
2026-02-03T14:52:32.333164Z INFO  hpde_io Read ./data/spase_hpde_io/info/HELIOS2_HELIO1HR_POSITION.pkl
2026-02-03T14:52:32.333205Z INFO  hpde_io Reading ./data/spase_hpde_io/info/HK_H0_MAG.pkl
2026-02-03T14:52:32.333355Z INFO  hpde_io Read ./data/spase_hpde_io/info/HK_H0_MAG.pkl
2026-02-03T14:52:32.333392Z INFO  hpde_io Reading ./data/spase_hpde_io/info/HK_H0_VLF.pkl
2026-02-03T14:52:32.333559Z INFO  hpde_io Read ./data/spase_hpde_io/info/HK_H0_VLF.pkl
2026-02-03T14:52:32.333597Z INFO  hpde_io Reading ./data/spase_hpde_io/info/HYAKUTAKE_HELIO1DAY_POSITION.pkl
2026-02-03T14:52:32.333785Z INFO  hpde_io Read ./data/spase_hpde_io/info/HYAKUTAKE_HELIO1DAY_POSITION.pkl
2026-02-03T14:52:32.333826Z INFO  hpde_io Reading ./data/spase_hpde_io/info/HYAKUTAKE_HELIO1HR_POSITION.pkl
2026-02-03T14:52:32.333989Z INFO  hpde_io Read ./data/spase_hpde_io/info/HYAKUTAKE_HELIO1HR_POSITION.pkl
2026-02-03T14:52:32.334029Z INFO  hpde_io Reading ./data/spase_hpde_io/info/I1_AV2_OTT.pkl
2026-02-03T14:52:32.334233Z INFO  hpde_io Read ./data/spase_hpde_io/info/I1_AV2_OTT.pkl
2026-02-03T14:52:32.334274Z INFO  hpde_io Reading ./data/spase_hpde_io/info/I1_AV2_QUI.pkl
2026-02-03T14:52:32.334554Z INFO  hpde_io Read ./data/spase_hpde_io/info/I1_AV2_QUI.pkl
2026-02-03T14:52:32.334607Z INFO  hpde_io No hpde.io SPASE record for I1_AV2_SNT.
2026-02-03T14:52:32.334640Z INFO  hpde_io Reading ./data/spase_hpde_io/info/I1_AV2_ULA.pkl
2026-02-03T14:52:32.334831Z INFO  hpde_io Read ./data/spase_hpde_io/info/I1_AV2_ULA.pkl
2026-02-03T14:52:32.334869Z INFO  hpde_io Reading ./data/spase_hpde_io/info/I1_AV_ALL.pkl
2026-02-03T14:52:32.335038Z INFO  hpde_io Read ./data/spase_hpde_io/info/I1_AV_ALL.pkl
2026-02-03T14:52:32.335079Z INFO  hpde_io Reading ./data/spase_hpde_io/info/I1_AV_KER.pkl
2026-02-03T14:52:32.335279Z INFO  hpde_io Read ./data/spase_hpde_io/info/I1_AV_KER.pkl
2026-02-03T14:52:32.335319Z INFO  hpde_io Reading ./data/spase_hpde_io/info/I1_AV_KSH.pkl
2026-02-03T14:52:32.335516Z INFO  hpde_io Read ./data/spase_hpde_io/info/I1_AV_KSH.pkl
2026-02-03T14:52:32.335559Z INFO  hpde_io Reading ./data/spase_hpde_io/info/I1_AV_KWA.pkl
2026-02-03T14:52:32.335749Z INFO  hpde_io Read ./data/spase_hpde_io/info/I1_AV_KWA.pkl
2026-02-03T14:52:32.335786Z INFO  hpde_io Reading ./data/spase_hpde_io/info/I1_AV_ODG.pkl
2026-02-03T14:52:32.335976Z INFO  hpde_io Read ./data/spase_hpde_io/info/I1_AV_ODG.pkl
2026-02-03T14:52:32.336013Z INFO  hpde_io Reading ./data/spase_hpde_io/info/I1_AV_ORR.pkl
2026-02-03T14:52:32.336664Z INFO  hpde_io Read ./data/spase_hpde_io/info/I1_AV_ORR.pkl
2026-02-03T14:52:32.336721Z INFO  hpde_io Reading ./data/spase_hpde_io/info/I1_AV_OTT.pkl
2026-02-03T14:52:32.336922Z INFO  hpde_io Read ./data/spase_hpde_io/info/I1_AV_OTT.pkl
2026-02-03T14:52:32.336964Z INFO  hpde_io Reading ./data/spase_hpde_io/info/I1_AV_QUI.pkl
2026-02-03T14:52:32.337167Z INFO  hpde_io Read ./data/spase_hpde_io/info/I1_AV_QUI.pkl
2026-02-03T14:52:32.337206Z INFO  hpde_io Reading ./data/spase_hpde_io/info/I1_AV_RES.pkl
2026-02-03T14:52:32.337407Z INFO  hpde_io Read ./data/spase_hpde_io/info/I1_AV_RES.pkl
2026-02-03T14:52:32.337449Z INFO  hpde_io Reading ./data/spase_hpde_io/info/I1_AV_SNT.pkl
2026-02-03T14:52:32.337636Z INFO  hpde_io Read ./data/spase_hpde_io/info/I1_AV_SNT.pkl
2026-02-03T14:52:32.337676Z INFO  hpde_io Reading ./data/spase_hpde_io/info/I1_AV_SOD.pkl
2026-02-03T14:52:32.337867Z INFO  hpde_io Read ./data/spase_hpde_io/info/I1_AV_SOD.pkl
2026-02-03T14:52:32.337907Z INFO  hpde_io Reading ./data/spase_hpde_io/info/I1_AV_TRO.pkl
2026-02-03T14:52:32.338115Z INFO  hpde_io Read ./data/spase_hpde_io/info/I1_AV_TRO.pkl
2026-02-03T14:52:32.338155Z INFO  hpde_io Reading ./data/spase_hpde_io/info/I1_AV_ULA.pkl
2026-02-03T14:52:32.338345Z INFO  hpde_io Read ./data/spase_hpde_io/info/I1_AV_ULA.pkl
2026-02-03T14:52:32.338382Z INFO  hpde_io Reading ./data/spase_hpde_io/info/I1_AV_WNK.pkl
2026-02-03T14:52:32.338589Z INFO  hpde_io Read ./data/spase_hpde_io/info/I1_AV_WNK.pkl
2026-02-03T14:52:32.338633Z INFO  hpde_io Reading ./data/spase_hpde_io/info/I1_NEPROF_TOPS.pkl
2026-02-03T14:52:32.338792Z INFO  hpde_io Read ./data/spase_hpde_io/info/I1_NEPROF_TOPS.pkl
2026-02-03T14:52:32.338831Z INFO  hpde_io Reading ./data/spase_hpde_io/info/I2_AV_ACN.pkl
2026-02-03T14:52:32.339035Z INFO  hpde_io Read ./data/spase_hpde_io/info/I2_AV_ACN.pkl
2026-02-03T14:52:32.339075Z INFO  hpde_io Reading ./data/spase_hpde_io/info/I2_AV_ADL.pkl
2026-02-03T14:52:32.339262Z INFO  hpde_io Read ./data/spase_hpde_io/info/I2_AV_ADL.pkl
2026-02-03T14:52:32.339302Z INFO  hpde_io Reading ./data/spase_hpde_io/info/I2_AV_AME.pkl
2026-02-03T14:52:32.339488Z INFO  hpde_io Read ./data/spase_hpde_io/info/I2_AV_AME.pkl
2026-02-03T14:52:32.339526Z INFO  hpde_io Reading ./data/spase_hpde_io/info/I2_AV_BRZ.pkl
2026-02-03T14:52:32.339723Z INFO  hpde_io Read ./data/spase_hpde_io/info/I2_AV_BRZ.pkl
2026-02-03T14:52:32.339766Z INFO  hpde_io Reading ./data/spase_hpde_io/info/I2_AV_BUR.pkl
2026-02-03T14:52:32.339961Z INFO  hpde_io Read ./data/spase_hpde_io/info/I2_AV_BUR.pkl
2026-02-03T14:52:32.340000Z INFO  hpde_io Reading ./data/spase_hpde_io/info/I2_AV_CNA.pkl
2026-02-03T14:52:32.340181Z INFO  hpde_io Read ./data/spase_hpde_io/info/I2_AV_CNA.pkl
2026-02-03T14:52:32.340219Z INFO  hpde_io Reading ./data/spase_hpde_io/info/I2_AV_KER.pkl
2026-02-03T14:52:32.340416Z INFO  hpde_io Read ./data/spase_hpde_io/info/I2_AV_KER.pkl
2026-02-03T14:52:32.340458Z INFO  hpde_io Reading ./data/spase_hpde_io/info/I2_AV_KRU.pkl
2026-02-03T14:52:32.340647Z INFO  hpde_io Read ./data/spase_hpde_io/info/I2_AV_KRU.pkl
2026-02-03T14:52:32.340687Z INFO  hpde_io Reading ./data/spase_hpde_io/info/I2_AV_KSH.pkl
2026-02-03T14:52:32.340868Z INFO  hpde_io Read ./data/spase_hpde_io/info/I2_AV_KSH.pkl
2026-02-03T14:52:32.340906Z INFO  hpde_io Reading ./data/spase_hpde_io/info/I2_AV_KWA.pkl
2026-02-03T14:52:32.341099Z INFO  hpde_io Read ./data/spase_hpde_io/info/I2_AV_KWA.pkl
2026-02-03T14:52:32.341139Z INFO  hpde_io Reading ./data/spase_hpde_io/info/I2_AV_LAU.pkl
2026-02-03T14:52:32.341339Z INFO  hpde_io Read ./data/spase_hpde_io/info/I2_AV_LAU.pkl
2026-02-03T14:52:32.341378Z INFO  hpde_io Reading ./data/spase_hpde_io/info/I2_AV_ODG.pkl
2026-02-03T14:52:32.341566Z INFO  hpde_io Read ./data/spase_hpde_io/info/I2_AV_ODG.pkl
2026-02-03T14:52:32.341603Z INFO  hpde_io Reading ./data/spase_hpde_io/info/I2_AV_ORR.pkl
2026-02-03T14:52:32.341800Z INFO  hpde_io Read ./data/spase_hpde_io/info/I2_AV_ORR.pkl
2026-02-03T14:52:32.341841Z INFO  hpde_io Reading ./data/spase_hpde_io/info/I2_AV_OTT.pkl
2026-02-03T14:52:32.342031Z INFO  hpde_io Read ./data/spase_hpde_io/info/I2_AV_OTT.pkl
2026-02-03T14:52:32.342072Z INFO  hpde_io Reading ./data/spase_hpde_io/info/I2_AV_QUI.pkl
2026-02-03T14:52:32.342259Z INFO  hpde_io Read ./data/spase_hpde_io/info/I2_AV_QUI.pkl
2026-02-03T14:52:32.342299Z INFO  hpde_io Reading ./data/spase_hpde_io/info/I2_AV_RES.pkl
2026-02-03T14:52:32.342493Z INFO  hpde_io Read ./data/spase_hpde_io/info/I2_AV_RES.pkl
2026-02-03T14:52:32.342535Z INFO  hpde_io Reading ./data/spase_hpde_io/info/I2_AV_SNT.pkl
2026-02-03T14:52:32.342725Z INFO  hpde_io Read ./data/spase_hpde_io/info/I2_AV_SNT.pkl
2026-02-03T14:52:32.342763Z INFO  hpde_io Reading ./data/spase_hpde_io/info/I2_AV_SOD.pkl
2026-02-03T14:52:32.342981Z INFO  hpde_io Read ./data/spase_hpde_io/info/I2_AV_SOD.pkl
2026-02-03T14:52:32.343044Z INFO  hpde_io Reading ./data/spase_hpde_io/info/I2_AV_SOL.pkl
2026-02-03T14:52:32.343260Z INFO  hpde_io Read ./data/spase_hpde_io/info/I2_AV_SOL.pkl
2026-02-03T14:52:32.343310Z INFO  hpde_io Reading ./data/spase_hpde_io/info/I2_AV_SYO.pkl
2026-02-03T14:52:32.343510Z INFO  hpde_io Read ./data/spase_hpde_io/info/I2_AV_SYO.pkl
2026-02-03T14:52:32.343554Z INFO  hpde_io Reading ./data/spase_hpde_io/info/I2_AV_TRO.pkl
2026-02-03T14:52:32.343748Z INFO  hpde_io Read ./data/spase_hpde_io/info/I2_AV_TRO.pkl
2026-02-03T14:52:32.343789Z INFO  hpde_io Reading ./data/spase_hpde_io/info/I2_AV_ULA.pkl
2026-02-03T14:52:32.343989Z INFO  hpde_io Read ./data/spase_hpde_io/info/I2_AV_ULA.pkl
2026-02-03T14:52:32.344031Z INFO  hpde_io Reading ./data/spase_hpde_io/info/I2_AV_WNK.pkl
2026-02-03T14:52:32.344240Z INFO  hpde_io Read ./data/spase_hpde_io/info/I2_AV_WNK.pkl
2026-02-03T14:52:32.344284Z INFO  hpde_io Reading ./data/spase_hpde_io/info/I2_NEPROF_TOPIST.pkl
2026-02-03T14:52:32.344432Z INFO  hpde_io Read ./data/spase_hpde_io/info/I2_NEPROF_TOPIST.pkl
2026-02-03T14:52:32.344477Z INFO  hpde_io Reading ./data/spase_hpde_io/info/I2_NEPROF_TOPS.pkl
2026-02-03T14:52:32.344631Z INFO  hpde_io Read ./data/spase_hpde_io/info/I2_NEPROF_TOPS.pkl
2026-02-03T14:52:32.344672Z INFO  hpde_io Reading ./data/spase_hpde_io/info/I8_15SEC_MAG.pkl
2026-02-03T14:52:32.344824Z INFO  hpde_io Read ./data/spase_hpde_io/info/I8_15SEC_MAG.pkl
2026-02-03T14:52:32.344864Z INFO  hpde_io Reading ./data/spase_hpde_io/info/I8_320MSEC_MAG.pkl
2026-02-03T14:52:32.345034Z INFO  hpde_io Read ./data/spase_hpde_io/info/I8_320MSEC_MAG.pkl
2026-02-03T14:52:32.345076Z INFO  hpde_io Reading ./data/spase_hpde_io/info/I8_H0_GME.pkl
2026-02-03T14:52:32.345212Z INFO  hpde_io Read ./data/spase_hpde_io/info/I8_H0_GME.pkl
2026-02-03T14:52:32.345258Z INFO  hpde_io Reading ./data/spase_hpde_io/info/I8_H0_MITPLASMA.pkl
2026-02-03T14:52:32.345424Z INFO  hpde_io Read ./data/spase_hpde_io/info/I8_H0_MITPLASMA.pkl
2026-02-03T14:52:32.345468Z INFO  hpde_io Reading ./data/spase_hpde_io/info/I8_OR_SSC.pkl
2026-02-03T14:52:32.345610Z INFO  hpde_io Read ./data/spase_hpde_io/info/I8_OR_SSC.pkl
2026-02-03T14:52:32.345651Z INFO  hpde_io Reading ./data/spase_hpde_io/info/IA_K0_ENF.pkl
2026-02-03T14:52:32.345790Z INFO  hpde_io Read ./data/spase_hpde_io/info/IA_K0_ENF.pkl
2026-02-03T14:52:32.345831Z INFO  hpde_io Reading ./data/spase_hpde_io/info/IA_K0_EPI.pkl
2026-02-03T14:52:32.345953Z INFO  hpde_io Read ./data/spase_hpde_io/info/IA_K0_EPI.pkl
2026-02-03T14:52:32.345990Z INFO  hpde_io Reading ./data/spase_hpde_io/info/IA_K0_ICD.pkl
2026-02-03T14:52:32.346112Z INFO  hpde_io Read ./data/spase_hpde_io/info/IA_K0_ICD.pkl
2026-02-03T14:52:32.346151Z INFO  hpde_io Reading ./data/spase_hpde_io/info/IA_K0_MFI.pkl
2026-02-03T14:52:32.346291Z INFO  hpde_io Read ./data/spase_hpde_io/info/IA_K0_MFI.pkl
2026-02-03T14:52:32.346330Z INFO  hpde_io Reading ./data/spase_hpde_io/info/IA_OR_DEF.pkl
2026-02-03T14:52:32.346468Z INFO  hpde_io Read ./data/spase_hpde_io/info/IA_OR_DEF.pkl
2026-02-03T14:52:32.346510Z INFO  hpde_io Reading ./data/spase_hpde_io/info/IBEX_H3_ENA_HI_R02_CG_NOSP_OMNI_6MO.pkl
2026-02-03T14:52:32.346769Z INFO  hpde_io Read ./data/spase_hpde_io/info/IBEX_H3_ENA_HI_R02_CG_NOSP_OMNI_6MO.pkl
2026-02-03T14:52:32.346821Z INFO  hpde_io Reading ./data/spase_hpde_io/info/IBEX_H3_ENA_HI_R02_NOCG_NOSP_OMNI_6MO.pkl
2026-02-03T14:52:32.347054Z INFO  hpde_io Read ./data/spase_hpde_io/info/IBEX_H3_ENA_HI_R02_NOCG_NOSP_OMNI_6MO.pkl
2026-02-03T14:52:32.347101Z INFO  hpde_io Reading ./data/spase_hpde_io/info/IBEX_H3_ENA_HI_R04_CG_NOSP_ANTIRAM_1YR.pkl
2026-02-03T14:52:32.347330Z INFO  hpde_io Read ./data/spase_hpde_io/info/IBEX_H3_ENA_HI_R04_CG_NOSP_ANTIRAM_1YR.pkl
2026-02-03T14:52:32.347375Z INFO  hpde_io Reading ./data/spase_hpde_io/info/IBEX_H3_ENA_HI_R04_CG_NOSP_OMNI_6MO.pkl
2026-02-03T14:52:32.347924Z INFO  hpde_io Read ./data/spase_hpde_io/info/IBEX_H3_ENA_HI_R04_CG_NOSP_OMNI_6MO.pkl
2026-02-03T14:52:32.347975Z INFO  hpde_io Reading ./data/spase_hpde_io/info/IBEX_H3_ENA_HI_R04_CG_NOSP_RAM_1YR.pkl
2026-02-03T14:52:32.348250Z INFO  hpde_io Read ./data/spase_hpde_io/info/IBEX_H3_ENA_HI_R04_CG_NOSP_RAM_1YR.pkl
2026-02-03T14:52:32.348290Z INFO  hpde_io Reading ./data/spase_hpde_io/info/IBEX_H3_ENA_HI_R04_CG_SP_ANTIRAM_1YR.pkl
2026-02-03T14:52:32.348545Z INFO  hpde_io Read ./data/spase_hpde_io/info/IBEX_H3_ENA_HI_R04_CG_SP_ANTIRAM_1YR.pkl
2026-02-03T14:52:32.348585Z INFO  hpde_io Reading ./data/spase_hpde_io/info/IBEX_H3_ENA_HI_R04_CG_SP_OMNI_6MO.pkl
2026-02-03T14:52:32.348823Z INFO  hpde_io Read ./data/spase_hpde_io/info/IBEX_H3_ENA_HI_R04_CG_SP_OMNI_6MO.pkl
2026-02-03T14:52:32.348864Z INFO  hpde_io Reading ./data/spase_hpde_io/info/IBEX_H3_ENA_HI_R04_CG_SP_RAM_1YR.pkl
2026-02-03T14:52:32.349142Z INFO  hpde_io Read ./data/spase_hpde_io/info/IBEX_H3_ENA_HI_R04_CG_SP_RAM_1YR.pkl
2026-02-03T14:52:32.349196Z INFO  hpde_io No hpde.io SPASE record for IBEX_H3_ENA_HI_R04_DEFLECTION_1AU_7DAY.
2026-02-03T14:52:32.349244Z INFO  hpde_io No hpde.io SPASE record for IBEX_H3_ENA_HI_R04_DEFLECTION_SCF_7DAY.
2026-02-03T14:52:32.349283Z INFO  hpde_io No hpde.io SPASE record for IBEX_H3_ENA_HI_R04_LOSS_1AU_7DAY.
2026-02-03T14:52:32.349316Z INFO  hpde_io No hpde.io SPASE record for IBEX_H3_ENA_HI_R04_LOSS_SCF_7DAY.
2026-02-03T14:52:32.349344Z INFO  hpde_io Reading ./data/spase_hpde_io/info/IBEX_H3_ENA_HI_R04_NOCG_NOSP_ANTIRAM_1YR.pkl
2026-02-03T14:52:32.349579Z INFO  hpde_io Read ./data/spase_hpde_io/info/IBEX_H3_ENA_HI_R04_NOCG_NOSP_ANTIRAM_1YR.pkl
2026-02-03T14:52:32.349621Z INFO  hpde_io Reading ./data/spase_hpde_io/info/IBEX_H3_ENA_HI_R04_NOCG_NOSP_OMNI_3YR.pkl
2026-02-03T14:52:32.349809Z INFO  hpde_io Read ./data/spase_hpde_io/info/IBEX_H3_ENA_HI_R04_NOCG_NOSP_OMNI_3YR.pkl
2026-02-03T14:52:32.349852Z INFO  hpde_io Reading ./data/spase_hpde_io/info/IBEX_H3_ENA_HI_R04_NOCG_NOSP_OMNI_6MO.pkl
2026-02-03T14:52:32.350112Z INFO  hpde_io Read ./data/spase_hpde_io/info/IBEX_H3_ENA_HI_R04_NOCG_NOSP_OMNI_6MO.pkl
2026-02-03T14:52:32.350159Z INFO  hpde_io No hpde.io SPASE record for IBEX_H3_ENA_HI_R04_NOCG_NOSP_OMNI_6MP.
2026-02-03T14:52:32.350184Z INFO  hpde_io Reading ./data/spase_hpde_io/info/IBEX_H3_ENA_HI_R04_NOCG_NOSP_RAM_1YR.pkl
2026-02-03T14:52:32.350416Z INFO  hpde_io Read ./data/spase_hpde_io/info/IBEX_H3_ENA_HI_R04_NOCG_NOSP_RAM_1YR.pkl
2026-02-03T14:52:32.350458Z INFO  hpde_io Reading ./data/spase_hpde_io/info/IBEX_H3_ENA_HI_R04_NOCG_SP_ANTIRAM_1YR.pkl
2026-02-03T14:52:32.350694Z INFO  hpde_io Read ./data/spase_hpde_io/info/IBEX_H3_ENA_HI_R04_NOCG_SP_ANTIRAM_1YR.pkl
2026-02-03T14:52:32.350734Z INFO  hpde_io Reading ./data/spase_hpde_io/info/IBEX_H3_ENA_HI_R04_NOCG_SP_OMNI_6MO.pkl
2026-02-03T14:52:32.350990Z INFO  hpde_io Read ./data/spase_hpde_io/info/IBEX_H3_ENA_HI_R04_NOCG_SP_OMNI_6MO.pkl
2026-02-03T14:52:32.351030Z INFO  hpde_io Reading ./data/spase_hpde_io/info/IBEX_H3_ENA_HI_R04_NOCG_SP_RAM_1YR.pkl
2026-02-03T14:52:32.351284Z INFO  hpde_io Read ./data/spase_hpde_io/info/IBEX_H3_ENA_HI_R04_NOCG_SP_RAM_1YR.pkl
2026-02-03T14:52:32.351329Z INFO  hpde_io No hpde.io SPASE record for IBEX_H3_ENA_HI_R04_SURVPRO_1AU_7DAY.
2026-02-03T14:52:32.351361Z INFO  hpde_io No hpde.io SPASE record for IBEX_H3_ENA_HI_R04_SURVPRO_SCF_7DAY.
2026-02-03T14:52:32.351394Z INFO  hpde_io No hpde.io SPASE record for IBEX_H3_ENA_HI_R07_CG_NOSP_ANTIRAM_MIF_5YR.
2026-02-03T14:52:32.351431Z INFO  hpde_io No hpde.io SPASE record for IBEX_H3_ENA_HI_R07_CG_NOSP_ANTIRAM_VEIF_5YR.
2026-02-03T14:52:32.351461Z INFO  hpde_io Reading ./data/spase_hpde_io/info/IBEX_H3_ENA_HI_R07_CG_NOSP_OMNI_6MO.pkl
2026-02-03T14:52:32.351710Z INFO  hpde_io Read ./data/spase_hpde_io/info/IBEX_H3_ENA_HI_R07_CG_NOSP_OMNI_6MO.pkl
2026-02-03T14:52:32.351760Z INFO  hpde_io No hpde.io SPASE record for IBEX_H3_ENA_HI_R07_CG_NOSP_OMNI_MIF_10MP.
2026-02-03T14:52:32.351791Z INFO  hpde_io No hpde.io SPASE record for IBEX_H3_ENA_HI_R07_CG_NOSP_OMNI_VEIF_10MP.
2026-02-03T14:52:32.351819Z INFO  hpde_io Reading ./data/spase_hpde_io/info/IBEX_H3_ENA_HI_R07_CG_NOSP_RAM_1YR.pkl
2026-02-03T14:52:32.352080Z INFO  hpde_io Read ./data/spase_hpde_io/info/IBEX_H3_ENA_HI_R07_CG_NOSP_RAM_1YR.pkl
2026-02-03T14:52:32.352122Z INFO  hpde_io No hpde.io SPASE record for IBEX_H3_ENA_HI_R07_CG_NOSP_RAM_MIF_5YR.
2026-02-03T14:52:32.352155Z INFO  hpde_io No hpde.io SPASE record for IBEX_H3_ENA_HI_R07_CG_NOSP_RAM_VEIF_5YR.
2026-02-03T14:52:32.352179Z INFO  hpde_io Reading ./data/spase_hpde_io/info/IBEX_H3_ENA_HI_R07_CG_SP_ANTIRAM_1YR.pkl
2026-02-03T14:52:32.352443Z INFO  hpde_io Read ./data/spase_hpde_io/info/IBEX_H3_ENA_HI_R07_CG_SP_ANTIRAM_1YR.pkl
2026-02-03T14:52:32.352505Z INFO  hpde_io No hpde.io SPASE record for IBEX_H3_ENA_HI_R07_CG_SP_ANTIRAM_MIF_5YR.
2026-02-03T14:52:32.352544Z INFO  hpde_io No hpde.io SPASE record for IBEX_H3_ENA_HI_R07_CG_SP_ANTIRAM_VEIF_5YR.
2026-02-03T14:52:32.352574Z INFO  hpde_io Reading ./data/spase_hpde_io/info/IBEX_H3_ENA_HI_R07_CG_SP_OMNI_6MO.pkl
2026-02-03T14:52:32.352860Z INFO  hpde_io Read ./data/spase_hpde_io/info/IBEX_H3_ENA_HI_R07_CG_SP_OMNI_6MO.pkl
2026-02-03T14:52:32.352936Z INFO  hpde_io No hpde.io SPASE record for IBEX_H3_ENA_HI_R07_CG_SP_OMNI_MIF_10MP.
2026-02-03T14:52:32.352972Z INFO  hpde_io No hpde.io SPASE record for IBEX_H3_ENA_HI_R07_CG_SP_OMNI_VEIF_10MP.
2026-02-03T14:52:32.352999Z INFO  hpde_io Reading ./data/spase_hpde_io/info/IBEX_H3_ENA_HI_R07_CG_SP_RAM_1YR.pkl
2026-02-03T14:52:32.353356Z INFO  hpde_io Read ./data/spase_hpde_io/info/IBEX_H3_ENA_HI_R07_CG_SP_RAM_1YR.pkl
2026-02-03T14:52:32.353462Z INFO  hpde_io No hpde.io SPASE record for IBEX_H3_ENA_HI_R07_CG_SP_RAM_MIF_5YR.
2026-02-03T14:52:32.353509Z INFO  hpde_io No hpde.io SPASE record for IBEX_H3_ENA_HI_R07_CG_SP_RAM_VEIF_5YR.
2026-02-03T14:52:32.353594Z INFO  hpde_io Reading ./data/spase_hpde_io/info/IBEX_H3_ENA_HI_R07_NOCG_NOSP_ANTIRAM_1YR.pkl
2026-02-03T14:52:32.353914Z INFO  hpde_io Read ./data/spase_hpde_io/info/IBEX_H3_ENA_HI_R07_NOCG_NOSP_ANTIRAM_1YR.pkl
2026-02-03T14:52:32.353992Z INFO  hpde_io No hpde.io SPASE record for IBEX_H3_ENA_HI_R07_NOCG_NOSP_ANTIRAM_VESCF_5YR.
2026-02-03T14:52:32.354037Z INFO  hpde_io Reading ./data/spase_hpde_io/info/IBEX_H3_ENA_HI_R07_NOCG_NOSP_OMNI_6MO.pkl
2026-02-03T14:52:32.354308Z INFO  hpde_io Read ./data/spase_hpde_io/info/IBEX_H3_ENA_HI_R07_NOCG_NOSP_OMNI_6MO.pkl
2026-02-03T14:52:32.354364Z INFO  hpde_io No hpde.io SPASE record for IBEX_H3_ENA_HI_R07_NOCG_NOSP_OMNI_VESCF_10MP.
2026-02-03T14:52:32.354397Z INFO  hpde_io Reading ./data/spase_hpde_io/info/IBEX_H3_ENA_HI_R07_NOCG_NOSP_RAM_1YR.pkl
2026-02-03T14:52:32.354668Z INFO  hpde_io Read ./data/spase_hpde_io/info/IBEX_H3_ENA_HI_R07_NOCG_NOSP_RAM_1YR.pkl
2026-02-03T14:52:32.354723Z INFO  hpde_io No hpde.io SPASE record for IBEX_H3_ENA_HI_R07_NOCG_NOSP_RAM_VEIF_5YR.
2026-02-03T14:52:32.354764Z INFO  hpde_io Reading ./data/spase_hpde_io/info/IBEX_H3_ENA_HI_R07_NOCG_SP_ANTIRAM_1YR.pkl
2026-02-03T14:52:32.355003Z INFO  hpde_io Read ./data/spase_hpde_io/info/IBEX_H3_ENA_HI_R07_NOCG_SP_ANTIRAM_1YR.pkl
2026-02-03T14:52:32.355054Z INFO  hpde_io No hpde.io SPASE record for IBEX_H3_ENA_HI_R07_NOCG_SP_ANTIRAM_VESCF_5YR.
2026-02-03T14:52:32.355085Z INFO  hpde_io Reading ./data/spase_hpde_io/info/IBEX_H3_ENA_HI_R07_NOCG_SP_OMNI_6MO.pkl
2026-02-03T14:52:32.355346Z INFO  hpde_io Read ./data/spase_hpde_io/info/IBEX_H3_ENA_HI_R07_NOCG_SP_OMNI_6MO.pkl
2026-02-03T14:52:32.355397Z INFO  hpde_io No hpde.io SPASE record for IBEX_H3_ENA_HI_R07_NOCG_SP_OMNI_VESCF_10MP.
2026-02-03T14:52:32.355428Z INFO  hpde_io Reading ./data/spase_hpde_io/info/IBEX_H3_ENA_HI_R07_NOCG_SP_RAM_1YR.pkl
2026-02-03T14:52:32.355712Z INFO  hpde_io Read ./data/spase_hpde_io/info/IBEX_H3_ENA_HI_R07_NOCG_SP_RAM_1YR.pkl
2026-02-03T14:52:32.355758Z INFO  hpde_io No hpde.io SPASE record for IBEX_H3_ENA_HI_R07_NOCG_SP_RAM_VESCF_5YR.
2026-02-03T14:52:32.355795Z INFO  hpde_io No hpde.io SPASE record for IBEX_H3_ENA_HI_R08_OMNI_F2-RIBBON-MAPS-GAL_5YR.
2026-02-03T14:52:32.355837Z INFO  hpde_io No hpde.io SPASE record for IBEX_H3_ENA_HI_R08_OMNI_F2-RIBBON-MAPS-J2000_5YR.
2026-02-03T14:52:32.355870Z INFO  hpde_io No hpde.io SPASE record for IBEX_H3_ENA_HI_R08_OMNI_F2-RIBBON-MAPS_5YR.
2026-02-03T14:52:32.355906Z INFO  hpde_io No hpde.io SPASE record for IBEX_H3_ENA_HI_R08_OMNI_F3-GDF-MAPS-GALACTIC_5YR.
2026-02-03T14:52:32.355935Z INFO  hpde_io No hpde.io SPASE record for IBEX_H3_ENA_HI_R08_OMNI_F3-GDF-MAPS-J2000_5YR.
2026-02-03T14:52:32.355983Z INFO  hpde_io No hpde.io SPASE record for IBEX_H3_ENA_HI_R08_OMNI_F3-GDF-MAPS_5YR.
2026-02-03T14:52:32.356026Z INFO  hpde_io Reading ./data/spase_hpde_io/info/IBEX_H3_ENA_HI_R10_CG_NOSP_ANTIRAM_1YR.pkl
2026-02-03T14:52:32.356298Z INFO  hpde_io Read ./data/spase_hpde_io/info/IBEX_H3_ENA_HI_R10_CG_NOSP_ANTIRAM_1YR.pkl
2026-02-03T14:52:32.356362Z INFO  hpde_io Reading ./data/spase_hpde_io/info/IBEX_H3_ENA_HI_R10_CG_NOSP_ANTIRAM_7YR.pkl
2026-02-03T14:52:32.356738Z INFO  hpde_io Read ./data/spase_hpde_io/info/IBEX_H3_ENA_HI_R10_CG_NOSP_ANTIRAM_7YR.pkl
2026-02-03T14:52:32.356804Z INFO  hpde_io Reading ./data/spase_hpde_io/info/IBEX_H3_ENA_HI_R10_CG_NOSP_OMNI_6MO.pkl
2026-02-03T14:52:32.357085Z INFO  hpde_io Read ./data/spase_hpde_io/info/IBEX_H3_ENA_HI_R10_CG_NOSP_OMNI_6MO.pkl
2026-02-03T14:52:32.357153Z INFO  hpde_io Reading ./data/spase_hpde_io/info/IBEX_H3_ENA_HI_R10_CG_NOSP_OMNI_7YR.pkl
2026-02-03T14:52:32.357448Z INFO  hpde_io Read ./data/spase_hpde_io/info/IBEX_H3_ENA_HI_R10_CG_NOSP_OMNI_7YR.pkl
2026-02-03T14:52:32.357498Z INFO  hpde_io Reading ./data/spase_hpde_io/info/IBEX_H3_ENA_HI_R10_CG_NOSP_RAM_1YR.pkl
2026-02-03T14:52:32.357713Z INFO  hpde_io Read ./data/spase_hpde_io/info/IBEX_H3_ENA_HI_R10_CG_NOSP_RAM_1YR.pkl
2026-02-03T14:52:32.357760Z INFO  hpde_io Reading ./data/spase_hpde_io/info/IBEX_H3_ENA_HI_R10_CG_NOSP_RAM_7YR.pkl
2026-02-03T14:52:32.358098Z INFO  hpde_io Read ./data/spase_hpde_io/info/IBEX_H3_ENA_HI_R10_CG_NOSP_RAM_7YR.pkl
2026-02-03T14:52:32.358143Z INFO  hpde_io Reading ./data/spase_hpde_io/info/IBEX_H3_ENA_HI_R10_CG_SP_ANTIRAM_1YR.pkl
2026-02-03T14:52:32.358473Z INFO  hpde_io Read ./data/spase_hpde_io/info/IBEX_H3_ENA_HI_R10_CG_SP_ANTIRAM_1YR.pkl
2026-02-03T14:52:32.358531Z INFO  hpde_io Reading ./data/spase_hpde_io/info/IBEX_H3_ENA_HI_R10_CG_SP_ANTIRAM_7YR.pkl
2026-02-03T14:52:32.358785Z INFO  hpde_io Read ./data/spase_hpde_io/info/IBEX_H3_ENA_HI_R10_CG_SP_ANTIRAM_7YR.pkl
2026-02-03T14:52:32.358829Z INFO  hpde_io Reading ./data/spase_hpde_io/info/IBEX_H3_ENA_HI_R10_CG_SP_OMNI_6MO.pkl
2026-02-03T14:52:32.359056Z INFO  hpde_io Read ./data/spase_hpde_io/info/IBEX_H3_ENA_HI_R10_CG_SP_OMNI_6MO.pkl
2026-02-03T14:52:32.359101Z INFO  hpde_io Reading ./data/spase_hpde_io/info/IBEX_H3_ENA_HI_R10_CG_SP_OMNI_7YR.pkl
2026-02-03T14:52:32.359361Z INFO  hpde_io Read ./data/spase_hpde_io/info/IBEX_H3_ENA_HI_R10_CG_SP_OMNI_7YR.pkl
2026-02-03T14:52:32.359404Z INFO  hpde_io Reading ./data/spase_hpde_io/info/IBEX_H3_ENA_HI_R10_CG_SP_RAM_1YR.pkl
2026-02-03T14:52:32.359631Z INFO  hpde_io Read ./data/spase_hpde_io/info/IBEX_H3_ENA_HI_R10_CG_SP_RAM_1YR.pkl
2026-02-03T14:52:32.359678Z INFO  hpde_io Reading ./data/spase_hpde_io/info/IBEX_H3_ENA_HI_R10_CG_SP_RAM_7YR.pkl
2026-02-03T14:52:32.360403Z INFO  hpde_io Read ./data/spase_hpde_io/info/IBEX_H3_ENA_HI_R10_CG_SP_RAM_7YR.pkl
2026-02-03T14:52:32.360459Z INFO  hpde_io Reading ./data/spase_hpde_io/info/IBEX_H3_ENA_HI_R10_NOCG_NOSP_ANTIRAM_1YR.pkl
2026-02-03T14:52:32.360695Z INFO  hpde_io Read ./data/spase_hpde_io/info/IBEX_H3_ENA_HI_R10_NOCG_NOSP_ANTIRAM_1YR.pkl
2026-02-03T14:52:32.360739Z INFO  hpde_io Reading ./data/spase_hpde_io/info/IBEX_H3_ENA_HI_R10_NOCG_NOSP_ANTIRAM_7YR.pkl
2026-02-03T14:52:32.360995Z INFO  hpde_io Read ./data/spase_hpde_io/info/IBEX_H3_ENA_HI_R10_NOCG_NOSP_ANTIRAM_7YR.pkl
2026-02-03T14:52:32.361040Z INFO  hpde_io Reading ./data/spase_hpde_io/info/IBEX_H3_ENA_HI_R10_NOCG_NOSP_OMNI_6MO.pkl
2026-02-03T14:52:32.361304Z INFO  hpde_io Read ./data/spase_hpde_io/info/IBEX_H3_ENA_HI_R10_NOCG_NOSP_OMNI_6MO.pkl
2026-02-03T14:52:32.361347Z INFO  hpde_io Reading ./data/spase_hpde_io/info/IBEX_H3_ENA_HI_R10_NOCG_NOSP_OMNI_7YR.pkl
2026-02-03T14:52:32.361595Z INFO  hpde_io Read ./data/spase_hpde_io/info/IBEX_H3_ENA_HI_R10_NOCG_NOSP_OMNI_7YR.pkl
2026-02-03T14:52:32.361646Z INFO  hpde_io Reading ./data/spase_hpde_io/info/IBEX_H3_ENA_HI_R10_NOCG_NOSP_RAM_1YR.pkl
2026-02-03T14:52:32.361839Z INFO  hpde_io Read ./data/spase_hpde_io/info/IBEX_H3_ENA_HI_R10_NOCG_NOSP_RAM_1YR.pkl
2026-02-03T14:52:32.361885Z INFO  hpde_io Reading ./data/spase_hpde_io/info/IBEX_H3_ENA_HI_R10_NOCG_SP_ANTIRAM_1YR.pkl
2026-02-03T14:52:32.362110Z INFO  hpde_io Read ./data/spase_hpde_io/info/IBEX_H3_ENA_HI_R10_NOCG_SP_ANTIRAM_1YR.pkl
2026-02-03T14:52:32.362153Z INFO  hpde_io Reading ./data/spase_hpde_io/info/IBEX_H3_ENA_HI_R10_NOCG_SP_ANTIRAM_7YR.pkl
2026-02-03T14:52:32.362407Z INFO  hpde_io Read ./data/spase_hpde_io/info/IBEX_H3_ENA_HI_R10_NOCG_SP_ANTIRAM_7YR.pkl
2026-02-03T14:52:32.362449Z INFO  hpde_io Reading ./data/spase_hpde_io/info/IBEX_H3_ENA_HI_R10_NOCG_SP_OMNI_6MO.pkl
2026-02-03T14:52:32.362673Z INFO  hpde_io Read ./data/spase_hpde_io/info/IBEX_H3_ENA_HI_R10_NOCG_SP_OMNI_6MO.pkl
2026-02-03T14:52:32.362718Z INFO  hpde_io Reading ./data/spase_hpde_io/info/IBEX_H3_ENA_HI_R10_NOCG_SP_OMNI_7YR.pkl
2026-02-03T14:52:32.363006Z INFO  hpde_io Read ./data/spase_hpde_io/info/IBEX_H3_ENA_HI_R10_NOCG_SP_OMNI_7YR.pkl
2026-02-03T14:52:32.363051Z INFO  hpde_io Reading ./data/spase_hpde_io/info/IBEX_H3_ENA_HI_R10_NOCG_SP_RAM_1YR.pkl
2026-02-03T14:52:32.363269Z INFO  hpde_io Read ./data/spase_hpde_io/info/IBEX_H3_ENA_HI_R10_NOCG_SP_RAM_1YR.pkl
2026-02-03T14:52:32.363311Z INFO  hpde_io Reading ./data/spase_hpde_io/info/IBEX_H3_ENA_HI_R12_MAGNETOSPHERE_24MIN.pkl
2026-02-03T14:52:32.363598Z INFO  hpde_io Read ./data/spase_hpde_io/info/IBEX_H3_ENA_HI_R12_MAGNETOSPHERE_24MIN.pkl
2026-02-03T14:52:32.363656Z INFO  hpde_io Reading ./data/spase_hpde_io/info/IBEX_H3_ENA_HI_R13_CG_NOSP_ANTIRAM_1YR.pkl
2026-02-03T14:52:32.363962Z INFO  hpde_io Read ./data/spase_hpde_io/info/IBEX_H3_ENA_HI_R13_CG_NOSP_ANTIRAM_1YR.pkl
2026-02-03T14:52:32.364003Z INFO  hpde_io Reading ./data/spase_hpde_io/info/IBEX_H3_ENA_HI_R13_CG_NOSP_RAM_1YR.pkl
2026-02-03T14:52:32.364295Z INFO  hpde_io Read ./data/spase_hpde_io/info/IBEX_H3_ENA_HI_R13_CG_NOSP_RAM_1YR.pkl
2026-02-03T14:52:32.364340Z INFO  hpde_io Reading ./data/spase_hpde_io/info/IBEX_H3_ENA_HI_R14_PRESS-SLOPE_CG_NOSP_RAM_3YR.pkl
2026-02-03T14:52:32.364529Z INFO  hpde_io Read ./data/spase_hpde_io/info/IBEX_H3_ENA_HI_R14_PRESS-SLOPE_CG_NOSP_RAM_3YR.pkl
2026-02-03T14:52:32.364594Z INFO  hpde_io No hpde.io SPASE record for IBEX_H3_ENA_HI_R15_CG_SP_RIBCEN_1YR.
2026-02-03T14:52:32.364634Z INFO  hpde_io No hpde.io SPASE record for IBEX_H3_ENA_HI_R15_CG_SP_RIBCEN_2YR.
2026-02-03T14:52:32.364668Z INFO  hpde_io No hpde.io SPASE record for IBEX_H3_ENA_HI_R15_CG_SP_RIBCEN_3YR.
2026-02-03T14:52:32.364693Z INFO  hpde_io Reading ./data/spase_hpde_io/info/IBEX_H3_ENA_HI_R16_CG_NOSP_ANTIRAM_11YR.pkl
2026-02-03T14:52:32.364962Z INFO  hpde_io Read ./data/spase_hpde_io/info/IBEX_H3_ENA_HI_R16_CG_NOSP_ANTIRAM_11YR.pkl
2026-02-03T14:52:32.365016Z INFO  hpde_io Reading ./data/spase_hpde_io/info/IBEX_H3_ENA_HI_R16_CG_NOSP_ANTIRAM_1YR.pkl
2026-02-03T14:52:32.365295Z INFO  hpde_io Read ./data/spase_hpde_io/info/IBEX_H3_ENA_HI_R16_CG_NOSP_ANTIRAM_1YR.pkl
2026-02-03T14:52:32.365351Z INFO  hpde_io No hpde.io SPASE record for IBEX_H3_ENA_HI_R16_CG_NOSP_ANTIRAM_MONO_11YR.
2026-02-03T14:52:32.365392Z INFO  hpde_io No hpde.io SPASE record for IBEX_H3_ENA_HI_R16_CG_NOSP_ANTIRAM_MONO_1YR.
2026-02-03T14:52:32.365423Z INFO  hpde_io Reading ./data/spase_hpde_io/info/IBEX_H3_ENA_HI_R16_CG_NOSP_OMNI_11YR.pkl
2026-02-03T14:52:32.365670Z INFO  hpde_io Read ./data/spase_hpde_io/info/IBEX_H3_ENA_HI_R16_CG_NOSP_OMNI_11YR.pkl
2026-02-03T14:52:32.365716Z INFO  hpde_io Reading ./data/spase_hpde_io/info/IBEX_H3_ENA_HI_R16_CG_NOSP_OMNI_6MO.pkl
2026-02-03T14:52:32.365971Z INFO  hpde_io Read ./data/spase_hpde_io/info/IBEX_H3_ENA_HI_R16_CG_NOSP_OMNI_6MO.pkl
2026-02-03T14:52:32.366018Z INFO  hpde_io No hpde.io SPASE record for IBEX_H3_ENA_HI_R16_CG_NOSP_OMNI_MONO_11YR.
2026-02-03T14:52:32.366053Z INFO  hpde_io No hpde.io SPASE record for IBEX_H3_ENA_HI_R16_CG_NOSP_OMNI_MONO_6MO.
2026-02-03T14:52:32.366080Z INFO  hpde_io Reading ./data/spase_hpde_io/info/IBEX_H3_ENA_HI_R16_CG_NOSP_RAM_11YR.pkl
2026-02-03T14:52:32.366355Z INFO  hpde_io Read ./data/spase_hpde_io/info/IBEX_H3_ENA_HI_R16_CG_NOSP_RAM_11YR.pkl
2026-02-03T14:52:32.366398Z INFO  hpde_io Reading ./data/spase_hpde_io/info/IBEX_H3_ENA_HI_R16_CG_NOSP_RAM_1YR.pkl
2026-02-03T14:52:32.366650Z INFO  hpde_io Read ./data/spase_hpde_io/info/IBEX_H3_ENA_HI_R16_CG_NOSP_RAM_1YR.pkl
2026-02-03T14:52:32.366705Z INFO  hpde_io No hpde.io SPASE record for IBEX_H3_ENA_HI_R16_CG_NOSP_RAM_MONO_11YR.
2026-02-03T14:52:32.366743Z INFO  hpde_io No hpde.io SPASE record for IBEX_H3_ENA_HI_R16_CG_NOSP_RAM_MONO_1YR.
2026-02-03T14:52:32.366770Z INFO  hpde_io Reading ./data/spase_hpde_io/info/IBEX_H3_ENA_HI_R16_CG_SP_ANTIRAM_11YR.pkl
2026-02-03T14:52:32.367028Z INFO  hpde_io Read ./data/spase_hpde_io/info/IBEX_H3_ENA_HI_R16_CG_SP_ANTIRAM_11YR.pkl
2026-02-03T14:52:32.367074Z INFO  hpde_io Reading ./data/spase_hpde_io/info/IBEX_H3_ENA_HI_R16_CG_SP_ANTIRAM_1YR.pkl
2026-02-03T14:52:32.367347Z INFO  hpde_io Read ./data/spase_hpde_io/info/IBEX_H3_ENA_HI_R16_CG_SP_ANTIRAM_1YR.pkl
2026-02-03T14:52:32.367396Z INFO  hpde_io No hpde.io SPASE record for IBEX_H3_ENA_HI_R16_CG_SP_ANTIRAM_MONO_11YR.
2026-02-03T14:52:32.367431Z INFO  hpde_io No hpde.io SPASE record for IBEX_H3_ENA_HI_R16_CG_SP_ANTIRAM_MONO_1YR.
2026-02-03T14:52:32.367460Z INFO  hpde_io Reading ./data/spase_hpde_io/info/IBEX_H3_ENA_HI_R16_CG_SP_OMNI_11YR.pkl
2026-02-03T14:52:32.367723Z INFO  hpde_io Read ./data/spase_hpde_io/info/IBEX_H3_ENA_HI_R16_CG_SP_OMNI_11YR.pkl
2026-02-03T14:52:32.367763Z INFO  hpde_io Reading ./data/spase_hpde_io/info/IBEX_H3_ENA_HI_R16_CG_SP_OMNI_2YR.pkl
2026-02-03T14:52:32.368083Z INFO  hpde_io Read ./data/spase_hpde_io/info/IBEX_H3_ENA_HI_R16_CG_SP_OMNI_2YR.pkl
2026-02-03T14:52:32.368135Z INFO  hpde_io Reading ./data/spase_hpde_io/info/IBEX_H3_ENA_HI_R16_CG_SP_OMNI_3YR.pkl
2026-02-03T14:52:32.368422Z INFO  hpde_io Read ./data/spase_hpde_io/info/IBEX_H3_ENA_HI_R16_CG_SP_OMNI_3YR.pkl
2026-02-03T14:52:32.368475Z INFO  hpde_io Reading ./data/spase_hpde_io/info/IBEX_H3_ENA_HI_R16_CG_SP_OMNI_6MO.pkl
2026-02-03T14:52:32.368755Z INFO  hpde_io Read ./data/spase_hpde_io/info/IBEX_H3_ENA_HI_R16_CG_SP_OMNI_6MO.pkl
2026-02-03T14:52:32.368807Z INFO  hpde_io No hpde.io SPASE record for IBEX_H3_ENA_HI_R16_CG_SP_OMNI_MONO_11YR.
2026-02-03T14:52:32.368844Z INFO  hpde_io No hpde.io SPASE record for IBEX_H3_ENA_HI_R16_CG_SP_OMNI_MONO_6MO.
2026-02-03T14:52:32.368871Z INFO  hpde_io Reading ./data/spase_hpde_io/info/IBEX_H3_ENA_HI_R16_CG_SP_RAM_11YR.pkl
2026-02-03T14:52:32.369120Z INFO  hpde_io Read ./data/spase_hpde_io/info/IBEX_H3_ENA_HI_R16_CG_SP_RAM_11YR.pkl
2026-02-03T14:52:32.369164Z INFO  hpde_io Reading ./data/spase_hpde_io/info/IBEX_H3_ENA_HI_R16_CG_SP_RAM_1YR.pkl
2026-02-03T14:52:32.369442Z INFO  hpde_io Read ./data/spase_hpde_io/info/IBEX_H3_ENA_HI_R16_CG_SP_RAM_1YR.pkl
2026-02-03T14:52:32.369491Z INFO  hpde_io No hpde.io SPASE record for IBEX_H3_ENA_HI_R16_CG_SP_RAM_MONO_11YR.
2026-02-03T14:52:32.369528Z INFO  hpde_io No hpde.io SPASE record for IBEX_H3_ENA_HI_R16_CG_SP_RAM_MONO_1YR.
2026-02-03T14:52:32.369557Z INFO  hpde_io Reading ./data/spase_hpde_io/info/IBEX_H3_ENA_HI_R16_NOCG_NOSP_ANTIRAM_11YR.pkl
2026-02-03T14:52:32.369815Z INFO  hpde_io Read ./data/spase_hpde_io/info/IBEX_H3_ENA_HI_R16_NOCG_NOSP_ANTIRAM_11YR.pkl
2026-02-03T14:52:32.369863Z INFO  hpde_io Reading ./data/spase_hpde_io/info/IBEX_H3_ENA_HI_R16_NOCG_NOSP_ANTIRAM_1YR.pkl
2026-02-03T14:52:32.370142Z INFO  hpde_io Read ./data/spase_hpde_io/info/IBEX_H3_ENA_HI_R16_NOCG_NOSP_ANTIRAM_1YR.pkl
2026-02-03T14:52:32.370182Z INFO  hpde_io Reading ./data/spase_hpde_io/info/IBEX_H3_ENA_HI_R16_NOCG_NOSP_OMNI_11YR.pkl
2026-02-03T14:52:32.370460Z INFO  hpde_io Read ./data/spase_hpde_io/info/IBEX_H3_ENA_HI_R16_NOCG_NOSP_OMNI_11YR.pkl
2026-02-03T14:52:32.370510Z INFO  hpde_io Reading ./data/spase_hpde_io/info/IBEX_H3_ENA_HI_R16_NOCG_NOSP_OMNI_6MO.pkl
2026-02-03T14:52:32.370773Z INFO  hpde_io Read ./data/spase_hpde_io/info/IBEX_H3_ENA_HI_R16_NOCG_NOSP_OMNI_6MO.pkl
2026-02-03T14:52:32.370815Z INFO  hpde_io Reading ./data/spase_hpde_io/info/IBEX_H3_ENA_HI_R16_NOCG_NOSP_RAM_11YR.pkl
2026-02-03T14:52:32.371068Z INFO  hpde_io Read ./data/spase_hpde_io/info/IBEX_H3_ENA_HI_R16_NOCG_NOSP_RAM_11YR.pkl
2026-02-03T14:52:32.371114Z INFO  hpde_io Reading ./data/spase_hpde_io/info/IBEX_H3_ENA_HI_R16_NOCG_NOSP_RAM_1YR.pkl
2026-02-03T14:52:32.371850Z INFO  hpde_io Read ./data/spase_hpde_io/info/IBEX_H3_ENA_HI_R16_NOCG_NOSP_RAM_1YR.pkl
2026-02-03T14:52:32.371932Z INFO  hpde_io Reading ./data/spase_hpde_io/info/IBEX_H3_ENA_HI_R16_NOCG_SP_ANTIRAM_11YR.pkl
2026-02-03T14:52:32.372288Z INFO  hpde_io Read ./data/spase_hpde_io/info/IBEX_H3_ENA_HI_R16_NOCG_SP_ANTIRAM_11YR.pkl
2026-02-03T14:52:32.372379Z INFO  hpde_io Reading ./data/spase_hpde_io/info/IBEX_H3_ENA_HI_R16_NOCG_SP_ANTIRAM_1YR.pkl
2026-02-03T14:52:32.372678Z INFO  hpde_io Read ./data/spase_hpde_io/info/IBEX_H3_ENA_HI_R16_NOCG_SP_ANTIRAM_1YR.pkl
2026-02-03T14:52:32.372729Z INFO  hpde_io Reading ./data/spase_hpde_io/info/IBEX_H3_ENA_HI_R16_NOCG_SP_OMNI_11YR.pkl
2026-02-03T14:52:32.373043Z INFO  hpde_io Read ./data/spase_hpde_io/info/IBEX_H3_ENA_HI_R16_NOCG_SP_OMNI_11YR.pkl
2026-02-03T14:52:32.373089Z INFO  hpde_io Reading ./data/spase_hpde_io/info/IBEX_H3_ENA_HI_R16_NOCG_SP_OMNI_6MO.pkl
2026-02-03T14:52:32.373351Z INFO  hpde_io Read ./data/spase_hpde_io/info/IBEX_H3_ENA_HI_R16_NOCG_SP_OMNI_6MO.pkl
2026-02-03T14:52:32.373416Z INFO  hpde_io Reading ./data/spase_hpde_io/info/IBEX_H3_ENA_HI_R16_NOCG_SP_RAM_11YR.pkl
2026-02-03T14:52:32.373770Z INFO  hpde_io Read ./data/spase_hpde_io/info/IBEX_H3_ENA_HI_R16_NOCG_SP_RAM_11YR.pkl
2026-02-03T14:52:32.373869Z INFO  hpde_io Reading ./data/spase_hpde_io/info/IBEX_H3_ENA_HI_R16_NOCG_SP_RAM_1YR.pkl
2026-02-03T14:52:32.374185Z INFO  hpde_io Read ./data/spase_hpde_io/info/IBEX_H3_ENA_HI_R16_NOCG_SP_RAM_1YR.pkl
2026-02-03T14:52:32.374256Z INFO  hpde_io No hpde.io SPASE record for IBEX_H3_ENA_HI_R16_NOCG_SP_RAM_EQUA_11YR.
2026-02-03T14:52:32.374304Z INFO  hpde_io No hpde.io SPASE record for IBEX_H3_ENA_HI_R16_NOCG_SP_RAM_GALA_11YR.
2026-02-03T14:52:32.374346Z INFO  hpde_io No hpde.io SPASE record for IBEX_H3_ENA_HI_R18_CG_NOSP_ANTIRAM_14YR.
2026-02-03T14:52:32.374390Z INFO  hpde_io No hpde.io SPASE record for IBEX_H3_ENA_HI_R18_CG_NOSP_ANTIRAM_1YR.
2026-02-03T14:52:32.374424Z INFO  hpde_io No hpde.io SPASE record for IBEX_H3_ENA_HI_R18_CG_NOSP_ANTIRAM_MONO_14YR.
2026-02-03T14:52:32.374462Z INFO  hpde_io No hpde.io SPASE record for IBEX_H3_ENA_HI_R18_CG_NOSP_ANTIRAM_MONO_1YR.
2026-02-03T14:52:32.374498Z INFO  hpde_io No hpde.io SPASE record for IBEX_H3_ENA_HI_R18_CG_NOSP_OMNI_14YR.
2026-02-03T14:52:32.374592Z INFO  hpde_io No hpde.io SPASE record for IBEX_H3_ENA_HI_R18_CG_NOSP_OMNI_6MO.
2026-02-03T14:52:32.374638Z INFO  hpde_io No hpde.io SPASE record for IBEX_H3_ENA_HI_R18_CG_NOSP_OMNI_MONO_14YR.
2026-02-03T14:52:32.374672Z INFO  hpde_io No hpde.io SPASE record for IBEX_H3_ENA_HI_R18_CG_NOSP_OMNI_MONO_6MO.
2026-02-03T14:52:32.374701Z INFO  hpde_io No hpde.io SPASE record for IBEX_H3_ENA_HI_R18_CG_NOSP_RAM_14YR.
2026-02-03T14:52:32.374730Z INFO  hpde_io No hpde.io SPASE record for IBEX_H3_ENA_HI_R18_CG_NOSP_RAM_1YR.
2026-02-03T14:52:32.374759Z INFO  hpde_io No hpde.io SPASE record for IBEX_H3_ENA_HI_R18_CG_NOSP_RAM_MONO_14YR.
2026-02-03T14:52:32.374787Z INFO  hpde_io No hpde.io SPASE record for IBEX_H3_ENA_HI_R18_CG_NOSP_RAM_MONO_1YR.
2026-02-03T14:52:32.374813Z INFO  hpde_io No hpde.io SPASE record for IBEX_H3_ENA_HI_R18_CG_SP_ANTIRAM_14YR.
2026-02-03T14:52:32.374843Z INFO  hpde_io No hpde.io SPASE record for IBEX_H3_ENA_HI_R18_CG_SP_ANTIRAM_1YR.
2026-02-03T14:52:32.374868Z INFO  hpde_io No hpde.io SPASE record for IBEX_H3_ENA_HI_R18_CG_SP_ANTIRAM_LOWER_GDF_1YR.
2026-02-03T14:52:32.374894Z INFO  hpde_io No hpde.io SPASE record for IBEX_H3_ENA_HI_R18_CG_SP_ANTIRAM_LOWER_GDF_MONO_1YR.
2026-02-03T14:52:32.374921Z INFO  hpde_io No hpde.io SPASE record for IBEX_H3_ENA_HI_R18_CG_SP_ANTIRAM_LOWER_RIBBON_1YR.
2026-02-03T14:52:32.374953Z INFO  hpde_io No hpde.io SPASE record for IBEX_H3_ENA_HI_R18_CG_SP_ANTIRAM_LOWER_RIBBON_MONO_1YR.
2026-02-03T14:52:32.374984Z INFO  hpde_io No hpde.io SPASE record for IBEX_H3_ENA_HI_R18_CG_SP_ANTIRAM_MEDIAN_GDF_1YR.
2026-02-03T14:52:32.375010Z INFO  hpde_io No hpde.io SPASE record for IBEX_H3_ENA_HI_R18_CG_SP_ANTIRAM_MEDIAN_GDF_MONO_1YR.
2026-02-03T14:52:32.375035Z INFO  hpde_io No hpde.io SPASE record for IBEX_H3_ENA_HI_R18_CG_SP_ANTIRAM_MEDIAN_RIBBON_1YR.
2026-02-03T14:52:32.375059Z INFO  hpde_io No hpde.io SPASE record for IBEX_H3_ENA_HI_R18_CG_SP_ANTIRAM_MEDIAN_RIBBON_MONO_1YR.
2026-02-03T14:52:32.375088Z INFO  hpde_io No hpde.io SPASE record for IBEX_H3_ENA_HI_R18_CG_SP_ANTIRAM_MONO_14YR.
2026-02-03T14:52:32.375114Z INFO  hpde_io No hpde.io SPASE record for IBEX_H3_ENA_HI_R18_CG_SP_ANTIRAM_MONO_1YR.
2026-02-03T14:52:32.375140Z INFO  hpde_io No hpde.io SPASE record for IBEX_H3_ENA_HI_R18_CG_SP_ANTIRAM_UPPER_GDF_1YR.
2026-02-03T14:52:32.375178Z INFO  hpde_io No hpde.io SPASE record for IBEX_H3_ENA_HI_R18_CG_SP_ANTIRAM_UPPER_GDF_MONO_1YR.
2026-02-03T14:52:32.375203Z INFO  hpde_io No hpde.io SPASE record for IBEX_H3_ENA_HI_R18_CG_SP_ANTIRAM_UPPER_RIBBON_1YR.
2026-02-03T14:52:32.375229Z INFO  hpde_io No hpde.io SPASE record for IBEX_H3_ENA_HI_R18_CG_SP_ANTIRAM_UPPER_RIBBON_MONO_1YR.
2026-02-03T14:52:32.375255Z INFO  hpde_io No hpde.io SPASE record for IBEX_H3_ENA_HI_R18_CG_SP_OMNI_14YR.
2026-02-03T14:52:32.375282Z INFO  hpde_io No hpde.io SPASE record for IBEX_H3_ENA_HI_R18_CG_SP_OMNI_6MO.
2026-02-03T14:52:32.375307Z INFO  hpde_io No hpde.io SPASE record for IBEX_H3_ENA_HI_R18_CG_SP_OMNI_MONO_14YR.
2026-02-03T14:52:32.375333Z INFO  hpde_io No hpde.io SPASE record for IBEX_H3_ENA_HI_R18_CG_SP_OMNI_MONO_6MO.
2026-02-03T14:52:32.375358Z INFO  hpde_io No hpde.io SPASE record for IBEX_H3_ENA_HI_R18_CG_SP_RAM_14YR.
2026-02-03T14:52:32.375382Z INFO  hpde_io No hpde.io SPASE record for IBEX_H3_ENA_HI_R18_CG_SP_RAM_1YR.
2026-02-03T14:52:32.375406Z INFO  hpde_io No hpde.io SPASE record for IBEX_H3_ENA_HI_R18_CG_SP_RAM_LOWER_GDF_1YR.
2026-02-03T14:52:32.375430Z INFO  hpde_io No hpde.io SPASE record for IBEX_H3_ENA_HI_R18_CG_SP_RAM_LOWER_GDF_MONO_1YR.
2026-02-03T14:52:32.375457Z INFO  hpde_io No hpde.io SPASE record for IBEX_H3_ENA_HI_R18_CG_SP_RAM_LOWER_RIBBON_1YR.
2026-02-03T14:52:32.375490Z INFO  hpde_io No hpde.io SPASE record for IBEX_H3_ENA_HI_R18_CG_SP_RAM_LOWER_RIBBON_MONO_1YR.
2026-02-03T14:52:32.375523Z INFO  hpde_io No hpde.io SPASE record for IBEX_H3_ENA_HI_R18_CG_SP_RAM_MEDIAN_GDF_1YR.
2026-02-03T14:52:32.375551Z INFO  hpde_io No hpde.io SPASE record for IBEX_H3_ENA_HI_R18_CG_SP_RAM_MEDIAN_GDF_MONO_1YR.
2026-02-03T14:52:32.375577Z INFO  hpde_io No hpde.io SPASE record for IBEX_H3_ENA_HI_R18_CG_SP_RAM_MEDIAN_RIBBON_1YR.
2026-02-03T14:52:32.375602Z INFO  hpde_io No hpde.io SPASE record for IBEX_H3_ENA_HI_R18_CG_SP_RAM_MEDIAN_RIBBON_MONO_1YR.
2026-02-03T14:52:32.375629Z INFO  hpde_io No hpde.io SPASE record for IBEX_H3_ENA_HI_R18_CG_SP_RAM_MONO_14YR.
2026-02-03T14:52:32.375654Z INFO  hpde_io No hpde.io SPASE record for IBEX_H3_ENA_HI_R18_CG_SP_RAM_MONO_1YR.
2026-02-03T14:52:32.375680Z INFO  hpde_io No hpde.io SPASE record for IBEX_H3_ENA_HI_R18_CG_SP_RAM_UPPER_GDF_1YR.
2026-02-03T14:52:32.375705Z INFO  hpde_io No hpde.io SPASE record for IBEX_H3_ENA_HI_R18_CG_SP_RAM_UPPER_GDF_MONO_1YR.
2026-02-03T14:52:32.375732Z INFO  hpde_io No hpde.io SPASE record for IBEX_H3_ENA_HI_R18_CG_SP_RAM_UPPER_RIBBON_1YR.
2026-02-03T14:52:32.375759Z INFO  hpde_io No hpde.io SPASE record for IBEX_H3_ENA_HI_R18_CG_SP_RAM_UPPER_RIBBON_MONO_1YR.
2026-02-03T14:52:32.375786Z INFO  hpde_io No hpde.io SPASE record for IBEX_H3_ENA_HI_R18_NOCG_NOSP_ANTIRAM_14YR.
2026-02-03T14:52:32.375814Z INFO  hpde_io No hpde.io SPASE record for IBEX_H3_ENA_HI_R18_NOCG_NOSP_ANTIRAM_1YR.
2026-02-03T14:52:32.375844Z INFO  hpde_io No hpde.io SPASE record for IBEX_H3_ENA_HI_R18_NOCG_NOSP_OMNI_14YR.
2026-02-03T14:52:32.375878Z INFO  hpde_io No hpde.io SPASE record for IBEX_H3_ENA_HI_R18_NOCG_NOSP_OMNI_6MO.
2026-02-03T14:52:32.375907Z INFO  hpde_io No hpde.io SPASE record for IBEX_H3_ENA_HI_R18_NOCG_NOSP_RAM_14YR.
2026-02-03T14:52:32.375936Z INFO  hpde_io No hpde.io SPASE record for IBEX_H3_ENA_HI_R18_NOCG_NOSP_RAM_1YR.
2026-02-03T14:52:32.375963Z INFO  hpde_io No hpde.io SPASE record for IBEX_H3_ENA_HI_R18_NOCG_SP_ANTIRAM_14YR.
2026-02-03T14:52:32.375989Z INFO  hpde_io No hpde.io SPASE record for IBEX_H3_ENA_HI_R18_NOCG_SP_ANTIRAM_1YR.
2026-02-03T14:52:32.376015Z INFO  hpde_io No hpde.io SPASE record for IBEX_H3_ENA_HI_R18_NOCG_SP_ANTIRAM_LOWER_GDF_1YR.
2026-02-03T14:52:32.376059Z INFO  hpde_io No hpde.io SPASE record for IBEX_H3_ENA_HI_R18_NOCG_SP_ANTIRAM_LOWER_RIBBON_1YR.
2026-02-03T14:52:32.376086Z INFO  hpde_io No hpde.io SPASE record for IBEX_H3_ENA_HI_R18_NOCG_SP_ANTIRAM_MEDIAN_GDF_1YR.
2026-02-03T14:52:32.376116Z INFO  hpde_io No hpde.io SPASE record for IBEX_H3_ENA_HI_R18_NOCG_SP_ANTIRAM_MEDIAN_RIBBON_1YR.
2026-02-03T14:52:32.376142Z INFO  hpde_io No hpde.io SPASE record for IBEX_H3_ENA_HI_R18_NOCG_SP_ANTIRAM_UPPER_GDF_1YR.
2026-02-03T14:52:32.376167Z INFO  hpde_io No hpde.io SPASE record for IBEX_H3_ENA_HI_R18_NOCG_SP_ANTIRAM_UPPER_RIBBON_1YR.
2026-02-03T14:52:32.376192Z INFO  hpde_io No hpde.io SPASE record for IBEX_H3_ENA_HI_R18_NOCG_SP_OMNI_14YR.
2026-02-03T14:52:32.376219Z INFO  hpde_io No hpde.io SPASE record for IBEX_H3_ENA_HI_R18_NOCG_SP_OMNI_6MO.
2026-02-03T14:52:32.376252Z INFO  hpde_io No hpde.io SPASE record for IBEX_H3_ENA_HI_R18_NOCG_SP_RAM_14YR.
2026-02-03T14:52:32.376278Z INFO  hpde_io No hpde.io SPASE record for IBEX_H3_ENA_HI_R18_NOCG_SP_RAM_1YR.
2026-02-03T14:52:32.376303Z INFO  hpde_io No hpde.io SPASE record for IBEX_H3_ENA_HI_R18_NOCG_SP_RAM_EQUA_14YR.
2026-02-03T14:52:32.376330Z INFO  hpde_io No hpde.io SPASE record for IBEX_H3_ENA_HI_R18_NOCG_SP_RAM_GALA_14YR.
2026-02-03T14:52:32.376357Z INFO  hpde_io No hpde.io SPASE record for IBEX_H3_ENA_HI_R18_NOCG_SP_RAM_LOWER_GDF_1YR.
2026-02-03T14:52:32.376382Z INFO  hpde_io No hpde.io SPASE record for IBEX_H3_ENA_HI_R18_NOCG_SP_RAM_LOWER_RIBBON_1YR.
2026-02-03T14:52:32.376411Z INFO  hpde_io No hpde.io SPASE record for IBEX_H3_ENA_HI_R18_NOCG_SP_RAM_MEDIAN_GDF_1YR.
2026-02-03T14:52:32.376441Z INFO  hpde_io No hpde.io SPASE record for IBEX_H3_ENA_HI_R18_NOCG_SP_RAM_MEDIAN_RIBBON_1YR.
2026-02-03T14:52:32.376466Z INFO  hpde_io No hpde.io SPASE record for IBEX_H3_ENA_HI_R18_NOCG_SP_RAM_UPPER_GDF_1YR.
2026-02-03T14:52:32.376493Z INFO  hpde_io No hpde.io SPASE record for IBEX_H3_ENA_HI_R18_NOCG_SP_RAM_UPPER_RIBBON_1YR.
2026-02-03T14:52:32.376518Z INFO  hpde_io No hpde.io SPASE record for IBEX_H3_ENA_LO_R03_ANGULAR_ANALYSIS_7DAY.
2026-02-03T14:52:32.376544Z INFO  hpde_io No hpde.io SPASE record for IBEX_H3_ENA_LO_R03_CT_RATE_ANALYSIS_7DAY.
2026-02-03T14:52:32.376572Z INFO  hpde_io Reading ./data/spase_hpde_io/info/IBEX_H3_ENA_LO_R04_CG_SP_ANTIRAM_3YR.pkl
2026-02-03T14:52:32.377014Z INFO  hpde_io Read ./data/spase_hpde_io/info/IBEX_H3_ENA_LO_R04_CG_SP_ANTIRAM_3YR.pkl
2026-02-03T14:52:32.377139Z INFO  hpde_io Reading ./data/spase_hpde_io/info/IBEX_H3_ENA_LO_R04_CG_SP_RAM_3YR.pkl
2026-02-03T14:52:32.377558Z INFO  hpde_io Read ./data/spase_hpde_io/info/IBEX_H3_ENA_LO_R04_CG_SP_RAM_3YR.pkl
2026-02-03T14:52:32.377634Z INFO  hpde_io No hpde.io SPASE record for IBEX_H3_ENA_LO_R06_SCHWADRON-H.
2026-02-03T14:52:32.377693Z INFO  hpde_io No hpde.io SPASE record for IBEX_H3_ENA_LO_R06_SCHWADRON-HE.
2026-02-03T14:52:32.377735Z INFO  hpde_io No hpde.io SPASE record for IBEX_H3_ENA_LO_R06_STATE_VECTORS.
2026-02-03T14:52:32.377770Z INFO  hpde_io Reading ./data/spase_hpde_io/info/IBEX_H3_ENA_LO_R07_NOCG_NOSP_OMNI_6MO.pkl
2026-02-03T14:52:32.378163Z INFO  hpde_io Read ./data/spase_hpde_io/info/IBEX_H3_ENA_LO_R07_NOCG_NOSP_OMNI_6MO.pkl
2026-02-03T14:52:32.378222Z INFO  hpde_io No hpde.io SPASE record for IBEX_H3_ENA_LO_R07_NOCG_NOSP_OMNI_VESCF_10MP.
2026-02-03T14:52:32.378252Z INFO  hpde_io Reading ./data/spase_hpde_io/info/IBEX_H3_ENA_LO_R07_NOCG_SP_OMNI_6MO.pkl
2026-02-03T14:52:32.378622Z INFO  hpde_io Read ./data/spase_hpde_io/info/IBEX_H3_ENA_LO_R07_NOCG_SP_OMNI_6MO.pkl
2026-02-03T14:52:32.378671Z INFO  hpde_io No hpde.io SPASE record for IBEX_H3_ENA_LO_R07_NOCG_SP_OMNI_VESCF_10MP.
2026-02-03T14:52:32.378704Z INFO  hpde_io No hpde.io SPASE record for IBEX_H3_ENA_LO_R08_OMNI_F2-RIBBON-MAPS-GAL_5YR.
2026-02-03T14:52:32.378746Z INFO  hpde_io No hpde.io SPASE record for IBEX_H3_ENA_LO_R08_OMNI_F2-RIBBON-MAPS-J2000_5YR.
2026-02-03T14:52:32.378793Z INFO  hpde_io No hpde.io SPASE record for IBEX_H3_ENA_LO_R08_OMNI_F2-RIBBON-MAPS_5YR.
2026-02-03T14:52:32.378822Z INFO  hpde_io No hpde.io SPASE record for IBEX_H3_ENA_LO_R08_OMNI_F3-GDF-MAPS-GALACTIC_5YR.
2026-02-03T14:52:32.378851Z INFO  hpde_io No hpde.io SPASE record for IBEX_H3_ENA_LO_R08_OMNI_F3-GDF-MAPS-J2000_5YR.
2026-02-03T14:52:32.378879Z INFO  hpde_io No hpde.io SPASE record for IBEX_H3_ENA_LO_R08_OMNI_F3-GDF-MAPS_5YR.
2026-02-03T14:52:32.378909Z INFO  hpde_io No hpde.io SPASE record for IBEX_H3_ENA_LO_R09_HEIRTZLER-H_7DAY.
2026-02-03T14:52:32.378938Z INFO  hpde_io No hpde.io SPASE record for IBEX_H3_ENA_LO_R09_PARK_OMAP_3YR.
2026-02-03T14:52:32.378986Z INFO  hpde_io No hpde.io SPASE record for IBEX_H3_ENA_LO_R09_PARK_OMAP_3YR-EVEN-MAPS.
2026-02-03T14:52:32.379030Z INFO  hpde_io No hpde.io SPASE record for IBEX_H3_ENA_LO_R09_PARK_OMAP_3YR-ODD-MAPS.
2026-02-03T14:52:32.379064Z INFO  hpde_io No hpde.io SPASE record for IBEX_H3_ENA_LO_R09_PARK_OMAP_6MO.
2026-02-03T14:52:32.379098Z INFO  hpde_io No hpde.io SPASE record for IBEX_H3_ENA_LO_R09_PARK_OMAP_STAT_3YR.
2026-02-03T14:52:32.379134Z INFO  hpde_io No hpde.io SPASE record for IBEX_H3_ENA_LO_R09_SCHWADRON-INTERSTELLAR-HE_1YR.
2026-02-03T14:52:32.379164Z INFO  hpde_io Reading ./data/spase_hpde_io/info/IBEX_H3_ENA_LO_R10_NOCG_NOSP_OMNI_6MO.pkl
2026-02-03T14:52:32.379498Z INFO  hpde_io Read ./data/spase_hpde_io/info/IBEX_H3_ENA_LO_R10_NOCG_NOSP_OMNI_6MO.pkl
2026-02-03T14:52:32.379539Z INFO  hpde_io Reading ./data/spase_hpde_io/info/IBEX_H3_ENA_LO_R10_NOCG_NOSP_OMNI_7YR.pkl
2026-02-03T14:52:32.379814Z INFO  hpde_io Read ./data/spase_hpde_io/info/IBEX_H3_ENA_LO_R10_NOCG_NOSP_OMNI_7YR.pkl
2026-02-03T14:52:32.379859Z INFO  hpde_io Reading ./data/spase_hpde_io/info/IBEX_H3_ENA_LO_R10_NOCG_SP_OMNI_6MO.pkl
2026-02-03T14:52:32.380142Z INFO  hpde_io Read ./data/spase_hpde_io/info/IBEX_H3_ENA_LO_R10_NOCG_SP_OMNI_6MO.pkl
2026-02-03T14:52:32.380189Z INFO  hpde_io Reading ./data/spase_hpde_io/info/IBEX_H3_ENA_LO_R10_NOCG_SP_OMNI_7YR.pkl
2026-02-03T14:52:32.380472Z INFO  hpde_io Read ./data/spase_hpde_io/info/IBEX_H3_ENA_LO_R10_NOCG_SP_OMNI_7YR.pkl
2026-02-03T14:52:32.380518Z INFO  hpde_io No hpde.io SPASE record for IBEX_H3_ENA_LO_R11_SCHWADRON-INTERSTELLAR-O.
2026-02-03T14:52:32.380547Z INFO  hpde_io Reading ./data/spase_hpde_io/info/IBEX_H3_ENA_LO_R17_CG_NOSP_ANTIRAM_1YR.pkl
2026-02-03T14:52:32.380977Z INFO  hpde_io Read ./data/spase_hpde_io/info/IBEX_H3_ENA_LO_R17_CG_NOSP_ANTIRAM_1YR.pkl
2026-02-03T14:52:32.381029Z INFO  hpde_io Reading ./data/spase_hpde_io/info/IBEX_H3_ENA_LO_R17_CG_NOSP_OMNI_1YR.pkl
2026-02-03T14:52:32.381405Z INFO  hpde_io Read ./data/spase_hpde_io/info/IBEX_H3_ENA_LO_R17_CG_NOSP_OMNI_1YR.pkl
2026-02-03T14:52:32.381451Z INFO  hpde_io Reading ./data/spase_hpde_io/info/IBEX_H3_ENA_LO_R17_CG_NOSP_RAM_1YR.pkl
2026-02-03T14:52:32.381843Z INFO  hpde_io Read ./data/spase_hpde_io/info/IBEX_H3_ENA_LO_R17_CG_NOSP_RAM_1YR.pkl
2026-02-03T14:52:32.381892Z INFO  hpde_io Reading ./data/spase_hpde_io/info/IBEX_H3_ENA_LO_R17_CG_SP_ANTIRAM_1YR.pkl
2026-02-03T14:52:32.382234Z INFO  hpde_io Read ./data/spase_hpde_io/info/IBEX_H3_ENA_LO_R17_CG_SP_ANTIRAM_1YR.pkl
2026-02-03T14:52:32.382273Z INFO  hpde_io Reading ./data/spase_hpde_io/info/IBEX_H3_ENA_LO_R17_CG_SP_OMNI_1YR.pkl
2026-02-03T14:52:32.382640Z INFO  hpde_io Read ./data/spase_hpde_io/info/IBEX_H3_ENA_LO_R17_CG_SP_OMNI_1YR.pkl
2026-02-03T14:52:32.382680Z INFO  hpde_io Reading ./data/spase_hpde_io/info/IBEX_H3_ENA_LO_R17_CG_SP_RAM_1YR.pkl
2026-02-03T14:52:32.383014Z INFO  hpde_io Read ./data/spase_hpde_io/info/IBEX_H3_ENA_LO_R17_CG_SP_RAM_1YR.pkl
2026-02-03T14:52:32.383062Z INFO  hpde_io Reading ./data/spase_hpde_io/info/IBEX_H3_ENA_LO_R17_NOCG_NOSP_RAM_1YR.pkl
2026-02-03T14:52:32.383400Z INFO  hpde_io Read ./data/spase_hpde_io/info/IBEX_H3_ENA_LO_R17_NOCG_NOSP_RAM_1YR.pkl
2026-02-03T14:52:32.383445Z INFO  hpde_io No hpde.io SPASE record for IBEX_H3_ENA_R05_MARINER-H-HE.
2026-02-03T14:52:32.383477Z INFO  hpde_io No hpde.io SPASE record for IBEX_H3_ENA_R18_STATE_VECTOR.
2026-02-03T14:52:32.383510Z INFO  hpde_io No hpde.io SPASE record for IBEX_OR_SSC.
2026-02-03T14:52:32.383544Z INFO  hpde_io Reading ./data/spase_hpde_io/info/ICON_L2-1_MIGHTI-A_LOS-WIND-GREEN.pkl
2026-02-03T14:52:32.383730Z INFO  hpde_io Read ./data/spase_hpde_io/info/ICON_L2-1_MIGHTI-A_LOS-WIND-GREEN.pkl
2026-02-03T14:52:32.383783Z INFO  hpde_io Reading ./data/spase_hpde_io/info/ICON_L2-1_MIGHTI-A_LOS-WIND-RED.pkl
2026-02-03T14:52:32.383972Z INFO  hpde_io Read ./data/spase_hpde_io/info/ICON_L2-1_MIGHTI-A_LOS-WIND-RED.pkl
2026-02-03T14:52:32.384010Z INFO  hpde_io Reading ./data/spase_hpde_io/info/ICON_L2-1_MIGHTI-B_LOS-WIND-GREEN.pkl
2026-02-03T14:52:32.384210Z INFO  hpde_io Read ./data/spase_hpde_io/info/ICON_L2-1_MIGHTI-B_LOS-WIND-GREEN.pkl
2026-02-03T14:52:32.384252Z INFO  hpde_io Reading ./data/spase_hpde_io/info/ICON_L2-1_MIGHTI-B_LOS-WIND-RED.pkl
2026-02-03T14:52:32.384447Z INFO  hpde_io Read ./data/spase_hpde_io/info/ICON_L2-1_MIGHTI-B_LOS-WIND-RED.pkl
2026-02-03T14:52:32.384487Z INFO  hpde_io Reading ./data/spase_hpde_io/info/ICON_L2-2_MIGHTI_VECTOR-WIND-GREEN.pkl
2026-02-03T14:52:32.384683Z INFO  hpde_io Read ./data/spase_hpde_io/info/ICON_L2-2_MIGHTI_VECTOR-WIND-GREEN.pkl
2026-02-03T14:52:32.384729Z INFO  hpde_io Reading ./data/spase_hpde_io/info/ICON_L2-2_MIGHTI_VECTOR-WIND-RED.pkl
2026-02-03T14:52:32.384919Z INFO  hpde_io Read ./data/spase_hpde_io/info/ICON_L2-2_MIGHTI_VECTOR-WIND-RED.pkl
2026-02-03T14:52:32.384962Z INFO  hpde_io Reading ./data/spase_hpde_io/info/ICON_L2-3_MIGHTI-A_TEMPERATURE.pkl
2026-02-03T14:52:32.385166Z INFO  hpde_io Read ./data/spase_hpde_io/info/ICON_L2-3_MIGHTI-A_TEMPERATURE.pkl
2026-02-03T14:52:32.385203Z INFO  hpde_io Reading ./data/spase_hpde_io/info/ICON_L2-3_MIGHTI-B_TEMPERATURE.pkl
2026-02-03T14:52:32.385429Z INFO  hpde_io Read ./data/spase_hpde_io/info/ICON_L2-3_MIGHTI-B_TEMPERATURE.pkl
2026-02-03T14:52:32.385468Z INFO  hpde_io Reading ./data/spase_hpde_io/info/ICON_L2-4_FUV_DAY.pkl
2026-02-03T14:52:32.385675Z INFO  hpde_io Read ./data/spase_hpde_io/info/ICON_L2-4_FUV_DAY.pkl
2026-02-03T14:52:32.385715Z INFO  hpde_io Reading ./data/spase_hpde_io/info/ICON_L2-4_FUV_DAY-LIMB.pkl
2026-02-03T14:52:32.385894Z INFO  hpde_io Read ./data/spase_hpde_io/info/ICON_L2-4_FUV_DAY-LIMB.pkl
2026-02-03T14:52:32.385937Z INFO  hpde_io Reading ./data/spase_hpde_io/info/ICON_L2-5_FUV_NIGHT.pkl
2026-02-03T14:52:32.386102Z INFO  hpde_io Read ./data/spase_hpde_io/info/ICON_L2-5_FUV_NIGHT.pkl
2026-02-03T14:52:32.386139Z INFO  hpde_io Reading ./data/spase_hpde_io/info/ICON_L2-6_EUV.pkl
2026-02-03T14:52:32.386326Z INFO  hpde_io Read ./data/spase_hpde_io/info/ICON_L2-6_EUV.pkl
2026-02-03T14:52:32.386367Z INFO  hpde_io Reading ./data/spase_hpde_io/info/ICON_L2-7_IVM-A.pkl
2026-02-03T14:52:32.386643Z INFO  hpde_io Read ./data/spase_hpde_io/info/ICON_L2-7_IVM-A.pkl
2026-02-03T14:52:32.386685Z INFO  hpde_io Reading ./data/spase_hpde_io/info/ICON_L2-7_IVM-B.pkl
2026-02-03T14:52:32.386930Z INFO  hpde_io Read ./data/spase_hpde_io/info/ICON_L2-7_IVM-B.pkl
2026-02-03T14:52:32.386976Z INFO  hpde_io Reading ./data/spase_hpde_io/info/IG_K0_PCI.pkl
2026-02-03T14:52:32.387144Z INFO  hpde_io Read ./data/spase_hpde_io/info/IG_K0_PCI.pkl
2026-02-03T14:52:32.387181Z INFO  hpde_io Reading ./data/spase_hpde_io/info/IMAGE_M2_EUV.pkl
2026-02-03T14:52:32.387367Z INFO  hpde_io Read ./data/spase_hpde_io/info/IMAGE_M2_EUV.pkl
2026-02-03T14:52:32.387411Z INFO  hpde_io Reading ./data/spase_hpde_io/info/IM_ELECTRON_DENSITY_RPI.pkl
2026-02-03T14:52:32.387553Z INFO  hpde_io Read ./data/spase_hpde_io/info/IM_ELECTRON_DENSITY_RPI.pkl
2026-02-03T14:52:32.387594Z INFO  hpde_io Reading ./data/spase_hpde_io/info/IM_HK_ADS.pkl
2026-02-03T14:52:32.387751Z INFO  hpde_io Read ./data/spase_hpde_io/info/IM_HK_ADS.pkl
2026-02-03T14:52:32.387799Z INFO  hpde_io No hpde.io SPASE record for IM_HK_AST.
2026-02-03T14:52:32.387833Z INFO  hpde_io No hpde.io SPASE record for IM_HK_COM.
2026-02-03T14:52:32.387867Z INFO  hpde_io No hpde.io SPASE record for IM_HK_FSW.
2026-02-03T14:52:32.387895Z INFO  hpde_io No hpde.io SPASE record for IM_HK_PWR.
2026-02-03T14:52:32.387926Z INFO  hpde_io No hpde.io SPASE record for IM_HK_TML.
2026-02-03T14:52:32.387966Z INFO  hpde_io No hpde.io SPASE record for IM_K0_EUV.
2026-02-03T14:52:32.387996Z INFO  hpde_io No hpde.io SPASE record for IM_K0_HENA.
2026-02-03T14:52:32.388029Z INFO  hpde_io No hpde.io SPASE record for IM_K0_LENA.
2026-02-03T14:52:32.388061Z INFO  hpde_io No hpde.io SPASE record for IM_K0_MENA.
2026-02-03T14:52:32.388089Z INFO  hpde_io Reading ./data/spase_hpde_io/info/IM_K0_RPI.pkl
2026-02-03T14:52:32.388229Z INFO  hpde_io Read ./data/spase_hpde_io/info/IM_K0_RPI.pkl
2026-02-03T14:52:32.388279Z INFO  hpde_io No hpde.io SPASE record for IM_K0_SIE.
2026-02-03T14:52:32.388306Z INFO  hpde_io No hpde.io SPASE record for IM_K0_SIP.
2026-02-03T14:52:32.388339Z INFO  hpde_io No hpde.io SPASE record for IM_K0_WIC.
2026-02-03T14:52:32.388365Z INFO  hpde_io Reading ./data/spase_hpde_io/info/IM_K1_RPI.pkl
2026-02-03T14:52:32.388536Z INFO  hpde_io Read ./data/spase_hpde_io/info/IM_K1_RPI.pkl
2026-02-03T14:52:32.388587Z INFO  hpde_io Reading ./data/spase_hpde_io/info/IM_OR_DEF.pkl
2026-02-03T14:52:32.388780Z INFO  hpde_io Read ./data/spase_hpde_io/info/IM_OR_DEF.pkl
2026-02-03T14:52:32.388820Z INFO  hpde_io Reading ./data/spase_hpde_io/info/IM_OR_PRE.pkl
2026-02-03T14:52:32.388967Z INFO  hpde_io Read ./data/spase_hpde_io/info/IM_OR_PRE.pkl
2026-02-03T14:52:32.389011Z INFO  hpde_io Reading ./data/spase_hpde_io/info/ISEE-3_HELIO1DAY_POSITION.pkl
2026-02-03T14:52:32.389197Z INFO  hpde_io Read ./data/spase_hpde_io/info/ISEE-3_HELIO1DAY_POSITION.pkl
2026-02-03T14:52:32.389287Z INFO  hpde_io Reading ./data/spase_hpde_io/info/ISEE-3_HELIO1HR_POSITION.pkl
2026-02-03T14:52:32.389475Z INFO  hpde_io Read ./data/spase_hpde_io/info/ISEE-3_HELIO1HR_POSITION.pkl
2026-02-03T14:52:32.389526Z INFO  hpde_io Reading ./data/spase_hpde_io/info/ISEE-3_MAGPLASMA_2MIN_MAGNETIC_FIELD_PLASMA.pkl
2026-02-03T14:52:32.389697Z INFO  hpde_io Read ./data/spase_hpde_io/info/ISEE-3_MAGPLASMA_2MIN_MAGNETIC_FIELD_PLASMA.pkl
2026-02-03T14:52:32.389750Z INFO  hpde_io Reading ./data/spase_hpde_io/info/ISEE-3_MAG_1MIN_MAGNETIC_FIELD.pkl
2026-02-03T14:52:32.389897Z INFO  hpde_io Read ./data/spase_hpde_io/info/ISEE-3_MAG_1MIN_MAGNETIC_FIELD.pkl
2026-02-03T14:52:32.389942Z INFO  hpde_io Reading ./data/spase_hpde_io/info/ISEE1_4SEC_MFI.pkl
2026-02-03T14:52:32.390064Z INFO  hpde_io Read ./data/spase_hpde_io/info/ISEE1_4SEC_MFI.pkl
2026-02-03T14:52:32.390735Z INFO  hpde_io Reading ./data/spase_hpde_io/info/ISEE1_60SEC_MFI.pkl
2026-02-03T14:52:32.390888Z INFO  hpde_io Read ./data/spase_hpde_io/info/ISEE1_60SEC_MFI.pkl
2026-02-03T14:52:32.390929Z INFO  hpde_io Reading ./data/spase_hpde_io/info/ISEE1_H0_FE.pkl
2026-02-03T14:52:32.391126Z INFO  hpde_io Read ./data/spase_hpde_io/info/ISEE1_H0_FE.pkl
2026-02-03T14:52:32.391179Z INFO  hpde_io Reading ./data/spase_hpde_io/info/ISEE1_H1_FPE.pkl
2026-02-03T14:52:32.391305Z INFO  hpde_io Read ./data/spase_hpde_io/info/ISEE1_H1_FPE.pkl
2026-02-03T14:52:32.391348Z INFO  hpde_io Reading ./data/spase_hpde_io/info/ISEE1_H2_FPE.pkl
2026-02-03T14:52:32.391474Z INFO  hpde_io Read ./data/spase_hpde_io/info/ISEE1_H2_FPE.pkl
2026-02-03T14:52:32.391519Z INFO  hpde_io Reading ./data/spase_hpde_io/info/ISEE1_PWI_SA.pkl
2026-02-03T14:52:32.391663Z INFO  hpde_io Read ./data/spase_hpde_io/info/ISEE1_PWI_SA.pkl
2026-02-03T14:52:32.391711Z INFO  hpde_io Reading ./data/spase_hpde_io/info/ISEE1_PWI_SA-RAPID-E.pkl
2026-02-03T14:52:32.391843Z INFO  hpde_io Read ./data/spase_hpde_io/info/ISEE1_PWI_SA-RAPID-E.pkl
2026-02-03T14:52:32.391881Z INFO  hpde_io Reading ./data/spase_hpde_io/info/ISEE1_PWI_SFR-E.pkl
2026-02-03T14:52:32.392006Z INFO  hpde_io Read ./data/spase_hpde_io/info/ISEE1_PWI_SFR-E.pkl
2026-02-03T14:52:32.392041Z INFO  hpde_io Reading ./data/spase_hpde_io/info/ISEE2_4SEC_MFI.pkl
2026-02-03T14:52:32.392163Z INFO  hpde_io Read ./data/spase_hpde_io/info/ISEE2_4SEC_MFI.pkl
2026-02-03T14:52:32.392209Z INFO  hpde_io Reading ./data/spase_hpde_io/info/ISEE2_60SEC_MFI.pkl
2026-02-03T14:52:32.392357Z INFO  hpde_io Read ./data/spase_hpde_io/info/ISEE2_60SEC_MFI.pkl
2026-02-03T14:52:32.392407Z INFO  hpde_io Reading ./data/spase_hpde_io/info/ISEE2_H1_FPE.pkl
2026-02-03T14:52:32.392538Z INFO  hpde_io Read ./data/spase_hpde_io/info/ISEE2_H1_FPE.pkl
2026-02-03T14:52:32.392580Z INFO  hpde_io Reading ./data/spase_hpde_io/info/ISS_27DAY-AVERAGES_AMS-02.pkl
2026-02-03T14:52:32.427572Z INFO  hpde_io Read ./data/spase_hpde_io/info/ISS_27DAY-AVERAGES_AMS-02.pkl
2026-02-03T14:52:32.427751Z INFO  hpde_io Reading ./data/spase_hpde_io/info/ISS_DOSANL_TEPC.pkl
2026-02-03T14:52:32.427981Z INFO  hpde_io Read ./data/spase_hpde_io/info/ISS_DOSANL_TEPC.pkl
2026-02-03T14:52:32.428042Z INFO  hpde_io Reading ./data/spase_hpde_io/info/ISS_SP_FPMU.pkl
2026-02-03T14:52:32.428218Z INFO  hpde_io Read ./data/spase_hpde_io/info/ISS_SP_FPMU.pkl
2026-02-03T14:52:32.428264Z INFO  hpde_io Reading ./data/spase_hpde_io/info/IT_H0_MFI.pkl
2026-02-03T14:52:32.428421Z INFO  hpde_io Read ./data/spase_hpde_io/info/IT_H0_MFI.pkl
2026-02-03T14:52:32.428460Z INFO  hpde_io Reading ./data/spase_hpde_io/info/IT_K0_AKR.pkl
2026-02-03T14:52:32.428590Z INFO  hpde_io Read ./data/spase_hpde_io/info/IT_K0_AKR.pkl
2026-02-03T14:52:32.428636Z INFO  hpde_io Reading ./data/spase_hpde_io/info/IT_K0_COR.pkl
2026-02-03T14:52:32.428757Z INFO  hpde_io Read ./data/spase_hpde_io/info/IT_K0_COR.pkl
2026-02-03T14:52:32.428797Z INFO  hpde_io Reading ./data/spase_hpde_io/info/IT_K0_ELE.pkl
2026-02-03T14:52:32.428916Z INFO  hpde_io Read ./data/spase_hpde_io/info/IT_K0_ELE.pkl
2026-02-03T14:52:32.428953Z INFO  hpde_io Reading ./data/spase_hpde_io/info/IT_K0_EPI.pkl
2026-02-03T14:52:32.429084Z INFO  hpde_io Read ./data/spase_hpde_io/info/IT_K0_EPI.pkl
2026-02-03T14:52:32.429130Z INFO  hpde_io Reading ./data/spase_hpde_io/info/IT_K0_ICD.pkl
2026-02-03T14:52:32.429251Z INFO  hpde_io Read ./data/spase_hpde_io/info/IT_K0_ICD.pkl
2026-02-03T14:52:32.429286Z INFO  hpde_io Reading ./data/spase_hpde_io/info/IT_K0_MFI.pkl
2026-02-03T14:52:32.429410Z INFO  hpde_io Read ./data/spase_hpde_io/info/IT_K0_MFI.pkl
2026-02-03T14:52:32.429447Z INFO  hpde_io Reading ./data/spase_hpde_io/info/IT_K0_VDP.pkl
2026-02-03T14:52:32.429576Z INFO  hpde_io Read ./data/spase_hpde_io/info/IT_K0_VDP.pkl
2026-02-03T14:52:32.429610Z INFO  hpde_io Reading ./data/spase_hpde_io/info/IT_K0_WAV.pkl
2026-02-03T14:52:32.429731Z INFO  hpde_io Read ./data/spase_hpde_io/info/IT_K0_WAV.pkl
2026-02-03T14:52:32.429765Z INFO  hpde_io Reading ./data/spase_hpde_io/info/IT_OR_DEF.pkl
2026-02-03T14:52:32.429919Z INFO  hpde_io Read ./data/spase_hpde_io/info/IT_OR_DEF.pkl
2026-02-03T14:52:32.429955Z INFO  hpde_io Reading ./data/spase_hpde_io/info/JUNO_HELIO1DAY_POSITION.pkl
2026-02-03T14:52:32.430098Z INFO  hpde_io Read ./data/spase_hpde_io/info/JUNO_HELIO1DAY_POSITION.pkl
2026-02-03T14:52:32.430136Z INFO  hpde_io Reading ./data/spase_hpde_io/info/JUNO_HELIO1HR_POSITION.pkl
2026-02-03T14:52:32.430274Z INFO  hpde_io Read ./data/spase_hpde_io/info/JUNO_HELIO1HR_POSITION.pkl
2026-02-03T14:52:32.430314Z INFO  hpde_io Reading ./data/spase_hpde_io/info/JUPITER_HELIO1DAY_POSITION.pkl
2026-02-03T14:52:32.430451Z INFO  hpde_io Read ./data/spase_hpde_io/info/JUPITER_HELIO1DAY_POSITION.pkl
2026-02-03T14:52:32.430490Z INFO  hpde_io Reading ./data/spase_hpde_io/info/JUPITER_HELIO1HR_POSITION.pkl
2026-02-03T14:52:32.430626Z INFO  hpde_io Read ./data/spase_hpde_io/info/JUPITER_HELIO1HR_POSITION.pkl
2026-02-03T14:52:32.430661Z INFO  hpde_io Reading ./data/spase_hpde_io/info/L0_K0_MPA.pkl
2026-02-03T14:52:32.430869Z INFO  hpde_io Read ./data/spase_hpde_io/info/L0_K0_MPA.pkl
2026-02-03T14:52:32.430916Z INFO  hpde_io Reading ./data/spase_hpde_io/info/L0_K0_SPA.pkl
2026-02-03T14:52:32.431104Z INFO  hpde_io Read ./data/spase_hpde_io/info/L0_K0_SPA.pkl
2026-02-03T14:52:32.431148Z INFO  hpde_io Reading ./data/spase_hpde_io/info/L1_K0_MPA.pkl
2026-02-03T14:52:32.431322Z INFO  hpde_io Read ./data/spase_hpde_io/info/L1_K0_MPA.pkl
2026-02-03T14:52:32.431360Z INFO  hpde_io Reading ./data/spase_hpde_io/info/L1_K0_SPA.pkl
2026-02-03T14:52:32.431527Z INFO  hpde_io Read ./data/spase_hpde_io/info/L1_K0_SPA.pkl
2026-02-03T14:52:32.431572Z INFO  hpde_io Reading ./data/spase_hpde_io/info/L4_K0_MPA.pkl
2026-02-03T14:52:32.431754Z INFO  hpde_io Read ./data/spase_hpde_io/info/L4_K0_MPA.pkl
2026-02-03T14:52:32.431798Z INFO  hpde_io Reading ./data/spase_hpde_io/info/L4_K0_SPA.pkl
2026-02-03T14:52:32.431995Z INFO  hpde_io Read ./data/spase_hpde_io/info/L4_K0_SPA.pkl
2026-02-03T14:52:32.432041Z INFO  hpde_io Reading ./data/spase_hpde_io/info/L7_H0_MPA.pkl
2026-02-03T14:52:32.432162Z INFO  hpde_io Read ./data/spase_hpde_io/info/L7_H0_MPA.pkl
2026-02-03T14:52:32.432200Z INFO  hpde_io Reading ./data/spase_hpde_io/info/L7_K0_MPA.pkl
2026-02-03T14:52:32.432393Z INFO  hpde_io Read ./data/spase_hpde_io/info/L7_K0_MPA.pkl
2026-02-03T14:52:32.432444Z INFO  hpde_io Reading ./data/spase_hpde_io/info/L7_K0_SPA.pkl
2026-02-03T14:52:32.432631Z INFO  hpde_io Read ./data/spase_hpde_io/info/L7_K0_SPA.pkl
2026-02-03T14:52:32.432675Z INFO  hpde_io Reading ./data/spase_hpde_io/info/L9_H0_MPA.pkl
2026-02-03T14:52:32.432811Z INFO  hpde_io Read ./data/spase_hpde_io/info/L9_H0_MPA.pkl
2026-02-03T14:52:32.432855Z INFO  hpde_io Reading ./data/spase_hpde_io/info/L9_K0_MPA.pkl
2026-02-03T14:52:32.433020Z INFO  hpde_io Read ./data/spase_hpde_io/info/L9_K0_MPA.pkl
2026-02-03T14:52:32.433058Z INFO  hpde_io Reading ./data/spase_hpde_io/info/L9_K0_SPA.pkl
2026-02-03T14:52:32.433218Z INFO  hpde_io Read ./data/spase_hpde_io/info/L9_K0_SPA.pkl
2026-02-03T14:52:32.433256Z INFO  hpde_io Reading ./data/spase_hpde_io/info/MARS_HELIO1DAY_POSITION.pkl
2026-02-03T14:52:32.433390Z INFO  hpde_io Read ./data/spase_hpde_io/info/MARS_HELIO1DAY_POSITION.pkl
2026-02-03T14:52:32.433427Z INFO  hpde_io Reading ./data/spase_hpde_io/info/MARS_HELIO1HR_POSITION.pkl
2026-02-03T14:52:32.433588Z INFO  hpde_io Read ./data/spase_hpde_io/info/MARS_HELIO1HR_POSITION.pkl
2026-02-03T14:52:32.433642Z INFO  hpde_io Reading ./data/spase_hpde_io/info/MAVEN_HELIO1DAY_POSITION.pkl
2026-02-03T14:52:32.433783Z INFO  hpde_io Read ./data/spase_hpde_io/info/MAVEN_HELIO1DAY_POSITION.pkl
2026-02-03T14:52:32.433823Z INFO  hpde_io Reading ./data/spase_hpde_io/info/MAVEN_HELIO1HR_POSITION.pkl
2026-02-03T14:52:32.433966Z INFO  hpde_io Read ./data/spase_hpde_io/info/MAVEN_HELIO1HR_POSITION.pkl
2026-02-03T14:52:32.434003Z INFO  hpde_io Reading ./data/spase_hpde_io/info/MERCURY_HELIO1DAY_POSITION.pkl
2026-02-03T14:52:32.434135Z INFO  hpde_io Read ./data/spase_hpde_io/info/MERCURY_HELIO1DAY_POSITION.pkl
2026-02-03T14:52:32.434173Z INFO  hpde_io Reading ./data/spase_hpde_io/info/MERCURY_HELIO1HR_POSITION.pkl
2026-02-03T14:52:32.434310Z INFO  hpde_io Read ./data/spase_hpde_io/info/MERCURY_HELIO1HR_POSITION.pkl
2026-02-03T14:52:32.434350Z INFO  hpde_io Reading ./data/spase_hpde_io/info/MESSENGER_HELIO1DAY_POSITION.pkl
2026-02-03T14:52:32.434483Z INFO  hpde_io Read ./data/spase_hpde_io/info/MESSENGER_HELIO1DAY_POSITION.pkl
2026-02-03T14:52:32.434526Z INFO  hpde_io Reading ./data/spase_hpde_io/info/MESSENGER_HELIO1HR_POSITION.pkl
2026-02-03T14:52:32.434660Z INFO  hpde_io Read ./data/spase_hpde_io/info/MESSENGER_HELIO1HR_POSITION.pkl
2026-02-03T14:52:32.434703Z INFO  hpde_io Reading ./data/spase_hpde_io/info/MESSENGER_MAG_RTN.pkl
2026-02-03T14:52:32.434837Z INFO  hpde_io Read ./data/spase_hpde_io/info/MESSENGER_MAG_RTN.pkl
2026-02-03T14:52:32.434883Z INFO  hpde_io Reading ./data/spase_hpde_io/info/METOP1_POES-SEM2_FLUXES-2SEC.pkl
2026-02-03T14:52:32.435290Z INFO  hpde_io Read ./data/spase_hpde_io/info/METOP1_POES-SEM2_FLUXES-2SEC.pkl
2026-02-03T14:52:32.435360Z INFO  hpde_io Reading ./data/spase_hpde_io/info/METOP2_POES-SEM2_FLUXES-2SEC.pkl
2026-02-03T14:52:32.435718Z INFO  hpde_io Read ./data/spase_hpde_io/info/METOP2_POES-SEM2_FLUXES-2SEC.pkl
2026-02-03T14:52:32.435775Z INFO  hpde_io No hpde.io SPASE record for METOP3_POES-SEM2_FLUXES-2SEC.
2026-02-03T14:52:32.435820Z INFO  hpde_io No hpde.io SPASE record for MGS_MAG_HIGH.
2026-02-03T14:52:32.435863Z INFO  hpde_io No hpde.io SPASE record for MGS_MAG_LOW.
2026-02-03T14:52:32.435891Z INFO  hpde_io Reading ./data/spase_hpde_io/info/MMS1_ASPOC_SRVY_L2.pkl
2026-02-03T14:52:32.436036Z INFO  hpde_io Read ./data/spase_hpde_io/info/MMS1_ASPOC_SRVY_L2.pkl
2026-02-03T14:52:32.436076Z INFO  hpde_io Reading ./data/spase_hpde_io/info/MMS1_DSP_FAST_L2_BPSD.pkl
2026-02-03T14:52:32.436276Z INFO  hpde_io Read ./data/spase_hpde_io/info/MMS1_DSP_FAST_L2_BPSD.pkl
2026-02-03T14:52:32.436314Z INFO  hpde_io Reading ./data/spase_hpde_io/info/MMS1_DSP_FAST_L2_EPSD.pkl
2026-02-03T14:52:32.436560Z INFO  hpde_io Read ./data/spase_hpde_io/info/MMS1_DSP_FAST_L2_EPSD.pkl
2026-02-03T14:52:32.436605Z INFO  hpde_io Reading ./data/spase_hpde_io/info/MMS1_DSP_SLOW_L2_BPSD.pkl
2026-02-03T14:52:32.436801Z INFO  hpde_io Read ./data/spase_hpde_io/info/MMS1_DSP_SLOW_L2_BPSD.pkl
2026-02-03T14:52:32.436836Z INFO  hpde_io Reading ./data/spase_hpde_io/info/MMS1_DSP_SLOW_L2_EPSD.pkl
2026-02-03T14:52:32.437078Z INFO  hpde_io Read ./data/spase_hpde_io/info/MMS1_DSP_SLOW_L2_EPSD.pkl
2026-02-03T14:52:32.437118Z INFO  hpde_io Reading ./data/spase_hpde_io/info/MMS1_EDI_BRST_L2_AMB.pkl
2026-02-03T14:52:32.437300Z INFO  hpde_io Read ./data/spase_hpde_io/info/MMS1_EDI_BRST_L2_AMB.pkl
2026-02-03T14:52:32.437341Z INFO  hpde_io Reading ./data/spase_hpde_io/info/MMS1_EDI_BRST_L2_AMB-PM2.pkl
2026-02-03T14:52:32.437783Z INFO  hpde_io Read ./data/spase_hpde_io/info/MMS1_EDI_BRST_L2_AMB-PM2.pkl
2026-02-03T14:52:32.437825Z INFO  hpde_io Reading ./data/spase_hpde_io/info/MMS1_EDI_BRST_L2_EFIELD.pkl
2026-02-03T14:52:32.437991Z INFO  hpde_io Read ./data/spase_hpde_io/info/MMS1_EDI_BRST_L2_EFIELD.pkl
2026-02-03T14:52:32.438031Z INFO  hpde_io Reading ./data/spase_hpde_io/info/MMS1_EDI_BRST_L2_Q0.pkl
2026-02-03T14:52:32.438218Z INFO  hpde_io Read ./data/spase_hpde_io/info/MMS1_EDI_BRST_L2_Q0.pkl
2026-02-03T14:52:32.438257Z INFO  hpde_io Reading ./data/spase_hpde_io/info/MMS1_EDI_SRVY_L2_AMB.pkl
2026-02-03T14:52:32.438395Z INFO  hpde_io Read ./data/spase_hpde_io/info/MMS1_EDI_SRVY_L2_AMB.pkl
2026-02-03T14:52:32.438436Z INFO  hpde_io Reading ./data/spase_hpde_io/info/MMS1_EDI_SRVY_L2_AMB-PM2.pkl
2026-02-03T14:52:32.438591Z INFO  hpde_io Read ./data/spase_hpde_io/info/MMS1_EDI_SRVY_L2_AMB-PM2.pkl
2026-02-03T14:52:32.438636Z INFO  hpde_io Reading ./data/spase_hpde_io/info/MMS1_EDI_SRVY_L2_EFIELD.pkl
2026-02-03T14:52:32.438815Z INFO  hpde_io Read ./data/spase_hpde_io/info/MMS1_EDI_SRVY_L2_EFIELD.pkl
2026-02-03T14:52:32.438857Z INFO  hpde_io Reading ./data/spase_hpde_io/info/MMS1_EDI_SRVY_L2_Q0.pkl
2026-02-03T14:52:32.438989Z INFO  hpde_io Read ./data/spase_hpde_io/info/MMS1_EDI_SRVY_L2_Q0.pkl
2026-02-03T14:52:32.439028Z INFO  hpde_io Reading ./data/spase_hpde_io/info/MMS1_EDP_BRST_L2_DCE.pkl
2026-02-03T14:52:32.439158Z INFO  hpde_io Read ./data/spase_hpde_io/info/MMS1_EDP_BRST_L2_DCE.pkl
2026-02-03T14:52:32.439207Z INFO  hpde_io Reading ./data/spase_hpde_io/info/MMS1_EDP_BRST_L2_HMFE.pkl
2026-02-03T14:52:32.439340Z INFO  hpde_io Read ./data/spase_hpde_io/info/MMS1_EDP_BRST_L2_HMFE.pkl
2026-02-03T14:52:32.439383Z INFO  hpde_io Reading ./data/spase_hpde_io/info/MMS1_EDP_BRST_L2_SCPOT.pkl
2026-02-03T14:52:32.439520Z INFO  hpde_io Read ./data/spase_hpde_io/info/MMS1_EDP_BRST_L2_SCPOT.pkl
2026-02-03T14:52:32.439560Z INFO  hpde_io Reading ./data/spase_hpde_io/info/MMS1_EDP_FAST_L2_DCE.pkl
2026-02-03T14:52:32.439709Z INFO  hpde_io Read ./data/spase_hpde_io/info/MMS1_EDP_FAST_L2_DCE.pkl
2026-02-03T14:52:32.439747Z INFO  hpde_io Reading ./data/spase_hpde_io/info/MMS1_EDP_FAST_L2_SCPOT.pkl
2026-02-03T14:52:32.439875Z INFO  hpde_io Read ./data/spase_hpde_io/info/MMS1_EDP_FAST_L2_SCPOT.pkl
2026-02-03T14:52:32.439912Z INFO  hpde_io Reading ./data/spase_hpde_io/info/MMS1_EDP_SLOW_L2_DCE.pkl
2026-02-03T14:52:32.440040Z INFO  hpde_io Read ./data/spase_hpde_io/info/MMS1_EDP_SLOW_L2_DCE.pkl
2026-02-03T14:52:32.440085Z INFO  hpde_io Reading ./data/spase_hpde_io/info/MMS1_EDP_SLOW_L2_SCPOT.pkl
2026-02-03T14:52:32.440218Z INFO  hpde_io Read ./data/spase_hpde_io/info/MMS1_EDP_SLOW_L2_SCPOT.pkl
2026-02-03T14:52:32.440253Z INFO  hpde_io Reading ./data/spase_hpde_io/info/MMS1_EDP_SRVY_L2_HFESP.pkl
2026-02-03T14:52:32.440378Z INFO  hpde_io Read ./data/spase_hpde_io/info/MMS1_EDP_SRVY_L2_HFESP.pkl
2026-02-03T14:52:32.440414Z INFO  hpde_io Reading ./data/spase_hpde_io/info/MMS1_EPD-EIS_BRST_L2_EXTOF.pkl
2026-02-03T14:52:32.441220Z INFO  hpde_io Read ./data/spase_hpde_io/info/MMS1_EPD-EIS_BRST_L2_EXTOF.pkl
2026-02-03T14:52:32.441265Z INFO  hpde_io Reading ./data/spase_hpde_io/info/MMS1_EPD-EIS_BRST_L2_PHXTOF.pkl
2026-02-03T14:52:32.441871Z INFO  hpde_io Read ./data/spase_hpde_io/info/MMS1_EPD-EIS_BRST_L2_PHXTOF.pkl
2026-02-03T14:52:32.441919Z INFO  hpde_io Reading ./data/spase_hpde_io/info/MMS1_EPD-EIS_SRVY_L2_ELECTRONENERGY.pkl
2026-02-03T14:52:32.442612Z INFO  hpde_io Read ./data/spase_hpde_io/info/MMS1_EPD-EIS_SRVY_L2_ELECTRONENERGY.pkl
2026-02-03T14:52:32.442651Z INFO  hpde_io Reading ./data/spase_hpde_io/info/MMS1_EPD-EIS_SRVY_L2_EXTOF.pkl
2026-02-03T14:52:32.443156Z INFO  hpde_io Read ./data/spase_hpde_io/info/MMS1_EPD-EIS_SRVY_L2_EXTOF.pkl
2026-02-03T14:52:32.443193Z INFO  hpde_io Reading ./data/spase_hpde_io/info/MMS1_EPD-EIS_SRVY_L2_PHXTOF.pkl
2026-02-03T14:52:32.443652Z INFO  hpde_io Read ./data/spase_hpde_io/info/MMS1_EPD-EIS_SRVY_L2_PHXTOF.pkl
2026-02-03T14:52:32.443691Z INFO  hpde_io Reading ./data/spase_hpde_io/info/MMS1_FEEPS_BRST_L2_ELECTRON.pkl
2026-02-03T14:52:32.444059Z INFO  hpde_io Read ./data/spase_hpde_io/info/MMS1_FEEPS_BRST_L2_ELECTRON.pkl
2026-02-03T14:52:32.444101Z INFO  hpde_io Reading ./data/spase_hpde_io/info/MMS1_FEEPS_BRST_L2_ION.pkl
2026-02-03T14:52:32.444319Z INFO  hpde_io Read ./data/spase_hpde_io/info/MMS1_FEEPS_BRST_L2_ION.pkl
2026-02-03T14:52:32.444356Z INFO  hpde_io Reading ./data/spase_hpde_io/info/MMS1_FEEPS_SRVY_L2_ELECTRON.pkl
2026-02-03T14:52:32.444646Z INFO  hpde_io Read ./data/spase_hpde_io/info/MMS1_FEEPS_SRVY_L2_ELECTRON.pkl
2026-02-03T14:52:32.444685Z INFO  hpde_io Reading ./data/spase_hpde_io/info/MMS1_FEEPS_SRVY_L2_ION.pkl
2026-02-03T14:52:32.444906Z INFO  hpde_io Read ./data/spase_hpde_io/info/MMS1_FEEPS_SRVY_L2_ION.pkl
2026-02-03T14:52:32.444945Z INFO  hpde_io Reading ./data/spase_hpde_io/info/MMS1_FGM_BRST_L2.pkl
2026-02-03T14:52:32.445117Z INFO  hpde_io Read ./data/spase_hpde_io/info/MMS1_FGM_BRST_L2.pkl
2026-02-03T14:52:32.445165Z INFO  hpde_io Reading ./data/spase_hpde_io/info/MMS1_FGM_SRVY_L2.pkl
2026-02-03T14:52:32.445327Z INFO  hpde_io Read ./data/spase_hpde_io/info/MMS1_FGM_SRVY_L2.pkl
2026-02-03T14:52:32.445366Z INFO  hpde_io Reading ./data/spase_hpde_io/info/MMS1_FPI_BRST_L2_DES-DIST.pkl
2026-02-03T14:52:32.445551Z INFO  hpde_io Read ./data/spase_hpde_io/info/MMS1_FPI_BRST_L2_DES-DIST.pkl
2026-02-03T14:52:32.445591Z INFO  hpde_io Reading ./data/spase_hpde_io/info/MMS1_FPI_BRST_L2_DES-MOMS.pkl
2026-02-03T14:52:32.445826Z INFO  hpde_io Read ./data/spase_hpde_io/info/MMS1_FPI_BRST_L2_DES-MOMS.pkl
2026-02-03T14:52:32.445865Z INFO  hpde_io Reading ./data/spase_hpde_io/info/MMS1_FPI_BRST_L2_DES-PARTMOMS.pkl
2026-02-03T14:52:32.446024Z INFO  hpde_io Read ./data/spase_hpde_io/info/MMS1_FPI_BRST_L2_DES-PARTMOMS.pkl
2026-02-03T14:52:32.446061Z INFO  hpde_io Reading ./data/spase_hpde_io/info/MMS1_FPI_BRST_L2_DIS-DIST.pkl
2026-02-03T14:52:32.446254Z INFO  hpde_io Read ./data/spase_hpde_io/info/MMS1_FPI_BRST_L2_DIS-DIST.pkl
2026-02-03T14:52:32.446291Z INFO  hpde_io Reading ./data/spase_hpde_io/info/MMS1_FPI_BRST_L2_DIS-MOMS.pkl
2026-02-03T14:52:32.446484Z INFO  hpde_io Read ./data/spase_hpde_io/info/MMS1_FPI_BRST_L2_DIS-MOMS.pkl
2026-02-03T14:52:32.446528Z INFO  hpde_io Reading ./data/spase_hpde_io/info/MMS1_FPI_BRST_L2_DIS-PARTMOMS.pkl
2026-02-03T14:52:32.446713Z INFO  hpde_io Read ./data/spase_hpde_io/info/MMS1_FPI_BRST_L2_DIS-PARTMOMS.pkl
2026-02-03T14:52:32.446752Z INFO  hpde_io Reading ./data/spase_hpde_io/info/MMS1_FPI_FAST_L2_DES-DIST.pkl
2026-02-03T14:52:32.446932Z INFO  hpde_io Read ./data/spase_hpde_io/info/MMS1_FPI_FAST_L2_DES-DIST.pkl
2026-02-03T14:52:32.446982Z INFO  hpde_io Reading ./data/spase_hpde_io/info/MMS1_FPI_FAST_L2_DES-MOMS.pkl
2026-02-03T14:52:32.447213Z INFO  hpde_io Read ./data/spase_hpde_io/info/MMS1_FPI_FAST_L2_DES-MOMS.pkl
2026-02-03T14:52:32.447249Z INFO  hpde_io Reading ./data/spase_hpde_io/info/MMS1_FPI_FAST_L2_DES-PARTMOMS.pkl
2026-02-03T14:52:32.447408Z INFO  hpde_io Read ./data/spase_hpde_io/info/MMS1_FPI_FAST_L2_DES-PARTMOMS.pkl
2026-02-03T14:52:32.447447Z INFO  hpde_io Reading ./data/spase_hpde_io/info/MMS1_FPI_FAST_L2_DIS-DIST.pkl
2026-02-03T14:52:32.447649Z INFO  hpde_io Read ./data/spase_hpde_io/info/MMS1_FPI_FAST_L2_DIS-DIST.pkl
2026-02-03T14:52:32.447687Z INFO  hpde_io Reading ./data/spase_hpde_io/info/MMS1_FPI_FAST_L2_DIS-MOMS.pkl
2026-02-03T14:52:32.447884Z INFO  hpde_io Read ./data/spase_hpde_io/info/MMS1_FPI_FAST_L2_DIS-MOMS.pkl
2026-02-03T14:52:32.447921Z INFO  hpde_io Reading ./data/spase_hpde_io/info/MMS1_FPI_FAST_L2_DIS-PARTMOMS.pkl
2026-02-03T14:52:32.448088Z INFO  hpde_io Read ./data/spase_hpde_io/info/MMS1_FPI_FAST_L2_DIS-PARTMOMS.pkl
2026-02-03T14:52:32.448124Z INFO  hpde_io Reading ./data/spase_hpde_io/info/MMS1_HPCA_BRST_L2_ION.pkl
2026-02-03T14:52:32.448356Z INFO  hpde_io Read ./data/spase_hpde_io/info/MMS1_HPCA_BRST_L2_ION.pkl
2026-02-03T14:52:32.448394Z INFO  hpde_io Reading ./data/spase_hpde_io/info/MMS1_HPCA_BRST_L2_MOMENTS.pkl
2026-02-03T14:52:32.448631Z INFO  hpde_io Read ./data/spase_hpde_io/info/MMS1_HPCA_BRST_L2_MOMENTS.pkl
2026-02-03T14:52:32.448668Z INFO  hpde_io Reading ./data/spase_hpde_io/info/MMS1_HPCA_SRVY_L2_ION.pkl
2026-02-03T14:52:32.448883Z INFO  hpde_io Read ./data/spase_hpde_io/info/MMS1_HPCA_SRVY_L2_ION.pkl
2026-02-03T14:52:32.448924Z INFO  hpde_io Reading ./data/spase_hpde_io/info/MMS1_HPCA_SRVY_L2_MOMENTS.pkl
2026-02-03T14:52:32.449153Z INFO  hpde_io Read ./data/spase_hpde_io/info/MMS1_HPCA_SRVY_L2_MOMENTS.pkl
2026-02-03T14:52:32.449194Z INFO  hpde_io Reading ./data/spase_hpde_io/info/MMS1_HPCA_SRVY_L2_TOF-COUNTS.pkl
2026-02-03T14:52:32.449328Z INFO  hpde_io Read ./data/spase_hpde_io/info/MMS1_HPCA_SRVY_L2_TOF-COUNTS.pkl
2026-02-03T14:52:32.449373Z INFO  hpde_io Reading ./data/spase_hpde_io/info/MMS1_MEC_BRST_L2_EPHT89D.pkl
2026-02-03T14:52:32.449583Z INFO  hpde_io Read ./data/spase_hpde_io/info/MMS1_MEC_BRST_L2_EPHT89D.pkl
2026-02-03T14:52:32.449618Z INFO  hpde_io Reading ./data/spase_hpde_io/info/MMS1_MEC_BRST_L2_EPHT89Q.pkl
2026-02-03T14:52:32.450108Z INFO  hpde_io Read ./data/spase_hpde_io/info/MMS1_MEC_BRST_L2_EPHT89Q.pkl
2026-02-03T14:52:32.450147Z INFO  hpde_io Reading ./data/spase_hpde_io/info/MMS1_MEC_BRST_L2_EPHTS04D.pkl
2026-02-03T14:52:32.450360Z INFO  hpde_io Read ./data/spase_hpde_io/info/MMS1_MEC_BRST_L2_EPHTS04D.pkl
2026-02-03T14:52:32.450404Z INFO  hpde_io Reading ./data/spase_hpde_io/info/MMS1_MEC_SRVY_L2_EPHT89D.pkl
2026-02-03T14:52:32.450601Z INFO  hpde_io Read ./data/spase_hpde_io/info/MMS1_MEC_SRVY_L2_EPHT89D.pkl
2026-02-03T14:52:32.450643Z INFO  hpde_io Reading ./data/spase_hpde_io/info/MMS1_MEC_SRVY_L2_EPHT89Q.pkl
2026-02-03T14:52:32.450832Z INFO  hpde_io Read ./data/spase_hpde_io/info/MMS1_MEC_SRVY_L2_EPHT89Q.pkl
2026-02-03T14:52:32.450873Z INFO  hpde_io Reading ./data/spase_hpde_io/info/MMS1_MEC_SRVY_L2_EPHTS04D.pkl
2026-02-03T14:52:32.451067Z INFO  hpde_io Read ./data/spase_hpde_io/info/MMS1_MEC_SRVY_L2_EPHTS04D.pkl
2026-02-03T14:52:32.451105Z INFO  hpde_io Reading ./data/spase_hpde_io/info/MMS1_SCM_BRST_L2_SCB.pkl
2026-02-03T14:52:32.451235Z INFO  hpde_io Read ./data/spase_hpde_io/info/MMS1_SCM_BRST_L2_SCB.pkl
2026-02-03T14:52:32.451274Z INFO  hpde_io Reading ./data/spase_hpde_io/info/MMS1_SCM_BRST_L2_SCHB.pkl
2026-02-03T14:52:32.451396Z INFO  hpde_io Read ./data/spase_hpde_io/info/MMS1_SCM_BRST_L2_SCHB.pkl
2026-02-03T14:52:32.451440Z INFO  hpde_io Reading ./data/spase_hpde_io/info/MMS1_SCM_SRVY_L2_SCSRVY.pkl
2026-02-03T14:52:32.451564Z INFO  hpde_io Read ./data/spase_hpde_io/info/MMS1_SCM_SRVY_L2_SCSRVY.pkl
2026-02-03T14:52:32.451599Z INFO  hpde_io Reading ./data/spase_hpde_io/info/MMS2_ASPOC_SRVY_L2.pkl
2026-02-03T14:52:32.451728Z INFO  hpde_io Read ./data/spase_hpde_io/info/MMS2_ASPOC_SRVY_L2.pkl
2026-02-03T14:52:32.451769Z INFO  hpde_io Reading ./data/spase_hpde_io/info/MMS2_DSP_FAST_L2_BPSD.pkl
2026-02-03T14:52:32.451969Z INFO  hpde_io Read ./data/spase_hpde_io/info/MMS2_DSP_FAST_L2_BPSD.pkl
2026-02-03T14:52:32.452004Z INFO  hpde_io Reading ./data/spase_hpde_io/info/MMS2_DSP_FAST_L2_EPSD.pkl
2026-02-03T14:52:32.452233Z INFO  hpde_io Read ./data/spase_hpde_io/info/MMS2_DSP_FAST_L2_EPSD.pkl
2026-02-03T14:52:32.452271Z INFO  hpde_io Reading ./data/spase_hpde_io/info/MMS2_DSP_SLOW_L2_BPSD.pkl
2026-02-03T14:52:32.452457Z INFO  hpde_io Read ./data/spase_hpde_io/info/MMS2_DSP_SLOW_L2_BPSD.pkl
2026-02-03T14:52:32.452493Z INFO  hpde_io Reading ./data/spase_hpde_io/info/MMS2_DSP_SLOW_L2_EPSD.pkl
2026-02-03T14:52:32.452723Z INFO  hpde_io Read ./data/spase_hpde_io/info/MMS2_DSP_SLOW_L2_EPSD.pkl
2026-02-03T14:52:32.452763Z INFO  hpde_io Reading ./data/spase_hpde_io/info/MMS2_EDI_BRST_L2_AMB.pkl
2026-02-03T14:52:32.452933Z INFO  hpde_io Read ./data/spase_hpde_io/info/MMS2_EDI_BRST_L2_AMB.pkl
2026-02-03T14:52:32.452973Z INFO  hpde_io Reading ./data/spase_hpde_io/info/MMS2_EDI_BRST_L2_AMB-PM2.pkl
2026-02-03T14:52:32.453151Z INFO  hpde_io Read ./data/spase_hpde_io/info/MMS2_EDI_BRST_L2_AMB-PM2.pkl
2026-02-03T14:52:32.453187Z INFO  hpde_io Reading ./data/spase_hpde_io/info/MMS2_EDI_BRST_L2_EFIELD.pkl
2026-02-03T14:52:32.453337Z INFO  hpde_io Read ./data/spase_hpde_io/info/MMS2_EDI_BRST_L2_EFIELD.pkl
2026-02-03T14:52:32.453378Z INFO  hpde_io Reading ./data/spase_hpde_io/info/MMS2_EDI_BRST_L2_Q0.pkl
2026-02-03T14:52:32.453555Z INFO  hpde_io Read ./data/spase_hpde_io/info/MMS2_EDI_BRST_L2_Q0.pkl
2026-02-03T14:52:32.453595Z INFO  hpde_io Reading ./data/spase_hpde_io/info/MMS2_EDI_SRVY_L2_AMB.pkl
2026-02-03T14:52:32.453731Z INFO  hpde_io Read ./data/spase_hpde_io/info/MMS2_EDI_SRVY_L2_AMB.pkl
2026-02-03T14:52:32.453767Z INFO  hpde_io Reading ./data/spase_hpde_io/info/MMS2_EDI_SRVY_L2_AMB-PM2.pkl
2026-02-03T14:52:32.453905Z INFO  hpde_io Read ./data/spase_hpde_io/info/MMS2_EDI_SRVY_L2_AMB-PM2.pkl
2026-02-03T14:52:32.453941Z INFO  hpde_io Reading ./data/spase_hpde_io/info/MMS2_EDI_SRVY_L2_EFIELD.pkl
2026-02-03T14:52:32.454099Z INFO  hpde_io Read ./data/spase_hpde_io/info/MMS2_EDI_SRVY_L2_EFIELD.pkl
2026-02-03T14:52:32.454143Z INFO  hpde_io Reading ./data/spase_hpde_io/info/MMS2_EDI_SRVY_L2_Q0.pkl
2026-02-03T14:52:32.454269Z INFO  hpde_io Read ./data/spase_hpde_io/info/MMS2_EDI_SRVY_L2_Q0.pkl
2026-02-03T14:52:32.454307Z INFO  hpde_io Reading ./data/spase_hpde_io/info/MMS2_EDP_BRST_L2_DCE.pkl
2026-02-03T14:52:32.454439Z INFO  hpde_io Read ./data/spase_hpde_io/info/MMS2_EDP_BRST_L2_DCE.pkl
2026-02-03T14:52:32.454477Z INFO  hpde_io Reading ./data/spase_hpde_io/info/MMS2_EDP_BRST_L2_HMFE.pkl
2026-02-03T14:52:32.454584Z INFO  hpde_io Read ./data/spase_hpde_io/info/MMS2_EDP_BRST_L2_HMFE.pkl
2026-02-03T14:52:32.454622Z INFO  hpde_io Reading ./data/spase_hpde_io/info/MMS2_EDP_BRST_L2_SCPOT.pkl
2026-02-03T14:52:32.454745Z INFO  hpde_io Read ./data/spase_hpde_io/info/MMS2_EDP_BRST_L2_SCPOT.pkl
2026-02-03T14:52:32.454784Z INFO  hpde_io Reading ./data/spase_hpde_io/info/MMS2_EDP_FAST_L2_DCE.pkl
2026-02-03T14:52:32.454933Z INFO  hpde_io Read ./data/spase_hpde_io/info/MMS2_EDP_FAST_L2_DCE.pkl
2026-02-03T14:52:32.454971Z INFO  hpde_io Reading ./data/spase_hpde_io/info/MMS2_EDP_FAST_L2_SCPOT.pkl
2026-02-03T14:52:32.455094Z INFO  hpde_io Read ./data/spase_hpde_io/info/MMS2_EDP_FAST_L2_SCPOT.pkl
2026-02-03T14:52:32.455131Z INFO  hpde_io Reading ./data/spase_hpde_io/info/MMS2_EDP_SLOW_L2_DCE.pkl
2026-02-03T14:52:32.455250Z INFO  hpde_io Read ./data/spase_hpde_io/info/MMS2_EDP_SLOW_L2_DCE.pkl
2026-02-03T14:52:32.455287Z INFO  hpde_io Reading ./data/spase_hpde_io/info/MMS2_EDP_SLOW_L2_SCPOT.pkl
2026-02-03T14:52:32.455415Z INFO  hpde_io Read ./data/spase_hpde_io/info/MMS2_EDP_SLOW_L2_SCPOT.pkl
2026-02-03T14:52:32.455454Z INFO  hpde_io Reading ./data/spase_hpde_io/info/MMS2_EDP_SRVY_L2_HFESP.pkl
2026-02-03T14:52:32.455565Z INFO  hpde_io Read ./data/spase_hpde_io/info/MMS2_EDP_SRVY_L2_HFESP.pkl
2026-02-03T14:52:32.455601Z INFO  hpde_io Reading ./data/spase_hpde_io/info/MMS2_EPD-EIS_BRST_L2_EXTOF.pkl
2026-02-03T14:52:32.456426Z INFO  hpde_io Read ./data/spase_hpde_io/info/MMS2_EPD-EIS_BRST_L2_EXTOF.pkl
2026-02-03T14:52:32.456463Z INFO  hpde_io Reading ./data/spase_hpde_io/info/MMS2_EPD-EIS_BRST_L2_PHXTOF.pkl
2026-02-03T14:52:32.457011Z INFO  hpde_io Read ./data/spase_hpde_io/info/MMS2_EPD-EIS_BRST_L2_PHXTOF.pkl
2026-02-03T14:52:32.457050Z INFO  hpde_io Reading ./data/spase_hpde_io/info/MMS2_EPD-EIS_SRVY_L2_ELECTRONENERGY.pkl
2026-02-03T14:52:32.457382Z INFO  hpde_io Read ./data/spase_hpde_io/info/MMS2_EPD-EIS_SRVY_L2_ELECTRONENERGY.pkl
2026-02-03T14:52:32.457420Z INFO  hpde_io Reading ./data/spase_hpde_io/info/MMS2_EPD-EIS_SRVY_L2_EXTOF.pkl
2026-02-03T14:52:32.457886Z INFO  hpde_io Read ./data/spase_hpde_io/info/MMS2_EPD-EIS_SRVY_L2_EXTOF.pkl
2026-02-03T14:52:32.457925Z INFO  hpde_io Reading ./data/spase_hpde_io/info/MMS2_EPD-EIS_SRVY_L2_PHXTOF.pkl
2026-02-03T14:52:32.458587Z INFO  hpde_io Read ./data/spase_hpde_io/info/MMS2_EPD-EIS_SRVY_L2_PHXTOF.pkl
2026-02-03T14:52:32.458626Z INFO  hpde_io Reading ./data/spase_hpde_io/info/MMS2_FEEPS_BRST_L2_ELECTRON.pkl
2026-02-03T14:52:32.458991Z INFO  hpde_io Read ./data/spase_hpde_io/info/MMS2_FEEPS_BRST_L2_ELECTRON.pkl
2026-02-03T14:52:32.459027Z INFO  hpde_io Reading ./data/spase_hpde_io/info/MMS2_FEEPS_BRST_L2_ION.pkl
2026-02-03T14:52:32.459244Z INFO  hpde_io Read ./data/spase_hpde_io/info/MMS2_FEEPS_BRST_L2_ION.pkl
2026-02-03T14:52:32.459280Z INFO  hpde_io Reading ./data/spase_hpde_io/info/MMS2_FEEPS_SRVY_L2_ELECTRON.pkl
2026-02-03T14:52:32.459558Z INFO  hpde_io Read ./data/spase_hpde_io/info/MMS2_FEEPS_SRVY_L2_ELECTRON.pkl
2026-02-03T14:52:32.459600Z INFO  hpde_io Reading ./data/spase_hpde_io/info/MMS2_FEEPS_SRVY_L2_ION.pkl
2026-02-03T14:52:32.459809Z INFO  hpde_io Read ./data/spase_hpde_io/info/MMS2_FEEPS_SRVY_L2_ION.pkl
2026-02-03T14:52:32.459845Z INFO  hpde_io Reading ./data/spase_hpde_io/info/MMS2_FGM_BRST_L2.pkl
2026-02-03T14:52:32.460005Z INFO  hpde_io Read ./data/spase_hpde_io/info/MMS2_FGM_BRST_L2.pkl
2026-02-03T14:52:32.460043Z INFO  hpde_io Reading ./data/spase_hpde_io/info/MMS2_FGM_SRVY_L2.pkl
2026-02-03T14:52:32.460181Z INFO  hpde_io Read ./data/spase_hpde_io/info/MMS2_FGM_SRVY_L2.pkl
2026-02-03T14:52:32.460223Z INFO  hpde_io Reading ./data/spase_hpde_io/info/MMS2_FPI_BRST_L2_DES-DIST.pkl
2026-02-03T14:52:32.460399Z INFO  hpde_io Read ./data/spase_hpde_io/info/MMS2_FPI_BRST_L2_DES-DIST.pkl
2026-02-03T14:52:32.460437Z INFO  hpde_io Reading ./data/spase_hpde_io/info/MMS2_FPI_BRST_L2_DES-MOMS.pkl
2026-02-03T14:52:32.460655Z INFO  hpde_io Read ./data/spase_hpde_io/info/MMS2_FPI_BRST_L2_DES-MOMS.pkl
2026-02-03T14:52:32.460693Z INFO  hpde_io Reading ./data/spase_hpde_io/info/MMS2_FPI_BRST_L2_DES-PARTMOMS.pkl
2026-02-03T14:52:32.460841Z INFO  hpde_io Read ./data/spase_hpde_io/info/MMS2_FPI_BRST_L2_DES-PARTMOMS.pkl
2026-02-03T14:52:32.460879Z INFO  hpde_io Reading ./data/spase_hpde_io/info/MMS2_FPI_BRST_L2_DIS-DIST.pkl
2026-02-03T14:52:32.461054Z INFO  hpde_io Read ./data/spase_hpde_io/info/MMS2_FPI_BRST_L2_DIS-DIST.pkl
2026-02-03T14:52:32.461091Z INFO  hpde_io Reading ./data/spase_hpde_io/info/MMS2_FPI_BRST_L2_DIS-MOMS.pkl
2026-02-03T14:52:32.461277Z INFO  hpde_io Read ./data/spase_hpde_io/info/MMS2_FPI_BRST_L2_DIS-MOMS.pkl
2026-02-03T14:52:32.461314Z INFO  hpde_io Reading ./data/spase_hpde_io/info/MMS2_FPI_BRST_L2_DIS-PARTMOMS.pkl
2026-02-03T14:52:32.461464Z INFO  hpde_io Read ./data/spase_hpde_io/info/MMS2_FPI_BRST_L2_DIS-PARTMOMS.pkl
2026-02-03T14:52:32.461501Z INFO  hpde_io Reading ./data/spase_hpde_io/info/MMS2_FPI_FAST_L2_DES-DIST.pkl
2026-02-03T14:52:32.461683Z INFO  hpde_io Read ./data/spase_hpde_io/info/MMS2_FPI_FAST_L2_DES-DIST.pkl
2026-02-03T14:52:32.461724Z INFO  hpde_io Reading ./data/spase_hpde_io/info/MMS2_FPI_FAST_L2_DES-MOMS.pkl
2026-02-03T14:52:32.461956Z INFO  hpde_io Read ./data/spase_hpde_io/info/MMS2_FPI_FAST_L2_DES-MOMS.pkl
2026-02-03T14:52:32.461997Z INFO  hpde_io Reading ./data/spase_hpde_io/info/MMS2_FPI_FAST_L2_DES-PARTMOMS.pkl
2026-02-03T14:52:32.462141Z INFO  hpde_io Read ./data/spase_hpde_io/info/MMS2_FPI_FAST_L2_DES-PARTMOMS.pkl
2026-02-03T14:52:32.462182Z INFO  hpde_io Reading ./data/spase_hpde_io/info/MMS2_FPI_FAST_L2_DIS-DIST.pkl
2026-02-03T14:52:32.462372Z INFO  hpde_io Read ./data/spase_hpde_io/info/MMS2_FPI_FAST_L2_DIS-DIST.pkl
2026-02-03T14:52:32.462419Z INFO  hpde_io Reading ./data/spase_hpde_io/info/MMS2_FPI_FAST_L2_DIS-MOMS.pkl
2026-02-03T14:52:32.462648Z INFO  hpde_io Read ./data/spase_hpde_io/info/MMS2_FPI_FAST_L2_DIS-MOMS.pkl
2026-02-03T14:52:32.462685Z INFO  hpde_io Reading ./data/spase_hpde_io/info/MMS2_FPI_FAST_L2_DIS-PARTMOMS.pkl
2026-02-03T14:52:32.462863Z INFO  hpde_io Read ./data/spase_hpde_io/info/MMS2_FPI_FAST_L2_DIS-PARTMOMS.pkl
2026-02-03T14:52:32.462903Z INFO  hpde_io Reading ./data/spase_hpde_io/info/MMS2_HPCA_BRST_L2_ION.pkl
2026-02-03T14:52:32.463131Z INFO  hpde_io Read ./data/spase_hpde_io/info/MMS2_HPCA_BRST_L2_ION.pkl
2026-02-03T14:52:32.463183Z INFO  hpde_io Reading ./data/spase_hpde_io/info/MMS2_HPCA_BRST_L2_MOMENTS.pkl
2026-02-03T14:52:32.463427Z INFO  hpde_io Read ./data/spase_hpde_io/info/MMS2_HPCA_BRST_L2_MOMENTS.pkl
2026-02-03T14:52:32.463470Z INFO  hpde_io Reading ./data/spase_hpde_io/info/MMS2_HPCA_SRVY_L2_ION.pkl
2026-02-03T14:52:32.463686Z INFO  hpde_io Read ./data/spase_hpde_io/info/MMS2_HPCA_SRVY_L2_ION.pkl
2026-02-03T14:52:32.463727Z INFO  hpde_io Reading ./data/spase_hpde_io/info/MMS2_HPCA_SRVY_L2_MOMENTS.pkl
2026-02-03T14:52:32.463945Z INFO  hpde_io Read ./data/spase_hpde_io/info/MMS2_HPCA_SRVY_L2_MOMENTS.pkl
2026-02-03T14:52:32.463982Z INFO  hpde_io Reading ./data/spase_hpde_io/info/MMS2_HPCA_SRVY_L2_TOF-COUNTS.pkl
2026-02-03T14:52:32.464110Z INFO  hpde_io Read ./data/spase_hpde_io/info/MMS2_HPCA_SRVY_L2_TOF-COUNTS.pkl
2026-02-03T14:52:32.464171Z INFO  hpde_io Reading ./data/spase_hpde_io/info/MMS2_MEC_BRST_L2_EPHT89D.pkl
2026-02-03T14:52:32.464387Z INFO  hpde_io Read ./data/spase_hpde_io/info/MMS2_MEC_BRST_L2_EPHT89D.pkl
2026-02-03T14:52:32.464424Z INFO  hpde_io Reading ./data/spase_hpde_io/info/MMS2_MEC_BRST_L2_EPHT89Q.pkl
2026-02-03T14:52:32.464663Z INFO  hpde_io Read ./data/spase_hpde_io/info/MMS2_MEC_BRST_L2_EPHT89Q.pkl
2026-02-03T14:52:32.464706Z INFO  hpde_io Reading ./data/spase_hpde_io/info/MMS2_MEC_BRST_L2_EPHTS04D.pkl
2026-02-03T14:52:32.464942Z INFO  hpde_io Read ./data/spase_hpde_io/info/MMS2_MEC_BRST_L2_EPHTS04D.pkl
2026-02-03T14:52:32.464987Z INFO  hpde_io Reading ./data/spase_hpde_io/info/MMS2_MEC_SRVY_L2_EPHT89D.pkl
2026-02-03T14:52:32.465201Z INFO  hpde_io Read ./data/spase_hpde_io/info/MMS2_MEC_SRVY_L2_EPHT89D.pkl
2026-02-03T14:52:32.465240Z INFO  hpde_io Reading ./data/spase_hpde_io/info/MMS2_MEC_SRVY_L2_EPHT89Q.pkl
2026-02-03T14:52:32.465432Z INFO  hpde_io Read ./data/spase_hpde_io/info/MMS2_MEC_SRVY_L2_EPHT89Q.pkl
2026-02-03T14:52:32.465471Z INFO  hpde_io Reading ./data/spase_hpde_io/info/MMS2_MEC_SRVY_L2_EPHTS04D.pkl
2026-02-03T14:52:32.466005Z INFO  hpde_io Read ./data/spase_hpde_io/info/MMS2_MEC_SRVY_L2_EPHTS04D.pkl
2026-02-03T14:52:32.466045Z INFO  hpde_io Reading ./data/spase_hpde_io/info/MMS2_SCM_BRST_L2_SCB.pkl
2026-02-03T14:52:32.466165Z INFO  hpde_io Read ./data/spase_hpde_io/info/MMS2_SCM_BRST_L2_SCB.pkl
2026-02-03T14:52:32.466201Z INFO  hpde_io Reading ./data/spase_hpde_io/info/MMS2_SCM_BRST_L2_SCHB.pkl
2026-02-03T14:52:32.466324Z INFO  hpde_io Read ./data/spase_hpde_io/info/MMS2_SCM_BRST_L2_SCHB.pkl
2026-02-03T14:52:32.466361Z INFO  hpde_io Reading ./data/spase_hpde_io/info/MMS2_SCM_SRVY_L2_SCSRVY.pkl
2026-02-03T14:52:32.466479Z INFO  hpde_io Read ./data/spase_hpde_io/info/MMS2_SCM_SRVY_L2_SCSRVY.pkl
2026-02-03T14:52:32.466517Z INFO  hpde_io Reading ./data/spase_hpde_io/info/MMS3_ASPOC_SRVY_L2.pkl
2026-02-03T14:52:32.466641Z INFO  hpde_io Read ./data/spase_hpde_io/info/MMS3_ASPOC_SRVY_L2.pkl
2026-02-03T14:52:32.466685Z INFO  hpde_io Reading ./data/spase_hpde_io/info/MMS3_DSP_FAST_L2_BPSD.pkl
2026-02-03T14:52:32.466884Z INFO  hpde_io Read ./data/spase_hpde_io/info/MMS3_DSP_FAST_L2_BPSD.pkl
2026-02-03T14:52:32.466927Z INFO  hpde_io Reading ./data/spase_hpde_io/info/MMS3_DSP_FAST_L2_EPSD.pkl
2026-02-03T14:52:32.467153Z INFO  hpde_io Read ./data/spase_hpde_io/info/MMS3_DSP_FAST_L2_EPSD.pkl
2026-02-03T14:52:32.467197Z INFO  hpde_io Reading ./data/spase_hpde_io/info/MMS3_DSP_SLOW_L2_BPSD.pkl
2026-02-03T14:52:32.467373Z INFO  hpde_io Read ./data/spase_hpde_io/info/MMS3_DSP_SLOW_L2_BPSD.pkl
2026-02-03T14:52:32.467420Z INFO  hpde_io Reading ./data/spase_hpde_io/info/MMS3_DSP_SLOW_L2_EPSD.pkl
2026-02-03T14:52:32.467651Z INFO  hpde_io Read ./data/spase_hpde_io/info/MMS3_DSP_SLOW_L2_EPSD.pkl
2026-02-03T14:52:32.467687Z INFO  hpde_io Reading ./data/spase_hpde_io/info/MMS3_EDI_BRST_L2_AMB.pkl
2026-02-03T14:52:32.467864Z INFO  hpde_io Read ./data/spase_hpde_io/info/MMS3_EDI_BRST_L2_AMB.pkl
2026-02-03T14:52:32.467905Z INFO  hpde_io Reading ./data/spase_hpde_io/info/MMS3_EDI_BRST_L2_AMB-PM2.pkl
2026-02-03T14:52:32.468071Z INFO  hpde_io Read ./data/spase_hpde_io/info/MMS3_EDI_BRST_L2_AMB-PM2.pkl
2026-02-03T14:52:32.468108Z INFO  hpde_io Reading ./data/spase_hpde_io/info/MMS3_EDI_BRST_L2_EFIELD.pkl
2026-02-03T14:52:32.468254Z INFO  hpde_io Read ./data/spase_hpde_io/info/MMS3_EDI_BRST_L2_EFIELD.pkl
2026-02-03T14:52:32.468298Z INFO  hpde_io Reading ./data/spase_hpde_io/info/MMS3_EDI_BRST_L2_Q0.pkl
2026-02-03T14:52:32.468478Z INFO  hpde_io Read ./data/spase_hpde_io/info/MMS3_EDI_BRST_L2_Q0.pkl
2026-02-03T14:52:32.468514Z INFO  hpde_io Reading ./data/spase_hpde_io/info/MMS3_EDI_SRVY_L2_AMB.pkl
2026-02-03T14:52:32.468650Z INFO  hpde_io Read ./data/spase_hpde_io/info/MMS3_EDI_SRVY_L2_AMB.pkl
2026-02-03T14:52:32.468686Z INFO  hpde_io Reading ./data/spase_hpde_io/info/MMS3_EDI_SRVY_L2_AMB-PM2.pkl
2026-02-03T14:52:32.468822Z INFO  hpde_io Read ./data/spase_hpde_io/info/MMS3_EDI_SRVY_L2_AMB-PM2.pkl
2026-02-03T14:52:32.468858Z INFO  hpde_io Reading ./data/spase_hpde_io/info/MMS3_EDI_SRVY_L2_EFIELD.pkl
2026-02-03T14:52:32.469011Z INFO  hpde_io Read ./data/spase_hpde_io/info/MMS3_EDI_SRVY_L2_EFIELD.pkl
2026-02-03T14:52:32.469053Z INFO  hpde_io Reading ./data/spase_hpde_io/info/MMS3_EDI_SRVY_L2_Q0.pkl
2026-02-03T14:52:32.469170Z INFO  hpde_io Read ./data/spase_hpde_io/info/MMS3_EDI_SRVY_L2_Q0.pkl
2026-02-03T14:52:32.469211Z INFO  hpde_io Reading ./data/spase_hpde_io/info/MMS3_EDP_BRST_L2_DCE.pkl
2026-02-03T14:52:32.469332Z INFO  hpde_io Read ./data/spase_hpde_io/info/MMS3_EDP_BRST_L2_DCE.pkl
2026-02-03T14:52:32.469368Z INFO  hpde_io Reading ./data/spase_hpde_io/info/MMS3_EDP_BRST_L2_HMFE.pkl
2026-02-03T14:52:32.469496Z INFO  hpde_io Read ./data/spase_hpde_io/info/MMS3_EDP_BRST_L2_HMFE.pkl
2026-02-03T14:52:32.469535Z INFO  hpde_io Reading ./data/spase_hpde_io/info/MMS3_EDP_BRST_L2_SCPOT.pkl
2026-02-03T14:52:32.469654Z INFO  hpde_io Read ./data/spase_hpde_io/info/MMS3_EDP_BRST_L2_SCPOT.pkl
2026-02-03T14:52:32.469693Z INFO  hpde_io Reading ./data/spase_hpde_io/info/MMS3_EDP_FAST_L2_DCE.pkl
2026-02-03T14:52:32.469830Z INFO  hpde_io Read ./data/spase_hpde_io/info/MMS3_EDP_FAST_L2_DCE.pkl
2026-02-03T14:52:32.469870Z INFO  hpde_io Reading ./data/spase_hpde_io/info/MMS3_EDP_FAST_L2_SCPOT.pkl
2026-02-03T14:52:32.469997Z INFO  hpde_io Read ./data/spase_hpde_io/info/MMS3_EDP_FAST_L2_SCPOT.pkl
2026-02-03T14:52:32.470039Z INFO  hpde_io Reading ./data/spase_hpde_io/info/MMS3_EDP_SLOW_L2_DCE.pkl
2026-02-03T14:52:32.470166Z INFO  hpde_io Read ./data/spase_hpde_io/info/MMS3_EDP_SLOW_L2_DCE.pkl
2026-02-03T14:52:32.470204Z INFO  hpde_io Reading ./data/spase_hpde_io/info/MMS3_EDP_SLOW_L2_SCPOT.pkl
2026-02-03T14:52:32.470321Z INFO  hpde_io Read ./data/spase_hpde_io/info/MMS3_EDP_SLOW_L2_SCPOT.pkl
2026-02-03T14:52:32.470360Z INFO  hpde_io Reading ./data/spase_hpde_io/info/MMS3_EDP_SRVY_L2_HFESP.pkl
2026-02-03T14:52:32.470488Z INFO  hpde_io Read ./data/spase_hpde_io/info/MMS3_EDP_SRVY_L2_HFESP.pkl
2026-02-03T14:52:32.470525Z INFO  hpde_io Reading ./data/spase_hpde_io/info/MMS3_EPD-EIS_BRST_L2_EXTOF.pkl
2026-02-03T14:52:32.471329Z INFO  hpde_io Read ./data/spase_hpde_io/info/MMS3_EPD-EIS_BRST_L2_EXTOF.pkl
2026-02-03T14:52:32.471368Z INFO  hpde_io Reading ./data/spase_hpde_io/info/MMS3_EPD-EIS_BRST_L2_PHXTOF.pkl
2026-02-03T14:52:32.471904Z INFO  hpde_io Read ./data/spase_hpde_io/info/MMS3_EPD-EIS_BRST_L2_PHXTOF.pkl
2026-02-03T14:52:32.471945Z INFO  hpde_io Reading ./data/spase_hpde_io/info/MMS3_EPD-EIS_SRVY_L2_ELECTRONENERGY.pkl
2026-02-03T14:52:32.472242Z INFO  hpde_io Read ./data/spase_hpde_io/info/MMS3_EPD-EIS_SRVY_L2_ELECTRONENERGY.pkl
2026-02-03T14:52:32.472282Z INFO  hpde_io Reading ./data/spase_hpde_io/info/MMS3_EPD-EIS_SRVY_L2_EXTOF.pkl
2026-02-03T14:52:32.472785Z INFO  hpde_io Read ./data/spase_hpde_io/info/MMS3_EPD-EIS_SRVY_L2_EXTOF.pkl
2026-02-03T14:52:32.472837Z INFO  hpde_io Reading ./data/spase_hpde_io/info/MMS3_EPD-EIS_SRVY_L2_PHXTOF.pkl
2026-02-03T14:52:32.473227Z INFO  hpde_io Read ./data/spase_hpde_io/info/MMS3_EPD-EIS_SRVY_L2_PHXTOF.pkl
2026-02-03T14:52:32.473287Z INFO  hpde_io Reading ./data/spase_hpde_io/info/MMS3_FEEPS_BRST_L2_ELECTRON.pkl
2026-02-03T14:52:32.473708Z INFO  hpde_io Read ./data/spase_hpde_io/info/MMS3_FEEPS_BRST_L2_ELECTRON.pkl
2026-02-03T14:52:32.473766Z INFO  hpde_io Reading ./data/spase_hpde_io/info/MMS3_FEEPS_BRST_L2_ION.pkl
2026-02-03T14:52:32.473994Z INFO  hpde_io Read ./data/spase_hpde_io/info/MMS3_FEEPS_BRST_L2_ION.pkl
2026-02-03T14:52:32.474031Z INFO  hpde_io Reading ./data/spase_hpde_io/info/MMS3_FEEPS_SRVY_L2_ELECTRON.pkl
2026-02-03T14:52:32.474798Z INFO  hpde_io Read ./data/spase_hpde_io/info/MMS3_FEEPS_SRVY_L2_ELECTRON.pkl
2026-02-03T14:52:32.474841Z INFO  hpde_io Reading ./data/spase_hpde_io/info/MMS3_FEEPS_SRVY_L2_ION.pkl
2026-02-03T14:52:32.475059Z INFO  hpde_io Read ./data/spase_hpde_io/info/MMS3_FEEPS_SRVY_L2_ION.pkl
2026-02-03T14:52:32.475099Z INFO  hpde_io Reading ./data/spase_hpde_io/info/MMS3_FGM_BRST_L2.pkl
2026-02-03T14:52:32.475267Z INFO  hpde_io Read ./data/spase_hpde_io/info/MMS3_FGM_BRST_L2.pkl
2026-02-03T14:52:32.475305Z INFO  hpde_io Reading ./data/spase_hpde_io/info/MMS3_FGM_SRVY_L2.pkl
2026-02-03T14:52:32.475449Z INFO  hpde_io Read ./data/spase_hpde_io/info/MMS3_FGM_SRVY_L2.pkl
2026-02-03T14:52:32.475486Z INFO  hpde_io Reading ./data/spase_hpde_io/info/MMS3_FPI_BRST_L2_DES-DIST.pkl
2026-02-03T14:52:32.475669Z INFO  hpde_io Read ./data/spase_hpde_io/info/MMS3_FPI_BRST_L2_DES-DIST.pkl
2026-02-03T14:52:32.475705Z INFO  hpde_io Reading ./data/spase_hpde_io/info/MMS3_FPI_BRST_L2_DES-MOMS.pkl
2026-02-03T14:52:32.475925Z INFO  hpde_io Read ./data/spase_hpde_io/info/MMS3_FPI_BRST_L2_DES-MOMS.pkl
2026-02-03T14:52:32.475967Z INFO  hpde_io Reading ./data/spase_hpde_io/info/MMS3_FPI_BRST_L2_DES-PARTMOMS.pkl
2026-02-03T14:52:32.476103Z INFO  hpde_io Read ./data/spase_hpde_io/info/MMS3_FPI_BRST_L2_DES-PARTMOMS.pkl
2026-02-03T14:52:32.476142Z INFO  hpde_io Reading ./data/spase_hpde_io/info/MMS3_FPI_BRST_L2_DIS-DIST.pkl
2026-02-03T14:52:32.476322Z INFO  hpde_io Read ./data/spase_hpde_io/info/MMS3_FPI_BRST_L2_DIS-DIST.pkl
2026-02-03T14:52:32.476357Z INFO  hpde_io Reading ./data/spase_hpde_io/info/MMS3_FPI_BRST_L2_DIS-MOMS.pkl
2026-02-03T14:52:32.476551Z INFO  hpde_io Read ./data/spase_hpde_io/info/MMS3_FPI_BRST_L2_DIS-MOMS.pkl
2026-02-03T14:52:32.476588Z INFO  hpde_io Reading ./data/spase_hpde_io/info/MMS3_FPI_BRST_L2_DIS-PARTMOMS.pkl
2026-02-03T14:52:32.476745Z INFO  hpde_io Read ./data/spase_hpde_io/info/MMS3_FPI_BRST_L2_DIS-PARTMOMS.pkl
2026-02-03T14:52:32.476781Z INFO  hpde_io Reading ./data/spase_hpde_io/info/MMS3_FPI_FAST_L2_DES-DIST.pkl
2026-02-03T14:52:32.476957Z INFO  hpde_io Read ./data/spase_hpde_io/info/MMS3_FPI_FAST_L2_DES-DIST.pkl
2026-02-03T14:52:32.477005Z INFO  hpde_io Reading ./data/spase_hpde_io/info/MMS3_FPI_FAST_L2_DES-MOMS.pkl
2026-02-03T14:52:32.477232Z INFO  hpde_io Read ./data/spase_hpde_io/info/MMS3_FPI_FAST_L2_DES-MOMS.pkl
2026-02-03T14:52:32.477270Z INFO  hpde_io Reading ./data/spase_hpde_io/info/MMS3_FPI_FAST_L2_DES-PARTMOMS.pkl
2026-02-03T14:52:32.477410Z INFO  hpde_io Read ./data/spase_hpde_io/info/MMS3_FPI_FAST_L2_DES-PARTMOMS.pkl
2026-02-03T14:52:32.477451Z INFO  hpde_io Reading ./data/spase_hpde_io/info/MMS3_FPI_FAST_L2_DIS-DIST.pkl
2026-02-03T14:52:32.477631Z INFO  hpde_io Read ./data/spase_hpde_io/info/MMS3_FPI_FAST_L2_DIS-DIST.pkl
2026-02-03T14:52:32.477670Z INFO  hpde_io Reading ./data/spase_hpde_io/info/MMS3_FPI_FAST_L2_DIS-MOMS.pkl
2026-02-03T14:52:32.477851Z INFO  hpde_io Read ./data/spase_hpde_io/info/MMS3_FPI_FAST_L2_DIS-MOMS.pkl
2026-02-03T14:52:32.477893Z INFO  hpde_io Reading ./data/spase_hpde_io/info/MMS3_FPI_FAST_L2_DIS-PARTMOMS.pkl
2026-02-03T14:52:32.478052Z INFO  hpde_io Read ./data/spase_hpde_io/info/MMS3_FPI_FAST_L2_DIS-PARTMOMS.pkl
2026-02-03T14:52:32.478089Z INFO  hpde_io Reading ./data/spase_hpde_io/info/MMS3_HPCA_BRST_L2_ION.pkl
2026-02-03T14:52:32.478308Z INFO  hpde_io Read ./data/spase_hpde_io/info/MMS3_HPCA_BRST_L2_ION.pkl
2026-02-03T14:52:32.478346Z INFO  hpde_io Reading ./data/spase_hpde_io/info/MMS3_HPCA_BRST_L2_MOMENTS.pkl
2026-02-03T14:52:32.478569Z INFO  hpde_io Read ./data/spase_hpde_io/info/MMS3_HPCA_BRST_L2_MOMENTS.pkl
2026-02-03T14:52:32.478606Z INFO  hpde_io Reading ./data/spase_hpde_io/info/MMS3_HPCA_SRVY_L2_ION.pkl
2026-02-03T14:52:32.478817Z INFO  hpde_io Read ./data/spase_hpde_io/info/MMS3_HPCA_SRVY_L2_ION.pkl
2026-02-03T14:52:32.478855Z INFO  hpde_io Reading ./data/spase_hpde_io/info/MMS3_HPCA_SRVY_L2_MOMENTS.pkl
2026-02-03T14:52:32.479074Z INFO  hpde_io Read ./data/spase_hpde_io/info/MMS3_HPCA_SRVY_L2_MOMENTS.pkl
2026-02-03T14:52:32.479113Z INFO  hpde_io Reading ./data/spase_hpde_io/info/MMS3_HPCA_SRVY_L2_TOF-COUNTS.pkl
2026-02-03T14:52:32.479242Z INFO  hpde_io Read ./data/spase_hpde_io/info/MMS3_HPCA_SRVY_L2_TOF-COUNTS.pkl
2026-02-03T14:52:32.479278Z INFO  hpde_io Reading ./data/spase_hpde_io/info/MMS3_MEC_BRST_L2_EPHT89D.pkl
2026-02-03T14:52:32.479495Z INFO  hpde_io Read ./data/spase_hpde_io/info/MMS3_MEC_BRST_L2_EPHT89D.pkl
2026-02-03T14:52:32.479537Z INFO  hpde_io Reading ./data/spase_hpde_io/info/MMS3_MEC_BRST_L2_EPHT89Q.pkl
2026-02-03T14:52:32.479763Z INFO  hpde_io Read ./data/spase_hpde_io/info/MMS3_MEC_BRST_L2_EPHT89Q.pkl
2026-02-03T14:52:32.479800Z INFO  hpde_io Reading ./data/spase_hpde_io/info/MMS3_MEC_BRST_L2_EPHTS04D.pkl
2026-02-03T14:52:32.480006Z INFO  hpde_io Read ./data/spase_hpde_io/info/MMS3_MEC_BRST_L2_EPHTS04D.pkl
2026-02-03T14:52:32.480043Z INFO  hpde_io Reading ./data/spase_hpde_io/info/MMS3_MEC_SRVY_L2_EPHT89D.pkl
2026-02-03T14:52:32.480244Z INFO  hpde_io Read ./data/spase_hpde_io/info/MMS3_MEC_SRVY_L2_EPHT89D.pkl
2026-02-03T14:52:32.480282Z INFO  hpde_io Reading ./data/spase_hpde_io/info/MMS3_MEC_SRVY_L2_EPHT89Q.pkl
2026-02-03T14:52:32.480482Z INFO  hpde_io Read ./data/spase_hpde_io/info/MMS3_MEC_SRVY_L2_EPHT89Q.pkl
2026-02-03T14:52:32.480528Z INFO  hpde_io Reading ./data/spase_hpde_io/info/MMS3_MEC_SRVY_L2_EPHTS04D.pkl
2026-02-03T14:52:32.480736Z INFO  hpde_io Read ./data/spase_hpde_io/info/MMS3_MEC_SRVY_L2_EPHTS04D.pkl
2026-02-03T14:52:32.480776Z INFO  hpde_io Reading ./data/spase_hpde_io/info/MMS3_SCM_BRST_L2_SCB.pkl
2026-02-03T14:52:32.480895Z INFO  hpde_io Read ./data/spase_hpde_io/info/MMS3_SCM_BRST_L2_SCB.pkl
2026-02-03T14:52:32.480935Z INFO  hpde_io Reading ./data/spase_hpde_io/info/MMS3_SCM_BRST_L2_SCHB.pkl
2026-02-03T14:52:32.481057Z INFO  hpde_io Read ./data/spase_hpde_io/info/MMS3_SCM_BRST_L2_SCHB.pkl
2026-02-03T14:52:32.481099Z INFO  hpde_io Reading ./data/spase_hpde_io/info/MMS3_SCM_SRVY_L2_SCSRVY.pkl
2026-02-03T14:52:32.481220Z INFO  hpde_io Read ./data/spase_hpde_io/info/MMS3_SCM_SRVY_L2_SCSRVY.pkl
2026-02-03T14:52:32.481255Z INFO  hpde_io Reading ./data/spase_hpde_io/info/MMS4_ASPOC_SRVY_L2.pkl
2026-02-03T14:52:32.481383Z INFO  hpde_io Read ./data/spase_hpde_io/info/MMS4_ASPOC_SRVY_L2.pkl
2026-02-03T14:52:32.481418Z INFO  hpde_io Reading ./data/spase_hpde_io/info/MMS4_DSP_FAST_L2_BPSD.pkl
2026-02-03T14:52:32.481619Z INFO  hpde_io Read ./data/spase_hpde_io/info/MMS4_DSP_FAST_L2_BPSD.pkl
2026-02-03T14:52:32.481655Z INFO  hpde_io Reading ./data/spase_hpde_io/info/MMS4_DSP_FAST_L2_EPSD.pkl
2026-02-03T14:52:32.482082Z INFO  hpde_io Read ./data/spase_hpde_io/info/MMS4_DSP_FAST_L2_EPSD.pkl
2026-02-03T14:52:32.482121Z INFO  hpde_io Reading ./data/spase_hpde_io/info/MMS4_DSP_SLOW_L2_BPSD.pkl
2026-02-03T14:52:32.482292Z INFO  hpde_io Read ./data/spase_hpde_io/info/MMS4_DSP_SLOW_L2_BPSD.pkl
2026-02-03T14:52:32.482334Z INFO  hpde_io Reading ./data/spase_hpde_io/info/MMS4_DSP_SLOW_L2_EPSD.pkl
2026-02-03T14:52:32.482562Z INFO  hpde_io Read ./data/spase_hpde_io/info/MMS4_DSP_SLOW_L2_EPSD.pkl
2026-02-03T14:52:32.482604Z INFO  hpde_io Reading ./data/spase_hpde_io/info/MMS4_EDI_BRST_L2_AMB.pkl
2026-02-03T14:52:32.482784Z INFO  hpde_io Read ./data/spase_hpde_io/info/MMS4_EDI_BRST_L2_AMB.pkl
2026-02-03T14:52:32.482822Z INFO  hpde_io Reading ./data/spase_hpde_io/info/MMS4_EDI_BRST_L2_AMB-PM2.pkl
2026-02-03T14:52:32.482999Z INFO  hpde_io Read ./data/spase_hpde_io/info/MMS4_EDI_BRST_L2_AMB-PM2.pkl
2026-02-03T14:52:32.483040Z INFO  hpde_io Reading ./data/spase_hpde_io/info/MMS4_EDI_BRST_L2_EFIELD.pkl
2026-02-03T14:52:32.483191Z INFO  hpde_io Read ./data/spase_hpde_io/info/MMS4_EDI_BRST_L2_EFIELD.pkl
2026-02-03T14:52:32.483230Z INFO  hpde_io Reading ./data/spase_hpde_io/info/MMS4_EDI_BRST_L2_Q0.pkl
2026-02-03T14:52:32.483403Z INFO  hpde_io Read ./data/spase_hpde_io/info/MMS4_EDI_BRST_L2_Q0.pkl
2026-02-03T14:52:32.483444Z INFO  hpde_io Reading ./data/spase_hpde_io/info/MMS4_EDI_SRVY_L2_AMB.pkl
2026-02-03T14:52:32.483577Z INFO  hpde_io Read ./data/spase_hpde_io/info/MMS4_EDI_SRVY_L2_AMB.pkl
2026-02-03T14:52:32.483613Z INFO  hpde_io Reading ./data/spase_hpde_io/info/MMS4_EDI_SRVY_L2_AMB-PM2.pkl
2026-02-03T14:52:32.483752Z INFO  hpde_io Read ./data/spase_hpde_io/info/MMS4_EDI_SRVY_L2_AMB-PM2.pkl
2026-02-03T14:52:32.483790Z INFO  hpde_io Reading ./data/spase_hpde_io/info/MMS4_EDI_SRVY_L2_EFIELD.pkl
2026-02-03T14:52:32.483942Z INFO  hpde_io Read ./data/spase_hpde_io/info/MMS4_EDI_SRVY_L2_EFIELD.pkl
2026-02-03T14:52:32.483978Z INFO  hpde_io Reading ./data/spase_hpde_io/info/MMS4_EDI_SRVY_L2_Q0.pkl
2026-02-03T14:52:32.484100Z INFO  hpde_io Read ./data/spase_hpde_io/info/MMS4_EDI_SRVY_L2_Q0.pkl
2026-02-03T14:52:32.484138Z INFO  hpde_io Reading ./data/spase_hpde_io/info/MMS4_EDP_BRST_L2_DCE.pkl
2026-02-03T14:52:32.484270Z INFO  hpde_io Read ./data/spase_hpde_io/info/MMS4_EDP_BRST_L2_DCE.pkl
2026-02-03T14:52:32.484306Z INFO  hpde_io Reading ./data/spase_hpde_io/info/MMS4_EDP_BRST_L2_HMFE.pkl
2026-02-03T14:52:32.484424Z INFO  hpde_io Read ./data/spase_hpde_io/info/MMS4_EDP_BRST_L2_HMFE.pkl
2026-02-03T14:52:32.484461Z INFO  hpde_io Reading ./data/spase_hpde_io/info/MMS4_EDP_BRST_L2_SCPOT.pkl
2026-02-03T14:52:32.484577Z INFO  hpde_io Read ./data/spase_hpde_io/info/MMS4_EDP_BRST_L2_SCPOT.pkl
2026-02-03T14:52:32.484613Z INFO  hpde_io Reading ./data/spase_hpde_io/info/MMS4_EDP_FAST_L2_DCE.pkl
2026-02-03T14:52:32.484763Z INFO  hpde_io Read ./data/spase_hpde_io/info/MMS4_EDP_FAST_L2_DCE.pkl
2026-02-03T14:52:32.484804Z INFO  hpde_io Reading ./data/spase_hpde_io/info/MMS4_EDP_FAST_L2_SCPOT.pkl
2026-02-03T14:52:32.484939Z INFO  hpde_io Read ./data/spase_hpde_io/info/MMS4_EDP_FAST_L2_SCPOT.pkl
2026-02-03T14:52:32.484980Z INFO  hpde_io Reading ./data/spase_hpde_io/info/MMS4_EDP_SLOW_L2_DCE.pkl
2026-02-03T14:52:32.485109Z INFO  hpde_io Read ./data/spase_hpde_io/info/MMS4_EDP_SLOW_L2_DCE.pkl
2026-02-03T14:52:32.485145Z INFO  hpde_io Reading ./data/spase_hpde_io/info/MMS4_EDP_SLOW_L2_SCPOT.pkl
2026-02-03T14:52:32.485270Z INFO  hpde_io Read ./data/spase_hpde_io/info/MMS4_EDP_SLOW_L2_SCPOT.pkl
2026-02-03T14:52:32.485306Z INFO  hpde_io Reading ./data/spase_hpde_io/info/MMS4_EDP_SRVY_L2_HFESP.pkl
2026-02-03T14:52:32.485423Z INFO  hpde_io Read ./data/spase_hpde_io/info/MMS4_EDP_SRVY_L2_HFESP.pkl
2026-02-03T14:52:32.485457Z INFO  hpde_io Reading ./data/spase_hpde_io/info/MMS4_EPD-EIS_BRST_L2_EXTOF.pkl
2026-02-03T14:52:32.486272Z INFO  hpde_io Read ./data/spase_hpde_io/info/MMS4_EPD-EIS_BRST_L2_EXTOF.pkl
2026-02-03T14:52:32.486314Z INFO  hpde_io Reading ./data/spase_hpde_io/info/MMS4_EPD-EIS_BRST_L2_PHXTOF.pkl
2026-02-03T14:52:32.486852Z INFO  hpde_io Read ./data/spase_hpde_io/info/MMS4_EPD-EIS_BRST_L2_PHXTOF.pkl
2026-02-03T14:52:32.486890Z INFO  hpde_io Reading ./data/spase_hpde_io/info/MMS4_EPD-EIS_SRVY_L2_ELECTRONENERGY.pkl
2026-02-03T14:52:32.487170Z INFO  hpde_io Read ./data/spase_hpde_io/info/MMS4_EPD-EIS_SRVY_L2_ELECTRONENERGY.pkl
2026-02-03T14:52:32.487210Z INFO  hpde_io Reading ./data/spase_hpde_io/info/MMS4_EPD-EIS_SRVY_L2_EXTOF.pkl
2026-02-03T14:52:32.487809Z INFO  hpde_io Read ./data/spase_hpde_io/info/MMS4_EPD-EIS_SRVY_L2_EXTOF.pkl
2026-02-03T14:52:32.487850Z INFO  hpde_io Reading ./data/spase_hpde_io/info/MMS4_EPD-EIS_SRVY_L2_PHXTOF.pkl
2026-02-03T14:52:32.488200Z INFO  hpde_io Read ./data/spase_hpde_io/info/MMS4_EPD-EIS_SRVY_L2_PHXTOF.pkl
2026-02-03T14:52:32.488237Z INFO  hpde_io Reading ./data/spase_hpde_io/info/MMS4_FEEPS_BRST_L2_ELECTRON.pkl
2026-02-03T14:52:32.488595Z INFO  hpde_io Read ./data/spase_hpde_io/info/MMS4_FEEPS_BRST_L2_ELECTRON.pkl
2026-02-03T14:52:32.488650Z INFO  hpde_io Reading ./data/spase_hpde_io/info/MMS4_FEEPS_BRST_L2_ION.pkl
2026-02-03T14:52:32.488863Z INFO  hpde_io Read ./data/spase_hpde_io/info/MMS4_FEEPS_BRST_L2_ION.pkl
2026-02-03T14:52:32.488899Z INFO  hpde_io Reading ./data/spase_hpde_io/info/MMS4_FEEPS_SRVY_L2_ELECTRON.pkl
2026-02-03T14:52:32.489180Z INFO  hpde_io Read ./data/spase_hpde_io/info/MMS4_FEEPS_SRVY_L2_ELECTRON.pkl
2026-02-03T14:52:32.489216Z INFO  hpde_io Reading ./data/spase_hpde_io/info/MMS4_FEEPS_SRVY_L2_ION.pkl
2026-02-03T14:52:32.489653Z INFO  hpde_io Read ./data/spase_hpde_io/info/MMS4_FEEPS_SRVY_L2_ION.pkl
2026-02-03T14:52:32.489697Z INFO  hpde_io Reading ./data/spase_hpde_io/info/MMS4_FGM_BRST_L2.pkl
2026-02-03T14:52:32.489857Z INFO  hpde_io Read ./data/spase_hpde_io/info/MMS4_FGM_BRST_L2.pkl
2026-02-03T14:52:32.489897Z INFO  hpde_io Reading ./data/spase_hpde_io/info/MMS4_FGM_SRVY_L2.pkl
2026-02-03T14:52:32.490044Z INFO  hpde_io Read ./data/spase_hpde_io/info/MMS4_FGM_SRVY_L2.pkl
2026-02-03T14:52:32.490080Z INFO  hpde_io Reading ./data/spase_hpde_io/info/MMS4_FPI_BRST_L2_DES-DIST.pkl
2026-02-03T14:52:32.490253Z INFO  hpde_io Read ./data/spase_hpde_io/info/MMS4_FPI_BRST_L2_DES-DIST.pkl
2026-02-03T14:52:32.490292Z INFO  hpde_io Reading ./data/spase_hpde_io/info/MMS4_FPI_BRST_L2_DES-MOMS.pkl
2026-02-03T14:52:32.490876Z INFO  hpde_io Read ./data/spase_hpde_io/info/MMS4_FPI_BRST_L2_DES-MOMS.pkl
2026-02-03T14:52:32.490917Z INFO  hpde_io Reading ./data/spase_hpde_io/info/MMS4_FPI_BRST_L2_DES-PARTMOMS.pkl
2026-02-03T14:52:32.491060Z INFO  hpde_io Read ./data/spase_hpde_io/info/MMS4_FPI_BRST_L2_DES-PARTMOMS.pkl
2026-02-03T14:52:32.491106Z INFO  hpde_io Reading ./data/spase_hpde_io/info/MMS4_FPI_BRST_L2_DIS-DIST.pkl
2026-02-03T14:52:32.491280Z INFO  hpde_io Read ./data/spase_hpde_io/info/MMS4_FPI_BRST_L2_DIS-DIST.pkl
2026-02-03T14:52:32.491317Z INFO  hpde_io Reading ./data/spase_hpde_io/info/MMS4_FPI_BRST_L2_DIS-MOMS.pkl
2026-02-03T14:52:32.491496Z INFO  hpde_io Read ./data/spase_hpde_io/info/MMS4_FPI_BRST_L2_DIS-MOMS.pkl
2026-02-03T14:52:32.491532Z INFO  hpde_io Reading ./data/spase_hpde_io/info/MMS4_FPI_BRST_L2_DIS-PARTMOMS.pkl
2026-02-03T14:52:32.491696Z INFO  hpde_io Read ./data/spase_hpde_io/info/MMS4_FPI_BRST_L2_DIS-PARTMOMS.pkl
2026-02-03T14:52:32.491747Z INFO  hpde_io Reading ./data/spase_hpde_io/info/MMS4_FPI_FAST_L2_DES-DIST.pkl
2026-02-03T14:52:32.491932Z INFO  hpde_io Read ./data/spase_hpde_io/info/MMS4_FPI_FAST_L2_DES-DIST.pkl
2026-02-03T14:52:32.491970Z INFO  hpde_io Reading ./data/spase_hpde_io/info/MMS4_FPI_FAST_L2_DES-MOMS.pkl
2026-02-03T14:52:32.492203Z INFO  hpde_io Read ./data/spase_hpde_io/info/MMS4_FPI_FAST_L2_DES-MOMS.pkl
2026-02-03T14:52:32.492248Z INFO  hpde_io Reading ./data/spase_hpde_io/info/MMS4_FPI_FAST_L2_DES-PARTMOMS.pkl
2026-02-03T14:52:32.492399Z INFO  hpde_io Read ./data/spase_hpde_io/info/MMS4_FPI_FAST_L2_DES-PARTMOMS.pkl
2026-02-03T14:52:32.492435Z INFO  hpde_io Reading ./data/spase_hpde_io/info/MMS4_FPI_FAST_L2_DIS-DIST.pkl
2026-02-03T14:52:32.492605Z INFO  hpde_io Read ./data/spase_hpde_io/info/MMS4_FPI_FAST_L2_DIS-DIST.pkl
2026-02-03T14:52:32.492642Z INFO  hpde_io Reading ./data/spase_hpde_io/info/MMS4_FPI_FAST_L2_DIS-MOMS.pkl
2026-02-03T14:52:32.492821Z INFO  hpde_io Read ./data/spase_hpde_io/info/MMS4_FPI_FAST_L2_DIS-MOMS.pkl
2026-02-03T14:52:32.492862Z INFO  hpde_io Reading ./data/spase_hpde_io/info/MMS4_FPI_FAST_L2_DIS-PARTMOMS.pkl
2026-02-03T14:52:32.493019Z INFO  hpde_io Read ./data/spase_hpde_io/info/MMS4_FPI_FAST_L2_DIS-PARTMOMS.pkl
2026-02-03T14:52:32.493057Z INFO  hpde_io Reading ./data/spase_hpde_io/info/MMS4_HPCA_BRST_L2_ION.pkl
2026-02-03T14:52:32.493263Z INFO  hpde_io Read ./data/spase_hpde_io/info/MMS4_HPCA_BRST_L2_ION.pkl
2026-02-03T14:52:32.493306Z INFO  hpde_io Reading ./data/spase_hpde_io/info/MMS4_HPCA_BRST_L2_MOMENTS.pkl
2026-02-03T14:52:32.493528Z INFO  hpde_io Read ./data/spase_hpde_io/info/MMS4_HPCA_BRST_L2_MOMENTS.pkl
2026-02-03T14:52:32.493567Z INFO  hpde_io Reading ./data/spase_hpde_io/info/MMS4_HPCA_SRVY_L2_ION.pkl
2026-02-03T14:52:32.493773Z INFO  hpde_io Read ./data/spase_hpde_io/info/MMS4_HPCA_SRVY_L2_ION.pkl
2026-02-03T14:52:32.493809Z INFO  hpde_io Reading ./data/spase_hpde_io/info/MMS4_HPCA_SRVY_L2_MOMENTS.pkl
2026-02-03T14:52:32.494025Z INFO  hpde_io Read ./data/spase_hpde_io/info/MMS4_HPCA_SRVY_L2_MOMENTS.pkl
2026-02-03T14:52:32.494065Z INFO  hpde_io Reading ./data/spase_hpde_io/info/MMS4_HPCA_SRVY_L2_TOF-COUNTS.pkl
2026-02-03T14:52:32.494192Z INFO  hpde_io Read ./data/spase_hpde_io/info/MMS4_HPCA_SRVY_L2_TOF-COUNTS.pkl
2026-02-03T14:52:32.494238Z INFO  hpde_io Reading ./data/spase_hpde_io/info/MMS4_MEC_BRST_L2_EPHT89D.pkl
2026-02-03T14:52:32.494437Z INFO  hpde_io Read ./data/spase_hpde_io/info/MMS4_MEC_BRST_L2_EPHT89D.pkl
2026-02-03T14:52:32.494472Z INFO  hpde_io Reading ./data/spase_hpde_io/info/MMS4_MEC_BRST_L2_EPHT89Q.pkl
2026-02-03T14:52:32.494697Z INFO  hpde_io Read ./data/spase_hpde_io/info/MMS4_MEC_BRST_L2_EPHT89Q.pkl
2026-02-03T14:52:32.494742Z INFO  hpde_io Reading ./data/spase_hpde_io/info/MMS4_MEC_BRST_L2_EPHTS04D.pkl
2026-02-03T14:52:32.494938Z INFO  hpde_io Read ./data/spase_hpde_io/info/MMS4_MEC_BRST_L2_EPHTS04D.pkl
2026-02-03T14:52:32.494979Z INFO  hpde_io Reading ./data/spase_hpde_io/info/MMS4_MEC_SRVY_L2_EPHT89D.pkl
2026-02-03T14:52:32.495181Z INFO  hpde_io Read ./data/spase_hpde_io/info/MMS4_MEC_SRVY_L2_EPHT89D.pkl
2026-02-03T14:52:32.495218Z INFO  hpde_io Reading ./data/spase_hpde_io/info/MMS4_MEC_SRVY_L2_EPHT89Q.pkl
2026-02-03T14:52:32.495403Z INFO  hpde_io Read ./data/spase_hpde_io/info/MMS4_MEC_SRVY_L2_EPHT89Q.pkl
2026-02-03T14:52:32.495439Z INFO  hpde_io Reading ./data/spase_hpde_io/info/MMS4_MEC_SRVY_L2_EPHTS04D.pkl
2026-02-03T14:52:32.495653Z INFO  hpde_io Read ./data/spase_hpde_io/info/MMS4_MEC_SRVY_L2_EPHTS04D.pkl
2026-02-03T14:52:32.495690Z INFO  hpde_io Reading ./data/spase_hpde_io/info/MMS4_SCM_BRST_L2_SCB.pkl
2026-02-03T14:52:32.495812Z INFO  hpde_io Read ./data/spase_hpde_io/info/MMS4_SCM_BRST_L2_SCB.pkl
2026-02-03T14:52:32.495854Z INFO  hpde_io Reading ./data/spase_hpde_io/info/MMS4_SCM_BRST_L2_SCHB.pkl
2026-02-03T14:52:32.495969Z INFO  hpde_io Read ./data/spase_hpde_io/info/MMS4_SCM_BRST_L2_SCHB.pkl
2026-02-03T14:52:32.496008Z INFO  hpde_io Reading ./data/spase_hpde_io/info/MMS4_SCM_SRVY_L2_SCSRVY.pkl
2026-02-03T14:52:32.496124Z INFO  hpde_io Read ./data/spase_hpde_io/info/MMS4_SCM_SRVY_L2_SCSRVY.pkl
2026-02-03T14:52:32.496164Z INFO  hpde_io Reading ./data/spase_hpde_io/info/MSL_HELIO1DAY_POSITION.pkl
2026-02-03T14:52:32.496292Z INFO  hpde_io Read ./data/spase_hpde_io/info/MSL_HELIO1DAY_POSITION.pkl
2026-02-03T14:52:32.496347Z INFO  hpde_io No hpde.io SPASE record for MSL_RAD_OBS-L1.
2026-02-03T14:52:32.496381Z INFO  hpde_io No hpde.io SPASE record for MSL_RAD_OBS-L2.
2026-02-03T14:52:32.496409Z INFO  hpde_io Reading ./data/spase_hpde_io/info/MUNIN_M1_MDSE.pkl
2026-02-03T14:52:32.497559Z INFO  hpde_io Read ./data/spase_hpde_io/info/MUNIN_M1_MDSE.pkl
2026-02-03T14:52:32.497599Z INFO  hpde_io Reading ./data/spase_hpde_io/info/MUNIN_M1_MDSI.pkl
2026-02-03T14:52:32.498734Z INFO  hpde_io Read ./data/spase_hpde_io/info/MUNIN_M1_MDSI.pkl
2026-02-03T14:52:32.498779Z INFO  hpde_io Reading ./data/spase_hpde_io/info/MUNIN_M1_OA.pkl
2026-02-03T14:52:32.498950Z INFO  hpde_io Read ./data/spase_hpde_io/info/MUNIN_M1_OA.pkl
2026-02-03T14:52:32.498987Z INFO  hpde_io Reading ./data/spase_hpde_io/info/MVN_INSITU_KP-4SEC.pkl
2026-02-03T14:52:32.499389Z INFO  hpde_io Read ./data/spase_hpde_io/info/MVN_INSITU_KP-4SEC.pkl
2026-02-03T14:52:32.499430Z INFO  hpde_io Reading ./data/spase_hpde_io/info/MVN_MAG_L2-SUNSTATE-1SEC.pkl
2026-02-03T14:52:32.499562Z INFO  hpde_io Read ./data/spase_hpde_io/info/MVN_MAG_L2-SUNSTATE-1SEC.pkl
2026-02-03T14:52:32.499613Z INFO  hpde_io Reading ./data/spase_hpde_io/info/MVN_SEP_L2_S1-CAL-SVY-FULL.pkl
2026-02-03T14:52:32.499795Z INFO  hpde_io Read ./data/spase_hpde_io/info/MVN_SEP_L2_S1-CAL-SVY-FULL.pkl
2026-02-03T14:52:32.499841Z INFO  hpde_io Reading ./data/spase_hpde_io/info/MVN_SEP_L2_S2-CAL-SVY-FULL.pkl
2026-02-03T14:52:32.500033Z INFO  hpde_io Read ./data/spase_hpde_io/info/MVN_SEP_L2_S2-CAL-SVY-FULL.pkl
2026-02-03T14:52:32.500088Z INFO  hpde_io Reading ./data/spase_hpde_io/info/MVN_STA_L2_D8-12R1E.pkl
2026-02-03T14:52:32.500227Z INFO  hpde_io Read ./data/spase_hpde_io/info/MVN_STA_L2_D8-12R1E.pkl
2026-02-03T14:52:32.500264Z INFO  hpde_io Reading ./data/spase_hpde_io/info/MVN_STA_L2_D9-12R64E.pkl
2026-02-03T14:52:32.500391Z INFO  hpde_io Read ./data/spase_hpde_io/info/MVN_STA_L2_D9-12R64E.pkl
2026-02-03T14:52:32.500444Z INFO  hpde_io Reading ./data/spase_hpde_io/info/MVN_STA_L2_DA-1R64E.pkl
2026-02-03T14:52:32.501184Z INFO  hpde_io Read ./data/spase_hpde_io/info/MVN_STA_L2_DA-1R64E.pkl
2026-02-03T14:52:32.501236Z INFO  hpde_io Reading ./data/spase_hpde_io/info/MVN_SWE_L2_ARC3D.pkl
2026-02-03T14:52:32.501401Z INFO  hpde_io Read ./data/spase_hpde_io/info/MVN_SWE_L2_ARC3D.pkl
2026-02-03T14:52:32.501441Z INFO  hpde_io Reading ./data/spase_hpde_io/info/MVN_SWE_L2_ARCPAD.pkl
2026-02-03T14:52:32.501642Z INFO  hpde_io Read ./data/spase_hpde_io/info/MVN_SWE_L2_ARCPAD.pkl
2026-02-03T14:52:32.501682Z INFO  hpde_io Reading ./data/spase_hpde_io/info/MVN_SWE_L2_SVY3D.pkl
2026-02-03T14:52:32.501875Z INFO  hpde_io Read ./data/spase_hpde_io/info/MVN_SWE_L2_SVY3D.pkl
2026-02-03T14:52:32.501915Z INFO  hpde_io Reading ./data/spase_hpde_io/info/MVN_SWE_L2_SVYPAD.pkl
2026-02-03T14:52:32.502134Z INFO  hpde_io Read ./data/spase_hpde_io/info/MVN_SWE_L2_SVYPAD.pkl
2026-02-03T14:52:32.502176Z INFO  hpde_io Reading ./data/spase_hpde_io/info/MVN_SWE_L2_SVYSPEC.pkl
2026-02-03T14:52:32.502398Z INFO  hpde_io Read ./data/spase_hpde_io/info/MVN_SWE_L2_SVYSPEC.pkl
2026-02-03T14:52:32.502435Z INFO  hpde_io Reading ./data/spase_hpde_io/info/MVN_SWI_L2_COARSEARC3D.pkl
2026-02-03T14:52:32.502592Z INFO  hpde_io Read ./data/spase_hpde_io/info/MVN_SWI_L2_COARSEARC3D.pkl
2026-02-03T14:52:32.502631Z INFO  hpde_io Reading ./data/spase_hpde_io/info/MVN_SWI_L2_COARSESVY3D.pkl
2026-02-03T14:52:32.502792Z INFO  hpde_io Read ./data/spase_hpde_io/info/MVN_SWI_L2_COARSESVY3D.pkl
2026-02-03T14:52:32.502830Z INFO  hpde_io Reading ./data/spase_hpde_io/info/MVN_SWI_L2_FINEARC3D.pkl
2026-02-03T14:52:32.503026Z INFO  hpde_io Read ./data/spase_hpde_io/info/MVN_SWI_L2_FINEARC3D.pkl
2026-02-03T14:52:32.503064Z INFO  hpde_io Reading ./data/spase_hpde_io/info/MVN_SWI_L2_FINESVY3D.pkl
2026-02-03T14:52:32.503275Z INFO  hpde_io Read ./data/spase_hpde_io/info/MVN_SWI_L2_FINESVY3D.pkl
2026-02-03T14:52:32.503313Z INFO  hpde_io Reading ./data/spase_hpde_io/info/MVN_SWI_L2_ONBOARDSVYMOM.pkl
2026-02-03T14:52:32.503452Z INFO  hpde_io Read ./data/spase_hpde_io/info/MVN_SWI_L2_ONBOARDSVYMOM.pkl
2026-02-03T14:52:32.503490Z INFO  hpde_io Reading ./data/spase_hpde_io/info/MVN_SWI_L2_ONBOARDSVYSPEC.pkl
2026-02-03T14:52:32.503665Z INFO  hpde_io Read ./data/spase_hpde_io/info/MVN_SWI_L2_ONBOARDSVYSPEC.pkl
2026-02-03T14:52:32.503702Z INFO  hpde_io Reading ./data/spase_hpde_io/info/NEPTUNE_HELIO1DAY_POSITION.pkl
2026-02-03T14:52:32.503839Z INFO  hpde_io Read ./data/spase_hpde_io/info/NEPTUNE_HELIO1DAY_POSITION.pkl
2026-02-03T14:52:32.503878Z INFO  hpde_io Reading ./data/spase_hpde_io/info/NEPTUNE_HELIO1HR_POSITION.pkl
2026-02-03T14:52:32.504036Z INFO  hpde_io Read ./data/spase_hpde_io/info/NEPTUNE_HELIO1HR_POSITION.pkl
2026-02-03T14:52:32.504088Z INFO  hpde_io No hpde.io SPASE record for NEW-HORIZONS_PEPSSI_COSMIC-RAY-CORRECTED-COUNT-RATE-CRCPS.
2026-02-03T14:52:32.504124Z INFO  hpde_io No hpde.io SPASE record for NEW-HORIZONS_PEPSSI_COSMIC-RAY-CORRECTED-COUNT-RATE-CRCPS-SPECTRA.
2026-02-03T14:52:32.504158Z INFO  hpde_io No hpde.io SPASE record for NEW-HORIZONS_PEPSSI_COSMIC-RAY-CORRECTED-FLUX-CRFLUX-A.
2026-02-03T14:52:32.504193Z INFO  hpde_io No hpde.io SPASE record for NEW-HORIZONS_PEPSSI_COSMIC-RAY-CORRECTED-FLUX-CRFLUX-SPECTRA-A.
2026-02-03T14:52:32.504225Z INFO  hpde_io No hpde.io SPASE record for NEW-HORIZONS_PEPSSI_DOUBLES-COUNT-RATE-TOF-LCPS-A.
2026-02-03T14:52:32.504260Z INFO  hpde_io No hpde.io SPASE record for NEW-HORIZONS_PEPSSI_DOUBLES-COUNT-RATE-TOF-LCPS-B.
2026-02-03T14:52:32.504292Z INFO  hpde_io No hpde.io SPASE record for NEW-HORIZONS_PEPSSI_DOUBLES-COUNT-RATE-TOF-LCPS-SPECTRA-A.
2026-02-03T14:52:32.504331Z INFO  hpde_io No hpde.io SPASE record for NEW-HORIZONS_PEPSSI_DOUBLES-COUNT-RATE-TOF-LCPS-SPECTRA-B.
2026-02-03T14:52:32.504368Z INFO  hpde_io No hpde.io SPASE record for NEW-HORIZONS_PEPSSI_DOUBLES-DIFF-INTENSITY-TOF-LFLUX-A.
2026-02-03T14:52:32.504397Z INFO  hpde_io No hpde.io SPASE record for NEW-HORIZONS_PEPSSI_DOUBLES-DIFF-INTENSITY-TOF-LFLUX-B.
2026-02-03T14:52:32.504430Z INFO  hpde_io No hpde.io SPASE record for NEW-HORIZONS_PEPSSI_DOUBLES-DIFF-INTENSITY-TOF-LFLUX-SPECTRA-A.
2026-02-03T14:52:32.504462Z INFO  hpde_io No hpde.io SPASE record for NEW-HORIZONS_PEPSSI_DOUBLES-DIFF-INTENSITY-TOF-LFLUX-SPECTRA-B.
2026-02-03T14:52:32.504497Z INFO  hpde_io No hpde.io SPASE record for NEW-HORIZONS_PEPSSI_TRIPLES-COUNT-RATE-BCPS-A.
2026-02-03T14:52:32.504529Z INFO  hpde_io No hpde.io SPASE record for NEW-HORIZONS_PEPSSI_TRIPLES-COUNT-RATE-BCPS-B.
2026-02-03T14:52:32.504569Z INFO  hpde_io No hpde.io SPASE record for NEW-HORIZONS_PEPSSI_TRIPLES-COUNT-RATE-BCPS-SPECTRA-A.
2026-02-03T14:52:32.504601Z INFO  hpde_io No hpde.io SPASE record for NEW-HORIZONS_PEPSSI_TRIPLES-COUNT-RATE-BCPS-SPECTRA-B.
2026-02-03T14:52:32.504631Z INFO  hpde_io No hpde.io SPASE record for NEW-HORIZONS_PEPSSI_TRIPLES-DIFF-INTENSITY-BFLUX-A.
2026-02-03T14:52:32.504666Z INFO  hpde_io No hpde.io SPASE record for NEW-HORIZONS_PEPSSI_TRIPLES-DIFF-INTENSITY-BFLUX-B.
2026-02-03T14:52:32.504696Z INFO  hpde_io No hpde.io SPASE record for NEW-HORIZONS_PEPSSI_TRIPLES-DIFF-INTENSITY-BFLUX-SPECTRA-A.
2026-02-03T14:52:32.504728Z INFO  hpde_io No hpde.io SPASE record for NEW-HORIZONS_PEPSSI_TRIPLES-DIFF-INTENSITY-BFLUX-SPECTRA-B.
2026-02-03T14:52:32.504760Z INFO  hpde_io No hpde.io SPASE record for NEW_HORIZONS_HELIO1HR_POSITION.
2026-02-03T14:52:32.504789Z INFO  hpde_io Reading ./data/spase_hpde_io/info/NEW_HORIZONS_SWAP_PICKUP-IONS.pkl
2026-02-03T14:52:32.504913Z INFO  hpde_io Read ./data/spase_hpde_io/info/NEW_HORIZONS_SWAP_PICKUP-IONS.pkl
2026-02-03T14:52:32.504948Z INFO  hpde_io Reading ./data/spase_hpde_io/info/NEW_HORIZONS_SWAP_PICKUP-IONS-HISTOGRAM.pkl
2026-02-03T14:52:32.505091Z INFO  hpde_io Read ./data/spase_hpde_io/info/NEW_HORIZONS_SWAP_PICKUP-IONS-HISTOGRAM.pkl
2026-02-03T14:52:32.505144Z INFO  hpde_io No hpde.io SPASE record for NEW_HORIZONS_SWAP_SOLAR-WIND.
2026-02-03T14:52:32.505175Z INFO  hpde_io Reading ./data/spase_hpde_io/info/NOAA05_MEPED1MIN_SEM.pkl
2026-02-03T14:52:32.505347Z INFO  hpde_io Read ./data/spase_hpde_io/info/NOAA05_MEPED1MIN_SEM.pkl
2026-02-03T14:52:32.505389Z INFO  hpde_io Reading ./data/spase_hpde_io/info/NOAA06_MEPED1MIN_SEM.pkl
2026-02-03T14:52:32.505553Z INFO  hpde_io Read ./data/spase_hpde_io/info/NOAA06_MEPED1MIN_SEM.pkl
2026-02-03T14:52:32.505589Z INFO  hpde_io Reading ./data/spase_hpde_io/info/NOAA07_MEPED1MIN_SEM.pkl
2026-02-03T14:52:32.505766Z INFO  hpde_io Read ./data/spase_hpde_io/info/NOAA07_MEPED1MIN_SEM.pkl
2026-02-03T14:52:32.505806Z INFO  hpde_io Reading ./data/spase_hpde_io/info/NOAA08_MEPED1MIN_SEM.pkl
2026-02-03T14:52:32.505989Z INFO  hpde_io Read ./data/spase_hpde_io/info/NOAA08_MEPED1MIN_SEM.pkl
2026-02-03T14:52:32.506039Z INFO  hpde_io Reading ./data/spase_hpde_io/info/NOAA10_MEPED1MIN_SEM.pkl
2026-02-03T14:52:32.506224Z INFO  hpde_io Read ./data/spase_hpde_io/info/NOAA10_MEPED1MIN_SEM.pkl
2026-02-03T14:52:32.506282Z INFO  hpde_io Reading ./data/spase_hpde_io/info/NOAA12_MEPED1MIN_SEM.pkl
2026-02-03T14:52:32.506457Z INFO  hpde_io Read ./data/spase_hpde_io/info/NOAA12_MEPED1MIN_SEM.pkl
2026-02-03T14:52:32.506500Z INFO  hpde_io Reading ./data/spase_hpde_io/info/NOAA14_MEPED1MIN_SEM.pkl
2026-02-03T14:52:32.506695Z INFO  hpde_io Read ./data/spase_hpde_io/info/NOAA14_MEPED1MIN_SEM.pkl
2026-02-03T14:52:32.506737Z INFO  hpde_io Reading ./data/spase_hpde_io/info/NOAA15_POES-SEM2_FLUXES-2SEC.pkl
2026-02-03T14:52:32.507103Z INFO  hpde_io Read ./data/spase_hpde_io/info/NOAA15_POES-SEM2_FLUXES-2SEC.pkl
2026-02-03T14:52:32.507151Z INFO  hpde_io Reading ./data/spase_hpde_io/info/NOAA16_POES-SEM2_FLUXES-2SEC.pkl
2026-02-03T14:52:32.507630Z INFO  hpde_io Read ./data/spase_hpde_io/info/NOAA16_POES-SEM2_FLUXES-2SEC.pkl
2026-02-03T14:52:32.507678Z INFO  hpde_io Reading ./data/spase_hpde_io/info/NOAA18_POES-SEM2_FLUXES-2SEC.pkl
2026-02-03T14:52:32.508065Z INFO  hpde_io Read ./data/spase_hpde_io/info/NOAA18_POES-SEM2_FLUXES-2SEC.pkl
2026-02-03T14:52:32.508107Z INFO  hpde_io Reading ./data/spase_hpde_io/info/NOAA19_POES-SEM2_FLUXES-2SEC.pkl
2026-02-03T14:52:32.508464Z INFO  hpde_io Read ./data/spase_hpde_io/info/NOAA19_POES-SEM2_FLUXES-2SEC.pkl
2026-02-03T14:52:32.508507Z INFO  hpde_io Reading ./data/spase_hpde_io/info/OMNI2_H0_MRG1HR.pkl
2026-02-03T14:52:32.508670Z INFO  hpde_io Read ./data/spase_hpde_io/info/OMNI2_H0_MRG1HR.pkl
2026-02-03T14:52:32.508717Z INFO  hpde_io Reading ./data/spase_hpde_io/info/OMNI_COHO1HR_MERGED_MAG_PLASMA.pkl
2026-02-03T14:52:32.508853Z INFO  hpde_io Read ./data/spase_hpde_io/info/OMNI_COHO1HR_MERGED_MAG_PLASMA.pkl
2026-02-03T14:52:32.508890Z INFO  hpde_io Reading ./data/spase_hpde_io/info/OMNI_HRO2_1MIN.pkl
2026-02-03T14:52:32.509078Z INFO  hpde_io Read ./data/spase_hpde_io/info/OMNI_HRO2_1MIN.pkl
2026-02-03T14:52:32.509124Z INFO  hpde_io Reading ./data/spase_hpde_io/info/OMNI_HRO2_5MIN.pkl
2026-02-03T14:52:32.509337Z INFO  hpde_io Read ./data/spase_hpde_io/info/OMNI_HRO2_5MIN.pkl
2026-02-03T14:52:32.509374Z INFO  hpde_io Reading ./data/spase_hpde_io/info/OMNI_HRO_1MIN.pkl
2026-02-03T14:52:32.509553Z INFO  hpde_io Read ./data/spase_hpde_io/info/OMNI_HRO_1MIN.pkl
2026-02-03T14:52:32.509595Z INFO  hpde_io Reading ./data/spase_hpde_io/info/OMNI_HRO_5MIN.pkl
2026-02-03T14:52:32.509729Z INFO  hpde_io Read ./data/spase_hpde_io/info/OMNI_HRO_5MIN.pkl
2026-02-03T14:52:32.509780Z INFO  hpde_io Reading ./data/spase_hpde_io/info/PHOBOS2_HELIO1DAY_POSITION.pkl
2026-02-03T14:52:32.509917Z INFO  hpde_io Read ./data/spase_hpde_io/info/PHOBOS2_HELIO1DAY_POSITION.pkl
2026-02-03T14:52:32.509960Z INFO  hpde_io Reading ./data/spase_hpde_io/info/PHOBOS2_HELIO1HR_POSITION.pkl
2026-02-03T14:52:32.510090Z INFO  hpde_io Read ./data/spase_hpde_io/info/PHOBOS2_HELIO1HR_POSITION.pkl
2026-02-03T14:52:32.510130Z INFO  hpde_io Reading ./data/spase_hpde_io/info/PIONEER10_COHO1HR_MERGED_MAG_PLASMA.pkl
2026-02-03T14:52:32.510266Z INFO  hpde_io Read ./data/spase_hpde_io/info/PIONEER10_COHO1HR_MERGED_MAG_PLASMA.pkl
2026-02-03T14:52:32.510318Z INFO  hpde_io Reading ./data/spase_hpde_io/info/PIONEER10_HELIO1DAY_POSITION.pkl
2026-02-03T14:52:32.510451Z INFO  hpde_io Read ./data/spase_hpde_io/info/PIONEER10_HELIO1DAY_POSITION.pkl
2026-02-03T14:52:32.510498Z INFO  hpde_io Reading ./data/spase_hpde_io/info/PIONEER10_HELIO1HR_POSITION.pkl
2026-02-03T14:52:32.510619Z INFO  hpde_io Read ./data/spase_hpde_io/info/PIONEER10_HELIO1HR_POSITION.pkl
2026-02-03T14:52:32.510654Z INFO  hpde_io Reading ./data/spase_hpde_io/info/PIONEER10_MAG_1MIN_MAGNETIC_FIELD.pkl
2026-02-03T14:52:32.510776Z INFO  hpde_io Read ./data/spase_hpde_io/info/PIONEER10_MAG_1MIN_MAGNETIC_FIELD.pkl
2026-02-03T14:52:32.510816Z INFO  hpde_io Reading ./data/spase_hpde_io/info/PIONEER11_COHO1HR_MERGED_MAG_PLASMA.pkl
2026-02-03T14:52:32.510940Z INFO  hpde_io Read ./data/spase_hpde_io/info/PIONEER11_COHO1HR_MERGED_MAG_PLASMA.pkl
2026-02-03T14:52:32.510979Z INFO  hpde_io Reading ./data/spase_hpde_io/info/PIONEER11_HELIO1DAY_POSITION.pkl
2026-02-03T14:52:32.511102Z INFO  hpde_io Read ./data/spase_hpde_io/info/PIONEER11_HELIO1DAY_POSITION.pkl
2026-02-03T14:52:32.511138Z INFO  hpde_io Reading ./data/spase_hpde_io/info/PIONEER11_HELIO1HR_POSITION.pkl
2026-02-03T14:52:32.511254Z INFO  hpde_io Read ./data/spase_hpde_io/info/PIONEER11_HELIO1HR_POSITION.pkl
2026-02-03T14:52:32.511291Z INFO  hpde_io Reading ./data/spase_hpde_io/info/PIONEERVENUS_COHO1HR_MERGED_MAG_PLASMA.pkl
2026-02-03T14:52:32.511418Z INFO  hpde_io Read ./data/spase_hpde_io/info/PIONEERVENUS_COHO1HR_MERGED_MAG_PLASMA.pkl
2026-02-03T14:52:32.511464Z INFO  hpde_io Reading ./data/spase_hpde_io/info/PIONEERVENUS_MERGED_SOLAR-WIND_10M.pkl
2026-02-03T14:52:32.511965Z INFO  hpde_io Read ./data/spase_hpde_io/info/PIONEERVENUS_MERGED_SOLAR-WIND_10M.pkl
2026-02-03T14:52:32.512004Z INFO  hpde_io Reading ./data/spase_hpde_io/info/PLUTO_HELIO1DAY_POSITION.pkl
2026-02-03T14:52:32.512131Z INFO  hpde_io Read ./data/spase_hpde_io/info/PLUTO_HELIO1DAY_POSITION.pkl
2026-02-03T14:52:32.512173Z INFO  hpde_io Reading ./data/spase_hpde_io/info/PLUTO_HELIO1HR_POSITION.pkl
2026-02-03T14:52:32.512298Z INFO  hpde_io Read ./data/spase_hpde_io/info/PLUTO_HELIO1HR_POSITION.pkl
2026-02-03T14:52:32.512347Z INFO  hpde_io No hpde.io SPASE record for PMC-TURBO_L1_BOLIDE_VBC.
2026-02-03T14:52:32.512375Z INFO  hpde_io Reading ./data/spase_hpde_io/info/POLAR_HYDRA_MOMENTS-14SEC.pkl
2026-02-03T14:52:32.512492Z INFO  hpde_io Read ./data/spase_hpde_io/info/POLAR_HYDRA_MOMENTS-14SEC.pkl
2026-02-03T14:52:32.512540Z INFO  hpde_io Reading ./data/spase_hpde_io/info/PO_10MINATT_EFI.pkl
2026-02-03T14:52:32.512657Z INFO  hpde_io Read ./data/spase_hpde_io/info/PO_10MINATT_EFI.pkl
2026-02-03T14:52:32.512691Z INFO  hpde_io Reading ./data/spase_hpde_io/info/PO_6SECEDSC_EFI.pkl
2026-02-03T14:52:32.512804Z INFO  hpde_io Read ./data/spase_hpde_io/info/PO_6SECEDSC_EFI.pkl
2026-02-03T14:52:32.512838Z INFO  hpde_io Reading ./data/spase_hpde_io/info/PO_6SECPOTLDENS_EFI.pkl
2026-02-03T14:52:32.512951Z INFO  hpde_io Read ./data/spase_hpde_io/info/PO_6SECPOTLDENS_EFI.pkl
2026-02-03T14:52:32.512985Z INFO  hpde_io Reading ./data/spase_hpde_io/info/PO_AT_DEF.pkl
2026-02-03T14:52:32.513109Z INFO  hpde_io Read ./data/spase_hpde_io/info/PO_AT_DEF.pkl
2026-02-03T14:52:32.513148Z INFO  hpde_io Reading ./data/spase_hpde_io/info/PO_AT_PRE.pkl
2026-02-03T14:52:32.513259Z INFO  hpde_io Read ./data/spase_hpde_io/info/PO_AT_PRE.pkl
2026-02-03T14:52:32.513302Z INFO  hpde_io No hpde.io SPASE record for PO_EJ_VIS.
2026-02-03T14:52:32.513335Z INFO  hpde_io Reading ./data/spase_hpde_io/info/PO_H0_CAM.pkl
2026-02-03T14:52:32.513455Z INFO  hpde_io Read ./data/spase_hpde_io/info/PO_H0_CAM.pkl
2026-02-03T14:52:32.513491Z INFO  hpde_io Reading ./data/spase_hpde_io/info/PO_H0_HYD.pkl
2026-02-03T14:52:32.513603Z INFO  hpde_io Read ./data/spase_hpde_io/info/PO_H0_HYD.pkl
2026-02-03T14:52:32.513639Z INFO  hpde_io Reading ./data/spase_hpde_io/info/PO_H0_PWI.pkl
2026-02-03T14:52:32.513763Z INFO  hpde_io Read ./data/spase_hpde_io/info/PO_H0_PWI.pkl
2026-02-03T14:52:32.513809Z INFO  hpde_io Reading ./data/spase_hpde_io/info/PO_H0_TID.pkl
2026-02-03T14:52:32.514032Z INFO  hpde_io Read ./data/spase_hpde_io/info/PO_H0_TID.pkl
2026-02-03T14:52:32.514072Z INFO  hpde_io Reading ./data/spase_hpde_io/info/PO_H0_TIM.pkl
2026-02-03T14:52:32.514265Z INFO  hpde_io Read ./data/spase_hpde_io/info/PO_H0_TIM.pkl
2026-02-03T14:52:32.514311Z INFO  hpde_io No hpde.io SPASE record for PO_H0_UVI.
2026-02-03T14:52:32.514339Z INFO  hpde_io Reading ./data/spase_hpde_io/info/PO_H1_PWI.pkl
2026-02-03T14:52:32.514493Z INFO  hpde_io Read ./data/spase_hpde_io/info/PO_H1_PWI.pkl
2026-02-03T14:52:32.514529Z INFO  hpde_io Reading ./data/spase_hpde_io/info/PO_H1_TID.pkl
2026-02-03T14:52:32.514679Z INFO  hpde_io Read ./data/spase_hpde_io/info/PO_H1_TID.pkl
2026-02-03T14:52:32.514721Z INFO  hpde_io No hpde.io SPASE record for PO_H1_UVI.
2026-02-03T14:52:32.514748Z INFO  hpde_io Reading ./data/spase_hpde_io/info/PO_H2_PWI.pkl
2026-02-03T14:52:32.514904Z INFO  hpde_io Read ./data/spase_hpde_io/info/PO_H2_PWI.pkl
2026-02-03T14:52:32.514944Z INFO  hpde_io Reading ./data/spase_hpde_io/info/PO_H2_TIM.pkl
2026-02-03T14:52:32.515101Z INFO  hpde_io Read ./data/spase_hpde_io/info/PO_H2_TIM.pkl
2026-02-03T14:52:32.515143Z INFO  hpde_io Reading ./data/spase_hpde_io/info/PO_H3_PWI.pkl
2026-02-03T14:52:32.515285Z INFO  hpde_io Read ./data/spase_hpde_io/info/PO_H3_PWI.pkl
2026-02-03T14:52:32.515329Z INFO  hpde_io Reading ./data/spase_hpde_io/info/PO_H4_PWI.pkl
2026-02-03T14:52:32.515465Z INFO  hpde_io Read ./data/spase_hpde_io/info/PO_H4_PWI.pkl
2026-02-03T14:52:32.515503Z INFO  hpde_io Reading ./data/spase_hpde_io/info/PO_H5_PWI.pkl
2026-02-03T14:52:32.515632Z INFO  hpde_io Read ./data/spase_hpde_io/info/PO_H5_PWI.pkl
2026-02-03T14:52:32.515669Z INFO  hpde_io Reading ./data/spase_hpde_io/info/PO_H7_PWI.pkl
2026-02-03T14:52:32.515819Z INFO  hpde_io Read ./data/spase_hpde_io/info/PO_H7_PWI.pkl
2026-02-03T14:52:32.515866Z INFO  hpde_io Reading ./data/spase_hpde_io/info/PO_H8_PWI.pkl
2026-02-03T14:52:32.516016Z INFO  hpde_io Read ./data/spase_hpde_io/info/PO_H8_PWI.pkl
2026-02-03T14:52:32.516056Z INFO  hpde_io Reading ./data/spase_hpde_io/info/PO_H9_PWI.pkl
2026-02-03T14:52:32.516179Z INFO  hpde_io Read ./data/spase_hpde_io/info/PO_H9_PWI.pkl
2026-02-03T14:52:32.516221Z INFO  hpde_io No hpde.io SPASE record for PO_HYD_ENERGY_FLUX.
2026-02-03T14:52:32.516248Z INFO  hpde_io Reading ./data/spase_hpde_io/info/PO_K0_CAM.pkl
2026-02-03T14:52:32.516505Z INFO  hpde_io Read ./data/spase_hpde_io/info/PO_K0_CAM.pkl
2026-02-03T14:52:32.516542Z INFO  hpde_io Reading ./data/spase_hpde_io/info/PO_K0_CEP.pkl
2026-02-03T14:52:32.516666Z INFO  hpde_io Read ./data/spase_hpde_io/info/PO_K0_CEP.pkl
2026-02-03T14:52:32.516701Z INFO  hpde_io Reading ./data/spase_hpde_io/info/PO_K0_EFI.pkl
2026-02-03T14:52:32.516810Z INFO  hpde_io Read ./data/spase_hpde_io/info/PO_K0_EFI.pkl
2026-02-03T14:52:32.516850Z INFO  hpde_io Reading ./data/spase_hpde_io/info/PO_K0_HYD.pkl
2026-02-03T14:52:32.516963Z INFO  hpde_io Read ./data/spase_hpde_io/info/PO_K0_HYD.pkl
2026-02-03T14:52:32.516997Z INFO  hpde_io Reading ./data/spase_hpde_io/info/PO_K0_MFE.pkl
2026-02-03T14:52:32.517156Z INFO  hpde_io Read ./data/spase_hpde_io/info/PO_K0_MFE.pkl
2026-02-03T14:52:32.517196Z INFO  hpde_io No hpde.io SPASE record for PO_K0_PIX.
2026-02-03T14:52:32.517225Z INFO  hpde_io Reading ./data/spase_hpde_io/info/PO_K0_PWI.pkl
2026-02-03T14:52:32.517343Z INFO  hpde_io Read ./data/spase_hpde_io/info/PO_K0_PWI.pkl
2026-02-03T14:52:32.517377Z INFO  hpde_io Reading ./data/spase_hpde_io/info/PO_K0_SPHA.pkl
2026-02-03T14:52:32.517488Z INFO  hpde_io Read ./data/spase_hpde_io/info/PO_K0_SPHA.pkl
2026-02-03T14:52:32.517522Z INFO  hpde_io Reading ./data/spase_hpde_io/info/PO_K0_UVI.pkl
2026-02-03T14:52:32.517657Z INFO  hpde_io Read ./data/spase_hpde_io/info/PO_K0_UVI.pkl
2026-02-03T14:52:32.517700Z INFO  hpde_io No hpde.io SPASE record for PO_K0_VIS.
2026-02-03T14:52:32.517727Z INFO  hpde_io Reading ./data/spase_hpde_io/info/PO_K1_TIM.pkl
2026-02-03T14:52:32.517872Z INFO  hpde_io Read ./data/spase_hpde_io/info/PO_K1_TIM.pkl
2026-02-03T14:52:32.517916Z INFO  hpde_io No hpde.io SPASE record for PO_K1_VIS.
2026-02-03T14:52:32.517943Z INFO  hpde_io Reading ./data/spase_hpde_io/info/PO_LEVEL1_UVI.pkl
2026-02-03T14:52:32.518110Z INFO  hpde_io Read ./data/spase_hpde_io/info/PO_LEVEL1_UVI.pkl
2026-02-03T14:52:32.518149Z INFO  hpde_io Reading ./data/spase_hpde_io/info/PO_OR_DEF.pkl
2026-02-03T14:52:32.518325Z INFO  hpde_io Read ./data/spase_hpde_io/info/PO_OR_DEF.pkl
2026-02-03T14:52:32.518363Z INFO  hpde_io Reading ./data/spase_hpde_io/info/PO_OR_PRE.pkl
2026-02-03T14:52:32.518502Z INFO  hpde_io Read ./data/spase_hpde_io/info/PO_OR_PRE.pkl
2026-02-03T14:52:32.518540Z INFO  hpde_io Reading ./data/spase_hpde_io/info/PO_PA_DEF.pkl
2026-02-03T14:52:32.518649Z INFO  hpde_io Read ./data/spase_hpde_io/info/PO_PA_DEF.pkl
2026-02-03T14:52:32.518692Z INFO  hpde_io Reading ./data/spase_hpde_io/info/PO_VIS_EARTH-CAMERA-CALIBRATED.pkl
2026-02-03T14:52:32.518878Z INFO  hpde_io Read ./data/spase_hpde_io/info/PO_VIS_EARTH-CAMERA-CALIBRATED.pkl
2026-02-03T14:52:32.518916Z INFO  hpde_io Reading ./data/spase_hpde_io/info/PO_VIS_VISIBLE-IMAGER-CALIBRATED.pkl
2026-02-03T14:52:32.519104Z INFO  hpde_io Read ./data/spase_hpde_io/info/PO_VIS_VISIBLE-IMAGER-CALIBRATED.pkl
2026-02-03T14:52:32.519140Z INFO  hpde_io Reading ./data/spase_hpde_io/info/PSP_COHO1HR_MERGED_MAG_PLASMA.pkl
2026-02-03T14:52:32.519304Z INFO  hpde_io Read ./data/spase_hpde_io/info/PSP_COHO1HR_MERGED_MAG_PLASMA.pkl
2026-02-03T14:52:32.519340Z INFO  hpde_io Reading ./data/spase_hpde_io/info/PSP_FLD_L2_AEB.pkl
2026-02-03T14:52:32.519541Z INFO  hpde_io Read ./data/spase_hpde_io/info/PSP_FLD_L2_AEB.pkl
2026-02-03T14:52:32.519582Z INFO  hpde_io Reading ./data/spase_hpde_io/info/PSP_FLD_L2_DFB_AC_BPF_DV12HG.pkl
2026-02-03T14:52:32.519701Z INFO  hpde_io Read ./data/spase_hpde_io/info/PSP_FLD_L2_DFB_AC_BPF_DV12HG.pkl
2026-02-03T14:52:32.519740Z INFO  hpde_io Reading ./data/spase_hpde_io/info/PSP_FLD_L2_DFB_AC_BPF_DV34HG.pkl
2026-02-03T14:52:32.519865Z INFO  hpde_io Read ./data/spase_hpde_io/info/PSP_FLD_L2_DFB_AC_BPF_DV34HG.pkl
2026-02-03T14:52:32.519900Z INFO  hpde_io Reading ./data/spase_hpde_io/info/PSP_FLD_L2_DFB_AC_BPF_SCMULFHG.pkl
2026-02-03T14:52:32.520031Z INFO  hpde_io Read ./data/spase_hpde_io/info/PSP_FLD_L2_DFB_AC_BPF_SCMULFHG.pkl
2026-02-03T14:52:32.520068Z INFO  hpde_io Reading ./data/spase_hpde_io/info/PSP_FLD_L2_DFB_AC_BPF_SCMUMFHG.pkl
2026-02-03T14:52:32.520201Z INFO  hpde_io Read ./data/spase_hpde_io/info/PSP_FLD_L2_DFB_AC_BPF_SCMUMFHG.pkl
2026-02-03T14:52:32.520241Z INFO  hpde_io Reading ./data/spase_hpde_io/info/PSP_FLD_L2_DFB_AC_SPEC_DV12HG.pkl
2026-02-03T14:52:32.520373Z INFO  hpde_io Read ./data/spase_hpde_io/info/PSP_FLD_L2_DFB_AC_SPEC_DV12HG.pkl
2026-02-03T14:52:32.520416Z INFO  hpde_io Reading ./data/spase_hpde_io/info/PSP_FLD_L2_DFB_AC_SPEC_DV34HG.pkl
2026-02-03T14:52:32.520542Z INFO  hpde_io Read ./data/spase_hpde_io/info/PSP_FLD_L2_DFB_AC_SPEC_DV34HG.pkl
2026-02-03T14:52:32.520579Z INFO  hpde_io Reading ./data/spase_hpde_io/info/PSP_FLD_L2_DFB_AC_SPEC_SCMDLFHG.pkl
2026-02-03T14:52:32.520705Z INFO  hpde_io Read ./data/spase_hpde_io/info/PSP_FLD_L2_DFB_AC_SPEC_SCMDLFHG.pkl
2026-02-03T14:52:32.520741Z INFO  hpde_io Reading ./data/spase_hpde_io/info/PSP_FLD_L2_DFB_AC_SPEC_SCMELFHG.pkl
2026-02-03T14:52:32.520883Z INFO  hpde_io Read ./data/spase_hpde_io/info/PSP_FLD_L2_DFB_AC_SPEC_SCMELFHG.pkl
2026-02-03T14:52:32.520921Z INFO  hpde_io Reading ./data/spase_hpde_io/info/PSP_FLD_L2_DFB_AC_SPEC_SCMFLFHG.pkl
2026-02-03T14:52:32.521050Z INFO  hpde_io Read ./data/spase_hpde_io/info/PSP_FLD_L2_DFB_AC_SPEC_SCMFLFHG.pkl
2026-02-03T14:52:32.521089Z INFO  hpde_io Reading ./data/spase_hpde_io/info/PSP_FLD_L2_DFB_AC_SPEC_SCMMF.pkl
2026-02-03T14:52:32.521218Z INFO  hpde_io Read ./data/spase_hpde_io/info/PSP_FLD_L2_DFB_AC_SPEC_SCMMF.pkl
2026-02-03T14:52:32.521254Z INFO  hpde_io Reading ./data/spase_hpde_io/info/PSP_FLD_L2_DFB_AC_SPEC_SCMULFLG.pkl
2026-02-03T14:52:32.521379Z INFO  hpde_io Read ./data/spase_hpde_io/info/PSP_FLD_L2_DFB_AC_SPEC_SCMULFLG.pkl
2026-02-03T14:52:32.521417Z INFO  hpde_io Reading ./data/spase_hpde_io/info/PSP_FLD_L2_DFB_AC_SPEC_SCMVLFHG.pkl
2026-02-03T14:52:32.521546Z INFO  hpde_io Read ./data/spase_hpde_io/info/PSP_FLD_L2_DFB_AC_SPEC_SCMVLFHG.pkl
2026-02-03T14:52:32.521584Z INFO  hpde_io Reading ./data/spase_hpde_io/info/PSP_FLD_L2_DFB_AC_SPEC_V5HG.pkl
2026-02-03T14:52:32.521724Z INFO  hpde_io Read ./data/spase_hpde_io/info/PSP_FLD_L2_DFB_AC_SPEC_V5HG.pkl
2026-02-03T14:52:32.521764Z INFO  hpde_io Reading ./data/spase_hpde_io/info/PSP_FLD_L2_DFB_AC_XSPEC_DV12HG_DV34HG.pkl
2026-02-03T14:52:32.521900Z INFO  hpde_io Read ./data/spase_hpde_io/info/PSP_FLD_L2_DFB_AC_XSPEC_DV12HG_DV34HG.pkl
2026-02-03T14:52:32.521939Z INFO  hpde_io Reading ./data/spase_hpde_io/info/PSP_FLD_L2_DFB_AC_XSPEC_SCMDLFHG_SCMELFHG.pkl
2026-02-03T14:52:32.522086Z INFO  hpde_io Read ./data/spase_hpde_io/info/PSP_FLD_L2_DFB_AC_XSPEC_SCMDLFHG_SCMELFHG.pkl
2026-02-03T14:52:32.522124Z INFO  hpde_io Reading ./data/spase_hpde_io/info/PSP_FLD_L2_DFB_AC_XSPEC_SCMDLFHG_SCMFLFHG.pkl
2026-02-03T14:52:32.522268Z INFO  hpde_io Read ./data/spase_hpde_io/info/PSP_FLD_L2_DFB_AC_XSPEC_SCMDLFHG_SCMFLFHG.pkl
2026-02-03T14:52:32.522309Z INFO  hpde_io Reading ./data/spase_hpde_io/info/PSP_FLD_L2_DFB_AC_XSPEC_SCMELFHG_SCMFLFHG.pkl
2026-02-03T14:52:32.522455Z INFO  hpde_io Read ./data/spase_hpde_io/info/PSP_FLD_L2_DFB_AC_XSPEC_SCMELFHG_SCMFLFHG.pkl
2026-02-03T14:52:32.522495Z INFO  hpde_io Reading ./data/spase_hpde_io/info/PSP_FLD_L2_DFB_DBM_DVAC.pkl
2026-02-03T14:52:32.522660Z INFO  hpde_io Read ./data/spase_hpde_io/info/PSP_FLD_L2_DFB_DBM_DVAC.pkl
2026-02-03T14:52:32.522711Z INFO  hpde_io Reading ./data/spase_hpde_io/info/PSP_FLD_L2_DFB_DBM_DVDC.pkl
2026-02-03T14:52:32.522855Z INFO  hpde_io Read ./data/spase_hpde_io/info/PSP_FLD_L2_DFB_DBM_DVDC.pkl
2026-02-03T14:52:32.522889Z INFO  hpde_io Reading ./data/spase_hpde_io/info/PSP_FLD_L2_DFB_DBM_SCM.pkl
2026-02-03T14:52:32.523035Z INFO  hpde_io Read ./data/spase_hpde_io/info/PSP_FLD_L2_DFB_DBM_SCM.pkl
2026-02-03T14:52:32.523074Z INFO  hpde_io Reading ./data/spase_hpde_io/info/PSP_FLD_L2_DFB_DBM_VAC.pkl
2026-02-03T14:52:32.523229Z INFO  hpde_io Read ./data/spase_hpde_io/info/PSP_FLD_L2_DFB_DBM_VAC.pkl
2026-02-03T14:52:32.523265Z INFO  hpde_io Reading ./data/spase_hpde_io/info/PSP_FLD_L2_DFB_DBM_VDC.pkl
2026-02-03T14:52:32.523414Z INFO  hpde_io Read ./data/spase_hpde_io/info/PSP_FLD_L2_DFB_DBM_VDC.pkl
2026-02-03T14:52:32.523448Z INFO  hpde_io Reading ./data/spase_hpde_io/info/PSP_FLD_L2_DFB_DC_BPF_DV12HG.pkl
2026-02-03T14:52:32.523578Z INFO  hpde_io Read ./data/spase_hpde_io/info/PSP_FLD_L2_DFB_DC_BPF_DV12HG.pkl
2026-02-03T14:52:32.523617Z INFO  hpde_io Reading ./data/spase_hpde_io/info/PSP_FLD_L2_DFB_DC_BPF_DV34HG.pkl
2026-02-03T14:52:32.523739Z INFO  hpde_io Read ./data/spase_hpde_io/info/PSP_FLD_L2_DFB_DC_BPF_DV34HG.pkl
2026-02-03T14:52:32.523774Z INFO  hpde_io Reading ./data/spase_hpde_io/info/PSP_FLD_L2_DFB_DC_BPF_SCMULFHG.pkl
2026-02-03T14:52:32.523923Z INFO  hpde_io Read ./data/spase_hpde_io/info/PSP_FLD_L2_DFB_DC_BPF_SCMULFHG.pkl
2026-02-03T14:52:32.523960Z INFO  hpde_io Reading ./data/spase_hpde_io/info/PSP_FLD_L2_DFB_DC_BPF_SCMVLFHG.pkl
2026-02-03T14:52:32.524118Z INFO  hpde_io Read ./data/spase_hpde_io/info/PSP_FLD_L2_DFB_DC_BPF_SCMVLFHG.pkl
2026-02-03T14:52:32.524160Z INFO  hpde_io Reading ./data/spase_hpde_io/info/PSP_FLD_L2_DFB_DC_SPEC_DV12HG.pkl
2026-02-03T14:52:32.524286Z INFO  hpde_io Read ./data/spase_hpde_io/info/PSP_FLD_L2_DFB_DC_SPEC_DV12HG.pkl
2026-02-03T14:52:32.524325Z INFO  hpde_io Reading ./data/spase_hpde_io/info/PSP_FLD_L2_DFB_DC_SPEC_SCMDLFHG.pkl
2026-02-03T14:52:32.524456Z INFO  hpde_io Read ./data/spase_hpde_io/info/PSP_FLD_L2_DFB_DC_SPEC_SCMDLFHG.pkl
2026-02-03T14:52:32.524492Z INFO  hpde_io Reading ./data/spase_hpde_io/info/PSP_FLD_L2_DFB_DC_SPEC_SCMELFHG.pkl
2026-02-03T14:52:32.524613Z INFO  hpde_io Read ./data/spase_hpde_io/info/PSP_FLD_L2_DFB_DC_SPEC_SCMELFHG.pkl
2026-02-03T14:52:32.524651Z INFO  hpde_io Reading ./data/spase_hpde_io/info/PSP_FLD_L2_DFB_DC_SPEC_SCMFLFHG.pkl
2026-02-03T14:52:32.524782Z INFO  hpde_io Read ./data/spase_hpde_io/info/PSP_FLD_L2_DFB_DC_SPEC_SCMFLFHG.pkl
2026-02-03T14:52:32.524817Z INFO  hpde_io Reading ./data/spase_hpde_io/info/PSP_FLD_L2_DFB_DC_SPEC_SCMULFHG.pkl
2026-02-03T14:52:32.524948Z INFO  hpde_io Read ./data/spase_hpde_io/info/PSP_FLD_L2_DFB_DC_SPEC_SCMULFHG.pkl
2026-02-03T14:52:32.524990Z INFO  hpde_io Reading ./data/spase_hpde_io/info/PSP_FLD_L2_DFB_DC_SPEC_SCMVLFHG.pkl
2026-02-03T14:52:32.525123Z INFO  hpde_io Read ./data/spase_hpde_io/info/PSP_FLD_L2_DFB_DC_SPEC_SCMVLFHG.pkl
2026-02-03T14:52:32.525159Z INFO  hpde_io Reading ./data/spase_hpde_io/info/PSP_FLD_L2_DFB_DC_SPEC_SCMWLFHG.pkl
2026-02-03T14:52:32.525287Z INFO  hpde_io Read ./data/spase_hpde_io/info/PSP_FLD_L2_DFB_DC_SPEC_SCMWLFHG.pkl
2026-02-03T14:52:32.525338Z INFO  hpde_io Reading ./data/spase_hpde_io/info/PSP_FLD_L2_DFB_DC_XSPEC_SCMDLFHG_SCMELFHG.pkl
2026-02-03T14:52:32.525492Z INFO  hpde_io Read ./data/spase_hpde_io/info/PSP_FLD_L2_DFB_DC_XSPEC_SCMDLFHG_SCMELFHG.pkl
2026-02-03T14:52:32.525534Z INFO  hpde_io Reading ./data/spase_hpde_io/info/PSP_FLD_L2_DFB_DC_XSPEC_SCMDLFHG_SCMFLFHG.pkl
2026-02-03T14:52:32.525675Z INFO  hpde_io Read ./data/spase_hpde_io/info/PSP_FLD_L2_DFB_DC_XSPEC_SCMDLFHG_SCMFLFHG.pkl
2026-02-03T14:52:32.525715Z INFO  hpde_io Reading ./data/spase_hpde_io/info/PSP_FLD_L2_DFB_DC_XSPEC_SCMELFHG_SCMFLFHG.pkl
2026-02-03T14:52:32.525871Z INFO  hpde_io Read ./data/spase_hpde_io/info/PSP_FLD_L2_DFB_DC_XSPEC_SCMELFHG_SCMFLFHG.pkl
2026-02-03T14:52:32.525907Z INFO  hpde_io Reading ./data/spase_hpde_io/info/PSP_FLD_L2_DFB_DC_XSPEC_SCMVLFHG_SCMWLFHG.pkl
2026-02-03T14:52:32.526073Z INFO  hpde_io Read ./data/spase_hpde_io/info/PSP_FLD_L2_DFB_DC_XSPEC_SCMVLFHG_SCMWLFHG.pkl
2026-02-03T14:52:32.526108Z INFO  hpde_io Reading ./data/spase_hpde_io/info/PSP_FLD_L2_DFB_WF_DVDC.pkl
2026-02-03T14:52:32.526264Z INFO  hpde_io Read ./data/spase_hpde_io/info/PSP_FLD_L2_DFB_WF_DVDC.pkl
2026-02-03T14:52:32.526299Z INFO  hpde_io Reading ./data/spase_hpde_io/info/PSP_FLD_L2_DFB_WF_SCM.pkl
2026-02-03T14:52:32.526446Z INFO  hpde_io Read ./data/spase_hpde_io/info/PSP_FLD_L2_DFB_WF_SCM.pkl
2026-02-03T14:52:32.526485Z INFO  hpde_io Reading ./data/spase_hpde_io/info/PSP_FLD_L2_DFB_WF_VDC.pkl
2026-02-03T14:52:32.526641Z INFO  hpde_io Read ./data/spase_hpde_io/info/PSP_FLD_L2_DFB_WF_VDC.pkl
2026-02-03T14:52:32.526678Z INFO  hpde_io Reading ./data/spase_hpde_io/info/PSP_FLD_L2_F2_100BPS.pkl
2026-02-03T14:52:32.526984Z INFO  hpde_io Read ./data/spase_hpde_io/info/PSP_FLD_L2_F2_100BPS.pkl
2026-02-03T14:52:32.527022Z INFO  hpde_io Reading ./data/spase_hpde_io/info/PSP_FLD_L2_MAG_RTN.pkl
2026-02-03T14:52:32.527148Z INFO  hpde_io Read ./data/spase_hpde_io/info/PSP_FLD_L2_MAG_RTN.pkl
2026-02-03T14:52:32.527191Z INFO  hpde_io Reading ./data/spase_hpde_io/info/PSP_FLD_L2_MAG_RTN_1MIN.pkl
2026-02-03T14:52:32.527314Z INFO  hpde_io Read ./data/spase_hpde_io/info/PSP_FLD_L2_MAG_RTN_1MIN.pkl
2026-02-03T14:52:32.527350Z INFO  hpde_io Reading ./data/spase_hpde_io/info/PSP_FLD_L2_MAG_RTN_4_SA_PER_CYC.pkl
2026-02-03T14:52:32.527474Z INFO  hpde_io Read ./data/spase_hpde_io/info/PSP_FLD_L2_MAG_RTN_4_SA_PER_CYC.pkl
2026-02-03T14:52:32.527509Z INFO  hpde_io Reading ./data/spase_hpde_io/info/PSP_FLD_L2_MAG_SC.pkl
2026-02-03T14:52:32.527645Z INFO  hpde_io Read ./data/spase_hpde_io/info/PSP_FLD_L2_MAG_SC.pkl
2026-02-03T14:52:32.527682Z INFO  hpde_io Reading ./data/spase_hpde_io/info/PSP_FLD_L2_MAG_SC_1MIN.pkl
2026-02-03T14:52:32.527805Z INFO  hpde_io Read ./data/spase_hpde_io/info/PSP_FLD_L2_MAG_SC_1MIN.pkl
2026-02-03T14:52:32.527841Z INFO  hpde_io Reading ./data/spase_hpde_io/info/PSP_FLD_L2_MAG_SC_4_SA_PER_CYC.pkl
2026-02-03T14:52:32.527969Z INFO  hpde_io Read ./data/spase_hpde_io/info/PSP_FLD_L2_MAG_SC_4_SA_PER_CYC.pkl
2026-02-03T14:52:32.528006Z INFO  hpde_io Reading ./data/spase_hpde_io/info/PSP_FLD_L2_MAG_VSO.pkl
2026-02-03T14:52:32.528129Z INFO  hpde_io Read ./data/spase_hpde_io/info/PSP_FLD_L2_MAG_VSO.pkl
2026-02-03T14:52:32.528164Z INFO  hpde_io Reading ./data/spase_hpde_io/info/PSP_FLD_L2_RFS_BURST.pkl
2026-02-03T14:52:32.529084Z INFO  hpde_io Read ./data/spase_hpde_io/info/PSP_FLD_L2_RFS_BURST.pkl
2026-02-03T14:52:32.529124Z INFO  hpde_io Reading ./data/spase_hpde_io/info/PSP_FLD_L2_RFS_HFR.pkl
2026-02-03T14:52:32.531284Z INFO  hpde_io Read ./data/spase_hpde_io/info/PSP_FLD_L2_RFS_HFR.pkl
2026-02-03T14:52:32.531327Z INFO  hpde_io Reading ./data/spase_hpde_io/info/PSP_FLD_L2_RFS_LFR.pkl
2026-02-03T14:52:32.533211Z INFO  hpde_io Read ./data/spase_hpde_io/info/PSP_FLD_L2_RFS_LFR.pkl
2026-02-03T14:52:32.533260Z INFO  hpde_io No hpde.io SPASE record for PSP_FLD_L2_TDS_WF.
2026-02-03T14:52:32.533291Z INFO  hpde_io Reading ./data/spase_hpde_io/info/PSP_FLD_L3_DUST.pkl
2026-02-03T14:52:32.533432Z INFO  hpde_io Read ./data/spase_hpde_io/info/PSP_FLD_L3_DUST.pkl
2026-02-03T14:52:32.533474Z INFO  hpde_io Reading ./data/spase_hpde_io/info/PSP_FLD_L3_MERGED_SCAM_WF.pkl
2026-02-03T14:52:32.533621Z INFO  hpde_io Read ./data/spase_hpde_io/info/PSP_FLD_L3_MERGED_SCAM_WF.pkl
2026-02-03T14:52:32.533666Z INFO  hpde_io No hpde.io SPASE record for PSP_FLD_L3_RFS_HFR.
2026-02-03T14:52:32.533706Z INFO  hpde_io No hpde.io SPASE record for PSP_FLD_L3_RFS_LFR.
2026-02-03T14:52:32.533732Z INFO  hpde_io Reading ./data/spase_hpde_io/info/PSP_FLD_L3_RFS_LFR_QTN.pkl
2026-02-03T14:52:32.533869Z INFO  hpde_io Read ./data/spase_hpde_io/info/PSP_FLD_L3_RFS_LFR_QTN.pkl
2026-02-03T14:52:32.533906Z INFO  hpde_io Reading ./data/spase_hpde_io/info/PSP_FLD_L3_SQTN_RFS_V1V2.pkl
2026-02-03T14:52:32.534024Z INFO  hpde_io Read ./data/spase_hpde_io/info/PSP_FLD_L3_SQTN_RFS_V1V2.pkl
2026-02-03T14:52:32.534062Z INFO  hpde_io Reading ./data/spase_hpde_io/info/PSP_HELIO1DAY_POSITION.pkl
2026-02-03T14:52:32.534196Z INFO  hpde_io Read ./data/spase_hpde_io/info/PSP_HELIO1DAY_POSITION.pkl
2026-02-03T14:52:32.534236Z INFO  hpde_io Reading ./data/spase_hpde_io/info/PSP_HELIO1HR_POSITION.pkl
2026-02-03T14:52:32.534369Z INFO  hpde_io Read ./data/spase_hpde_io/info/PSP_HELIO1HR_POSITION.pkl
2026-02-03T14:52:32.534407Z INFO  hpde_io Reading ./data/spase_hpde_io/info/PSP_ISOIS-EPIHI_L2-HET-RATES10.pkl
2026-02-03T14:52:32.534727Z INFO  hpde_io Read ./data/spase_hpde_io/info/PSP_ISOIS-EPIHI_L2-HET-RATES10.pkl
2026-02-03T14:52:32.534767Z INFO  hpde_io Reading ./data/spase_hpde_io/info/PSP_ISOIS-EPIHI_L2-HET-RATES300.pkl
2026-02-03T14:52:32.534979Z INFO  hpde_io Read ./data/spase_hpde_io/info/PSP_ISOIS-EPIHI_L2-HET-RATES300.pkl
2026-02-03T14:52:32.535015Z INFO  hpde_io Reading ./data/spase_hpde_io/info/PSP_ISOIS-EPIHI_L2-HET-RATES3600.pkl
2026-02-03T14:52:32.535992Z INFO  hpde_io Read ./data/spase_hpde_io/info/PSP_ISOIS-EPIHI_L2-HET-RATES3600.pkl
2026-02-03T14:52:32.536032Z INFO  hpde_io Reading ./data/spase_hpde_io/info/PSP_ISOIS-EPIHI_L2-HET-RATES60.pkl
2026-02-03T14:52:32.536767Z INFO  hpde_io Read ./data/spase_hpde_io/info/PSP_ISOIS-EPIHI_L2-HET-RATES60.pkl
2026-02-03T14:52:32.536808Z INFO  hpde_io Reading ./data/spase_hpde_io/info/PSP_ISOIS-EPIHI_L2-LET1-RATES10.pkl
2026-02-03T14:52:32.537115Z INFO  hpde_io Read ./data/spase_hpde_io/info/PSP_ISOIS-EPIHI_L2-LET1-RATES10.pkl
2026-02-03T14:52:32.537153Z INFO  hpde_io Reading ./data/spase_hpde_io/info/PSP_ISOIS-EPIHI_L2-LET1-RATES300.pkl
2026-02-03T14:52:32.537396Z INFO  hpde_io Read ./data/spase_hpde_io/info/PSP_ISOIS-EPIHI_L2-LET1-RATES300.pkl
2026-02-03T14:52:32.537437Z INFO  hpde_io Reading ./data/spase_hpde_io/info/PSP_ISOIS-EPIHI_L2-LET1-RATES3600.pkl
2026-02-03T14:52:32.538811Z INFO  hpde_io Read ./data/spase_hpde_io/info/PSP_ISOIS-EPIHI_L2-LET1-RATES3600.pkl
2026-02-03T14:52:32.538853Z INFO  hpde_io Reading ./data/spase_hpde_io/info/PSP_ISOIS-EPIHI_L2-LET1-RATES60.pkl
2026-02-03T14:52:32.539951Z INFO  hpde_io Read ./data/spase_hpde_io/info/PSP_ISOIS-EPIHI_L2-LET1-RATES60.pkl
2026-02-03T14:52:32.539998Z INFO  hpde_io Reading ./data/spase_hpde_io/info/PSP_ISOIS-EPIHI_L2-LET2-RATES10.pkl
2026-02-03T14:52:32.540229Z INFO  hpde_io Read ./data/spase_hpde_io/info/PSP_ISOIS-EPIHI_L2-LET2-RATES10.pkl
2026-02-03T14:52:32.540267Z INFO  hpde_io Reading ./data/spase_hpde_io/info/PSP_ISOIS-EPIHI_L2-LET2-RATES300.pkl
2026-02-03T14:52:32.540519Z INFO  hpde_io Read ./data/spase_hpde_io/info/PSP_ISOIS-EPIHI_L2-LET2-RATES300.pkl
2026-02-03T14:52:32.540559Z INFO  hpde_io Reading ./data/spase_hpde_io/info/PSP_ISOIS-EPIHI_L2-LET2-RATES3600.pkl
2026-02-03T14:52:32.541270Z INFO  hpde_io Read ./data/spase_hpde_io/info/PSP_ISOIS-EPIHI_L2-LET2-RATES3600.pkl
2026-02-03T14:52:32.541305Z INFO  hpde_io Reading ./data/spase_hpde_io/info/PSP_ISOIS-EPIHI_L2-LET2-RATES60.pkl
2026-02-03T14:52:32.541967Z INFO  hpde_io Read ./data/spase_hpde_io/info/PSP_ISOIS-EPIHI_L2-LET2-RATES60.pkl
2026-02-03T14:52:32.542004Z INFO  hpde_io Reading ./data/spase_hpde_io/info/PSP_ISOIS-EPIHI_L2-SECOND-RATES.pkl
2026-02-03T14:52:32.542231Z INFO  hpde_io Read ./data/spase_hpde_io/info/PSP_ISOIS-EPIHI_L2-SECOND-RATES.pkl
2026-02-03T14:52:32.542280Z INFO  hpde_io Reading ./data/spase_hpde_io/info/PSP_ISOIS-EPILO_L2-IC.pkl
2026-02-03T14:52:32.542839Z INFO  hpde_io Read ./data/spase_hpde_io/info/PSP_ISOIS-EPILO_L2-IC.pkl
2026-02-03T14:52:32.542886Z INFO  hpde_io Reading ./data/spase_hpde_io/info/PSP_ISOIS-EPILO_L2-PE.pkl
2026-02-03T14:52:32.544595Z INFO  hpde_io Read ./data/spase_hpde_io/info/PSP_ISOIS-EPILO_L2-PE.pkl
2026-02-03T14:52:32.544653Z INFO  hpde_io Reading ./data/spase_hpde_io/info/PSP_ISOIS_L2-EPHEM.pkl
2026-02-03T14:52:32.544814Z INFO  hpde_io Read ./data/spase_hpde_io/info/PSP_ISOIS_L2-EPHEM.pkl
2026-02-03T14:52:32.544861Z INFO  hpde_io Reading ./data/spase_hpde_io/info/PSP_ISOIS_L2-SUMMARY.pkl
2026-02-03T14:52:32.545027Z INFO  hpde_io Read ./data/spase_hpde_io/info/PSP_ISOIS_L2-SUMMARY.pkl
2026-02-03T14:52:32.545074Z INFO  hpde_io Reading ./data/spase_hpde_io/info/PSP_SWP_SPA_SF0_L2_16AX8DX32E.pkl
2026-02-03T14:52:32.545238Z INFO  hpde_io Read ./data/spase_hpde_io/info/PSP_SWP_SPA_SF0_L2_16AX8DX32E.pkl
2026-02-03T14:52:32.545282Z INFO  hpde_io Reading ./data/spase_hpde_io/info/PSP_SWP_SPA_SF0_L3_PAD.pkl
2026-02-03T14:52:32.545438Z INFO  hpde_io Read ./data/spase_hpde_io/info/PSP_SWP_SPA_SF0_L3_PAD.pkl
2026-02-03T14:52:32.545478Z INFO  hpde_io Reading ./data/spase_hpde_io/info/PSP_SWP_SPA_SF1_L2_32E.pkl
2026-02-03T14:52:32.545632Z INFO  hpde_io Read ./data/spase_hpde_io/info/PSP_SWP_SPA_SF1_L2_32E.pkl
2026-02-03T14:52:32.545667Z INFO  hpde_io Reading ./data/spase_hpde_io/info/PSP_SWP_SPB_SF0_L2_16AX8DX32E.pkl
2026-02-03T14:52:32.608568Z INFO  hpde_io Read ./data/spase_hpde_io/info/PSP_SWP_SPB_SF0_L2_16AX8DX32E.pkl
2026-02-03T14:52:32.608746Z INFO  hpde_io Reading ./data/spase_hpde_io/info/PSP_SWP_SPB_SF0_L3_PAD.pkl
2026-02-03T14:52:32.609179Z INFO  hpde_io Read ./data/spase_hpde_io/info/PSP_SWP_SPB_SF0_L3_PAD.pkl
2026-02-03T14:52:32.609251Z INFO  hpde_io Reading ./data/spase_hpde_io/info/PSP_SWP_SPB_SF1_L2_32E.pkl
2026-02-03T14:52:32.609528Z INFO  hpde_io Read ./data/spase_hpde_io/info/PSP_SWP_SPB_SF1_L2_32E.pkl
2026-02-03T14:52:32.609578Z INFO  hpde_io Reading ./data/spase_hpde_io/info/PSP_SWP_SPC_L2I.pkl
2026-02-03T14:52:32.610011Z INFO  hpde_io Read ./data/spase_hpde_io/info/PSP_SWP_SPC_L2I.pkl
2026-02-03T14:52:32.610066Z INFO  hpde_io Reading ./data/spase_hpde_io/info/PSP_SWP_SPC_L3I.pkl
2026-02-03T14:52:32.610459Z INFO  hpde_io Read ./data/spase_hpde_io/info/PSP_SWP_SPC_L3I.pkl
2026-02-03T14:52:32.610502Z INFO  hpde_io Reading ./data/spase_hpde_io/info/PSP_SWP_SPE_SF0_L3_PAD.pkl
2026-02-03T14:52:32.610705Z INFO  hpde_io Read ./data/spase_hpde_io/info/PSP_SWP_SPE_SF0_L3_PAD.pkl
2026-02-03T14:52:32.610747Z INFO  hpde_io Reading ./data/spase_hpde_io/info/PSP_SWP_SPI_SF00_L2_8DX32EX8A.pkl
2026-02-03T14:52:32.610972Z INFO  hpde_io Read ./data/spase_hpde_io/info/PSP_SWP_SPI_SF00_L2_8DX32EX8A.pkl
2026-02-03T14:52:32.611013Z INFO  hpde_io Reading ./data/spase_hpde_io/info/PSP_SWP_SPI_SF00_L3_MOM.pkl
2026-02-03T14:52:32.611237Z INFO  hpde_io Read ./data/spase_hpde_io/info/PSP_SWP_SPI_SF00_L3_MOM.pkl
2026-02-03T14:52:32.611278Z INFO  hpde_io Reading ./data/spase_hpde_io/info/PSP_SWP_SPI_SF00_L3_MOM_INST.pkl
2026-02-03T14:52:32.611512Z INFO  hpde_io Read ./data/spase_hpde_io/info/PSP_SWP_SPI_SF00_L3_MOM_INST.pkl
2026-02-03T14:52:32.611550Z INFO  hpde_io Reading ./data/spase_hpde_io/info/PSP_SWP_SPI_SF01_L2_8DX32EX8A.pkl
2026-02-03T14:52:32.611772Z INFO  hpde_io Read ./data/spase_hpde_io/info/PSP_SWP_SPI_SF01_L2_8DX32EX8A.pkl
2026-02-03T14:52:32.611814Z INFO  hpde_io Reading ./data/spase_hpde_io/info/PSP_SWP_SPI_SF0A_L3_MOM.pkl
2026-02-03T14:52:32.612032Z INFO  hpde_io Read ./data/spase_hpde_io/info/PSP_SWP_SPI_SF0A_L3_MOM.pkl
2026-02-03T14:52:32.612070Z INFO  hpde_io Reading ./data/spase_hpde_io/info/PSP_SWP_SPI_SF0A_L3_MOM_INST.pkl
2026-02-03T14:52:32.612277Z INFO  hpde_io Read ./data/spase_hpde_io/info/PSP_SWP_SPI_SF0A_L3_MOM_INST.pkl
2026-02-03T14:52:32.612322Z INFO  hpde_io Reading ./data/spase_hpde_io/info/RBSP-A-RBSPICE_LEV-2_ESRHELT.pkl
2026-02-03T14:52:32.612511Z INFO  hpde_io Read ./data/spase_hpde_io/info/RBSP-A-RBSPICE_LEV-2_ESRHELT.pkl
2026-02-03T14:52:32.612569Z INFO  hpde_io Reading ./data/spase_hpde_io/info/RBSP-A-RBSPICE_LEV-2_ESRLEHT.pkl
2026-02-03T14:52:32.612761Z INFO  hpde_io Read ./data/spase_hpde_io/info/RBSP-A-RBSPICE_LEV-2_ESRLEHT.pkl
2026-02-03T14:52:32.612801Z INFO  hpde_io Reading ./data/spase_hpde_io/info/RBSP-A-RBSPICE_LEV-2_ISRHELT.pkl
2026-02-03T14:52:32.612982Z INFO  hpde_io Read ./data/spase_hpde_io/info/RBSP-A-RBSPICE_LEV-2_ISRHELT.pkl
2026-02-03T14:52:32.613028Z INFO  hpde_io Reading ./data/spase_hpde_io/info/RBSP-A-RBSPICE_LEV-2_TOFXEH.pkl
2026-02-03T14:52:32.613231Z INFO  hpde_io Read ./data/spase_hpde_io/info/RBSP-A-RBSPICE_LEV-2_TOFXEH.pkl
2026-02-03T14:52:32.613281Z INFO  hpde_io Reading ./data/spase_hpde_io/info/RBSP-A-RBSPICE_LEV-2_TOFXEION.pkl
2026-02-03T14:52:32.613472Z INFO  hpde_io Read ./data/spase_hpde_io/info/RBSP-A-RBSPICE_LEV-2_TOFXEION.pkl
2026-02-03T14:52:32.613513Z INFO  hpde_io Reading ./data/spase_hpde_io/info/RBSP-A-RBSPICE_LEV-2_TOFXENONH.pkl
2026-02-03T14:52:32.613692Z INFO  hpde_io Read ./data/spase_hpde_io/info/RBSP-A-RBSPICE_LEV-2_TOFXENONH.pkl
2026-02-03T14:52:32.613734Z INFO  hpde_io Reading ./data/spase_hpde_io/info/RBSP-A-RBSPICE_LEV-2_TOFXPHHHELT.pkl
2026-02-03T14:52:32.613913Z INFO  hpde_io Read ./data/spase_hpde_io/info/RBSP-A-RBSPICE_LEV-2_TOFXPHHHELT.pkl
2026-02-03T14:52:32.613953Z INFO  hpde_io Reading ./data/spase_hpde_io/info/RBSP-A-RBSPICE_LEV-2_TOFXPHHLEHT.pkl
2026-02-03T14:52:32.614125Z INFO  hpde_io Read ./data/spase_hpde_io/info/RBSP-A-RBSPICE_LEV-2_TOFXPHHLEHT.pkl
2026-02-03T14:52:32.614174Z INFO  hpde_io Reading ./data/spase_hpde_io/info/RBSP-A-RBSPICE_LEV-3-PAP_ESRHELT.pkl
2026-02-03T14:52:32.614477Z INFO  hpde_io Read ./data/spase_hpde_io/info/RBSP-A-RBSPICE_LEV-3-PAP_ESRHELT.pkl
2026-02-03T14:52:32.614520Z INFO  hpde_io Reading ./data/spase_hpde_io/info/RBSP-A-RBSPICE_LEV-3-PAP_ESRLEHT.pkl
2026-02-03T14:52:32.614752Z INFO  hpde_io Read ./data/spase_hpde_io/info/RBSP-A-RBSPICE_LEV-3-PAP_ESRLEHT.pkl
2026-02-03T14:52:32.614795Z INFO  hpde_io Reading ./data/spase_hpde_io/info/RBSP-A-RBSPICE_LEV-3-PAP_TOFXEH.pkl
2026-02-03T14:52:32.615037Z INFO  hpde_io Read ./data/spase_hpde_io/info/RBSP-A-RBSPICE_LEV-3-PAP_TOFXEH.pkl
2026-02-03T14:52:32.615078Z INFO  hpde_io Reading ./data/spase_hpde_io/info/RBSP-A-RBSPICE_LEV-3-PAP_TOFXEHE.pkl
2026-02-03T14:52:32.615322Z INFO  hpde_io Read ./data/spase_hpde_io/info/RBSP-A-RBSPICE_LEV-3-PAP_TOFXEHE.pkl
2026-02-03T14:52:32.615364Z INFO  hpde_io Reading ./data/spase_hpde_io/info/RBSP-A-RBSPICE_LEV-3-PAP_TOFXEHE-0.pkl
2026-02-03T14:52:32.615595Z INFO  hpde_io Read ./data/spase_hpde_io/info/RBSP-A-RBSPICE_LEV-3-PAP_TOFXEHE-0.pkl
2026-02-03T14:52:32.615640Z INFO  hpde_io Reading ./data/spase_hpde_io/info/RBSP-A-RBSPICE_LEV-3-PAP_TOFXEION.pkl
2026-02-03T14:52:32.615939Z INFO  hpde_io Read ./data/spase_hpde_io/info/RBSP-A-RBSPICE_LEV-3-PAP_TOFXEION.pkl
2026-02-03T14:52:32.615989Z INFO  hpde_io Reading ./data/spase_hpde_io/info/RBSP-A-RBSPICE_LEV-3-PAP_TOFXEO.pkl
2026-02-03T14:52:32.616224Z INFO  hpde_io Read ./data/spase_hpde_io/info/RBSP-A-RBSPICE_LEV-3-PAP_TOFXEO.pkl
2026-02-03T14:52:32.616266Z INFO  hpde_io Reading ./data/spase_hpde_io/info/RBSP-A-RBSPICE_LEV-3-PAP_TOFXEO-0.pkl
2026-02-03T14:52:32.616483Z INFO  hpde_io Read ./data/spase_hpde_io/info/RBSP-A-RBSPICE_LEV-3-PAP_TOFXEO-0.pkl
2026-02-03T14:52:32.616523Z INFO  hpde_io Reading ./data/spase_hpde_io/info/RBSP-A-RBSPICE_LEV-3-PAP_TOFXPHHHELT.pkl
2026-02-03T14:52:32.616764Z INFO  hpde_io Read ./data/spase_hpde_io/info/RBSP-A-RBSPICE_LEV-3-PAP_TOFXPHHHELT.pkl
2026-02-03T14:52:32.616805Z INFO  hpde_io Reading ./data/spase_hpde_io/info/RBSP-A-RBSPICE_LEV-3-PAP_TOFXPHHLEHT.pkl
2026-02-03T14:52:32.617027Z INFO  hpde_io Read ./data/spase_hpde_io/info/RBSP-A-RBSPICE_LEV-3-PAP_TOFXPHHLEHT.pkl
2026-02-03T14:52:32.617066Z INFO  hpde_io Reading ./data/spase_hpde_io/info/RBSP-A-RBSPICE_LEV-3-PAP_TOFXPHOHELT.pkl
2026-02-03T14:52:32.617280Z INFO  hpde_io Read ./data/spase_hpde_io/info/RBSP-A-RBSPICE_LEV-3-PAP_TOFXPHOHELT.pkl
2026-02-03T14:52:32.617319Z INFO  hpde_io Reading ./data/spase_hpde_io/info/RBSP-A-RBSPICE_LEV-3-PAP_TOFXPHOLEHT.pkl
2026-02-03T14:52:32.617529Z INFO  hpde_io Read ./data/spase_hpde_io/info/RBSP-A-RBSPICE_LEV-3-PAP_TOFXPHOLEHT.pkl
2026-02-03T14:52:32.617589Z INFO  hpde_io Reading ./data/spase_hpde_io/info/RBSP-A-RBSPICE_LEV-3_ESRHELT.pkl
2026-02-03T14:52:32.617783Z INFO  hpde_io Read ./data/spase_hpde_io/info/RBSP-A-RBSPICE_LEV-3_ESRHELT.pkl
2026-02-03T14:52:32.617831Z INFO  hpde_io Reading ./data/spase_hpde_io/info/RBSP-A-RBSPICE_LEV-3_ESRLEHT.pkl
2026-02-03T14:52:32.618028Z INFO  hpde_io Read ./data/spase_hpde_io/info/RBSP-A-RBSPICE_LEV-3_ESRLEHT.pkl
2026-02-03T14:52:32.618069Z INFO  hpde_io Reading ./data/spase_hpde_io/info/RBSP-A-RBSPICE_LEV-3_ISRHELT.pkl
2026-02-03T14:52:32.618257Z INFO  hpde_io Read ./data/spase_hpde_io/info/RBSP-A-RBSPICE_LEV-3_ISRHELT.pkl
2026-02-03T14:52:32.618300Z INFO  hpde_io Reading ./data/spase_hpde_io/info/RBSP-A-RBSPICE_LEV-3_TOFXEH.pkl
2026-02-03T14:52:32.618488Z INFO  hpde_io Read ./data/spase_hpde_io/info/RBSP-A-RBSPICE_LEV-3_TOFXEH.pkl
2026-02-03T14:52:32.618532Z INFO  hpde_io Reading ./data/spase_hpde_io/info/RBSP-A-RBSPICE_LEV-3_TOFXEION.pkl
2026-02-03T14:52:32.618741Z INFO  hpde_io Read ./data/spase_hpde_io/info/RBSP-A-RBSPICE_LEV-3_TOFXEION.pkl
2026-02-03T14:52:32.618780Z INFO  hpde_io Reading ./data/spase_hpde_io/info/RBSP-A-RBSPICE_LEV-3_TOFXENONH.pkl
2026-02-03T14:52:32.618984Z INFO  hpde_io Read ./data/spase_hpde_io/info/RBSP-A-RBSPICE_LEV-3_TOFXENONH.pkl
2026-02-03T14:52:32.619023Z INFO  hpde_io Reading ./data/spase_hpde_io/info/RBSP-A-RBSPICE_LEV-3_TOFXPHHHELT.pkl
2026-02-03T14:52:32.619205Z INFO  hpde_io Read ./data/spase_hpde_io/info/RBSP-A-RBSPICE_LEV-3_TOFXPHHHELT.pkl
2026-02-03T14:52:32.619244Z INFO  hpde_io Reading ./data/spase_hpde_io/info/RBSP-A-RBSPICE_LEV-3_TOFXPHHLEHT.pkl
2026-02-03T14:52:32.619439Z INFO  hpde_io Read ./data/spase_hpde_io/info/RBSP-A-RBSPICE_LEV-3_TOFXPHHLEHT.pkl
2026-02-03T14:52:32.619479Z INFO  hpde_io Reading ./data/spase_hpde_io/info/RBSP-A_DENSITY_EMFISIS-L4.pkl
2026-02-03T14:52:32.619658Z INFO  hpde_io Read ./data/spase_hpde_io/info/RBSP-A_DENSITY_EMFISIS-L4.pkl
2026-02-03T14:52:32.619708Z INFO  hpde_io Reading ./data/spase_hpde_io/info/RBSP-A_HFR-SPECTRA-BURST_EMFISIS-L2.pkl
2026-02-03T14:52:32.619879Z INFO  hpde_io Read ./data/spase_hpde_io/info/RBSP-A_HFR-SPECTRA-BURST_EMFISIS-L2.pkl
2026-02-03T14:52:32.619930Z INFO  hpde_io Reading ./data/spase_hpde_io/info/RBSP-A_HFR-SPECTRA-MERGED_EMFISIS-L2.pkl
2026-02-03T14:52:32.620107Z INFO  hpde_io Read ./data/spase_hpde_io/info/RBSP-A_HFR-SPECTRA-MERGED_EMFISIS-L2.pkl
2026-02-03T14:52:32.620150Z INFO  hpde_io Reading ./data/spase_hpde_io/info/RBSP-A_HFR-SPECTRA_EMFISIS-L2.pkl
2026-02-03T14:52:32.620355Z INFO  hpde_io Read ./data/spase_hpde_io/info/RBSP-A_HFR-SPECTRA_EMFISIS-L2.pkl
2026-02-03T14:52:32.620396Z INFO  hpde_io Reading ./data/spase_hpde_io/info/RBSP-A_HFR-WAVEFORM_EMFISIS-L2.pkl
2026-02-03T14:52:32.620561Z INFO  hpde_io Read ./data/spase_hpde_io/info/RBSP-A_HFR-WAVEFORM_EMFISIS-L2.pkl
2026-02-03T14:52:32.620605Z INFO  hpde_io Reading ./data/spase_hpde_io/info/RBSP-A_MAGNETOMETER_1SEC-GEI_EMFISIS-L3.pkl
2026-02-03T14:52:32.620768Z INFO  hpde_io Read ./data/spase_hpde_io/info/RBSP-A_MAGNETOMETER_1SEC-GEI_EMFISIS-L3.pkl
2026-02-03T14:52:32.620812Z INFO  hpde_io Reading ./data/spase_hpde_io/info/RBSP-A_MAGNETOMETER_1SEC-GEO_EMFISIS-L3.pkl
2026-02-03T14:52:32.620981Z INFO  hpde_io Read ./data/spase_hpde_io/info/RBSP-A_MAGNETOMETER_1SEC-GEO_EMFISIS-L3.pkl
2026-02-03T14:52:32.621024Z INFO  hpde_io Reading ./data/spase_hpde_io/info/RBSP-A_MAGNETOMETER_1SEC-GSE_EMFISIS-L3.pkl
2026-02-03T14:52:32.621183Z INFO  hpde_io Read ./data/spase_hpde_io/info/RBSP-A_MAGNETOMETER_1SEC-GSE_EMFISIS-L3.pkl
2026-02-03T14:52:32.621224Z INFO  hpde_io Reading ./data/spase_hpde_io/info/RBSP-A_MAGNETOMETER_1SEC-GSM_EMFISIS-L3.pkl
2026-02-03T14:52:32.621390Z INFO  hpde_io Read ./data/spase_hpde_io/info/RBSP-A_MAGNETOMETER_1SEC-GSM_EMFISIS-L3.pkl
2026-02-03T14:52:32.621427Z INFO  hpde_io Reading ./data/spase_hpde_io/info/RBSP-A_MAGNETOMETER_1SEC-SM_EMFISIS-L3.pkl
2026-02-03T14:52:32.621598Z INFO  hpde_io Read ./data/spase_hpde_io/info/RBSP-A_MAGNETOMETER_1SEC-SM_EMFISIS-L3.pkl
2026-02-03T14:52:32.621635Z INFO  hpde_io Reading ./data/spase_hpde_io/info/RBSP-A_MAGNETOMETER_4SEC-GEI_EMFISIS-L3.pkl
2026-02-03T14:52:32.621802Z INFO  hpde_io Read ./data/spase_hpde_io/info/RBSP-A_MAGNETOMETER_4SEC-GEI_EMFISIS-L3.pkl
2026-02-03T14:52:32.621844Z INFO  hpde_io Reading ./data/spase_hpde_io/info/RBSP-A_MAGNETOMETER_4SEC-GEO_EMFISIS-L3.pkl
2026-02-03T14:52:32.622025Z INFO  hpde_io Read ./data/spase_hpde_io/info/RBSP-A_MAGNETOMETER_4SEC-GEO_EMFISIS-L3.pkl
2026-02-03T14:52:32.622079Z INFO  hpde_io Reading ./data/spase_hpde_io/info/RBSP-A_MAGNETOMETER_4SEC-GSE_EMFISIS-L3.pkl
2026-02-03T14:52:32.622257Z INFO  hpde_io Read ./data/spase_hpde_io/info/RBSP-A_MAGNETOMETER_4SEC-GSE_EMFISIS-L3.pkl
2026-02-03T14:52:32.622303Z INFO  hpde_io Reading ./data/spase_hpde_io/info/RBSP-A_MAGNETOMETER_4SEC-GSM_EMFISIS-L3.pkl
2026-02-03T14:52:32.622452Z INFO  hpde_io Read ./data/spase_hpde_io/info/RBSP-A_MAGNETOMETER_4SEC-GSM_EMFISIS-L3.pkl
2026-02-03T14:52:32.622499Z INFO  hpde_io Reading ./data/spase_hpde_io/info/RBSP-A_MAGNETOMETER_4SEC-SM_EMFISIS-L3.pkl
2026-02-03T14:52:32.622648Z INFO  hpde_io Read ./data/spase_hpde_io/info/RBSP-A_MAGNETOMETER_4SEC-SM_EMFISIS-L3.pkl
2026-02-03T14:52:32.622687Z INFO  hpde_io Reading ./data/spase_hpde_io/info/RBSP-A_MAGNETOMETER_HIRES-GEI_EMFISIS-L3.pkl
2026-02-03T14:52:32.622848Z INFO  hpde_io Read ./data/spase_hpde_io/info/RBSP-A_MAGNETOMETER_HIRES-GEI_EMFISIS-L3.pkl
2026-02-03T14:52:32.622894Z INFO  hpde_io Reading ./data/spase_hpde_io/info/RBSP-A_MAGNETOMETER_HIRES-GEO_EMFISIS-L3.pkl
2026-02-03T14:52:32.623394Z INFO  hpde_io Read ./data/spase_hpde_io/info/RBSP-A_MAGNETOMETER_HIRES-GEO_EMFISIS-L3.pkl
2026-02-03T14:52:32.623441Z INFO  hpde_io Reading ./data/spase_hpde_io/info/RBSP-A_MAGNETOMETER_HIRES-GSE_EMFISIS-L3.pkl
2026-02-03T14:52:32.623594Z INFO  hpde_io Read ./data/spase_hpde_io/info/RBSP-A_MAGNETOMETER_HIRES-GSE_EMFISIS-L3.pkl
2026-02-03T14:52:32.623634Z INFO  hpde_io Reading ./data/spase_hpde_io/info/RBSP-A_MAGNETOMETER_HIRES-GSM_EMFISIS-L3.pkl
2026-02-03T14:52:32.623778Z INFO  hpde_io Read ./data/spase_hpde_io/info/RBSP-A_MAGNETOMETER_HIRES-GSM_EMFISIS-L3.pkl
2026-02-03T14:52:32.623825Z INFO  hpde_io Reading ./data/spase_hpde_io/info/RBSP-A_MAGNETOMETER_HIRES-SM_EMFISIS-L3.pkl
2026-02-03T14:52:32.623962Z INFO  hpde_io Read ./data/spase_hpde_io/info/RBSP-A_MAGNETOMETER_HIRES-SM_EMFISIS-L3.pkl
2026-02-03T14:52:32.624011Z INFO  hpde_io Reading ./data/spase_hpde_io/info/RBSP-A_MAGNETOMETER_UVW_EMFISIS-L2.pkl
2026-02-03T14:52:32.624164Z INFO  hpde_io Read ./data/spase_hpde_io/info/RBSP-A_MAGNETOMETER_UVW_EMFISIS-L2.pkl
2026-02-03T14:52:32.624205Z INFO  hpde_io Reading ./data/spase_hpde_io/info/RBSP-A_WFR-SPECTRAL-MATRIX-DIAGONAL-MERGED_EMFISIS-L2.pkl
2026-02-03T14:52:32.624363Z INFO  hpde_io Read ./data/spase_hpde_io/info/RBSP-A_WFR-SPECTRAL-MATRIX-DIAGONAL-MERGED_EMFISIS-L2.pkl
2026-02-03T14:52:32.624404Z INFO  hpde_io Reading ./data/spase_hpde_io/info/RBSP-A_WFR-SPECTRAL-MATRIX-DIAGONAL_EMFISIS-L2.pkl
2026-02-03T14:52:32.624555Z INFO  hpde_io Read ./data/spase_hpde_io/info/RBSP-A_WFR-SPECTRAL-MATRIX-DIAGONAL_EMFISIS-L2.pkl
2026-02-03T14:52:32.625711Z INFO  hpde_io Reading ./data/spase_hpde_io/info/RBSP-A_WFR-SPECTRAL-MATRIX_EMFISIS-L2.pkl
2026-02-03T14:52:32.626708Z INFO  hpde_io Read ./data/spase_hpde_io/info/RBSP-A_WFR-SPECTRAL-MATRIX_EMFISIS-L2.pkl
2026-02-03T14:52:32.626766Z INFO  hpde_io Reading ./data/spase_hpde_io/info/RBSP-A_WFR-WAVEFORM-CONTINUOUS-BURST_EMFISIS-L2.pkl
2026-02-03T14:52:32.626970Z INFO  hpde_io Read ./data/spase_hpde_io/info/RBSP-A_WFR-WAVEFORM-CONTINUOUS-BURST_EMFISIS-L2.pkl
2026-02-03T14:52:32.627017Z INFO  hpde_io Reading ./data/spase_hpde_io/info/RBSP-A_WFR-WAVEFORM_EMFISIS-L2.pkl
2026-02-03T14:52:32.627167Z INFO  hpde_io Read ./data/spase_hpde_io/info/RBSP-A_WFR-WAVEFORM_EMFISIS-L2.pkl
2026-02-03T14:52:32.627212Z INFO  hpde_io Reading ./data/spase_hpde_io/info/RBSP-A_WNA-SURVEY-SHEATH-CORRECTED-E_EMFISIS-L4.pkl
2026-02-03T14:52:32.627897Z INFO  hpde_io Read ./data/spase_hpde_io/info/RBSP-A_WNA-SURVEY-SHEATH-CORRECTED-E_EMFISIS-L4.pkl
2026-02-03T14:52:32.627953Z INFO  hpde_io No hpde.io SPASE record for RBSP-A_WNA-SURVEY_EMFISIS-L4.
2026-02-03T14:52:32.627989Z INFO  hpde_io Reading ./data/spase_hpde_io/info/RBSP-B-RBSPICE_LEV-2_ESRHELT.pkl
2026-02-03T14:52:32.628129Z INFO  hpde_io Read ./data/spase_hpde_io/info/RBSP-B-RBSPICE_LEV-2_ESRHELT.pkl
2026-02-03T14:52:32.628172Z INFO  hpde_io Reading ./data/spase_hpde_io/info/RBSP-B-RBSPICE_LEV-2_ESRLEHT.pkl
2026-02-03T14:52:32.628333Z INFO  hpde_io Read ./data/spase_hpde_io/info/RBSP-B-RBSPICE_LEV-2_ESRLEHT.pkl
2026-02-03T14:52:32.628368Z INFO  hpde_io Reading ./data/spase_hpde_io/info/RBSP-B-RBSPICE_LEV-2_ISRHELT.pkl
2026-02-03T14:52:32.628510Z INFO  hpde_io Read ./data/spase_hpde_io/info/RBSP-B-RBSPICE_LEV-2_ISRHELT.pkl
2026-02-03T14:52:32.628554Z INFO  hpde_io Reading ./data/spase_hpde_io/info/RBSP-B-RBSPICE_LEV-2_TOFXEH.pkl
2026-02-03T14:52:32.628698Z INFO  hpde_io Read ./data/spase_hpde_io/info/RBSP-B-RBSPICE_LEV-2_TOFXEH.pkl
2026-02-03T14:52:32.628736Z INFO  hpde_io Reading ./data/spase_hpde_io/info/RBSP-B-RBSPICE_LEV-2_TOFXEION.pkl
2026-02-03T14:52:32.628872Z INFO  hpde_io Read ./data/spase_hpde_io/info/RBSP-B-RBSPICE_LEV-2_TOFXEION.pkl
2026-02-03T14:52:32.628916Z INFO  hpde_io Reading ./data/spase_hpde_io/info/RBSP-B-RBSPICE_LEV-2_TOFXENONH.pkl
2026-02-03T14:52:32.629057Z INFO  hpde_io Read ./data/spase_hpde_io/info/RBSP-B-RBSPICE_LEV-2_TOFXENONH.pkl
2026-02-03T14:52:32.629092Z INFO  hpde_io Reading ./data/spase_hpde_io/info/RBSP-B-RBSPICE_LEV-2_TOFXPHHHELT.pkl
2026-02-03T14:52:32.629234Z INFO  hpde_io Read ./data/spase_hpde_io/info/RBSP-B-RBSPICE_LEV-2_TOFXPHHHELT.pkl
2026-02-03T14:52:32.629268Z INFO  hpde_io Reading ./data/spase_hpde_io/info/RBSP-B-RBSPICE_LEV-2_TOFXPHHLEHT.pkl
2026-02-03T14:52:32.629429Z INFO  hpde_io Read ./data/spase_hpde_io/info/RBSP-B-RBSPICE_LEV-2_TOFXPHHLEHT.pkl
2026-02-03T14:52:32.629464Z INFO  hpde_io Reading ./data/spase_hpde_io/info/RBSP-B-RBSPICE_LEV-3-PAP_ESRHELT.pkl
2026-02-03T14:52:32.629693Z INFO  hpde_io Read ./data/spase_hpde_io/info/RBSP-B-RBSPICE_LEV-3-PAP_ESRHELT.pkl
2026-02-03T14:52:32.629732Z INFO  hpde_io Reading ./data/spase_hpde_io/info/RBSP-B-RBSPICE_LEV-3-PAP_ESRLEHT.pkl
2026-02-03T14:52:32.629935Z INFO  hpde_io Read ./data/spase_hpde_io/info/RBSP-B-RBSPICE_LEV-3-PAP_ESRLEHT.pkl
2026-02-03T14:52:32.629970Z INFO  hpde_io Reading ./data/spase_hpde_io/info/RBSP-B-RBSPICE_LEV-3-PAP_TOFXEH.pkl
2026-02-03T14:52:32.630158Z INFO  hpde_io Read ./data/spase_hpde_io/info/RBSP-B-RBSPICE_LEV-3-PAP_TOFXEH.pkl
2026-02-03T14:52:32.630194Z INFO  hpde_io Reading ./data/spase_hpde_io/info/RBSP-B-RBSPICE_LEV-3-PAP_TOFXEHE.pkl
2026-02-03T14:52:32.630362Z INFO  hpde_io Read ./data/spase_hpde_io/info/RBSP-B-RBSPICE_LEV-3-PAP_TOFXEHE.pkl
2026-02-03T14:52:32.630397Z INFO  hpde_io Reading ./data/spase_hpde_io/info/RBSP-B-RBSPICE_LEV-3-PAP_TOFXEHE-0.pkl
2026-02-03T14:52:32.630600Z INFO  hpde_io Read ./data/spase_hpde_io/info/RBSP-B-RBSPICE_LEV-3-PAP_TOFXEHE-0.pkl
2026-02-03T14:52:32.630640Z INFO  hpde_io Reading ./data/spase_hpde_io/info/RBSP-B-RBSPICE_LEV-3-PAP_TOFXEION.pkl
2026-02-03T14:52:32.630854Z INFO  hpde_io Read ./data/spase_hpde_io/info/RBSP-B-RBSPICE_LEV-3-PAP_TOFXEION.pkl
2026-02-03T14:52:32.630887Z INFO  hpde_io Reading ./data/spase_hpde_io/info/RBSP-B-RBSPICE_LEV-3-PAP_TOFXEO.pkl
2026-02-03T14:52:32.631066Z INFO  hpde_io Read ./data/spase_hpde_io/info/RBSP-B-RBSPICE_LEV-3-PAP_TOFXEO.pkl
2026-02-03T14:52:32.631101Z INFO  hpde_io Reading ./data/spase_hpde_io/info/RBSP-B-RBSPICE_LEV-3-PAP_TOFXEO-0.pkl
2026-02-03T14:52:32.631267Z INFO  hpde_io Read ./data/spase_hpde_io/info/RBSP-B-RBSPICE_LEV-3-PAP_TOFXEO-0.pkl
2026-02-03T14:52:32.631300Z INFO  hpde_io Reading ./data/spase_hpde_io/info/RBSP-B-RBSPICE_LEV-3-PAP_TOFXPHHHELT.pkl
2026-02-03T14:52:32.631476Z INFO  hpde_io Read ./data/spase_hpde_io/info/RBSP-B-RBSPICE_LEV-3-PAP_TOFXPHHHELT.pkl
2026-02-03T14:52:32.631508Z INFO  hpde_io Reading ./data/spase_hpde_io/info/RBSP-B-RBSPICE_LEV-3-PAP_TOFXPHHLEHT.pkl
2026-02-03T14:52:32.631683Z INFO  hpde_io Read ./data/spase_hpde_io/info/RBSP-B-RBSPICE_LEV-3-PAP_TOFXPHHLEHT.pkl
2026-02-03T14:52:32.631715Z INFO  hpde_io Reading ./data/spase_hpde_io/info/RBSP-B-RBSPICE_LEV-3-PAP_TOFXPHOHELT.pkl
2026-02-03T14:52:32.632129Z INFO  hpde_io Read ./data/spase_hpde_io/info/RBSP-B-RBSPICE_LEV-3-PAP_TOFXPHOHELT.pkl
2026-02-03T14:52:32.632179Z INFO  hpde_io Reading ./data/spase_hpde_io/info/RBSP-B-RBSPICE_LEV-3-PAP_TOFXPHOLEHT.pkl
2026-02-03T14:52:32.632347Z INFO  hpde_io Read ./data/spase_hpde_io/info/RBSP-B-RBSPICE_LEV-3-PAP_TOFXPHOLEHT.pkl
2026-02-03T14:52:32.632385Z INFO  hpde_io Reading ./data/spase_hpde_io/info/RBSP-B-RBSPICE_LEV-3_ESRHELT.pkl
2026-02-03T14:52:32.632522Z INFO  hpde_io Read ./data/spase_hpde_io/info/RBSP-B-RBSPICE_LEV-3_ESRHELT.pkl
2026-02-03T14:52:32.632558Z INFO  hpde_io Reading ./data/spase_hpde_io/info/RBSP-B-RBSPICE_LEV-3_ESRLEHT.pkl
2026-02-03T14:52:32.632717Z INFO  hpde_io Read ./data/spase_hpde_io/info/RBSP-B-RBSPICE_LEV-3_ESRLEHT.pkl
2026-02-03T14:52:32.632753Z INFO  hpde_io Reading ./data/spase_hpde_io/info/RBSP-B-RBSPICE_LEV-3_ISRHELT.pkl
2026-02-03T14:52:32.632892Z INFO  hpde_io Read ./data/spase_hpde_io/info/RBSP-B-RBSPICE_LEV-3_ISRHELT.pkl
2026-02-03T14:52:32.632925Z INFO  hpde_io Reading ./data/spase_hpde_io/info/RBSP-B-RBSPICE_LEV-3_TOFXEH.pkl
2026-02-03T14:52:32.633069Z INFO  hpde_io Read ./data/spase_hpde_io/info/RBSP-B-RBSPICE_LEV-3_TOFXEH.pkl
2026-02-03T14:52:32.633103Z INFO  hpde_io Reading ./data/spase_hpde_io/info/RBSP-B-RBSPICE_LEV-3_TOFXEION.pkl
2026-02-03T14:52:32.633231Z INFO  hpde_io Read ./data/spase_hpde_io/info/RBSP-B-RBSPICE_LEV-3_TOFXEION.pkl
2026-02-03T14:52:32.633263Z INFO  hpde_io Reading ./data/spase_hpde_io/info/RBSP-B-RBSPICE_LEV-3_TOFXENONH.pkl
2026-02-03T14:52:32.633398Z INFO  hpde_io Read ./data/spase_hpde_io/info/RBSP-B-RBSPICE_LEV-3_TOFXENONH.pkl
2026-02-03T14:52:32.633432Z INFO  hpde_io Reading ./data/spase_hpde_io/info/RBSP-B-RBSPICE_LEV-3_TOFXPHHHELT.pkl
2026-02-03T14:52:32.633587Z INFO  hpde_io Read ./data/spase_hpde_io/info/RBSP-B-RBSPICE_LEV-3_TOFXPHHHELT.pkl
2026-02-03T14:52:32.633623Z INFO  hpde_io Reading ./data/spase_hpde_io/info/RBSP-B-RBSPICE_LEV-3_TOFXPHHLEHT.pkl
2026-02-03T14:52:32.633756Z INFO  hpde_io Read ./data/spase_hpde_io/info/RBSP-B-RBSPICE_LEV-3_TOFXPHHLEHT.pkl
2026-02-03T14:52:32.633787Z INFO  hpde_io Reading ./data/spase_hpde_io/info/RBSP-B_DENSITY_EMFISIS-L4.pkl
2026-02-03T14:52:32.633914Z INFO  hpde_io Read ./data/spase_hpde_io/info/RBSP-B_DENSITY_EMFISIS-L4.pkl
2026-02-03T14:52:32.633949Z INFO  hpde_io Reading ./data/spase_hpde_io/info/RBSP-B_HFR-SPECTRA-BURST_EMFISIS-L2.pkl
2026-02-03T14:52:32.634059Z INFO  hpde_io Read ./data/spase_hpde_io/info/RBSP-B_HFR-SPECTRA-BURST_EMFISIS-L2.pkl
2026-02-03T14:52:32.634093Z INFO  hpde_io Reading ./data/spase_hpde_io/info/RBSP-B_HFR-SPECTRA-MERGED_EMFISIS-L2.pkl
2026-02-03T14:52:32.634207Z INFO  hpde_io Read ./data/spase_hpde_io/info/RBSP-B_HFR-SPECTRA-MERGED_EMFISIS-L2.pkl
2026-02-03T14:52:32.634243Z INFO  hpde_io Reading ./data/spase_hpde_io/info/RBSP-B_HFR-SPECTRA_EMFISIS-L2.pkl
2026-02-03T14:52:32.634363Z INFO  hpde_io Read ./data/spase_hpde_io/info/RBSP-B_HFR-SPECTRA_EMFISIS-L2.pkl
2026-02-03T14:52:32.634401Z INFO  hpde_io Reading ./data/spase_hpde_io/info/RBSP-B_HFR-WAVEFORM_EMFISIS-L2.pkl
2026-02-03T14:52:32.634525Z INFO  hpde_io Read ./data/spase_hpde_io/info/RBSP-B_HFR-WAVEFORM_EMFISIS-L2.pkl
2026-02-03T14:52:32.634563Z INFO  hpde_io Reading ./data/spase_hpde_io/info/RBSP-B_MAGNETOMETER_1SEC-GEI_EMFISIS-L3.pkl
2026-02-03T14:52:32.634685Z INFO  hpde_io Read ./data/spase_hpde_io/info/RBSP-B_MAGNETOMETER_1SEC-GEI_EMFISIS-L3.pkl
2026-02-03T14:52:32.634725Z INFO  hpde_io Reading ./data/spase_hpde_io/info/RBSP-B_MAGNETOMETER_1SEC-GEO_EMFISIS-L3.pkl
2026-02-03T14:52:32.634846Z INFO  hpde_io Read ./data/spase_hpde_io/info/RBSP-B_MAGNETOMETER_1SEC-GEO_EMFISIS-L3.pkl
2026-02-03T14:52:32.634888Z INFO  hpde_io Reading ./data/spase_hpde_io/info/RBSP-B_MAGNETOMETER_1SEC-GSE_EMFISIS-L3.pkl
2026-02-03T14:52:32.635013Z INFO  hpde_io Read ./data/spase_hpde_io/info/RBSP-B_MAGNETOMETER_1SEC-GSE_EMFISIS-L3.pkl
2026-02-03T14:52:32.635052Z INFO  hpde_io Reading ./data/spase_hpde_io/info/RBSP-B_MAGNETOMETER_1SEC-GSM_EMFISIS-L3.pkl
2026-02-03T14:52:32.635169Z INFO  hpde_io Read ./data/spase_hpde_io/info/RBSP-B_MAGNETOMETER_1SEC-GSM_EMFISIS-L3.pkl
2026-02-03T14:52:32.635206Z INFO  hpde_io Reading ./data/spase_hpde_io/info/RBSP-B_MAGNETOMETER_1SEC-SM_EMFISIS-L3.pkl
2026-02-03T14:52:32.635345Z INFO  hpde_io Read ./data/spase_hpde_io/info/RBSP-B_MAGNETOMETER_1SEC-SM_EMFISIS-L3.pkl
2026-02-03T14:52:32.635386Z INFO  hpde_io Reading ./data/spase_hpde_io/info/RBSP-B_MAGNETOMETER_4SEC-GEI_EMFISIS-L3.pkl
2026-02-03T14:52:32.635510Z INFO  hpde_io Read ./data/spase_hpde_io/info/RBSP-B_MAGNETOMETER_4SEC-GEI_EMFISIS-L3.pkl
2026-02-03T14:52:32.635548Z INFO  hpde_io Reading ./data/spase_hpde_io/info/RBSP-B_MAGNETOMETER_4SEC-GEO_EMFISIS-L3.pkl
2026-02-03T14:52:32.635675Z INFO  hpde_io Read ./data/spase_hpde_io/info/RBSP-B_MAGNETOMETER_4SEC-GEO_EMFISIS-L3.pkl
2026-02-03T14:52:32.635710Z INFO  hpde_io Reading ./data/spase_hpde_io/info/RBSP-B_MAGNETOMETER_4SEC-GSE_EMFISIS-L3.pkl
2026-02-03T14:52:32.635830Z INFO  hpde_io Read ./data/spase_hpde_io/info/RBSP-B_MAGNETOMETER_4SEC-GSE_EMFISIS-L3.pkl
2026-02-03T14:52:32.635868Z INFO  hpde_io Reading ./data/spase_hpde_io/info/RBSP-B_MAGNETOMETER_4SEC-GSM_EMFISIS-L3.pkl
2026-02-03T14:52:32.635986Z INFO  hpde_io Read ./data/spase_hpde_io/info/RBSP-B_MAGNETOMETER_4SEC-GSM_EMFISIS-L3.pkl
2026-02-03T14:52:32.636028Z INFO  hpde_io Reading ./data/spase_hpde_io/info/RBSP-B_MAGNETOMETER_4SEC-SM_EMFISIS-L3.pkl
2026-02-03T14:52:32.636154Z INFO  hpde_io Read ./data/spase_hpde_io/info/RBSP-B_MAGNETOMETER_4SEC-SM_EMFISIS-L3.pkl
2026-02-03T14:52:32.636193Z INFO  hpde_io Reading ./data/spase_hpde_io/info/RBSP-B_MAGNETOMETER_HIRES-GEI_EMFISIS-L3.pkl
2026-02-03T14:52:32.636309Z INFO  hpde_io Read ./data/spase_hpde_io/info/RBSP-B_MAGNETOMETER_HIRES-GEI_EMFISIS-L3.pkl
2026-02-03T14:52:32.636343Z INFO  hpde_io Reading ./data/spase_hpde_io/info/RBSP-B_MAGNETOMETER_HIRES-GEO_EMFISIS-L3.pkl
2026-02-03T14:52:32.636465Z INFO  hpde_io Read ./data/spase_hpde_io/info/RBSP-B_MAGNETOMETER_HIRES-GEO_EMFISIS-L3.pkl
2026-02-03T14:52:32.636504Z INFO  hpde_io Reading ./data/spase_hpde_io/info/RBSP-B_MAGNETOMETER_HIRES-GSE_EMFISIS-L3.pkl
2026-02-03T14:52:32.636631Z INFO  hpde_io Read ./data/spase_hpde_io/info/RBSP-B_MAGNETOMETER_HIRES-GSE_EMFISIS-L3.pkl
2026-02-03T14:52:32.636665Z INFO  hpde_io Reading ./data/spase_hpde_io/info/RBSP-B_MAGNETOMETER_HIRES-GSM_EMFISIS-L3.pkl
2026-02-03T14:52:32.636788Z INFO  hpde_io Read ./data/spase_hpde_io/info/RBSP-B_MAGNETOMETER_HIRES-GSM_EMFISIS-L3.pkl
2026-02-03T14:52:32.636829Z INFO  hpde_io Reading ./data/spase_hpde_io/info/RBSP-B_MAGNETOMETER_HIRES-SM_EMFISIS-L3.pkl
2026-02-03T14:52:32.636947Z INFO  hpde_io Read ./data/spase_hpde_io/info/RBSP-B_MAGNETOMETER_HIRES-SM_EMFISIS-L3.pkl
2026-02-03T14:52:32.636984Z INFO  hpde_io Reading ./data/spase_hpde_io/info/RBSP-B_MAGNETOMETER_UVW_EMFISIS-L2.pkl
2026-02-03T14:52:32.637097Z INFO  hpde_io Read ./data/spase_hpde_io/info/RBSP-B_MAGNETOMETER_UVW_EMFISIS-L2.pkl
2026-02-03T14:52:32.637138Z INFO  hpde_io Reading ./data/spase_hpde_io/info/RBSP-B_WFR-SPECTRAL-MATRIX-DIAGONAL-MERGED_EMFISIS-L2.pkl
2026-02-03T14:52:32.637260Z INFO  hpde_io Read ./data/spase_hpde_io/info/RBSP-B_WFR-SPECTRAL-MATRIX-DIAGONAL-MERGED_EMFISIS-L2.pkl
2026-02-03T14:52:32.637301Z INFO  hpde_io Reading ./data/spase_hpde_io/info/RBSP-B_WFR-SPECTRAL-MATRIX-DIAGONAL_EMFISIS-L2.pkl
2026-02-03T14:52:32.637444Z INFO  hpde_io Read ./data/spase_hpde_io/info/RBSP-B_WFR-SPECTRAL-MATRIX-DIAGONAL_EMFISIS-L2.pkl
2026-02-03T14:52:32.637481Z INFO  hpde_io Reading ./data/spase_hpde_io/info/RBSP-B_WFR-SPECTRAL-MATRIX_EMFISIS-L2.pkl
2026-02-03T14:52:32.638233Z INFO  hpde_io Read ./data/spase_hpde_io/info/RBSP-B_WFR-SPECTRAL-MATRIX_EMFISIS-L2.pkl
2026-02-03T14:52:32.638273Z INFO  hpde_io Reading ./data/spase_hpde_io/info/RBSP-B_WFR-WAVEFORM-CONTINUOUS-BURST_EMFISIS-L2.pkl
2026-02-03T14:52:32.638395Z INFO  hpde_io Read ./data/spase_hpde_io/info/RBSP-B_WFR-WAVEFORM-CONTINUOUS-BURST_EMFISIS-L2.pkl
2026-02-03T14:52:32.638434Z INFO  hpde_io Reading ./data/spase_hpde_io/info/RBSP-B_WFR-WAVEFORM_EMFISIS-L2.pkl
2026-02-03T14:52:32.638557Z INFO  hpde_io Read ./data/spase_hpde_io/info/RBSP-B_WFR-WAVEFORM_EMFISIS-L2.pkl
2026-02-03T14:52:32.638601Z INFO  hpde_io Reading ./data/spase_hpde_io/info/RBSP-B_WNA-SURVEY-SHEATH-CORRECTED-E_EMFISIS-L4.pkl
2026-02-03T14:52:32.639239Z INFO  hpde_io Read ./data/spase_hpde_io/info/RBSP-B_WNA-SURVEY-SHEATH-CORRECTED-E_EMFISIS-L4.pkl
2026-02-03T14:52:32.639286Z INFO  hpde_io No hpde.io SPASE record for RBSP-B_WNA-SURVEY_EMFISIS-L4.
2026-02-03T14:52:32.639316Z INFO  hpde_io Reading ./data/spase_hpde_io/info/RBSPA_EFW-L2_E-HIRES-UVW.pkl
2026-02-03T14:52:32.639447Z INFO  hpde_io Read ./data/spase_hpde_io/info/RBSPA_EFW-L2_E-HIRES-UVW.pkl
2026-02-03T14:52:32.639494Z INFO  hpde_io Reading ./data/spase_hpde_io/info/RBSPA_EFW-L2_E-SPINFIT-MGSE.pkl
2026-02-03T14:52:32.639624Z INFO  hpde_io Read ./data/spase_hpde_io/info/RBSPA_EFW-L2_E-SPINFIT-MGSE.pkl
2026-02-03T14:52:32.639661Z INFO  hpde_io Reading ./data/spase_hpde_io/info/RBSPA_EFW-L2_ESVY_DESPUN.pkl
2026-02-03T14:52:32.639785Z INFO  hpde_io Read ./data/spase_hpde_io/info/RBSPA_EFW-L2_ESVY_DESPUN.pkl
2026-02-03T14:52:32.639829Z INFO  hpde_io Reading ./data/spase_hpde_io/info/RBSPA_EFW-L2_FBK.pkl
2026-02-03T14:52:32.639969Z INFO  hpde_io Read ./data/spase_hpde_io/info/RBSPA_EFW-L2_FBK.pkl
2026-02-03T14:52:32.640010Z INFO  hpde_io Reading ./data/spase_hpde_io/info/RBSPA_EFW-L2_SPEC.pkl
2026-02-03T14:52:32.640167Z INFO  hpde_io Read ./data/spase_hpde_io/info/RBSPA_EFW-L2_SPEC.pkl
2026-02-03T14:52:32.640206Z INFO  hpde_io Reading ./data/spase_hpde_io/info/RBSPA_EFW-L2_VSVY-HIRES.pkl
2026-02-03T14:52:32.640323Z INFO  hpde_io Read ./data/spase_hpde_io/info/RBSPA_EFW-L2_VSVY-HIRES.pkl
2026-02-03T14:52:32.640358Z INFO  hpde_io Reading ./data/spase_hpde_io/info/RBSPA_EFW-L3.pkl
2026-02-03T14:52:32.640494Z INFO  hpde_io Read ./data/spase_hpde_io/info/RBSPA_EFW-L3.pkl
2026-02-03T14:52:32.640532Z INFO  hpde_io Reading ./data/spase_hpde_io/info/RBSPA_L2-1MIN_PSBR-RPS.pkl
2026-02-03T14:52:32.640720Z INFO  hpde_io Read ./data/spase_hpde_io/info/RBSPA_L2-1MIN_PSBR-RPS.pkl
2026-02-03T14:52:32.640759Z INFO  hpde_io Reading ./data/spase_hpde_io/info/RBSPA_L2_PSBR-RPS.pkl
2026-02-03T14:52:32.641057Z INFO  hpde_io Read ./data/spase_hpde_io/info/RBSPA_L2_PSBR-RPS.pkl
2026-02-03T14:52:32.641096Z INFO  hpde_io Reading ./data/spase_hpde_io/info/RBSPA_REL03_ECT-MAGEIS-L2.pkl
2026-02-03T14:52:32.641411Z INFO  hpde_io Read ./data/spase_hpde_io/info/RBSPA_REL03_ECT-MAGEIS-L2.pkl
2026-02-03T14:52:32.641453Z INFO  hpde_io Reading ./data/spase_hpde_io/info/RBSPA_REL03_ECT-REPT-SCI-L2.pkl
2026-02-03T14:52:32.641638Z INFO  hpde_io Read ./data/spase_hpde_io/info/RBSPA_REL03_ECT-REPT-SCI-L2.pkl
2026-02-03T14:52:32.641678Z INFO  hpde_io Reading ./data/spase_hpde_io/info/RBSPA_REL03_ECT-REPT-SCI-L3.pkl
2026-02-03T14:52:32.641878Z INFO  hpde_io Read ./data/spase_hpde_io/info/RBSPA_REL03_ECT-REPT-SCI-L3.pkl
2026-02-03T14:52:32.641923Z INFO  hpde_io Reading ./data/spase_hpde_io/info/RBSPA_REL04_ECT-HOPE-MOM-L3.pkl
2026-02-03T14:52:32.642104Z INFO  hpde_io Read ./data/spase_hpde_io/info/RBSPA_REL04_ECT-HOPE-MOM-L3.pkl
2026-02-03T14:52:32.642144Z INFO  hpde_io Reading ./data/spase_hpde_io/info/RBSPA_REL04_ECT-HOPE-PA-L3.pkl
2026-02-03T14:52:32.642461Z INFO  hpde_io Read ./data/spase_hpde_io/info/RBSPA_REL04_ECT-HOPE-PA-L3.pkl
2026-02-03T14:52:32.642505Z INFO  hpde_io Reading ./data/spase_hpde_io/info/RBSPA_REL04_ECT-HOPE-SCI-L2.pkl
2026-02-03T14:52:32.642675Z INFO  hpde_io Read ./data/spase_hpde_io/info/RBSPA_REL04_ECT-HOPE-SCI-L2.pkl
2026-02-03T14:52:32.642714Z INFO  hpde_io Reading ./data/spase_hpde_io/info/RBSPA_REL04_ECT-HOPE-SCI-L2SA.pkl
2026-02-03T14:52:32.642859Z INFO  hpde_io Read ./data/spase_hpde_io/info/RBSPA_REL04_ECT-HOPE-SCI-L2SA.pkl
2026-02-03T14:52:32.642897Z INFO  hpde_io Reading ./data/spase_hpde_io/info/RBSPA_REL04_ECT-MAGEIS-L3.pkl
2026-02-03T14:52:32.643103Z INFO  hpde_io Read ./data/spase_hpde_io/info/RBSPA_REL04_ECT-MAGEIS-L3.pkl
2026-02-03T14:52:32.643153Z INFO  hpde_io Reading ./data/spase_hpde_io/info/RBSPB_EFW-L2_E-HIRES-UVW.pkl
2026-02-03T14:52:32.643291Z INFO  hpde_io Read ./data/spase_hpde_io/info/RBSPB_EFW-L2_E-HIRES-UVW.pkl
2026-02-03T14:52:32.643340Z INFO  hpde_io Reading ./data/spase_hpde_io/info/RBSPB_EFW-L2_E-SPINFIT-MGSE.pkl
2026-02-03T14:52:32.643475Z INFO  hpde_io Read ./data/spase_hpde_io/info/RBSPB_EFW-L2_E-SPINFIT-MGSE.pkl
2026-02-03T14:52:32.643509Z INFO  hpde_io Reading ./data/spase_hpde_io/info/RBSPB_EFW-L2_ESVY_DESPUN.pkl
2026-02-03T14:52:32.643642Z INFO  hpde_io Read ./data/spase_hpde_io/info/RBSPB_EFW-L2_ESVY_DESPUN.pkl
2026-02-03T14:52:32.643675Z INFO  hpde_io Reading ./data/spase_hpde_io/info/RBSPB_EFW-L2_FBK.pkl
2026-02-03T14:52:32.643828Z INFO  hpde_io Read ./data/spase_hpde_io/info/RBSPB_EFW-L2_FBK.pkl
2026-02-03T14:52:32.643862Z INFO  hpde_io Reading ./data/spase_hpde_io/info/RBSPB_EFW-L2_SPEC.pkl
2026-02-03T14:52:32.644025Z INFO  hpde_io Read ./data/spase_hpde_io/info/RBSPB_EFW-L2_SPEC.pkl
2026-02-03T14:52:32.644060Z INFO  hpde_io Reading ./data/spase_hpde_io/info/RBSPB_EFW-L2_VSVY-HIRES.pkl
2026-02-03T14:52:32.644184Z INFO  hpde_io Read ./data/spase_hpde_io/info/RBSPB_EFW-L2_VSVY-HIRES.pkl
2026-02-03T14:52:32.644245Z INFO  hpde_io Reading ./data/spase_hpde_io/info/RBSPB_EFW-L3.pkl
2026-02-03T14:52:32.644379Z INFO  hpde_io Read ./data/spase_hpde_io/info/RBSPB_EFW-L3.pkl
2026-02-03T14:52:32.644416Z INFO  hpde_io Reading ./data/spase_hpde_io/info/RBSPB_L2-1MIN_PSBR-RPS.pkl
2026-02-03T14:52:32.644599Z INFO  hpde_io Read ./data/spase_hpde_io/info/RBSPB_L2-1MIN_PSBR-RPS.pkl
2026-02-03T14:52:32.644640Z INFO  hpde_io Reading ./data/spase_hpde_io/info/RBSPB_L2_PSBR-RPS.pkl
2026-02-03T14:52:32.644985Z INFO  hpde_io Read ./data/spase_hpde_io/info/RBSPB_L2_PSBR-RPS.pkl
2026-02-03T14:52:32.645027Z INFO  hpde_io Reading ./data/spase_hpde_io/info/RBSPB_REL03_ECT-MAGEIS-L2.pkl
2026-02-03T14:52:32.645344Z INFO  hpde_io Read ./data/spase_hpde_io/info/RBSPB_REL03_ECT-MAGEIS-L2.pkl
2026-02-03T14:52:32.645381Z INFO  hpde_io Reading ./data/spase_hpde_io/info/RBSPB_REL03_ECT-REPT-SCI-L2.pkl
2026-02-03T14:52:32.645558Z INFO  hpde_io Read ./data/spase_hpde_io/info/RBSPB_REL03_ECT-REPT-SCI-L2.pkl
2026-02-03T14:52:32.645596Z INFO  hpde_io Reading ./data/spase_hpde_io/info/RBSPB_REL03_ECT-REPT-SCI-L3.pkl
2026-02-03T14:52:32.645805Z INFO  hpde_io Read ./data/spase_hpde_io/info/RBSPB_REL03_ECT-REPT-SCI-L3.pkl
2026-02-03T14:52:32.645846Z INFO  hpde_io Reading ./data/spase_hpde_io/info/RBSPB_REL04_ECT-HOPE-MOM-L3.pkl
2026-02-03T14:52:32.646024Z INFO  hpde_io Read ./data/spase_hpde_io/info/RBSPB_REL04_ECT-HOPE-MOM-L3.pkl
2026-02-03T14:52:32.646069Z INFO  hpde_io Reading ./data/spase_hpde_io/info/RBSPB_REL04_ECT-HOPE-PA-L3.pkl
2026-02-03T14:52:32.646400Z INFO  hpde_io Read ./data/spase_hpde_io/info/RBSPB_REL04_ECT-HOPE-PA-L3.pkl
2026-02-03T14:52:32.646443Z INFO  hpde_io Reading ./data/spase_hpde_io/info/RBSPB_REL04_ECT-HOPE-SCI-L2.pkl
2026-02-03T14:52:32.646610Z INFO  hpde_io Read ./data/spase_hpde_io/info/RBSPB_REL04_ECT-HOPE-SCI-L2.pkl
2026-02-03T14:52:32.646649Z INFO  hpde_io Reading ./data/spase_hpde_io/info/RBSPB_REL04_ECT-HOPE-SCI-L2SA.pkl
2026-02-03T14:52:32.646800Z INFO  hpde_io Read ./data/spase_hpde_io/info/RBSPB_REL04_ECT-HOPE-SCI-L2SA.pkl
2026-02-03T14:52:32.646838Z INFO  hpde_io Reading ./data/spase_hpde_io/info/RBSPB_REL04_ECT-MAGEIS-L3.pkl
2026-02-03T14:52:32.647049Z INFO  hpde_io Read ./data/spase_hpde_io/info/RBSPB_REL04_ECT-MAGEIS-L3.pkl
2026-02-03T14:52:32.647091Z INFO  hpde_io Reading ./data/spase_hpde_io/info/RBSP_ECT-REPT-SCI-L3-SELESNICK-MODEL.pkl
2026-02-03T14:52:32.647283Z INFO  hpde_io Read ./data/spase_hpde_io/info/RBSP_ECT-REPT-SCI-L3-SELESNICK-MODEL.pkl
2026-02-03T14:52:32.647331Z INFO  hpde_io No hpde.io SPASE record for REACH-VID-101_DOSIMETER-L1C.
2026-02-03T14:52:32.647368Z INFO  hpde_io No hpde.io SPASE record for REACH-VID-102_DOSIMETER-L1C.
2026-02-03T14:52:32.647402Z INFO  hpde_io No hpde.io SPASE record for REACH-VID-105_DOSIMETER-L1C.
2026-02-03T14:52:32.647436Z INFO  hpde_io No hpde.io SPASE record for REACH-VID-108_DOSIMETER-L1C.
2026-02-03T14:52:32.647469Z INFO  hpde_io No hpde.io SPASE record for REACH-VID-113_DOSIMETER-L1C.
2026-02-03T14:52:32.647501Z INFO  hpde_io No hpde.io SPASE record for REACH-VID-114_DOSIMETER-L1C.
2026-02-03T14:52:32.647533Z INFO  hpde_io No hpde.io SPASE record for REACH-VID-115_DOSIMETER-L1C.
2026-02-03T14:52:32.647570Z INFO  hpde_io No hpde.io SPASE record for REACH-VID-116_DOSIMETER-L1C.
2026-02-03T14:52:32.647604Z INFO  hpde_io No hpde.io SPASE record for REACH-VID-133_DOSIMETER-L1C.
2026-02-03T14:52:32.647639Z INFO  hpde_io No hpde.io SPASE record for REACH-VID-134_DOSIMETER-L1C.
2026-02-03T14:52:32.647676Z INFO  hpde_io No hpde.io SPASE record for REACH-VID-135_DOSIMETER-L1C.
2026-02-03T14:52:32.647714Z INFO  hpde_io No hpde.io SPASE record for REACH-VID-136_DOSIMETER-L1C.
2026-02-03T14:52:32.647750Z INFO  hpde_io No hpde.io SPASE record for REACH-VID-137_DOSIMETER-L1C.
2026-02-03T14:52:32.647784Z INFO  hpde_io No hpde.io SPASE record for REACH-VID-138_DOSIMETER-L1C.
2026-02-03T14:52:32.647818Z INFO  hpde_io No hpde.io SPASE record for REACH-VID-139_DOSIMETER-L1C.
2026-02-03T14:52:32.647851Z INFO  hpde_io No hpde.io SPASE record for REACH-VID-140_DOSIMETER-L1C.
2026-02-03T14:52:32.647884Z INFO  hpde_io No hpde.io SPASE record for REACH-VID-148_DOSIMETER-L1C.
2026-02-03T14:52:32.647917Z INFO  hpde_io No hpde.io SPASE record for REACH-VID-149_DOSIMETER-L1C.
2026-02-03T14:52:32.647948Z INFO  hpde_io No hpde.io SPASE record for REACH-VID-162_DOSIMETER-L1C.
2026-02-03T14:52:32.647980Z INFO  hpde_io No hpde.io SPASE record for REACH-VID-163_DOSIMETER-L1C.
2026-02-03T14:52:32.648013Z INFO  hpde_io No hpde.io SPASE record for REACH-VID-164_DOSIMETER-L1C.
2026-02-03T14:52:32.648044Z INFO  hpde_io No hpde.io SPASE record for REACH-VID-165_DOSIMETER-L1C.
2026-02-03T14:52:32.648077Z INFO  hpde_io No hpde.io SPASE record for REACH-VID-166_DOSIMETER-L1C.
2026-02-03T14:52:32.648108Z INFO  hpde_io No hpde.io SPASE record for REACH-VID-169_DOSIMETER-L1C.
2026-02-03T14:52:32.648139Z INFO  hpde_io No hpde.io SPASE record for REACH-VID-170_DOSIMETER-L1C.
2026-02-03T14:52:32.648173Z INFO  hpde_io No hpde.io SPASE record for REACH-VID-171_DOSIMETER-L1C.
2026-02-03T14:52:32.648203Z INFO  hpde_io No hpde.io SPASE record for REACH-VID-172_DOSIMETER-L1C.
2026-02-03T14:52:32.648238Z INFO  hpde_io No hpde.io SPASE record for REACH-VID-173_DOSIMETER-L1C.
2026-02-03T14:52:32.648265Z INFO  hpde_io No hpde.io SPASE record for REACH-VID-175_DOSIMETER-L1C.
2026-02-03T14:52:32.648295Z INFO  hpde_io No hpde.io SPASE record for REACH-VID-176_DOSIMETER-L1C.
2026-02-03T14:52:32.648330Z INFO  hpde_io No hpde.io SPASE record for REACH-VID-180_DOSIMETER-L1C.
2026-02-03T14:52:32.648363Z INFO  hpde_io No hpde.io SPASE record for REACH-VID-181_DOSIMETER-L1C.
2026-02-03T14:52:32.648395Z INFO  hpde_io Reading ./data/spase_hpde_io/info/RENU2_H0_EFIELD.pkl
2026-02-03T14:52:32.648532Z INFO  hpde_io Read ./data/spase_hpde_io/info/RENU2_H0_EFIELD.pkl
2026-02-03T14:52:32.648592Z INFO  hpde_io Reading ./data/spase_hpde_io/info/RENU2_H0_EPLAS.pkl
2026-02-03T14:52:32.648713Z INFO  hpde_io Read ./data/spase_hpde_io/info/RENU2_H0_EPLAS.pkl
2026-02-03T14:52:32.648760Z INFO  hpde_io Reading ./data/spase_hpde_io/info/RENU2_H0_ERPAMAIN.pkl
2026-02-03T14:52:32.648889Z INFO  hpde_io Read ./data/spase_hpde_io/info/RENU2_H0_ERPAMAIN.pkl
2026-02-03T14:52:32.648927Z INFO  hpde_io Reading ./data/spase_hpde_io/info/RENU2_H0_ERPASUB.pkl
2026-02-03T14:52:32.649054Z INFO  hpde_io Read ./data/spase_hpde_io/info/RENU2_H0_ERPASUB.pkl
2026-02-03T14:52:32.649090Z INFO  hpde_io Reading ./data/spase_hpde_io/info/RENU2_H0_FGM.pkl
2026-02-03T14:52:32.649212Z INFO  hpde_io Read ./data/spase_hpde_io/info/RENU2_H0_FGM.pkl
2026-02-03T14:52:32.649257Z INFO  hpde_io Reading ./data/spase_hpde_io/info/RENU2_H0_IG2.pkl
2026-02-03T14:52:32.649383Z INFO  hpde_io Read ./data/spase_hpde_io/info/RENU2_H0_IG2.pkl
2026-02-03T14:52:32.649422Z INFO  hpde_io Reading ./data/spase_hpde_io/info/RENU2_H0_PMT.pkl
2026-02-03T14:52:32.649543Z INFO  hpde_io Read ./data/spase_hpde_io/info/RENU2_H0_PMT.pkl
2026-02-03T14:52:32.649580Z INFO  hpde_io Reading ./data/spase_hpde_io/info/RENU2_H0_UVPMT.pkl
2026-02-03T14:52:32.649696Z INFO  hpde_io Read ./data/spase_hpde_io/info/RENU2_H0_UVPMT.pkl
2026-02-03T14:52:32.649737Z INFO  hpde_io Reading ./data/spase_hpde_io/info/RENU2_H0_VLF.pkl
2026-02-03T14:52:32.649861Z INFO  hpde_io Read ./data/spase_hpde_io/info/RENU2_H0_VLF.pkl
2026-02-03T14:52:32.649914Z INFO  hpde_io Reading ./data/spase_hpde_io/info/ROSETTA_HELIO1DAY_POSITION.pkl
2026-02-03T14:52:32.650063Z INFO  hpde_io Read ./data/spase_hpde_io/info/ROSETTA_HELIO1DAY_POSITION.pkl
2026-02-03T14:52:32.650104Z INFO  hpde_io Reading ./data/spase_hpde_io/info/ROSETTA_HELIO1HR_POSITION.pkl
2026-02-03T14:52:32.650849Z INFO  hpde_io Read ./data/spase_hpde_io/info/ROSETTA_HELIO1HR_POSITION.pkl
2026-02-03T14:52:32.650888Z INFO  hpde_io Reading ./data/spase_hpde_io/info/RS_K0_IPEI.pkl
2026-02-03T14:52:32.651001Z INFO  hpde_io Read ./data/spase_hpde_io/info/RS_K0_IPEI.pkl
2026-02-03T14:52:32.651047Z INFO  hpde_io Reading ./data/spase_hpde_io/info/SAKIGAKE_HELIO1DAY_POSITION.pkl
2026-02-03T14:52:32.651192Z INFO  hpde_io Read ./data/spase_hpde_io/info/SAKIGAKE_HELIO1DAY_POSITION.pkl
2026-02-03T14:52:32.651228Z INFO  hpde_io Reading ./data/spase_hpde_io/info/SAKIGAKE_HELIO1HR_POSITION.pkl
2026-02-03T14:52:32.651359Z INFO  hpde_io Read ./data/spase_hpde_io/info/SAKIGAKE_HELIO1HR_POSITION.pkl
2026-02-03T14:52:32.651398Z INFO  hpde_io Reading ./data/spase_hpde_io/info/SATURN_HELIO1DAY_POSITION.pkl
2026-02-03T14:52:32.651525Z INFO  hpde_io Read ./data/spase_hpde_io/info/SATURN_HELIO1DAY_POSITION.pkl
2026-02-03T14:52:32.651565Z INFO  hpde_io Reading ./data/spase_hpde_io/info/SATURN_HELIO1HR_POSITION.pkl
2026-02-03T14:52:32.651690Z INFO  hpde_io Read ./data/spase_hpde_io/info/SATURN_HELIO1HR_POSITION.pkl
2026-02-03T14:52:32.651729Z INFO  hpde_io Reading ./data/spase_hpde_io/info/SE_K0_AIS.pkl
2026-02-03T14:52:32.651837Z INFO  hpde_io Read ./data/spase_hpde_io/info/SE_K0_AIS.pkl
2026-02-03T14:52:32.651879Z INFO  hpde_io Reading ./data/spase_hpde_io/info/SE_K0_FPI.pkl
2026-02-03T14:52:32.651989Z INFO  hpde_io Read ./data/spase_hpde_io/info/SE_K0_FPI.pkl
2026-02-03T14:52:32.652037Z INFO  hpde_io Reading ./data/spase_hpde_io/info/SE_K0_MAG.pkl
2026-02-03T14:52:32.652147Z INFO  hpde_io Read ./data/spase_hpde_io/info/SE_K0_MAG.pkl
2026-02-03T14:52:32.652188Z INFO  hpde_io Reading ./data/spase_hpde_io/info/SE_K0_RIO.pkl
2026-02-03T14:52:32.652302Z INFO  hpde_io Read ./data/spase_hpde_io/info/SE_K0_RIO.pkl
2026-02-03T14:52:32.652350Z INFO  hpde_io Reading ./data/spase_hpde_io/info/SE_K0_VLF.pkl
2026-02-03T14:52:32.652459Z INFO  hpde_io Read ./data/spase_hpde_io/info/SE_K0_VLF.pkl
2026-02-03T14:52:32.652497Z INFO  hpde_io Reading ./data/spase_hpde_io/info/SNOE_L3_GEO.pkl
2026-02-03T14:52:32.652613Z INFO  hpde_io Read ./data/spase_hpde_io/info/SNOE_L3_GEO.pkl
2026-02-03T14:52:32.652652Z INFO  hpde_io Reading ./data/spase_hpde_io/info/SNOE_L3_MAG.pkl
2026-02-03T14:52:32.652759Z INFO  hpde_io Read ./data/spase_hpde_io/info/SNOE_L3_MAG.pkl
2026-02-03T14:52:32.652809Z INFO  hpde_io Reading ./data/spase_hpde_io/info/SOHO_CELIAS-PM_30S.pkl
2026-02-03T14:52:32.652937Z INFO  hpde_io Read ./data/spase_hpde_io/info/SOHO_CELIAS-PM_30S.pkl
2026-02-03T14:52:32.652987Z INFO  hpde_io Reading ./data/spase_hpde_io/info/SOHO_CELIAS-PM_5MIN.pkl
2026-02-03T14:52:32.653125Z INFO  hpde_io Read ./data/spase_hpde_io/info/SOHO_CELIAS-PM_5MIN.pkl
2026-02-03T14:52:32.653159Z INFO  hpde_io Reading ./data/spase_hpde_io/info/SOHO_CELIAS-SEM_15S.pkl
2026-02-03T14:52:32.653292Z INFO  hpde_io Read ./data/spase_hpde_io/info/SOHO_CELIAS-SEM_15S.pkl
2026-02-03T14:52:32.653338Z INFO  hpde_io Reading ./data/spase_hpde_io/info/SOHO_CELIAS-SEM_1DAY.pkl
2026-02-03T14:52:32.653467Z INFO  hpde_io Read ./data/spase_hpde_io/info/SOHO_CELIAS-SEM_1DAY.pkl
2026-02-03T14:52:32.653506Z INFO  hpde_io Reading ./data/spase_hpde_io/info/SOHO_COSTEP-EPHIN_L3I-10MIN.pkl
2026-02-03T14:52:32.653668Z INFO  hpde_io Read ./data/spase_hpde_io/info/SOHO_COSTEP-EPHIN_L3I-10MIN.pkl
2026-02-03T14:52:32.653712Z INFO  hpde_io Reading ./data/spase_hpde_io/info/SOHO_COSTEP-EPHIN_L3I-1DAY.pkl
2026-02-03T14:52:32.653852Z INFO  hpde_io Read ./data/spase_hpde_io/info/SOHO_COSTEP-EPHIN_L3I-1DAY.pkl
2026-02-03T14:52:32.653889Z INFO  hpde_io Reading ./data/spase_hpde_io/info/SOHO_COSTEP-EPHIN_L3I-1HR.pkl
2026-02-03T14:52:32.654023Z INFO  hpde_io Read ./data/spase_hpde_io/info/SOHO_COSTEP-EPHIN_L3I-1HR.pkl
2026-02-03T14:52:32.654060Z INFO  hpde_io Reading ./data/spase_hpde_io/info/SOHO_COSTEP-EPHIN_L3I-1MIN.pkl
2026-02-03T14:52:32.654196Z INFO  hpde_io Read ./data/spase_hpde_io/info/SOHO_COSTEP-EPHIN_L3I-1MIN.pkl
2026-02-03T14:52:32.654232Z INFO  hpde_io Reading ./data/spase_hpde_io/info/SOHO_COSTEP-EPHIN_L3I-30MIN.pkl
2026-02-03T14:52:32.654366Z INFO  hpde_io Read ./data/spase_hpde_io/info/SOHO_COSTEP-EPHIN_L3I-30MIN.pkl
2026-02-03T14:52:32.654403Z INFO  hpde_io Reading ./data/spase_hpde_io/info/SOHO_COSTEP-EPHIN_L3I-5MIN.pkl
2026-02-03T14:52:32.654531Z INFO  hpde_io Read ./data/spase_hpde_io/info/SOHO_COSTEP-EPHIN_L3I-5MIN.pkl
2026-02-03T14:52:32.654565Z INFO  hpde_io Reading ./data/spase_hpde_io/info/SOHO_ERNE-HED_L2-1MIN.pkl
2026-02-03T14:52:32.654718Z INFO  hpde_io Read ./data/spase_hpde_io/info/SOHO_ERNE-HED_L2-1MIN.pkl
2026-02-03T14:52:32.654755Z INFO  hpde_io Reading ./data/spase_hpde_io/info/SOHO_ERNE-LED_L2-1MIN.pkl
2026-02-03T14:52:32.654886Z INFO  hpde_io Read ./data/spase_hpde_io/info/SOHO_ERNE-LED_L2-1MIN.pkl
2026-02-03T14:52:32.654920Z INFO  hpde_io Reading ./data/spase_hpde_io/info/SOHO_ERNE_HEAVY-ION-1HR.pkl
2026-02-03T14:52:32.655116Z INFO  hpde_io Read ./data/spase_hpde_io/info/SOHO_ERNE_HEAVY-ION-1HR.pkl
2026-02-03T14:52:32.655154Z INFO  hpde_io Reading ./data/spase_hpde_io/info/SOHO_ERNE_HEAVY-ION-5MIN.pkl
2026-02-03T14:52:32.655383Z INFO  hpde_io Read ./data/spase_hpde_io/info/SOHO_ERNE_HEAVY-ION-5MIN.pkl
2026-02-03T14:52:32.655438Z INFO  hpde_io Reading ./data/spase_hpde_io/info/SOHO_HELIO1DAY_POSITION.pkl
2026-02-03T14:52:32.655571Z INFO  hpde_io Read ./data/spase_hpde_io/info/SOHO_HELIO1DAY_POSITION.pkl
2026-02-03T14:52:32.655613Z INFO  hpde_io Reading ./data/spase_hpde_io/info/SOHO_HELIO1HR_POSITION.pkl
2026-02-03T14:52:32.655738Z INFO  hpde_io Read ./data/spase_hpde_io/info/SOHO_HELIO1HR_POSITION.pkl
2026-02-03T14:52:32.655786Z INFO  hpde_io No hpde.io SPASE record for SOLO_COHO1HR_MERGED_MAG_PLASMA.
2026-02-03T14:52:32.655819Z INFO  hpde_io Reading ./data/spase_hpde_io/info/SOLO_HELIO1DAY_POSITION.pkl
2026-02-03T14:52:32.655950Z INFO  hpde_io Read ./data/spase_hpde_io/info/SOLO_HELIO1DAY_POSITION.pkl
2026-02-03T14:52:32.655991Z INFO  hpde_io No hpde.io SPASE record for SOLO_HELIO1HR_POSITION.
2026-02-03T14:52:32.656030Z INFO  hpde_io No hpde.io SPASE record for SOLO_L2_EPD-EPT-ASUN-BURST-ELE-CLOSE.
2026-02-03T14:52:32.656072Z INFO  hpde_io No hpde.io SPASE record for SOLO_L2_EPD-EPT-ASUN-BURST-ION.
2026-02-03T14:52:32.656107Z INFO  hpde_io No hpde.io SPASE record for SOLO_L2_EPD-EPT-ASUN-HCAD.
2026-02-03T14:52:32.656137Z INFO  hpde_io No hpde.io SPASE record for SOLO_L2_EPD-EPT-ASUN-RATES.
2026-02-03T14:52:32.656170Z INFO  hpde_io No hpde.io SPASE record for SOLO_L2_EPD-EPT-NORTH-BURST-ELE-CLOSE.
2026-02-03T14:52:32.656207Z INFO  hpde_io No hpde.io SPASE record for SOLO_L2_EPD-EPT-NORTH-BURST-ION.
2026-02-03T14:52:32.656236Z INFO  hpde_io No hpde.io SPASE record for SOLO_L2_EPD-EPT-NORTH-HCAD.
2026-02-03T14:52:32.656266Z INFO  hpde_io No hpde.io SPASE record for SOLO_L2_EPD-EPT-NORTH-RATES.
2026-02-03T14:52:32.656298Z INFO  hpde_io No hpde.io SPASE record for SOLO_L2_EPD-EPT-SOUTH-BURST-ELE-CLOSE.
2026-02-03T14:52:32.656327Z INFO  hpde_io No hpde.io SPASE record for SOLO_L2_EPD-EPT-SOUTH-BURST-ION.
2026-02-03T14:52:32.656358Z INFO  hpde_io No hpde.io SPASE record for SOLO_L2_EPD-EPT-SOUTH-HCAD.
2026-02-03T14:52:32.656392Z INFO  hpde_io No hpde.io SPASE record for SOLO_L2_EPD-EPT-SOUTH-RATES.
2026-02-03T14:52:32.656421Z INFO  hpde_io No hpde.io SPASE record for SOLO_L2_EPD-EPT-SUN-BURST-ELE-CLOSE.
2026-02-03T14:52:32.656452Z INFO  hpde_io No hpde.io SPASE record for SOLO_L2_EPD-EPT-SUN-BURST-ION.
2026-02-03T14:52:32.656486Z INFO  hpde_io No hpde.io SPASE record for SOLO_L2_EPD-EPT-SUN-HCAD.
2026-02-03T14:52:32.656518Z INFO  hpde_io No hpde.io SPASE record for SOLO_L2_EPD-EPT-SUN-RATES.
2026-02-03T14:52:32.656549Z INFO  hpde_io No hpde.io SPASE record for SOLO_L2_EPD-HET-ASUN-BURST.
2026-02-03T14:52:32.656585Z INFO  hpde_io No hpde.io SPASE record for SOLO_L2_EPD-HET-ASUN-RATES.
2026-02-03T14:52:32.656617Z INFO  hpde_io No hpde.io SPASE record for SOLO_L2_EPD-HET-NORTH-BURST.
2026-02-03T14:52:32.656648Z INFO  hpde_io No hpde.io SPASE record for SOLO_L2_EPD-HET-NORTH-RATES.
2026-02-03T14:52:32.656681Z INFO  hpde_io No hpde.io SPASE record for SOLO_L2_EPD-HET-SOUTH-BURST.
2026-02-03T14:52:32.656712Z INFO  hpde_io No hpde.io SPASE record for SOLO_L2_EPD-HET-SOUTH-RATES.
2026-02-03T14:52:32.656742Z INFO  hpde_io No hpde.io SPASE record for SOLO_L2_EPD-HET-SUN-BURST.
2026-02-03T14:52:32.656773Z INFO  hpde_io No hpde.io SPASE record for SOLO_L2_EPD-HET-SUN-RATES.
2026-02-03T14:52:32.656802Z INFO  hpde_io No hpde.io SPASE record for SOLO_L2_EPD-SIS-A-HEHIST.
2026-02-03T14:52:32.656836Z INFO  hpde_io No hpde.io SPASE record for SOLO_L2_EPD-SIS-A-RATES-FAST.
2026-02-03T14:52:32.656870Z INFO  hpde_io No hpde.io SPASE record for SOLO_L2_EPD-SIS-A-RATES-MEDIUM.
2026-02-03T14:52:32.656899Z INFO  hpde_io No hpde.io SPASE record for SOLO_L2_EPD-SIS-A-RATES-SLOW.
2026-02-03T14:52:32.656930Z INFO  hpde_io No hpde.io SPASE record for SOLO_L2_EPD-SIS-B-HEHIST.
2026-02-03T14:52:32.656959Z INFO  hpde_io No hpde.io SPASE record for SOLO_L2_EPD-SIS-B-RATES-FAST.
2026-02-03T14:52:32.656991Z INFO  hpde_io No hpde.io SPASE record for SOLO_L2_EPD-SIS-B-RATES-MEDIUM.
2026-02-03T14:52:32.657022Z INFO  hpde_io No hpde.io SPASE record for SOLO_L2_EPD-SIS-B-RATES-SLOW.
2026-02-03T14:52:32.657054Z INFO  hpde_io No hpde.io SPASE record for SOLO_L2_EPD-STEP-BURST.
2026-02-03T14:52:32.657088Z INFO  hpde_io No hpde.io SPASE record for SOLO_L2_EPD-STEP-HCAD.
2026-02-03T14:52:32.657115Z INFO  hpde_io No hpde.io SPASE record for SOLO_L2_EPD-STEP-MAIN.
2026-02-03T14:52:32.657148Z INFO  hpde_io No hpde.io SPASE record for SOLO_L2_EPD-STEP-RATES.
2026-02-03T14:52:32.657180Z INFO  hpde_io No hpde.io SPASE record for SOLO_L2_MAG-RTN-BURST.
2026-02-03T14:52:32.657222Z INFO  hpde_io No hpde.io SPASE record for SOLO_L2_MAG-RTN-LL.
2026-02-03T14:52:32.657254Z INFO  hpde_io No hpde.io SPASE record for SOLO_L2_MAG-RTN-LL-1-MINUTE.
2026-02-03T14:52:32.657283Z INFO  hpde_io No hpde.io SPASE record for SOLO_L2_MAG-RTN-NORMAL.
2026-02-03T14:52:32.657314Z INFO  hpde_io No hpde.io SPASE record for SOLO_L2_MAG-RTN-NORMAL-1-MINUTE.
2026-02-03T14:52:32.657344Z INFO  hpde_io No hpde.io SPASE record for SOLO_L2_MAG-SRF-BURST.
2026-02-03T14:52:32.657372Z INFO  hpde_io No hpde.io SPASE record for SOLO_L2_MAG-SRF-LL.
2026-02-03T14:52:32.657405Z INFO  hpde_io No hpde.io SPASE record for SOLO_L2_MAG-SRF-NORMAL.
2026-02-03T14:52:32.657435Z INFO  hpde_io No hpde.io SPASE record for SOLO_L2_MAG-VSO-BURST.
2026-02-03T14:52:32.657468Z INFO  hpde_io No hpde.io SPASE record for SOLO_L2_MAG-VSO-NORMAL.
2026-02-03T14:52:32.657497Z INFO  hpde_io No hpde.io SPASE record for SOLO_L2_MAG-VSO-NORMAL-1-MINUTE.
2026-02-03T14:52:32.657533Z INFO  hpde_io No hpde.io SPASE record for SOLO_L2_RPW-HFR-SURV.
2026-02-03T14:52:32.657569Z INFO  hpde_io No hpde.io SPASE record for SOLO_L2_RPW-LFR-SURV-ASM.
2026-02-03T14:52:32.657598Z INFO  hpde_io No hpde.io SPASE record for SOLO_L2_RPW-LFR-SURV-BP1.
2026-02-03T14:52:32.657631Z INFO  hpde_io No hpde.io SPASE record for SOLO_L2_RPW-LFR-SURV-BP2.
2026-02-03T14:52:32.657661Z INFO  hpde_io No hpde.io SPASE record for SOLO_L2_RPW-LFR-SURV-CWF-B.
2026-02-03T14:52:32.657690Z INFO  hpde_io No hpde.io SPASE record for SOLO_L2_RPW-LFR-SURV-CWF-E.
2026-02-03T14:52:32.657721Z INFO  hpde_io No hpde.io SPASE record for SOLO_L2_RPW-TDS-SURV-HIST1D.
2026-02-03T14:52:32.657751Z INFO  hpde_io No hpde.io SPASE record for SOLO_L2_RPW-TDS-SURV-HIST2D.
2026-02-03T14:52:32.657781Z INFO  hpde_io No hpde.io SPASE record for SOLO_L2_RPW-TDS-SURV-STAT.
2026-02-03T14:52:32.657812Z INFO  hpde_io No hpde.io SPASE record for SOLO_L2_SWA-EAS-PAD-DEF.
2026-02-03T14:52:32.657850Z INFO  hpde_io No hpde.io SPASE record for SOLO_L2_SWA-EAS-PAD-DNF.
2026-02-03T14:52:32.657883Z INFO  hpde_io No hpde.io SPASE record for SOLO_L2_SWA-EAS-PAD-PSD.
2026-02-03T14:52:32.657916Z INFO  hpde_io No hpde.io SPASE record for SOLO_L2_SWA-EAS1-EFLUX.
2026-02-03T14:52:32.657946Z INFO  hpde_io No hpde.io SPASE record for SOLO_L2_SWA-EAS1-HIRES3D-DEF.
2026-02-03T14:52:32.657979Z INFO  hpde_io No hpde.io SPASE record for SOLO_L2_SWA-EAS1-HIRES3D-DNF.
2026-02-03T14:52:32.658012Z INFO  hpde_io No hpde.io SPASE record for SOLO_L2_SWA-EAS1-HIRES3D-PSD.
2026-02-03T14:52:32.658042Z INFO  hpde_io No hpde.io SPASE record for SOLO_L2_SWA-EAS1-NM3D-DEF.
2026-02-03T14:52:32.658074Z INFO  hpde_io No hpde.io SPASE record for SOLO_L2_SWA-EAS1-NM3D-DNF.
2026-02-03T14:52:32.658104Z INFO  hpde_io No hpde.io SPASE record for SOLO_L2_SWA-EAS1-NM3D-PSD.
2026-02-03T14:52:32.658136Z INFO  hpde_io No hpde.io SPASE record for SOLO_L2_SWA-EAS1-SS-DEF.
2026-02-03T14:52:32.658165Z INFO  hpde_io No hpde.io SPASE record for SOLO_L2_SWA-EAS1-SS-DNF.
2026-02-03T14:52:32.658195Z INFO  hpde_io No hpde.io SPASE record for SOLO_L2_SWA-EAS1-SS-PSD.
2026-02-03T14:52:32.658224Z INFO  hpde_io No hpde.io SPASE record for SOLO_L2_SWA-EAS1-TM3D-DEF.
2026-02-03T14:52:32.658256Z INFO  hpde_io No hpde.io SPASE record for SOLO_L2_SWA-EAS1-TM3D-DNF.
2026-02-03T14:52:32.658287Z INFO  hpde_io No hpde.io SPASE record for SOLO_L2_SWA-EAS1-TM3D-PSD.
2026-02-03T14:52:32.658318Z INFO  hpde_io No hpde.io SPASE record for SOLO_L2_SWA-EAS2-EFLUX.
2026-02-03T14:52:32.658346Z INFO  hpde_io No hpde.io SPASE record for SOLO_L2_SWA-EAS2-HIRES3D-DEF.
2026-02-03T14:52:32.658378Z INFO  hpde_io No hpde.io SPASE record for SOLO_L2_SWA-EAS2-HIRES3D-DNF.
2026-02-03T14:52:32.658410Z INFO  hpde_io No hpde.io SPASE record for SOLO_L2_SWA-EAS2-HIRES3D-PSD.
2026-02-03T14:52:32.658440Z INFO  hpde_io No hpde.io SPASE record for SOLO_L2_SWA-EAS2-NM3D-DEF.
2026-02-03T14:52:32.658472Z INFO  hpde_io No hpde.io SPASE record for SOLO_L2_SWA-EAS2-NM3D-DNF.
2026-02-03T14:52:32.658500Z INFO  hpde_io No hpde.io SPASE record for SOLO_L2_SWA-EAS2-NM3D-PSD.
2026-02-03T14:52:32.658530Z INFO  hpde_io No hpde.io SPASE record for SOLO_L2_SWA-EAS2-SS-DEF.
2026-02-03T14:52:32.658562Z INFO  hpde_io No hpde.io SPASE record for SOLO_L2_SWA-EAS2-SS-DNF.
2026-02-03T14:52:32.658595Z INFO  hpde_io No hpde.io SPASE record for SOLO_L2_SWA-EAS2-SS-PSD.
2026-02-03T14:52:32.658623Z INFO  hpde_io No hpde.io SPASE record for SOLO_L2_SWA-EAS2-TM3D-DEF.
2026-02-03T14:52:32.658655Z INFO  hpde_io No hpde.io SPASE record for SOLO_L2_SWA-EAS2-TM3D-DNF.
2026-02-03T14:52:32.658687Z INFO  hpde_io No hpde.io SPASE record for SOLO_L2_SWA-EAS2-TM3D-PSD.
2026-02-03T14:52:32.658717Z INFO  hpde_io No hpde.io SPASE record for SOLO_L2_SWA-HIS-HK.
2026-02-03T14:52:32.658751Z INFO  hpde_io No hpde.io SPASE record for SOLO_L2_SWA-HIS-PHA.
2026-02-03T14:52:32.658782Z INFO  hpde_io No hpde.io SPASE record for SOLO_L2_SWA-HIS-RATES.
2026-02-03T14:52:32.658809Z INFO  hpde_io No hpde.io SPASE record for SOLO_L2_SWA-PAS-EFLUX.
2026-02-03T14:52:32.658839Z INFO  hpde_io No hpde.io SPASE record for SOLO_L2_SWA-PAS-GRND-MOM.
2026-02-03T14:52:32.658868Z INFO  hpde_io No hpde.io SPASE record for SOLO_L2_SWA-PAS-VDF.
2026-02-03T14:52:32.658898Z INFO  hpde_io No hpde.io SPASE record for SOLO_L3_EPD-EPT-1DAY.
2026-02-03T14:52:32.658927Z INFO  hpde_io No hpde.io SPASE record for SOLO_L3_EPD-EPT-1HOUR.
2026-02-03T14:52:32.658957Z INFO  hpde_io No hpde.io SPASE record for SOLO_L3_EPD-EPT-1MIN.
2026-02-03T14:52:32.658983Z INFO  hpde_io No hpde.io SPASE record for SOLO_L3_MULTI-MAG-RPW-SCM-MERGED-RTN-256.
2026-02-03T14:52:32.659013Z INFO  hpde_io No hpde.io SPASE record for SOLO_L3_MULTI-MAG-RPW-SCM-MERGED-RTN-4096.
2026-02-03T14:52:32.659043Z INFO  hpde_io No hpde.io SPASE record for SOLO_L3_MULTI-MAG-RPW-SCM-MERGED-SRF-256.
2026-02-03T14:52:32.659073Z INFO  hpde_io No hpde.io SPASE record for SOLO_L3_MULTI-MAG-RPW-SCM-MERGED-SRF-4096.
2026-02-03T14:52:32.659103Z INFO  hpde_io No hpde.io SPASE record for SOLO_L3_RPW-BIA-DENSITY.
2026-02-03T14:52:32.659134Z INFO  hpde_io No hpde.io SPASE record for SOLO_L3_RPW-BIA-DENSITY-10-SECONDS.
2026-02-03T14:52:32.659164Z INFO  hpde_io No hpde.io SPASE record for SOLO_L3_RPW-BIA-EFIELD.
2026-02-03T14:52:32.659196Z INFO  hpde_io No hpde.io SPASE record for SOLO_L3_RPW-BIA-EFIELD-10-SECONDS.
2026-02-03T14:52:32.659224Z INFO  hpde_io No hpde.io SPASE record for SOLO_L3_RPW-BIA-SCPOT.
2026-02-03T14:52:32.659255Z INFO  hpde_io No hpde.io SPASE record for SOLO_L3_RPW-BIA-SCPOT-10-SECONDS.
2026-02-03T14:52:32.659285Z INFO  hpde_io No hpde.io SPASE record for SOLO_L3_RPW-BIA-VHT.
2026-02-03T14:52:32.659315Z INFO  hpde_io No hpde.io SPASE record for SOLO_L3_RPW-TNR-FP.
2026-02-03T14:52:32.659344Z INFO  hpde_io No hpde.io SPASE record for SOLO_L3_SWA-EAS-NMPAD-PSD.
2026-02-03T14:52:32.659377Z INFO  hpde_io No hpde.io SPASE record for SOLO_L3_SWA-HIS-COMP-10MIN.
2026-02-03T14:52:32.659407Z INFO  hpde_io No hpde.io SPASE record for SOLO_LL02_EPD-EPT-ASUN-RATES.
2026-02-03T14:52:32.659444Z INFO  hpde_io No hpde.io SPASE record for SOLO_LL02_EPD-EPT-NORTH-RATES.
2026-02-03T14:52:32.659478Z INFO  hpde_io No hpde.io SPASE record for SOLO_LL02_EPD-EPT-SOUTH-RATES.
2026-02-03T14:52:32.659507Z INFO  hpde_io No hpde.io SPASE record for SOLO_LL02_EPD-EPT-SUN-RATES.
2026-02-03T14:52:32.659537Z INFO  hpde_io No hpde.io SPASE record for SOLO_LL02_EPD-HET-ASUN-RATES.
2026-02-03T14:52:32.659568Z INFO  hpde_io No hpde.io SPASE record for SOLO_LL02_EPD-HET-NORTH-RATES.
2026-02-03T14:52:32.659602Z INFO  hpde_io No hpde.io SPASE record for SOLO_LL02_EPD-HET-SOUTH-RATES.
2026-02-03T14:52:32.659632Z INFO  hpde_io No hpde.io SPASE record for SOLO_LL02_EPD-HET-SUN-RATES.
2026-02-03T14:52:32.659660Z INFO  hpde_io No hpde.io SPASE record for SOLO_LL02_EPD-SIS-A-RATES.
2026-02-03T14:52:32.659688Z INFO  hpde_io No hpde.io SPASE record for SOLO_LL02_EPD-SIS-B-RATES.
2026-02-03T14:52:32.659717Z INFO  hpde_io No hpde.io SPASE record for SOLO_LL02_EPD-STEP-RATES.
2026-02-03T14:52:32.659748Z INFO  hpde_io No hpde.io SPASE record for SOLO_LL02_MAG.
2026-02-03T14:52:32.659781Z INFO  hpde_io No hpde.io SPASE record for SOLO_LL02_RPW-SBM1.
2026-02-03T14:52:32.659814Z INFO  hpde_io No hpde.io SPASE record for SOLO_LL02_RPW-SBM2.
2026-02-03T14:52:32.659844Z INFO  hpde_io No hpde.io SPASE record for SOLO_LL02_RPW-TNR.
2026-02-03T14:52:32.659876Z INFO  hpde_io No hpde.io SPASE record for SOLO_LL02_SWA-EAS-SS.
2026-02-03T14:52:32.659910Z INFO  hpde_io No hpde.io SPASE record for SOLO_LL02_SWA-HIS-RAT.
2026-02-03T14:52:32.659942Z INFO  hpde_io No hpde.io SPASE record for SOLO_LL02_SWA-PAS-MOM.
2026-02-03T14:52:32.659970Z INFO  hpde_io Reading ./data/spase_hpde_io/info/SO_AT_DEF.pkl
2026-02-03T14:52:32.660115Z INFO  hpde_io Read ./data/spase_hpde_io/info/SO_AT_DEF.pkl
2026-02-03T14:52:32.660160Z INFO  hpde_io Reading ./data/spase_hpde_io/info/SO_K0_CEL.pkl
2026-02-03T14:52:32.660274Z INFO  hpde_io Read ./data/spase_hpde_io/info/SO_K0_CEL.pkl
2026-02-03T14:52:32.660308Z INFO  hpde_io Reading ./data/spase_hpde_io/info/SO_K0_CST.pkl
2026-02-03T14:52:32.660424Z INFO  hpde_io Read ./data/spase_hpde_io/info/SO_K0_CST.pkl
2026-02-03T14:52:32.660462Z INFO  hpde_io Reading ./data/spase_hpde_io/info/SO_K0_ERN.pkl
2026-02-03T14:52:32.660579Z INFO  hpde_io Read ./data/spase_hpde_io/info/SO_K0_ERN.pkl
2026-02-03T14:52:32.660617Z INFO  hpde_io Reading ./data/spase_hpde_io/info/SO_OR_DEF.pkl
2026-02-03T14:52:32.660762Z INFO  hpde_io Read ./data/spase_hpde_io/info/SO_OR_DEF.pkl
2026-02-03T14:52:32.660804Z INFO  hpde_io Reading ./data/spase_hpde_io/info/SO_OR_PRE.pkl
2026-02-03T14:52:32.660941Z INFO  hpde_io Read ./data/spase_hpde_io/info/SO_OR_PRE.pkl
2026-02-03T14:52:32.660976Z INFO  hpde_io Reading ./data/spase_hpde_io/info/ST5-094_1SEC_MAG.pkl
2026-02-03T14:52:32.661135Z INFO  hpde_io Read ./data/spase_hpde_io/info/ST5-094_1SEC_MAG.pkl
2026-02-03T14:52:32.661177Z INFO  hpde_io Reading ./data/spase_hpde_io/info/ST5-155_1SEC_MAG.pkl
2026-02-03T14:52:32.661370Z INFO  hpde_io Read ./data/spase_hpde_io/info/ST5-155_1SEC_MAG.pkl
2026-02-03T14:52:32.661412Z INFO  hpde_io Reading ./data/spase_hpde_io/info/ST5-224_1SEC_MAG.pkl
2026-02-03T14:52:32.661570Z INFO  hpde_io Read ./data/spase_hpde_io/info/ST5-224_1SEC_MAG.pkl
2026-02-03T14:52:32.661613Z INFO  hpde_io Reading ./data/spase_hpde_io/info/STA_COHO1HR_MERGED_MAG_PLASMA.pkl
2026-02-03T14:52:32.661790Z INFO  hpde_io Read ./data/spase_hpde_io/info/STA_COHO1HR_MERGED_MAG_PLASMA.pkl
2026-02-03T14:52:32.661847Z INFO  hpde_io Reading ./data/spase_hpde_io/info/STA_HELIO1DAY_POSITION.pkl
2026-02-03T14:52:32.661975Z INFO  hpde_io Read ./data/spase_hpde_io/info/STA_HELIO1DAY_POSITION.pkl
2026-02-03T14:52:32.662013Z INFO  hpde_io Reading ./data/spase_hpde_io/info/STA_HELIO1HR_POSITION.pkl
2026-02-03T14:52:32.662146Z INFO  hpde_io Read ./data/spase_hpde_io/info/STA_HELIO1HR_POSITION.pkl
2026-02-03T14:52:32.662187Z INFO  hpde_io Reading ./data/spase_hpde_io/info/STA_L1_HET.pkl
2026-02-03T14:52:32.662323Z INFO  hpde_io Read ./data/spase_hpde_io/info/STA_L1_HET.pkl
2026-02-03T14:52:32.662371Z INFO  hpde_io Reading ./data/spase_hpde_io/info/STA_L1_IMPACT_BURST.pkl
2026-02-03T14:52:32.662521Z INFO  hpde_io Read ./data/spase_hpde_io/info/STA_L1_IMPACT_BURST.pkl
2026-02-03T14:52:32.662562Z INFO  hpde_io Reading ./data/spase_hpde_io/info/STA_L1_IMPACT_HKP.pkl
2026-02-03T14:52:32.662825Z INFO  hpde_io Read ./data/spase_hpde_io/info/STA_L1_IMPACT_HKP.pkl
2026-02-03T14:52:32.662866Z INFO  hpde_io Reading ./data/spase_hpde_io/info/STA_L1_LET.pkl
2026-02-03T14:52:32.663043Z INFO  hpde_io Read ./data/spase_hpde_io/info/STA_L1_LET.pkl
2026-02-03T14:52:32.663088Z INFO  hpde_io Reading ./data/spase_hpde_io/info/STA_L1_MAGB_RTN.pkl
2026-02-03T14:52:32.663224Z INFO  hpde_io Read ./data/spase_hpde_io/info/STA_L1_MAGB_RTN.pkl
2026-02-03T14:52:32.663270Z INFO  hpde_io Reading ./data/spase_hpde_io/info/STA_L1_MAGB_SC.pkl
2026-02-03T14:52:32.663399Z INFO  hpde_io Read ./data/spase_hpde_io/info/STA_L1_MAGB_SC.pkl
2026-02-03T14:52:32.663439Z INFO  hpde_io Reading ./data/spase_hpde_io/info/STA_L1_MAG_RTN.pkl
2026-02-03T14:52:32.663557Z INFO  hpde_io Read ./data/spase_hpde_io/info/STA_L1_MAG_RTN.pkl
2026-02-03T14:52:32.663600Z INFO  hpde_io Reading ./data/spase_hpde_io/info/STA_L1_MAG_SC.pkl
2026-02-03T14:52:32.663723Z INFO  hpde_io Read ./data/spase_hpde_io/info/STA_L1_MAG_SC.pkl
2026-02-03T14:52:32.663760Z INFO  hpde_io Reading ./data/spase_hpde_io/info/STA_L1_SEPT.pkl
2026-02-03T14:52:32.663882Z INFO  hpde_io Read ./data/spase_hpde_io/info/STA_L1_SEPT.pkl
2026-02-03T14:52:32.663923Z INFO  hpde_io Reading ./data/spase_hpde_io/info/STA_L1_SIT.pkl
2026-02-03T14:52:32.664044Z INFO  hpde_io Read ./data/spase_hpde_io/info/STA_L1_SIT.pkl
2026-02-03T14:52:32.664081Z INFO  hpde_io Reading ./data/spase_hpde_io/info/STA_L1_STE.pkl
2026-02-03T14:52:32.664194Z INFO  hpde_io Read ./data/spase_hpde_io/info/STA_L1_STE.pkl
2026-02-03T14:52:32.664237Z INFO  hpde_io Reading ./data/spase_hpde_io/info/STA_L1_SWEA_DISB.pkl
2026-02-03T14:52:32.664364Z INFO  hpde_io Read ./data/spase_hpde_io/info/STA_L1_SWEA_DISB.pkl
2026-02-03T14:52:32.664403Z INFO  hpde_io Reading ./data/spase_hpde_io/info/STA_L1_SWEA_DIST.pkl
2026-02-03T14:52:32.664538Z INFO  hpde_io Read ./data/spase_hpde_io/info/STA_L1_SWEA_DIST.pkl
2026-02-03T14:52:32.664576Z INFO  hpde_io Reading ./data/spase_hpde_io/info/STA_L1_SWEA_SPEC.pkl
2026-02-03T14:52:32.664733Z INFO  hpde_io Read ./data/spase_hpde_io/info/STA_L1_SWEA_SPEC.pkl
2026-02-03T14:52:32.664772Z INFO  hpde_io Reading ./data/spase_hpde_io/info/STA_L2_MAGPLASMA_1M.pkl
2026-02-03T14:52:32.664945Z INFO  hpde_io Read ./data/spase_hpde_io/info/STA_L2_MAGPLASMA_1M.pkl
2026-02-03T14:52:32.664989Z INFO  hpde_io Reading ./data/spase_hpde_io/info/STA_L2_PLA_1DMAX_10MIN.pkl
2026-02-03T14:52:32.665135Z INFO  hpde_io Read ./data/spase_hpde_io/info/STA_L2_PLA_1DMAX_10MIN.pkl
2026-02-03T14:52:32.665180Z INFO  hpde_io Reading ./data/spase_hpde_io/info/STA_L2_PLA_1DMAX_1HR.pkl
2026-02-03T14:52:32.665331Z INFO  hpde_io Read ./data/spase_hpde_io/info/STA_L2_PLA_1DMAX_1HR.pkl
2026-02-03T14:52:32.665372Z INFO  hpde_io Reading ./data/spase_hpde_io/info/STA_L2_PLA_1DMAX_1MIN.pkl
2026-02-03T14:52:32.665515Z INFO  hpde_io Read ./data/spase_hpde_io/info/STA_L2_PLA_1DMAX_1MIN.pkl
2026-02-03T14:52:32.665559Z INFO  hpde_io No hpde.io SPASE record for STA_L2_PLA_ALPHA_RA_1DMAX_10MIN.
2026-02-03T14:52:32.665592Z INFO  hpde_io No hpde.io SPASE record for STA_L2_PLA_ALPHA_RA_1DMAX_1HR.
2026-02-03T14:52:32.665619Z INFO  hpde_io Reading ./data/spase_hpde_io/info/STA_L2_PLA_IRON_Q_2HR.pkl
2026-02-03T14:52:32.665750Z INFO  hpde_io Read ./data/spase_hpde_io/info/STA_L2_PLA_IRON_Q_2HR.pkl
2026-02-03T14:52:32.665787Z INFO  hpde_io Reading ./data/spase_hpde_io/info/STA_L2_SWEA_PAD.pkl
2026-02-03T14:52:32.665916Z INFO  hpde_io Read ./data/spase_hpde_io/info/STA_L2_SWEA_PAD.pkl
2026-02-03T14:52:32.665956Z INFO  hpde_io Reading ./data/spase_hpde_io/info/STA_L3_PLA_HE2PL_F_VSW_01HR.pkl
2026-02-03T14:52:32.666314Z INFO  hpde_io Read ./data/spase_hpde_io/info/STA_L3_PLA_HE2PL_F_VSW_01HR.pkl
2026-02-03T14:52:32.666356Z INFO  hpde_io Reading ./data/spase_hpde_io/info/STA_L3_PLA_HEPLUS_24HR.pkl
2026-02-03T14:52:32.666490Z INFO  hpde_io Read ./data/spase_hpde_io/info/STA_L3_PLA_HEPLUS_24HR.pkl
2026-02-03T14:52:32.666526Z INFO  hpde_io Reading ./data/spase_hpde_io/info/STA_L3_PLA_HEPLUS_F_VSW_01HR.pkl
2026-02-03T14:52:32.666685Z INFO  hpde_io Read ./data/spase_hpde_io/info/STA_L3_PLA_HEPLUS_F_VSW_01HR.pkl
2026-02-03T14:52:32.666740Z INFO  hpde_io Reading ./data/spase_hpde_io/info/STA_L3_PLA_HEPLUS_F_VSW_10MIN.pkl
2026-02-03T14:52:32.667083Z INFO  hpde_io Read ./data/spase_hpde_io/info/STA_L3_PLA_HEPLUS_F_VSW_10MIN.pkl
2026-02-03T14:52:32.667122Z INFO  hpde_io Reading ./data/spase_hpde_io/info/STA_L3_PLA_HEPLUS_F_VSW_24HR.pkl
2026-02-03T14:52:32.667280Z INFO  hpde_io Read ./data/spase_hpde_io/info/STA_L3_PLA_HEPLUS_F_VSW_24HR.pkl
2026-02-03T14:52:32.667317Z INFO  hpde_io Reading ./data/spase_hpde_io/info/STA_L3_PLA_HEPLUS_SW_VELCTDIST_5MIN.pkl
2026-02-03T14:52:32.667464Z INFO  hpde_io Read ./data/spase_hpde_io/info/STA_L3_PLA_HEPLUS_SW_VELCTDIST_5MIN.pkl
2026-02-03T14:52:32.667499Z INFO  hpde_io Reading ./data/spase_hpde_io/info/STA_L3_WAV_HFR.pkl
2026-02-03T14:52:32.667641Z INFO  hpde_io Read ./data/spase_hpde_io/info/STA_L3_WAV_HFR.pkl
2026-02-03T14:52:32.667684Z INFO  hpde_io Reading ./data/spase_hpde_io/info/STA_L3_WAV_LFR.pkl
2026-02-03T14:52:32.667848Z INFO  hpde_io Read ./data/spase_hpde_io/info/STA_L3_WAV_LFR.pkl
2026-02-03T14:52:32.667892Z INFO  hpde_io Reading ./data/spase_hpde_io/info/STA_LB_IMPACT.pkl
2026-02-03T14:52:32.668390Z INFO  hpde_io Read ./data/spase_hpde_io/info/STA_LB_IMPACT.pkl
2026-02-03T14:52:32.668427Z INFO  hpde_io Reading ./data/spase_hpde_io/info/STA_LB_MAG_RTN.pkl
2026-02-03T14:52:32.668554Z INFO  hpde_io Read ./data/spase_hpde_io/info/STA_LB_MAG_RTN.pkl
2026-02-03T14:52:32.668594Z INFO  hpde_io Reading ./data/spase_hpde_io/info/STA_LB_PLA_BROWSE.pkl
2026-02-03T14:52:32.668734Z INFO  hpde_io Read ./data/spase_hpde_io/info/STA_LB_PLA_BROWSE.pkl
2026-02-03T14:52:32.668773Z INFO  hpde_io Reading ./data/spase_hpde_io/info/STB_COHO1HR_MERGED_MAG_PLASMA.pkl
2026-02-03T14:52:32.668940Z INFO  hpde_io Read ./data/spase_hpde_io/info/STB_COHO1HR_MERGED_MAG_PLASMA.pkl
2026-02-03T14:52:32.668978Z INFO  hpde_io Reading ./data/spase_hpde_io/info/STB_HELIO1DAY_POSITION.pkl
2026-02-03T14:52:32.669109Z INFO  hpde_io Read ./data/spase_hpde_io/info/STB_HELIO1DAY_POSITION.pkl
2026-02-03T14:52:32.669144Z INFO  hpde_io Reading ./data/spase_hpde_io/info/STB_HELIO1HR_POSITION.pkl
2026-02-03T14:52:32.669264Z INFO  hpde_io Read ./data/spase_hpde_io/info/STB_HELIO1HR_POSITION.pkl
2026-02-03T14:52:32.669301Z INFO  hpde_io Reading ./data/spase_hpde_io/info/STB_L1_HET.pkl
2026-02-03T14:52:32.669434Z INFO  hpde_io Read ./data/spase_hpde_io/info/STB_L1_HET.pkl
2026-02-03T14:52:32.669470Z INFO  hpde_io Reading ./data/spase_hpde_io/info/STB_L1_IMPACT_BURST.pkl
2026-02-03T14:52:32.669596Z INFO  hpde_io Read ./data/spase_hpde_io/info/STB_L1_IMPACT_BURST.pkl
2026-02-03T14:52:32.669631Z INFO  hpde_io Reading ./data/spase_hpde_io/info/STB_L1_IMPACT_HKP.pkl
2026-02-03T14:52:32.670237Z INFO  hpde_io Read ./data/spase_hpde_io/info/STB_L1_IMPACT_HKP.pkl
2026-02-03T14:52:32.670279Z INFO  hpde_io Reading ./data/spase_hpde_io/info/STB_L1_LET.pkl
2026-02-03T14:52:32.670448Z INFO  hpde_io Read ./data/spase_hpde_io/info/STB_L1_LET.pkl
2026-02-03T14:52:32.670490Z INFO  hpde_io Reading ./data/spase_hpde_io/info/STB_L1_MAGB_RTN.pkl
2026-02-03T14:52:32.670617Z INFO  hpde_io Read ./data/spase_hpde_io/info/STB_L1_MAGB_RTN.pkl
2026-02-03T14:52:32.670655Z INFO  hpde_io Reading ./data/spase_hpde_io/info/STB_L1_MAGB_SC.pkl
2026-02-03T14:52:32.670779Z INFO  hpde_io Read ./data/spase_hpde_io/info/STB_L1_MAGB_SC.pkl
2026-02-03T14:52:32.670814Z INFO  hpde_io Reading ./data/spase_hpde_io/info/STB_L1_MAG_RTN.pkl
2026-02-03T14:52:32.670924Z INFO  hpde_io Read ./data/spase_hpde_io/info/STB_L1_MAG_RTN.pkl
2026-02-03T14:52:32.670959Z INFO  hpde_io Reading ./data/spase_hpde_io/info/STB_L1_MAG_SC.pkl
2026-02-03T14:52:32.671085Z INFO  hpde_io Read ./data/spase_hpde_io/info/STB_L1_MAG_SC.pkl
2026-02-03T14:52:32.671126Z INFO  hpde_io Reading ./data/spase_hpde_io/info/STB_L1_SEPT.pkl
2026-02-03T14:52:32.671245Z INFO  hpde_io Read ./data/spase_hpde_io/info/STB_L1_SEPT.pkl
2026-02-03T14:52:32.671281Z INFO  hpde_io Reading ./data/spase_hpde_io/info/STB_L1_SIT.pkl
2026-02-03T14:52:32.671401Z INFO  hpde_io Read ./data/spase_hpde_io/info/STB_L1_SIT.pkl
2026-02-03T14:52:32.671445Z INFO  hpde_io Reading ./data/spase_hpde_io/info/STB_L1_STE.pkl
2026-02-03T14:52:32.671557Z INFO  hpde_io Read ./data/spase_hpde_io/info/STB_L1_STE.pkl
2026-02-03T14:52:32.671591Z INFO  hpde_io Reading ./data/spase_hpde_io/info/STB_L1_SWEA_DISB.pkl
2026-02-03T14:52:32.671714Z INFO  hpde_io Read ./data/spase_hpde_io/info/STB_L1_SWEA_DISB.pkl
2026-02-03T14:52:32.671749Z INFO  hpde_io Reading ./data/spase_hpde_io/info/STB_L1_SWEA_DIST.pkl
2026-02-03T14:52:32.671873Z INFO  hpde_io Read ./data/spase_hpde_io/info/STB_L1_SWEA_DIST.pkl
2026-02-03T14:52:32.671918Z INFO  hpde_io Reading ./data/spase_hpde_io/info/STB_L1_SWEA_SPEC.pkl
2026-02-03T14:52:32.672108Z INFO  hpde_io Read ./data/spase_hpde_io/info/STB_L1_SWEA_SPEC.pkl
2026-02-03T14:52:32.672149Z INFO  hpde_io Reading ./data/spase_hpde_io/info/STB_L2_MAGPLASMA_1M.pkl
2026-02-03T14:52:32.672295Z INFO  hpde_io Read ./data/spase_hpde_io/info/STB_L2_MAGPLASMA_1M.pkl
2026-02-03T14:52:32.672330Z INFO  hpde_io Reading ./data/spase_hpde_io/info/STB_L2_PLA_1DMAX_10MIN.pkl
2026-02-03T14:52:32.672470Z INFO  hpde_io Read ./data/spase_hpde_io/info/STB_L2_PLA_1DMAX_10MIN.pkl
2026-02-03T14:52:32.672508Z INFO  hpde_io Reading ./data/spase_hpde_io/info/STB_L2_PLA_1DMAX_1HR.pkl
2026-02-03T14:52:32.672649Z INFO  hpde_io Read ./data/spase_hpde_io/info/STB_L2_PLA_1DMAX_1HR.pkl
2026-02-03T14:52:32.672691Z INFO  hpde_io Reading ./data/spase_hpde_io/info/STB_L2_PLA_1DMAX_1MIN.pkl
2026-02-03T14:52:32.672825Z INFO  hpde_io Read ./data/spase_hpde_io/info/STB_L2_PLA_1DMAX_1MIN.pkl
2026-02-03T14:52:32.672875Z INFO  hpde_io No hpde.io SPASE record for STB_L2_PLA_ALPHA_RA_1DMAX_10MIN.
2026-02-03T14:52:32.672910Z INFO  hpde_io No hpde.io SPASE record for STB_L2_PLA_ALPHA_RA_1DMAX_1HR.
2026-02-03T14:52:32.672939Z INFO  hpde_io Reading ./data/spase_hpde_io/info/STB_L2_PLA_IRON_Q_2HR.pkl
2026-02-03T14:52:32.673060Z INFO  hpde_io Read ./data/spase_hpde_io/info/STB_L2_PLA_IRON_Q_2HR.pkl
2026-02-03T14:52:32.673095Z INFO  hpde_io Reading ./data/spase_hpde_io/info/STB_L2_SWEA_PAD.pkl
2026-02-03T14:52:32.673220Z INFO  hpde_io Read ./data/spase_hpde_io/info/STB_L2_SWEA_PAD.pkl
2026-02-03T14:52:32.673254Z INFO  hpde_io Reading ./data/spase_hpde_io/info/STB_L3_WAV_HFR.pkl
2026-02-03T14:52:32.673428Z INFO  hpde_io Read ./data/spase_hpde_io/info/STB_L3_WAV_HFR.pkl
2026-02-03T14:52:32.673467Z INFO  hpde_io Reading ./data/spase_hpde_io/info/STB_L3_WAV_LFR.pkl
2026-02-03T14:52:32.673601Z INFO  hpde_io Read ./data/spase_hpde_io/info/STB_L3_WAV_LFR.pkl
2026-02-03T14:52:32.673639Z INFO  hpde_io Reading ./data/spase_hpde_io/info/STB_LB_IMPACT.pkl
2026-02-03T14:52:32.673914Z INFO  hpde_io Read ./data/spase_hpde_io/info/STB_LB_IMPACT.pkl
2026-02-03T14:52:32.673954Z INFO  hpde_io Reading ./data/spase_hpde_io/info/STB_LB_PLA_BROWSE.pkl
2026-02-03T14:52:32.674096Z INFO  hpde_io Read ./data/spase_hpde_io/info/STB_LB_PLA_BROWSE.pkl
2026-02-03T14:52:32.674131Z INFO  hpde_io Reading ./data/spase_hpde_io/info/STEREO_LEVEL2_SWAVES.pkl
2026-02-03T14:52:32.674253Z INFO  hpde_io Read ./data/spase_hpde_io/info/STEREO_LEVEL2_SWAVES.pkl
2026-02-03T14:52:32.674294Z INFO  hpde_io No hpde.io SPASE record for STPSAT-6_FALCON_SEED-L1.
2026-02-03T14:52:32.674326Z INFO  hpde_io Reading ./data/spase_hpde_io/info/SUISEI_HELIO1DAY_POSITION.pkl
2026-02-03T14:52:32.674451Z INFO  hpde_io Read ./data/spase_hpde_io/info/SUISEI_HELIO1DAY_POSITION.pkl
2026-02-03T14:52:32.674487Z INFO  hpde_io Reading ./data/spase_hpde_io/info/SUISEI_HELIO1HR_POSITION.pkl
2026-02-03T14:52:32.674610Z INFO  hpde_io Read ./data/spase_hpde_io/info/SUISEI_HELIO1HR_POSITION.pkl
2026-02-03T14:52:32.674654Z INFO  hpde_io Reading ./data/spase_hpde_io/info/SX_K0_30F.pkl
2026-02-03T14:52:32.674764Z INFO  hpde_io Read ./data/spase_hpde_io/info/SX_K0_30F.pkl
2026-02-03T14:52:32.674802Z INFO  hpde_io Reading ./data/spase_hpde_io/info/SX_K0_POF.pkl
2026-02-03T14:52:32.674938Z INFO  hpde_io Read ./data/spase_hpde_io/info/SX_K0_POF.pkl
2026-02-03T14:52:32.674976Z INFO  hpde_io No hpde.io SPASE record for THAPRED_OR_SSC.
2026-02-03T14:52:32.675008Z INFO  hpde_io Reading ./data/spase_hpde_io/info/THA_L1_STATE.pkl
2026-02-03T14:52:32.675160Z INFO  hpde_io Read ./data/spase_hpde_io/info/THA_L1_STATE.pkl
2026-02-03T14:52:32.675209Z INFO  hpde_io Reading ./data/spase_hpde_io/info/THA_L2_EFI.pkl
2026-02-03T14:52:32.675376Z INFO  hpde_io Read ./data/spase_hpde_io/info/THA_L2_EFI.pkl
2026-02-03T14:52:32.675424Z INFO  hpde_io No hpde.io SPASE record for THA_L2_EFP.
2026-02-03T14:52:32.675459Z INFO  hpde_io No hpde.io SPASE record for THA_L2_EFW.
2026-02-03T14:52:32.675494Z INFO  hpde_io Reading ./data/spase_hpde_io/info/THA_L2_ESA.pkl
2026-02-03T14:52:32.675946Z INFO  hpde_io Read ./data/spase_hpde_io/info/THA_L2_ESA.pkl
2026-02-03T14:52:32.675991Z INFO  hpde_io Reading ./data/spase_hpde_io/info/THA_L2_FBK.pkl
2026-02-03T14:52:32.676171Z INFO  hpde_io Read ./data/spase_hpde_io/info/THA_L2_FBK.pkl
2026-02-03T14:52:32.676217Z INFO  hpde_io Reading ./data/spase_hpde_io/info/THA_L2_FFT.pkl
2026-02-03T14:52:32.677597Z INFO  hpde_io Read ./data/spase_hpde_io/info/THA_L2_FFT.pkl
2026-02-03T14:52:32.677640Z INFO  hpde_io Reading ./data/spase_hpde_io/info/THA_L2_FGM.pkl
2026-02-03T14:52:32.677784Z INFO  hpde_io Read ./data/spase_hpde_io/info/THA_L2_FGM.pkl
2026-02-03T14:52:32.677826Z INFO  hpde_io Reading ./data/spase_hpde_io/info/THA_L2_FIT.pkl
2026-02-03T14:52:32.677982Z INFO  hpde_io Read ./data/spase_hpde_io/info/THA_L2_FIT.pkl
2026-02-03T14:52:32.678028Z INFO  hpde_io Reading ./data/spase_hpde_io/info/THA_L2_GMOM.pkl
2026-02-03T14:52:32.678705Z INFO  hpde_io Read ./data/spase_hpde_io/info/THA_L2_GMOM.pkl
2026-02-03T14:52:32.678748Z INFO  hpde_io Reading ./data/spase_hpde_io/info/THA_L2_MOM.pkl
2026-02-03T14:52:32.678917Z INFO  hpde_io Read ./data/spase_hpde_io/info/THA_L2_MOM.pkl
2026-02-03T14:52:32.678961Z INFO  hpde_io Reading ./data/spase_hpde_io/info/THA_L2_SCM.pkl
2026-02-03T14:52:32.679101Z INFO  hpde_io Read ./data/spase_hpde_io/info/THA_L2_SCM.pkl
2026-02-03T14:52:32.679148Z INFO  hpde_io Reading ./data/spase_hpde_io/info/THA_L2_SST.pkl
2026-02-03T14:52:32.679287Z INFO  hpde_io Read ./data/spase_hpde_io/info/THA_L2_SST.pkl
2026-02-03T14:52:32.679321Z INFO  hpde_io Reading ./data/spase_hpde_io/info/THA_OR_SSC.pkl
2026-02-03T14:52:32.679536Z INFO  hpde_io Read ./data/spase_hpde_io/info/THA_OR_SSC.pkl
2026-02-03T14:52:32.679579Z INFO  hpde_io No hpde.io SPASE record for THBPRED_OR_SSC.
2026-02-03T14:52:32.679608Z INFO  hpde_io Reading ./data/spase_hpde_io/info/THB_HELIO1DAY_POSITION.pkl
2026-02-03T14:52:32.679737Z INFO  hpde_io Read ./data/spase_hpde_io/info/THB_HELIO1DAY_POSITION.pkl
2026-02-03T14:52:32.679774Z INFO  hpde_io Reading ./data/spase_hpde_io/info/THB_HELIO1HR_POSITION.pkl
2026-02-03T14:52:32.679900Z INFO  hpde_io Read ./data/spase_hpde_io/info/THB_HELIO1HR_POSITION.pkl
2026-02-03T14:52:32.679938Z INFO  hpde_io Reading ./data/spase_hpde_io/info/THB_L1_STATE.pkl
2026-02-03T14:52:32.680085Z INFO  hpde_io Read ./data/spase_hpde_io/info/THB_L1_STATE.pkl
2026-02-03T14:52:32.680120Z INFO  hpde_io Reading ./data/spase_hpde_io/info/THB_L2_EFI.pkl
2026-02-03T14:52:32.680283Z INFO  hpde_io Read ./data/spase_hpde_io/info/THB_L2_EFI.pkl
2026-02-03T14:52:32.680328Z INFO  hpde_io No hpde.io SPASE record for THB_L2_EFP.
2026-02-03T14:52:32.680365Z INFO  hpde_io No hpde.io SPASE record for THB_L2_EFW.
2026-02-03T14:52:32.680394Z INFO  hpde_io Reading ./data/spase_hpde_io/info/THB_L2_ESA.pkl
2026-02-03T14:52:32.680885Z INFO  hpde_io Read ./data/spase_hpde_io/info/THB_L2_ESA.pkl
2026-02-03T14:52:32.680932Z INFO  hpde_io Reading ./data/spase_hpde_io/info/THB_L2_FBK.pkl
2026-02-03T14:52:32.681106Z INFO  hpde_io Read ./data/spase_hpde_io/info/THB_L2_FBK.pkl
2026-02-03T14:52:32.681153Z INFO  hpde_io Reading ./data/spase_hpde_io/info/THB_L2_FFT.pkl
2026-02-03T14:52:32.682521Z INFO  hpde_io Read ./data/spase_hpde_io/info/THB_L2_FFT.pkl
2026-02-03T14:52:32.682564Z INFO  hpde_io Reading ./data/spase_hpde_io/info/THB_L2_FGM.pkl
2026-02-03T14:52:32.682716Z INFO  hpde_io Read ./data/spase_hpde_io/info/THB_L2_FGM.pkl
2026-02-03T14:52:32.682754Z INFO  hpde_io Reading ./data/spase_hpde_io/info/THB_L2_FIT.pkl
2026-02-03T14:52:32.682908Z INFO  hpde_io Read ./data/spase_hpde_io/info/THB_L2_FIT.pkl
2026-02-03T14:52:32.682946Z INFO  hpde_io Reading ./data/spase_hpde_io/info/THB_L2_GMOM.pkl
2026-02-03T14:52:32.683606Z INFO  hpde_io Read ./data/spase_hpde_io/info/THB_L2_GMOM.pkl
2026-02-03T14:52:32.683648Z INFO  hpde_io Reading ./data/spase_hpde_io/info/THB_L2_MERGED.pkl
2026-02-03T14:52:32.683776Z INFO  hpde_io Read ./data/spase_hpde_io/info/THB_L2_MERGED.pkl
2026-02-03T14:52:32.683815Z INFO  hpde_io Reading ./data/spase_hpde_io/info/THB_L2_MOM.pkl
2026-02-03T14:52:32.683985Z INFO  hpde_io Read ./data/spase_hpde_io/info/THB_L2_MOM.pkl
2026-02-03T14:52:32.684028Z INFO  hpde_io Reading ./data/spase_hpde_io/info/THB_L2_SCM.pkl
2026-02-03T14:52:32.684171Z INFO  hpde_io Read ./data/spase_hpde_io/info/THB_L2_SCM.pkl
2026-02-03T14:52:32.684214Z INFO  hpde_io Reading ./data/spase_hpde_io/info/THB_L2_SST.pkl
2026-02-03T14:52:32.684349Z INFO  hpde_io Read ./data/spase_hpde_io/info/THB_L2_SST.pkl
2026-02-03T14:52:32.684392Z INFO  hpde_io Reading ./data/spase_hpde_io/info/THB_OR_SSC.pkl
2026-02-03T14:52:32.684628Z INFO  hpde_io Read ./data/spase_hpde_io/info/THB_OR_SSC.pkl
2026-02-03T14:52:32.684675Z INFO  hpde_io No hpde.io SPASE record for THCPRED_OR_SSC.
2026-02-03T14:52:32.684707Z INFO  hpde_io Reading ./data/spase_hpde_io/info/THC_HELIO1DAY_POSITION.pkl
2026-02-03T14:52:32.684835Z INFO  hpde_io Read ./data/spase_hpde_io/info/THC_HELIO1DAY_POSITION.pkl
2026-02-03T14:52:32.684875Z INFO  hpde_io Reading ./data/spase_hpde_io/info/THC_HELIO1HR_POSITION.pkl
2026-02-03T14:52:32.684999Z INFO  hpde_io Read ./data/spase_hpde_io/info/THC_HELIO1HR_POSITION.pkl
2026-02-03T14:52:32.685041Z INFO  hpde_io Reading ./data/spase_hpde_io/info/THC_L1_STATE.pkl
2026-02-03T14:52:32.685189Z INFO  hpde_io Read ./data/spase_hpde_io/info/THC_L1_STATE.pkl
2026-02-03T14:52:32.685226Z INFO  hpde_io Reading ./data/spase_hpde_io/info/THC_L2_EFI.pkl
2026-02-03T14:52:32.685381Z INFO  hpde_io Read ./data/spase_hpde_io/info/THC_L2_EFI.pkl
2026-02-03T14:52:32.685422Z INFO  hpde_io No hpde.io SPASE record for THC_L2_EFP.
2026-02-03T14:52:32.685455Z INFO  hpde_io No hpde.io SPASE record for THC_L2_EFW.
2026-02-03T14:52:32.685485Z INFO  hpde_io Reading ./data/spase_hpde_io/info/THC_L2_ESA.pkl
2026-02-03T14:52:32.686437Z INFO  hpde_io Read ./data/spase_hpde_io/info/THC_L2_ESA.pkl
2026-02-03T14:52:32.686476Z INFO  hpde_io Reading ./data/spase_hpde_io/info/THC_L2_FBK.pkl
2026-02-03T14:52:32.686647Z INFO  hpde_io Read ./data/spase_hpde_io/info/THC_L2_FBK.pkl
2026-02-03T14:52:32.686686Z INFO  hpde_io Reading ./data/spase_hpde_io/info/THC_L2_FFT.pkl
2026-02-03T14:52:32.688019Z INFO  hpde_io Read ./data/spase_hpde_io/info/THC_L2_FFT.pkl
2026-02-03T14:52:32.688059Z INFO  hpde_io Reading ./data/spase_hpde_io/info/THC_L2_FGM.pkl
2026-02-03T14:52:32.688204Z INFO  hpde_io Read ./data/spase_hpde_io/info/THC_L2_FGM.pkl
2026-02-03T14:52:32.688245Z INFO  hpde_io Reading ./data/spase_hpde_io/info/THC_L2_FIT.pkl
2026-02-03T14:52:32.688403Z INFO  hpde_io Read ./data/spase_hpde_io/info/THC_L2_FIT.pkl
2026-02-03T14:52:32.688440Z INFO  hpde_io Reading ./data/spase_hpde_io/info/THC_L2_GMOM.pkl
2026-02-03T14:52:32.689107Z INFO  hpde_io Read ./data/spase_hpde_io/info/THC_L2_GMOM.pkl
2026-02-03T14:52:32.689153Z INFO  hpde_io Reading ./data/spase_hpde_io/info/THC_L2_MERGED.pkl
2026-02-03T14:52:32.689287Z INFO  hpde_io Read ./data/spase_hpde_io/info/THC_L2_MERGED.pkl
2026-02-03T14:52:32.689333Z INFO  hpde_io Reading ./data/spase_hpde_io/info/THC_L2_MOM.pkl
2026-02-03T14:52:32.689511Z INFO  hpde_io Read ./data/spase_hpde_io/info/THC_L2_MOM.pkl
2026-02-03T14:52:32.689556Z INFO  hpde_io Reading ./data/spase_hpde_io/info/THC_L2_SCM.pkl
2026-02-03T14:52:32.689694Z INFO  hpde_io Read ./data/spase_hpde_io/info/THC_L2_SCM.pkl
2026-02-03T14:52:32.689739Z INFO  hpde_io Reading ./data/spase_hpde_io/info/THC_L2_SST.pkl
2026-02-03T14:52:32.689877Z INFO  hpde_io Read ./data/spase_hpde_io/info/THC_L2_SST.pkl
2026-02-03T14:52:32.689924Z INFO  hpde_io Reading ./data/spase_hpde_io/info/THC_OR_SSC.pkl
2026-02-03T14:52:32.690153Z INFO  hpde_io Read ./data/spase_hpde_io/info/THC_OR_SSC.pkl
2026-02-03T14:52:32.690205Z INFO  hpde_io No hpde.io SPASE record for THDPRED_OR_SSC.
2026-02-03T14:52:32.690234Z INFO  hpde_io Reading ./data/spase_hpde_io/info/THD_L1_STATE.pkl
2026-02-03T14:52:32.690395Z INFO  hpde_io Read ./data/spase_hpde_io/info/THD_L1_STATE.pkl
2026-02-03T14:52:32.690439Z INFO  hpde_io Reading ./data/spase_hpde_io/info/THD_L2_EFI.pkl
2026-02-03T14:52:32.690607Z INFO  hpde_io Read ./data/spase_hpde_io/info/THD_L2_EFI.pkl
2026-02-03T14:52:32.690661Z INFO  hpde_io No hpde.io SPASE record for THD_L2_EFP.
2026-02-03T14:52:32.690696Z INFO  hpde_io No hpde.io SPASE record for THD_L2_EFW.
2026-02-03T14:52:32.690726Z INFO  hpde_io Reading ./data/spase_hpde_io/info/THD_L2_ESA.pkl
2026-02-03T14:52:32.691171Z INFO  hpde_io Read ./data/spase_hpde_io/info/THD_L2_ESA.pkl
2026-02-03T14:52:32.691210Z INFO  hpde_io Reading ./data/spase_hpde_io/info/THD_L2_FBK.pkl
2026-02-03T14:52:32.691404Z INFO  hpde_io Read ./data/spase_hpde_io/info/THD_L2_FBK.pkl
2026-02-03T14:52:32.691440Z INFO  hpde_io Reading ./data/spase_hpde_io/info/THD_L2_FFT.pkl
2026-02-03T14:52:32.692818Z INFO  hpde_io Read ./data/spase_hpde_io/info/THD_L2_FFT.pkl
2026-02-03T14:52:32.692860Z INFO  hpde_io Reading ./data/spase_hpde_io/info/THD_L2_FGM.pkl
2026-02-03T14:52:32.693007Z INFO  hpde_io Read ./data/spase_hpde_io/info/THD_L2_FGM.pkl
2026-02-03T14:52:32.693056Z INFO  hpde_io Reading ./data/spase_hpde_io/info/THD_L2_FIT.pkl
2026-02-03T14:52:32.693212Z INFO  hpde_io Read ./data/spase_hpde_io/info/THD_L2_FIT.pkl
2026-02-03T14:52:32.693252Z INFO  hpde_io Reading ./data/spase_hpde_io/info/THD_L2_GMOM.pkl
2026-02-03T14:52:32.693895Z INFO  hpde_io Read ./data/spase_hpde_io/info/THD_L2_GMOM.pkl
2026-02-03T14:52:32.693935Z INFO  hpde_io Reading ./data/spase_hpde_io/info/THD_L2_MOM.pkl
2026-02-03T14:52:32.694112Z INFO  hpde_io Read ./data/spase_hpde_io/info/THD_L2_MOM.pkl
2026-02-03T14:52:32.694150Z INFO  hpde_io Reading ./data/spase_hpde_io/info/THD_L2_SCM.pkl
2026-02-03T14:52:32.694287Z INFO  hpde_io Read ./data/spase_hpde_io/info/THD_L2_SCM.pkl
2026-02-03T14:52:32.694325Z INFO  hpde_io Reading ./data/spase_hpde_io/info/THD_L2_SST.pkl
2026-02-03T14:52:32.694465Z INFO  hpde_io Read ./data/spase_hpde_io/info/THD_L2_SST.pkl
2026-02-03T14:52:32.694505Z INFO  hpde_io Reading ./data/spase_hpde_io/info/THD_OR_SSC.pkl
2026-02-03T14:52:32.694701Z INFO  hpde_io Read ./data/spase_hpde_io/info/THD_OR_SSC.pkl
2026-02-03T14:52:32.694742Z INFO  hpde_io No hpde.io SPASE record for THEPRED_OR_SSC.
2026-02-03T14:52:32.694770Z INFO  hpde_io Reading ./data/spase_hpde_io/info/THE_L1_STATE.pkl
2026-02-03T14:52:32.694917Z INFO  hpde_io Read ./data/spase_hpde_io/info/THE_L1_STATE.pkl
2026-02-03T14:52:32.694958Z INFO  hpde_io Reading ./data/spase_hpde_io/info/THE_L2_EFI.pkl
2026-02-03T14:52:32.695114Z INFO  hpde_io Read ./data/spase_hpde_io/info/THE_L2_EFI.pkl
2026-02-03T14:52:32.695157Z INFO  hpde_io No hpde.io SPASE record for THE_L2_EFP.
2026-02-03T14:52:32.695190Z INFO  hpde_io No hpde.io SPASE record for THE_L2_EFW.
2026-02-03T14:52:32.695220Z INFO  hpde_io Reading ./data/spase_hpde_io/info/THE_L2_ESA.pkl
2026-02-03T14:52:32.695643Z INFO  hpde_io Read ./data/spase_hpde_io/info/THE_L2_ESA.pkl
2026-02-03T14:52:32.695680Z INFO  hpde_io Reading ./data/spase_hpde_io/info/THE_L2_FBK.pkl
2026-02-03T14:52:32.695852Z INFO  hpde_io Read ./data/spase_hpde_io/info/THE_L2_FBK.pkl
2026-02-03T14:52:32.695890Z INFO  hpde_io Reading ./data/spase_hpde_io/info/THE_L2_FFT.pkl
2026-02-03T14:52:32.697548Z INFO  hpde_io Read ./data/spase_hpde_io/info/THE_L2_FFT.pkl
2026-02-03T14:52:32.697586Z INFO  hpde_io Reading ./data/spase_hpde_io/info/THE_L2_FGM.pkl
2026-02-03T14:52:32.697729Z INFO  hpde_io Read ./data/spase_hpde_io/info/THE_L2_FGM.pkl
2026-02-03T14:52:32.697766Z INFO  hpde_io Reading ./data/spase_hpde_io/info/THE_L2_FIT.pkl
2026-02-03T14:52:32.697934Z INFO  hpde_io Read ./data/spase_hpde_io/info/THE_L2_FIT.pkl
2026-02-03T14:52:32.697972Z INFO  hpde_io Reading ./data/spase_hpde_io/info/THE_L2_GMOM.pkl
2026-02-03T14:52:32.698616Z INFO  hpde_io Read ./data/spase_hpde_io/info/THE_L2_GMOM.pkl
2026-02-03T14:52:32.698667Z INFO  hpde_io Reading ./data/spase_hpde_io/info/THE_L2_MOM.pkl
2026-02-03T14:52:32.698839Z INFO  hpde_io Read ./data/spase_hpde_io/info/THE_L2_MOM.pkl
2026-02-03T14:52:32.698883Z INFO  hpde_io Reading ./data/spase_hpde_io/info/THE_L2_SCM.pkl
2026-02-03T14:52:32.699034Z INFO  hpde_io Read ./data/spase_hpde_io/info/THE_L2_SCM.pkl
2026-02-03T14:52:32.699078Z INFO  hpde_io Reading ./data/spase_hpde_io/info/THE_L2_SST.pkl
2026-02-03T14:52:32.699220Z INFO  hpde_io Read ./data/spase_hpde_io/info/THE_L2_SST.pkl
2026-02-03T14:52:32.699261Z INFO  hpde_io Reading ./data/spase_hpde_io/info/THE_OR_SSC.pkl
2026-02-03T14:52:32.699463Z INFO  hpde_io Read ./data/spase_hpde_io/info/THE_OR_SSC.pkl
2026-02-03T14:52:32.699503Z INFO  hpde_io Reading ./data/spase_hpde_io/info/THG_L1_ASK.pkl
2026-02-03T14:52:32.701540Z INFO  hpde_io Read ./data/spase_hpde_io/info/THG_L1_ASK.pkl
2026-02-03T14:52:32.701606Z INFO  hpde_io No hpde.io SPASE record for THG_L2_MAG_ABK.
2026-02-03T14:52:32.701660Z INFO  hpde_io Reading ./data/spase_hpde_io/info/THG_L2_MAG_AKUL.pkl
2026-02-03T14:52:32.701791Z INFO  hpde_io Read ./data/spase_hpde_io/info/THG_L2_MAG_AKUL.pkl
2026-02-03T14:52:32.701847Z INFO  hpde_io Reading ./data/spase_hpde_io/info/THG_L2_MAG_AMD.pkl
2026-02-03T14:52:32.701975Z INFO  hpde_io Read ./data/spase_hpde_io/info/THG_L2_MAG_AMD.pkl
2026-02-03T14:52:32.702025Z INFO  hpde_io Reading ./data/spase_hpde_io/info/THG_L2_MAG_AMER.pkl
2026-02-03T14:52:32.702157Z INFO  hpde_io Read ./data/spase_hpde_io/info/THG_L2_MAG_AMER.pkl
2026-02-03T14:52:32.702206Z INFO  hpde_io Reading ./data/spase_hpde_io/info/THG_L2_MAG_AMK.pkl
2026-02-03T14:52:32.702343Z INFO  hpde_io Read ./data/spase_hpde_io/info/THG_L2_MAG_AMK.pkl
2026-02-03T14:52:32.702388Z INFO  hpde_io Reading ./data/spase_hpde_io/info/THG_L2_MAG_AND.pkl
2026-02-03T14:52:32.702516Z INFO  hpde_io Read ./data/spase_hpde_io/info/THG_L2_MAG_AND.pkl
2026-02-03T14:52:32.702558Z INFO  hpde_io Reading ./data/spase_hpde_io/info/THG_L2_MAG_ARCT.pkl
2026-02-03T14:52:32.702679Z INFO  hpde_io Read ./data/spase_hpde_io/info/THG_L2_MAG_ARCT.pkl
2026-02-03T14:52:32.702725Z INFO  hpde_io Reading ./data/spase_hpde_io/info/THG_L2_MAG_ATHA.pkl
2026-02-03T14:52:32.702857Z INFO  hpde_io Read ./data/spase_hpde_io/info/THG_L2_MAG_ATHA.pkl
2026-02-03T14:52:32.702908Z INFO  hpde_io Reading ./data/spase_hpde_io/info/THG_L2_MAG_ATU.pkl
2026-02-03T14:52:32.703046Z INFO  hpde_io Read ./data/spase_hpde_io/info/THG_L2_MAG_ATU.pkl
2026-02-03T14:52:32.703088Z INFO  hpde_io Reading ./data/spase_hpde_io/info/THG_L2_MAG_BBG.pkl
2026-02-03T14:52:32.703206Z INFO  hpde_io Read ./data/spase_hpde_io/info/THG_L2_MAG_BBG.pkl
2026-02-03T14:52:32.703246Z INFO  hpde_io Reading ./data/spase_hpde_io/info/THG_L2_MAG_BENN.pkl
2026-02-03T14:52:32.703370Z INFO  hpde_io Read ./data/spase_hpde_io/info/THG_L2_MAG_BENN.pkl
2026-02-03T14:52:32.703410Z INFO  hpde_io Reading ./data/spase_hpde_io/info/THG_L2_MAG_BETT.pkl
2026-02-03T14:52:32.703537Z INFO  hpde_io Read ./data/spase_hpde_io/info/THG_L2_MAG_BETT.pkl
2026-02-03T14:52:32.703579Z INFO  hpde_io Reading ./data/spase_hpde_io/info/THG_L2_MAG_BFE.pkl
2026-02-03T14:52:32.703732Z INFO  hpde_io Read ./data/spase_hpde_io/info/THG_L2_MAG_BFE.pkl
2026-02-03T14:52:32.703772Z INFO  hpde_io Reading ./data/spase_hpde_io/info/THG_L2_MAG_BJN.pkl
2026-02-03T14:52:32.703891Z INFO  hpde_io Read ./data/spase_hpde_io/info/THG_L2_MAG_BJN.pkl
2026-02-03T14:52:32.703930Z INFO  hpde_io Reading ./data/spase_hpde_io/info/THG_L2_MAG_BLC.pkl
2026-02-03T14:52:32.704050Z INFO  hpde_io Read ./data/spase_hpde_io/info/THG_L2_MAG_BLC.pkl
2026-02-03T14:52:32.704094Z INFO  hpde_io Reading ./data/spase_hpde_io/info/THG_L2_MAG_BMLS.pkl
2026-02-03T14:52:32.704212Z INFO  hpde_io Read ./data/spase_hpde_io/info/THG_L2_MAG_BMLS.pkl
2026-02-03T14:52:32.704252Z INFO  hpde_io Reading ./data/spase_hpde_io/info/THG_L2_MAG_BOU.pkl
2026-02-03T14:52:32.704374Z INFO  hpde_io Read ./data/spase_hpde_io/info/THG_L2_MAG_BOU.pkl
2026-02-03T14:52:32.704421Z INFO  hpde_io Reading ./data/spase_hpde_io/info/THG_L2_MAG_BRN.pkl
2026-02-03T14:52:32.704539Z INFO  hpde_io Read ./data/spase_hpde_io/info/THG_L2_MAG_BRN.pkl
2026-02-03T14:52:32.704595Z INFO  hpde_io Reading ./data/spase_hpde_io/info/THG_L2_MAG_BRW.pkl
2026-02-03T14:52:32.704723Z INFO  hpde_io Read ./data/spase_hpde_io/info/THG_L2_MAG_BRW.pkl
2026-02-03T14:52:32.704761Z INFO  hpde_io Reading ./data/spase_hpde_io/info/THG_L2_MAG_BSL.pkl
2026-02-03T14:52:32.704884Z INFO  hpde_io Read ./data/spase_hpde_io/info/THG_L2_MAG_BSL.pkl
2026-02-03T14:52:32.704922Z INFO  hpde_io Reading ./data/spase_hpde_io/info/THG_L2_MAG_CBB.pkl
2026-02-03T14:52:32.705046Z INFO  hpde_io Read ./data/spase_hpde_io/info/THG_L2_MAG_CBB.pkl
2026-02-03T14:52:32.705090Z INFO  hpde_io Reading ./data/spase_hpde_io/info/THG_L2_MAG_CCNV.pkl
2026-02-03T14:52:32.705221Z INFO  hpde_io Read ./data/spase_hpde_io/info/THG_L2_MAG_CCNV.pkl
2026-02-03T14:52:32.705265Z INFO  hpde_io Reading ./data/spase_hpde_io/info/THG_L2_MAG_CDRT.pkl
2026-02-03T14:52:32.705393Z INFO  hpde_io Read ./data/spase_hpde_io/info/THG_L2_MAG_CDRT.pkl
2026-02-03T14:52:32.705436Z INFO  hpde_io Reading ./data/spase_hpde_io/info/THG_L2_MAG_CHBG.pkl
2026-02-03T14:52:32.705555Z INFO  hpde_io Read ./data/spase_hpde_io/info/THG_L2_MAG_CHBG.pkl
2026-02-03T14:52:32.705593Z INFO  hpde_io Reading ./data/spase_hpde_io/info/THG_L2_MAG_CHBR.pkl
2026-02-03T14:52:32.705738Z INFO  hpde_io Read ./data/spase_hpde_io/info/THG_L2_MAG_CHBR.pkl
2026-02-03T14:52:32.705778Z INFO  hpde_io Reading ./data/spase_hpde_io/info/THG_L2_MAG_CIGO.pkl
2026-02-03T14:52:32.705896Z INFO  hpde_io Read ./data/spase_hpde_io/info/THG_L2_MAG_CIGO.pkl
2026-02-03T14:52:32.705937Z INFO  hpde_io Reading ./data/spase_hpde_io/info/THG_L2_MAG_CMO.pkl
2026-02-03T14:52:32.706057Z INFO  hpde_io Read ./data/spase_hpde_io/info/THG_L2_MAG_CMO.pkl
2026-02-03T14:52:32.706104Z INFO  hpde_io No hpde.io SPASE record for THG_L2_MAG_COL.
2026-02-03T14:52:32.706136Z INFO  hpde_io Reading ./data/spase_hpde_io/info/THG_L2_MAG_CRVR.pkl
2026-02-03T14:52:32.706257Z INFO  hpde_io Read ./data/spase_hpde_io/info/THG_L2_MAG_CRVR.pkl
2026-02-03T14:52:32.706309Z INFO  hpde_io No hpde.io SPASE record for THG_L2_MAG_DAT.
2026-02-03T14:52:32.706346Z INFO  hpde_io No hpde.io SPASE record for THG_L2_MAG_DBO.
2026-02-03T14:52:32.706381Z INFO  hpde_io No hpde.io SPASE record for THG_L2_MAG_DCT.
2026-02-03T14:52:32.706412Z INFO  hpde_io Reading ./data/spase_hpde_io/info/THG_L2_MAG_DED.pkl
2026-02-03T14:52:32.706537Z INFO  hpde_io Read ./data/spase_hpde_io/info/THG_L2_MAG_DED.pkl
2026-02-03T14:52:32.706584Z INFO  hpde_io No hpde.io SPASE record for THG_L2_MAG_DHE.
2026-02-03T14:52:32.706616Z INFO  hpde_io Reading ./data/spase_hpde_io/info/THG_L2_MAG_DIK.pkl
2026-02-03T14:52:32.706742Z INFO  hpde_io Read ./data/spase_hpde_io/info/THG_L2_MAG_DIK.pkl
2026-02-03T14:52:32.706792Z INFO  hpde_io No hpde.io SPASE record for THG_L2_MAG_DMA.
2026-02-03T14:52:32.706830Z INFO  hpde_io No hpde.io SPASE record for THG_L2_MAG_DME.
2026-02-03T14:52:32.706860Z INFO  hpde_io Reading ./data/spase_hpde_io/info/THG_L2_MAG_DMH.pkl
2026-02-03T14:52:32.706985Z INFO  hpde_io Read ./data/spase_hpde_io/info/THG_L2_MAG_DMH.pkl
2026-02-03T14:52:32.707029Z INFO  hpde_io No hpde.io SPASE record for THG_L2_MAG_DMO.
2026-02-03T14:52:32.707056Z INFO  hpde_io Reading ./data/spase_hpde_io/info/THG_L2_MAG_DNB.pkl
2026-02-03T14:52:32.707187Z INFO  hpde_io Read ./data/spase_hpde_io/info/THG_L2_MAG_DNB.pkl
2026-02-03T14:52:32.707231Z INFO  hpde_io Reading ./data/spase_hpde_io/info/THG_L2_MAG_DOB.pkl
2026-02-03T14:52:32.707351Z INFO  hpde_io Read ./data/spase_hpde_io/info/THG_L2_MAG_DOB.pkl
2026-02-03T14:52:32.707394Z INFO  hpde_io No hpde.io SPASE record for THG_L2_MAG_DOH.
2026-02-03T14:52:32.707421Z INFO  hpde_io Reading ./data/spase_hpde_io/info/THG_L2_MAG_DON.pkl
2026-02-03T14:52:32.707561Z INFO  hpde_io Read ./data/spase_hpde_io/info/THG_L2_MAG_DON.pkl
2026-02-03T14:52:32.707599Z INFO  hpde_io Reading ./data/spase_hpde_io/info/THG_L2_MAG_DRBY.pkl
2026-02-03T14:52:32.707736Z INFO  hpde_io Read ./data/spase_hpde_io/info/THG_L2_MAG_DRBY.pkl
2026-02-03T14:52:32.707782Z INFO  hpde_io No hpde.io SPASE record for THG_L2_MAG_DSH.
2026-02-03T14:52:32.707817Z INFO  hpde_io No hpde.io SPASE record for THG_L2_MAG_DTX.
2026-02-03T14:52:32.707852Z INFO  hpde_io No hpde.io SPASE record for THG_L2_MAG_DVA.
2026-02-03T14:52:32.707881Z INFO  hpde_io Reading ./data/spase_hpde_io/info/THG_L2_MAG_EAGL.pkl
2026-02-03T14:52:32.708012Z INFO  hpde_io Read ./data/spase_hpde_io/info/THG_L2_MAG_EAGL.pkl
2026-02-03T14:52:32.708054Z INFO  hpde_io Reading ./data/spase_hpde_io/info/THG_L2_MAG_EKAT.pkl
2026-02-03T14:52:32.708172Z INFO  hpde_io Read ./data/spase_hpde_io/info/THG_L2_MAG_EKAT.pkl
2026-02-03T14:52:32.708211Z INFO  hpde_io Reading ./data/spase_hpde_io/info/THG_L2_MAG_FCC.pkl
2026-02-03T14:52:32.708330Z INFO  hpde_io Read ./data/spase_hpde_io/info/THG_L2_MAG_FCC.pkl
2026-02-03T14:52:32.708375Z INFO  hpde_io Reading ./data/spase_hpde_io/info/THG_L2_MAG_FHB.pkl
2026-02-03T14:52:32.708507Z INFO  hpde_io Read ./data/spase_hpde_io/info/THG_L2_MAG_FHB.pkl
2026-02-03T14:52:32.708548Z INFO  hpde_io Reading ./data/spase_hpde_io/info/THG_L2_MAG_FRD.pkl
2026-02-03T14:52:32.708700Z INFO  hpde_io Read ./data/spase_hpde_io/info/THG_L2_MAG_FRD.pkl
2026-02-03T14:52:32.708744Z INFO  hpde_io Reading ./data/spase_hpde_io/info/THG_L2_MAG_FRN.pkl
2026-02-03T14:52:32.708865Z INFO  hpde_io Read ./data/spase_hpde_io/info/THG_L2_MAG_FRN.pkl
2026-02-03T14:52:32.708911Z INFO  hpde_io Reading ./data/spase_hpde_io/info/THG_L2_MAG_FSIM.pkl
2026-02-03T14:52:32.709029Z INFO  hpde_io Read ./data/spase_hpde_io/info/THG_L2_MAG_FSIM.pkl
2026-02-03T14:52:32.709075Z INFO  hpde_io Reading ./data/spase_hpde_io/info/THG_L2_MAG_FSJ.pkl
2026-02-03T14:52:32.709197Z INFO  hpde_io Read ./data/spase_hpde_io/info/THG_L2_MAG_FSJ.pkl
2026-02-03T14:52:32.709235Z INFO  hpde_io Reading ./data/spase_hpde_io/info/THG_L2_MAG_FSMI.pkl
2026-02-03T14:52:32.709361Z INFO  hpde_io Read ./data/spase_hpde_io/info/THG_L2_MAG_FSMI.pkl
2026-02-03T14:52:32.709402Z INFO  hpde_io Reading ./data/spase_hpde_io/info/THG_L2_MAG_FTN.pkl
2026-02-03T14:52:32.709531Z INFO  hpde_io Read ./data/spase_hpde_io/info/THG_L2_MAG_FTN.pkl
2026-02-03T14:52:32.709571Z INFO  hpde_io Reading ./data/spase_hpde_io/info/THG_L2_MAG_FYKN.pkl
2026-02-03T14:52:32.709700Z INFO  hpde_io Read ./data/spase_hpde_io/info/THG_L2_MAG_FYKN.pkl
2026-02-03T14:52:32.709745Z INFO  hpde_io Reading ./data/spase_hpde_io/info/THG_L2_MAG_FYTS.pkl
2026-02-03T14:52:32.709872Z INFO  hpde_io Read ./data/spase_hpde_io/info/THG_L2_MAG_FYTS.pkl
2026-02-03T14:52:32.709909Z INFO  hpde_io Reading ./data/spase_hpde_io/info/THG_L2_MAG_GAKO.pkl
2026-02-03T14:52:32.710028Z INFO  hpde_io Read ./data/spase_hpde_io/info/THG_L2_MAG_GAKO.pkl
2026-02-03T14:52:32.710067Z INFO  hpde_io Reading ./data/spase_hpde_io/info/THG_L2_MAG_GBAY.pkl
2026-02-03T14:52:32.710186Z INFO  hpde_io Read ./data/spase_hpde_io/info/THG_L2_MAG_GBAY.pkl
2026-02-03T14:52:32.710225Z INFO  hpde_io Reading ./data/spase_hpde_io/info/THG_L2_MAG_GDH.pkl
2026-02-03T14:52:32.710344Z INFO  hpde_io Read ./data/spase_hpde_io/info/THG_L2_MAG_GDH.pkl
2026-02-03T14:52:32.710383Z INFO  hpde_io Reading ./data/spase_hpde_io/info/THG_L2_MAG_GHB.pkl
2026-02-03T14:52:32.710506Z INFO  hpde_io Read ./data/spase_hpde_io/info/THG_L2_MAG_GHB.pkl
2026-02-03T14:52:32.710541Z INFO  hpde_io Reading ./data/spase_hpde_io/info/THG_L2_MAG_GILL.pkl
2026-02-03T14:52:32.710692Z INFO  hpde_io Read ./data/spase_hpde_io/info/THG_L2_MAG_GILL.pkl
2026-02-03T14:52:32.710725Z INFO  hpde_io Reading ./data/spase_hpde_io/info/THG_L2_MAG_GJOA.pkl
2026-02-03T14:52:32.710851Z INFO  hpde_io Read ./data/spase_hpde_io/info/THG_L2_MAG_GJOA.pkl
2026-02-03T14:52:32.710893Z INFO  hpde_io Reading ./data/spase_hpde_io/info/THG_L2_MAG_GLYN.pkl
2026-02-03T14:52:32.711011Z INFO  hpde_io Read ./data/spase_hpde_io/info/THG_L2_MAG_GLYN.pkl
2026-02-03T14:52:32.711048Z INFO  hpde_io Reading ./data/spase_hpde_io/info/THG_L2_MAG_GUA.pkl
2026-02-03T14:52:32.711165Z INFO  hpde_io Read ./data/spase_hpde_io/info/THG_L2_MAG_GUA.pkl
2026-02-03T14:52:32.711202Z INFO  hpde_io Reading ./data/spase_hpde_io/info/THG_L2_MAG_HAN.pkl
2026-02-03T14:52:32.711320Z INFO  hpde_io Read ./data/spase_hpde_io/info/THG_L2_MAG_HAN.pkl
2026-02-03T14:52:32.711363Z INFO  hpde_io Reading ./data/spase_hpde_io/info/THG_L2_MAG_HLMS.pkl
2026-02-03T14:52:32.711482Z INFO  hpde_io Read ./data/spase_hpde_io/info/THG_L2_MAG_HLMS.pkl
2026-02-03T14:52:32.711520Z INFO  hpde_io Reading ./data/spase_hpde_io/info/THG_L2_MAG_HOMR.pkl
2026-02-03T14:52:32.711639Z INFO  hpde_io Read ./data/spase_hpde_io/info/THG_L2_MAG_HOMR.pkl
2026-02-03T14:52:32.711686Z INFO  hpde_io Reading ./data/spase_hpde_io/info/THG_L2_MAG_HON.pkl
2026-02-03T14:52:32.711808Z INFO  hpde_io Read ./data/spase_hpde_io/info/THG_L2_MAG_HON.pkl
2026-02-03T14:52:32.711850Z INFO  hpde_io Reading ./data/spase_hpde_io/info/THG_L2_MAG_HOP.pkl
2026-02-03T14:52:32.711976Z INFO  hpde_io Read ./data/spase_hpde_io/info/THG_L2_MAG_HOP.pkl
2026-02-03T14:52:32.712020Z INFO  hpde_io Reading ./data/spase_hpde_io/info/THG_L2_MAG_HOTS.pkl
2026-02-03T14:52:32.712141Z INFO  hpde_io Read ./data/spase_hpde_io/info/THG_L2_MAG_HOTS.pkl
2026-02-03T14:52:32.712180Z INFO  hpde_io Reading ./data/spase_hpde_io/info/THG_L2_MAG_HOV.pkl
2026-02-03T14:52:32.712297Z INFO  hpde_io Read ./data/spase_hpde_io/info/THG_L2_MAG_HOV.pkl
2026-02-03T14:52:32.712335Z INFO  hpde_io Reading ./data/spase_hpde_io/info/THG_L2_MAG_HRIS.pkl
2026-02-03T14:52:32.712454Z INFO  hpde_io Read ./data/spase_hpde_io/info/THG_L2_MAG_HRIS.pkl
2026-02-03T14:52:32.712488Z INFO  hpde_io Reading ./data/spase_hpde_io/info/THG_L2_MAG_HRP.pkl
2026-02-03T14:52:32.712620Z INFO  hpde_io Read ./data/spase_hpde_io/info/THG_L2_MAG_HRP.pkl
2026-02-03T14:52:32.712658Z INFO  hpde_io Reading ./data/spase_hpde_io/info/THG_L2_MAG_IGLO.pkl
2026-02-03T14:52:32.712784Z INFO  hpde_io Read ./data/spase_hpde_io/info/THG_L2_MAG_IGLO.pkl
2026-02-03T14:52:32.712846Z INFO  hpde_io Reading ./data/spase_hpde_io/info/THG_L2_MAG_INUK.pkl
2026-02-03T14:52:32.712967Z INFO  hpde_io Read ./data/spase_hpde_io/info/THG_L2_MAG_INUK.pkl
2026-02-03T14:52:32.713007Z INFO  hpde_io Reading ./data/spase_hpde_io/info/THG_L2_MAG_INUV.pkl
2026-02-03T14:52:32.713138Z INFO  hpde_io Read ./data/spase_hpde_io/info/THG_L2_MAG_INUV.pkl
2026-02-03T14:52:32.713178Z INFO  hpde_io Reading ./data/spase_hpde_io/info/THG_L2_MAG_IQA.pkl
2026-02-03T14:52:32.713291Z INFO  hpde_io Read ./data/spase_hpde_io/info/THG_L2_MAG_IQA.pkl
2026-02-03T14:52:32.713331Z INFO  hpde_io Reading ./data/spase_hpde_io/info/THG_L2_MAG_IVA.pkl
2026-02-03T14:52:32.713448Z INFO  hpde_io Read ./data/spase_hpde_io/info/THG_L2_MAG_IVA.pkl
2026-02-03T14:52:32.713489Z INFO  hpde_io Reading ./data/spase_hpde_io/info/THG_L2_MAG_JAN.pkl
2026-02-03T14:52:32.713611Z INFO  hpde_io Read ./data/spase_hpde_io/info/THG_L2_MAG_JAN.pkl
2026-02-03T14:52:32.713651Z INFO  hpde_io Reading ./data/spase_hpde_io/info/THG_L2_MAG_JCK.pkl
2026-02-03T14:52:32.713769Z INFO  hpde_io Read ./data/spase_hpde_io/info/THG_L2_MAG_JCK.pkl
2026-02-03T14:52:32.713808Z INFO  hpde_io Reading ./data/spase_hpde_io/info/THG_L2_MAG_KAKO.pkl
2026-02-03T14:52:32.713934Z INFO  hpde_io Read ./data/spase_hpde_io/info/THG_L2_MAG_KAKO.pkl
2026-02-03T14:52:32.713972Z INFO  hpde_io Reading ./data/spase_hpde_io/info/THG_L2_MAG_KAPU.pkl
2026-02-03T14:52:32.714099Z INFO  hpde_io Read ./data/spase_hpde_io/info/THG_L2_MAG_KAPU.pkl
2026-02-03T14:52:32.714143Z INFO  hpde_io Reading ./data/spase_hpde_io/info/THG_L2_MAG_KAR.pkl
2026-02-03T14:52:32.714281Z INFO  hpde_io Read ./data/spase_hpde_io/info/THG_L2_MAG_KAR.pkl
2026-02-03T14:52:32.714316Z INFO  hpde_io Reading ./data/spase_hpde_io/info/THG_L2_MAG_KENA.pkl
2026-02-03T14:52:32.714434Z INFO  hpde_io Read ./data/spase_hpde_io/info/THG_L2_MAG_KENA.pkl
2026-02-03T14:52:32.714474Z INFO  hpde_io Reading ./data/spase_hpde_io/info/THG_L2_MAG_KEV.pkl
2026-02-03T14:52:32.714618Z INFO  hpde_io Read ./data/spase_hpde_io/info/THG_L2_MAG_KEV.pkl
2026-02-03T14:52:32.714656Z INFO  hpde_io Reading ./data/spase_hpde_io/info/THG_L2_MAG_KIAN.pkl
2026-02-03T14:52:32.714774Z INFO  hpde_io Read ./data/spase_hpde_io/info/THG_L2_MAG_KIAN.pkl
2026-02-03T14:52:32.714811Z INFO  hpde_io Reading ./data/spase_hpde_io/info/THG_L2_MAG_KIL.pkl
2026-02-03T14:52:32.714930Z INFO  hpde_io Read ./data/spase_hpde_io/info/THG_L2_MAG_KIL.pkl
2026-02-03T14:52:32.714970Z INFO  hpde_io Reading ./data/spase_hpde_io/info/THG_L2_MAG_KJPK.pkl
2026-02-03T14:52:32.715094Z INFO  hpde_io Read ./data/spase_hpde_io/info/THG_L2_MAG_KJPK.pkl
2026-02-03T14:52:32.715144Z INFO  hpde_io Reading ./data/spase_hpde_io/info/THG_L2_MAG_KODK.pkl
2026-02-03T14:52:32.715272Z INFO  hpde_io Read ./data/spase_hpde_io/info/THG_L2_MAG_KODK.pkl
2026-02-03T14:52:32.715310Z INFO  hpde_io Reading ./data/spase_hpde_io/info/THG_L2_MAG_KUUJ.pkl
2026-02-03T14:52:32.715438Z INFO  hpde_io Read ./data/spase_hpde_io/info/THG_L2_MAG_KUUJ.pkl
2026-02-03T14:52:32.715486Z INFO  hpde_io Reading ./data/spase_hpde_io/info/THG_L2_MAG_KUV.pkl
2026-02-03T14:52:32.715617Z INFO  hpde_io Read ./data/spase_hpde_io/info/THG_L2_MAG_KUV.pkl
2026-02-03T14:52:32.715667Z INFO  hpde_io Reading ./data/spase_hpde_io/info/THG_L2_MAG_LARG.pkl
2026-02-03T14:52:32.715800Z INFO  hpde_io Read ./data/spase_hpde_io/info/THG_L2_MAG_LARG.pkl
2026-02-03T14:52:32.715837Z INFO  hpde_io Reading ./data/spase_hpde_io/info/THG_L2_MAG_LCL.pkl
2026-02-03T14:52:32.715966Z INFO  hpde_io Read ./data/spase_hpde_io/info/THG_L2_MAG_LCL.pkl
2026-02-03T14:52:32.716003Z INFO  hpde_io Reading ./data/spase_hpde_io/info/THG_L2_MAG_LETH.pkl
2026-02-03T14:52:32.716144Z INFO  hpde_io Read ./data/spase_hpde_io/info/THG_L2_MAG_LETH.pkl
2026-02-03T14:52:32.716191Z INFO  hpde_io Reading ./data/spase_hpde_io/info/THG_L2_MAG_LOYS.pkl
2026-02-03T14:52:32.716318Z INFO  hpde_io Read ./data/spase_hpde_io/info/THG_L2_MAG_LOYS.pkl
2026-02-03T14:52:32.716367Z INFO  hpde_io Reading ./data/spase_hpde_io/info/THG_L2_MAG_LOZ.pkl
2026-02-03T14:52:32.716497Z INFO  hpde_io Read ./data/spase_hpde_io/info/THG_L2_MAG_LOZ.pkl
2026-02-03T14:52:32.716551Z INFO  hpde_io Reading ./data/spase_hpde_io/info/THG_L2_MAG_LREL.pkl
2026-02-03T14:52:32.716717Z INFO  hpde_io Read ./data/spase_hpde_io/info/THG_L2_MAG_LREL.pkl
2026-02-03T14:52:32.716759Z INFO  hpde_io Reading ./data/spase_hpde_io/info/THG_L2_MAG_LRES.pkl
2026-02-03T14:52:32.716880Z INFO  hpde_io Read ./data/spase_hpde_io/info/THG_L2_MAG_LRES.pkl
2026-02-03T14:52:32.716923Z INFO  hpde_io Reading ./data/spase_hpde_io/info/THG_L2_MAG_LRG.pkl
2026-02-03T14:52:32.717045Z INFO  hpde_io Read ./data/spase_hpde_io/info/THG_L2_MAG_LRG.pkl
2026-02-03T14:52:32.717085Z INFO  hpde_io Reading ./data/spase_hpde_io/info/THG_L2_MAG_LRV.pkl
2026-02-03T14:52:32.717208Z INFO  hpde_io Read ./data/spase_hpde_io/info/THG_L2_MAG_LRV.pkl
2026-02-03T14:52:32.717252Z INFO  hpde_io Reading ./data/spase_hpde_io/info/THG_L2_MAG_LYFD.pkl
2026-02-03T14:52:32.717371Z INFO  hpde_io Read ./data/spase_hpde_io/info/THG_L2_MAG_LYFD.pkl
2026-02-03T14:52:32.717413Z INFO  hpde_io Reading ./data/spase_hpde_io/info/THG_L2_MAG_LYR.pkl
2026-02-03T14:52:32.717549Z INFO  hpde_io Read ./data/spase_hpde_io/info/THG_L2_MAG_LYR.pkl
2026-02-03T14:52:32.717589Z INFO  hpde_io Reading ./data/spase_hpde_io/info/THG_L2_MAG_MAS.pkl
2026-02-03T14:52:32.717710Z INFO  hpde_io Read ./data/spase_hpde_io/info/THG_L2_MAG_MAS.pkl
2026-02-03T14:52:32.717755Z INFO  hpde_io Reading ./data/spase_hpde_io/info/THG_L2_MAG_MCGR.pkl
2026-02-03T14:52:32.717892Z INFO  hpde_io Read ./data/spase_hpde_io/info/THG_L2_MAG_MCGR.pkl
2026-02-03T14:52:32.717928Z INFO  hpde_io Reading ./data/spase_hpde_io/info/THG_L2_MAG_MEA.pkl
2026-02-03T14:52:32.718046Z INFO  hpde_io Read ./data/spase_hpde_io/info/THG_L2_MAG_MEA.pkl
2026-02-03T14:52:32.718089Z INFO  hpde_io Reading ./data/spase_hpde_io/info/THG_L2_MAG_MEK.pkl
2026-02-03T14:52:32.718206Z INFO  hpde_io Read ./data/spase_hpde_io/info/THG_L2_MAG_MEK.pkl
2026-02-03T14:52:32.718241Z INFO  hpde_io Reading ./data/spase_hpde_io/info/THG_L2_MAG_MUO.pkl
2026-02-03T14:52:32.718364Z INFO  hpde_io Read ./data/spase_hpde_io/info/THG_L2_MAG_MUO.pkl
2026-02-03T14:52:32.718407Z INFO  hpde_io Reading ./data/spase_hpde_io/info/THG_L2_MAG_NAIN.pkl
2026-02-03T14:52:32.718530Z INFO  hpde_io Read ./data/spase_hpde_io/info/THG_L2_MAG_NAIN.pkl
2026-02-03T14:52:32.718569Z INFO  hpde_io Reading ./data/spase_hpde_io/info/THG_L2_MAG_NAL.pkl
2026-02-03T14:52:32.718716Z INFO  hpde_io Read ./data/spase_hpde_io/info/THG_L2_MAG_NAL.pkl
2026-02-03T14:52:32.718754Z INFO  hpde_io Reading ./data/spase_hpde_io/info/THG_L2_MAG_NAQ.pkl
2026-02-03T14:52:32.718878Z INFO  hpde_io Read ./data/spase_hpde_io/info/THG_L2_MAG_NAQ.pkl
2026-02-03T14:52:32.718912Z INFO  hpde_io Reading ./data/spase_hpde_io/info/THG_L2_MAG_NEW.pkl
2026-02-03T14:52:32.719031Z INFO  hpde_io Read ./data/spase_hpde_io/info/THG_L2_MAG_NEW.pkl
2026-02-03T14:52:32.719068Z INFO  hpde_io Reading ./data/spase_hpde_io/info/THG_L2_MAG_NOR.pkl
2026-02-03T14:52:32.719193Z INFO  hpde_io Read ./data/spase_hpde_io/info/THG_L2_MAG_NOR.pkl
2026-02-03T14:52:32.719239Z INFO  hpde_io Reading ./data/spase_hpde_io/info/THG_L2_MAG_NRD.pkl
2026-02-03T14:52:32.719355Z INFO  hpde_io Read ./data/spase_hpde_io/info/THG_L2_MAG_NRD.pkl
2026-02-03T14:52:32.719390Z INFO  hpde_io Reading ./data/spase_hpde_io/info/THG_L2_MAG_NRSQ.pkl
2026-02-03T14:52:32.719515Z INFO  hpde_io Read ./data/spase_hpde_io/info/THG_L2_MAG_NRSQ.pkl
2026-02-03T14:52:32.719555Z INFO  hpde_io Reading ./data/spase_hpde_io/info/THG_L2_MAG_NUR.pkl
2026-02-03T14:52:32.719674Z INFO  hpde_io Read ./data/spase_hpde_io/info/THG_L2_MAG_NUR.pkl
2026-02-03T14:52:32.719712Z INFO  hpde_io Reading ./data/spase_hpde_io/info/THG_L2_MAG_OTT.pkl
2026-02-03T14:52:32.719834Z INFO  hpde_io Read ./data/spase_hpde_io/info/THG_L2_MAG_OTT.pkl
2026-02-03T14:52:32.719875Z INFO  hpde_io Reading ./data/spase_hpde_io/info/THG_L2_MAG_OUJ.pkl
2026-02-03T14:52:32.719989Z INFO  hpde_io Read ./data/spase_hpde_io/info/THG_L2_MAG_OUJ.pkl
2026-02-03T14:52:32.720033Z INFO  hpde_io Reading ./data/spase_hpde_io/info/THG_L2_MAG_PANG.pkl
2026-02-03T14:52:32.720156Z INFO  hpde_io Read ./data/spase_hpde_io/info/THG_L2_MAG_PANG.pkl
2026-02-03T14:52:32.720195Z INFO  hpde_io Reading ./data/spase_hpde_io/info/THG_L2_MAG_PBK.pkl
2026-02-03T14:52:32.720316Z INFO  hpde_io Read ./data/spase_hpde_io/info/THG_L2_MAG_PBK.pkl
2026-02-03T14:52:32.720357Z INFO  hpde_io Reading ./data/spase_hpde_io/info/THG_L2_MAG_PBLO.pkl
2026-02-03T14:52:32.720478Z INFO  hpde_io Read ./data/spase_hpde_io/info/THG_L2_MAG_PBLO.pkl
2026-02-03T14:52:32.720513Z INFO  hpde_io Reading ./data/spase_hpde_io/info/THG_L2_MAG_PCEL.pkl
2026-02-03T14:52:32.720664Z INFO  hpde_io Read ./data/spase_hpde_io/info/THG_L2_MAG_PCEL.pkl
2026-02-03T14:52:32.720704Z INFO  hpde_io Reading ./data/spase_hpde_io/info/THG_L2_MAG_PEL.pkl
2026-02-03T14:52:32.720822Z INFO  hpde_io Read ./data/spase_hpde_io/info/THG_L2_MAG_PEL.pkl
2026-02-03T14:52:32.720868Z INFO  hpde_io Reading ./data/spase_hpde_io/info/THG_L2_MAG_PG0.pkl
2026-02-03T14:52:32.720994Z INFO  hpde_io Read ./data/spase_hpde_io/info/THG_L2_MAG_PG0.pkl
2026-02-03T14:52:32.721038Z INFO  hpde_io Reading ./data/spase_hpde_io/info/THG_L2_MAG_PG1.pkl
2026-02-03T14:52:32.721163Z INFO  hpde_io Read ./data/spase_hpde_io/info/THG_L2_MAG_PG1.pkl
2026-02-03T14:52:32.721207Z INFO  hpde_io Reading ./data/spase_hpde_io/info/THG_L2_MAG_PG2.pkl
2026-02-03T14:52:32.721326Z INFO  hpde_io Read ./data/spase_hpde_io/info/THG_L2_MAG_PG2.pkl
2026-02-03T14:52:32.721369Z INFO  hpde_io Reading ./data/spase_hpde_io/info/THG_L2_MAG_PG3.pkl
2026-02-03T14:52:32.721497Z INFO  hpde_io Read ./data/spase_hpde_io/info/THG_L2_MAG_PG3.pkl
2026-02-03T14:52:32.721546Z INFO  hpde_io Reading ./data/spase_hpde_io/info/THG_L2_MAG_PG4.pkl
2026-02-03T14:52:32.721671Z INFO  hpde_io Read ./data/spase_hpde_io/info/THG_L2_MAG_PG4.pkl
2026-02-03T14:52:32.721731Z INFO  hpde_io Reading ./data/spase_hpde_io/info/THG_L2_MAG_PG5.pkl
2026-02-03T14:52:32.721855Z INFO  hpde_io Read ./data/spase_hpde_io/info/THG_L2_MAG_PG5.pkl
2026-02-03T14:52:32.721897Z INFO  hpde_io Reading ./data/spase_hpde_io/info/THG_L2_MAG_PGEO.pkl
2026-02-03T14:52:32.722031Z INFO  hpde_io Read ./data/spase_hpde_io/info/THG_L2_MAG_PGEO.pkl
2026-02-03T14:52:32.722086Z INFO  hpde_io Reading ./data/spase_hpde_io/info/THG_L2_MAG_PINA.pkl
2026-02-03T14:52:32.722225Z INFO  hpde_io Read ./data/spase_hpde_io/info/THG_L2_MAG_PINA.pkl
2026-02-03T14:52:32.722268Z INFO  hpde_io Reading ./data/spase_hpde_io/info/THG_L2_MAG_PINE.pkl
2026-02-03T14:52:32.722399Z INFO  hpde_io Read ./data/spase_hpde_io/info/THG_L2_MAG_PINE.pkl
2026-02-03T14:52:32.722450Z INFO  hpde_io Reading ./data/spase_hpde_io/info/THG_L2_MAG_PKS.pkl
2026-02-03T14:52:32.722571Z INFO  hpde_io Read ./data/spase_hpde_io/info/THG_L2_MAG_PKS.pkl
2026-02-03T14:52:32.722615Z INFO  hpde_io Reading ./data/spase_hpde_io/info/THG_L2_MAG_POKR.pkl
2026-02-03T14:52:32.722761Z INFO  hpde_io Read ./data/spase_hpde_io/info/THG_L2_MAG_POKR.pkl
2026-02-03T14:52:32.722806Z INFO  hpde_io Reading ./data/spase_hpde_io/info/THG_L2_MAG_PTRS.pkl
2026-02-03T14:52:32.722947Z INFO  hpde_io Read ./data/spase_hpde_io/info/THG_L2_MAG_PTRS.pkl
2026-02-03T14:52:32.722998Z INFO  hpde_io Reading ./data/spase_hpde_io/info/THG_L2_MAG_PUVR.pkl
2026-02-03T14:52:32.723123Z INFO  hpde_io Read ./data/spase_hpde_io/info/THG_L2_MAG_PUVR.pkl
2026-02-03T14:52:32.723166Z INFO  hpde_io Reading ./data/spase_hpde_io/info/THG_L2_MAG_RADI.pkl
2026-02-03T14:52:32.723295Z INFO  hpde_io Read ./data/spase_hpde_io/info/THG_L2_MAG_RADI.pkl
2026-02-03T14:52:32.723351Z INFO  hpde_io Reading ./data/spase_hpde_io/info/THG_L2_MAG_RAN.pkl
2026-02-03T14:52:32.723473Z INFO  hpde_io Read ./data/spase_hpde_io/info/THG_L2_MAG_RAN.pkl
2026-02-03T14:52:32.723517Z INFO  hpde_io Reading ./data/spase_hpde_io/info/THG_L2_MAG_RANK.pkl
2026-02-03T14:52:32.723648Z INFO  hpde_io Read ./data/spase_hpde_io/info/THG_L2_MAG_RANK.pkl
2026-02-03T14:52:32.723696Z INFO  hpde_io Reading ./data/spase_hpde_io/info/THG_L2_MAG_RBAY.pkl
2026-02-03T14:52:32.723821Z INFO  hpde_io Read ./data/spase_hpde_io/info/THG_L2_MAG_RBAY.pkl
2026-02-03T14:52:32.723858Z INFO  hpde_io Reading ./data/spase_hpde_io/info/THG_L2_MAG_REDR.pkl
2026-02-03T14:52:32.723983Z INFO  hpde_io Read ./data/spase_hpde_io/info/THG_L2_MAG_REDR.pkl
2026-02-03T14:52:32.724030Z INFO  hpde_io Reading ./data/spase_hpde_io/info/THG_L2_MAG_RICH.pkl
2026-02-03T14:52:32.724160Z INFO  hpde_io Read ./data/spase_hpde_io/info/THG_L2_MAG_RICH.pkl
2026-02-03T14:52:32.724196Z INFO  hpde_io Reading ./data/spase_hpde_io/info/THG_L2_MAG_RMUS.pkl
2026-02-03T14:52:32.724334Z INFO  hpde_io Read ./data/spase_hpde_io/info/THG_L2_MAG_RMUS.pkl
2026-02-03T14:52:32.724372Z INFO  hpde_io Reading ./data/spase_hpde_io/info/THG_L2_MAG_ROE.pkl
2026-02-03T14:52:32.724498Z INFO  hpde_io Read ./data/spase_hpde_io/info/THG_L2_MAG_ROE.pkl
2026-02-03T14:52:32.724540Z INFO  hpde_io Reading ./data/spase_hpde_io/info/THG_L2_MAG_ROTH.pkl
2026-02-03T14:52:32.724691Z INFO  hpde_io Read ./data/spase_hpde_io/info/THG_L2_MAG_ROTH.pkl
2026-02-03T14:52:32.724737Z INFO  hpde_io Reading ./data/spase_hpde_io/info/THG_L2_MAG_RVK.pkl
2026-02-03T14:52:32.724872Z INFO  hpde_io Read ./data/spase_hpde_io/info/THG_L2_MAG_RVK.pkl
2026-02-03T14:52:32.724912Z INFO  hpde_io Reading ./data/spase_hpde_io/info/THG_L2_MAG_SALU.pkl
2026-02-03T14:52:32.725035Z INFO  hpde_io Read ./data/spase_hpde_io/info/THG_L2_MAG_SALU.pkl
2026-02-03T14:52:32.725073Z INFO  hpde_io Reading ./data/spase_hpde_io/info/THG_L2_MAG_SATX.pkl
2026-02-03T14:52:32.725202Z INFO  hpde_io Read ./data/spase_hpde_io/info/THG_L2_MAG_SATX.pkl
2026-02-03T14:52:32.725243Z INFO  hpde_io Reading ./data/spase_hpde_io/info/THG_L2_MAG_SCHF.pkl
2026-02-03T14:52:32.725370Z INFO  hpde_io Read ./data/spase_hpde_io/info/THG_L2_MAG_SCHF.pkl
2026-02-03T14:52:32.725414Z INFO  hpde_io Reading ./data/spase_hpde_io/info/THG_L2_MAG_SCO.pkl
2026-02-03T14:52:32.725533Z INFO  hpde_io Read ./data/spase_hpde_io/info/THG_L2_MAG_SCO.pkl
2026-02-03T14:52:32.725569Z INFO  hpde_io Reading ./data/spase_hpde_io/info/THG_L2_MAG_SEPT.pkl
2026-02-03T14:52:32.725683Z INFO  hpde_io Read ./data/spase_hpde_io/info/THG_L2_MAG_SEPT.pkl
2026-02-03T14:52:32.725720Z INFO  hpde_io Reading ./data/spase_hpde_io/info/THG_L2_MAG_SHU.pkl
2026-02-03T14:52:32.725846Z INFO  hpde_io Read ./data/spase_hpde_io/info/THG_L2_MAG_SHU.pkl
2026-02-03T14:52:32.725884Z INFO  hpde_io Reading ./data/spase_hpde_io/info/THG_L2_MAG_SIT.pkl
2026-02-03T14:52:32.726007Z INFO  hpde_io Read ./data/spase_hpde_io/info/THG_L2_MAG_SIT.pkl
2026-02-03T14:52:32.726044Z INFO  hpde_io Reading ./data/spase_hpde_io/info/THG_L2_MAG_SJG.pkl
2026-02-03T14:52:32.726166Z INFO  hpde_io Read ./data/spase_hpde_io/info/THG_L2_MAG_SJG.pkl
2026-02-03T14:52:32.726206Z INFO  hpde_io Reading ./data/spase_hpde_io/info/THG_L2_MAG_SKT.pkl
2026-02-03T14:52:32.726322Z INFO  hpde_io Read ./data/spase_hpde_io/info/THG_L2_MAG_SKT.pkl
2026-02-03T14:52:32.726367Z INFO  hpde_io Reading ./data/spase_hpde_io/info/THG_L2_MAG_SNAP.pkl
2026-02-03T14:52:32.726488Z INFO  hpde_io Read ./data/spase_hpde_io/info/THG_L2_MAG_SNAP.pkl
2026-02-03T14:52:32.726530Z INFO  hpde_io Reading ./data/spase_hpde_io/info/THG_L2_MAG_SNKQ.pkl
2026-02-03T14:52:32.727056Z INFO  hpde_io Read ./data/spase_hpde_io/info/THG_L2_MAG_SNKQ.pkl
2026-02-03T14:52:32.727095Z INFO  hpde_io Reading ./data/spase_hpde_io/info/THG_L2_MAG_SOL.pkl
2026-02-03T14:52:32.727219Z INFO  hpde_io Read ./data/spase_hpde_io/info/THG_L2_MAG_SOL.pkl
2026-02-03T14:52:32.727257Z INFO  hpde_io Reading ./data/spase_hpde_io/info/THG_L2_MAG_SOR.pkl
2026-02-03T14:52:32.727378Z INFO  hpde_io Read ./data/spase_hpde_io/info/THG_L2_MAG_SOR.pkl
2026-02-03T14:52:32.727416Z INFO  hpde_io Reading ./data/spase_hpde_io/info/THG_L2_MAG_STF.pkl
2026-02-03T14:52:32.727538Z INFO  hpde_io Read ./data/spase_hpde_io/info/THG_L2_MAG_STF.pkl
2026-02-03T14:52:32.727576Z INFO  hpde_io Reading ./data/spase_hpde_io/info/THG_L2_MAG_STFD.pkl
2026-02-03T14:52:32.727703Z INFO  hpde_io Read ./data/spase_hpde_io/info/THG_L2_MAG_STFD.pkl
2026-02-03T14:52:32.727741Z INFO  hpde_io Reading ./data/spase_hpde_io/info/THG_L2_MAG_STFL.pkl
2026-02-03T14:52:32.727859Z INFO  hpde_io Read ./data/spase_hpde_io/info/THG_L2_MAG_STFL.pkl
2026-02-03T14:52:32.727899Z INFO  hpde_io Reading ./data/spase_hpde_io/info/THG_L2_MAG_STJ.pkl
2026-02-03T14:52:32.728031Z INFO  hpde_io Read ./data/spase_hpde_io/info/THG_L2_MAG_STJ.pkl
2026-02-03T14:52:32.728069Z INFO  hpde_io Reading ./data/spase_hpde_io/info/THG_L2_MAG_SUM.pkl
2026-02-03T14:52:32.728188Z INFO  hpde_io Read ./data/spase_hpde_io/info/THG_L2_MAG_SUM.pkl
2026-02-03T14:52:32.728224Z INFO  hpde_io Reading ./data/spase_hpde_io/info/THG_L2_MAG_SVS.pkl
2026-02-03T14:52:32.728349Z INFO  hpde_io Read ./data/spase_hpde_io/info/THG_L2_MAG_SVS.pkl
2026-02-03T14:52:32.728390Z INFO  hpde_io Reading ./data/spase_hpde_io/info/THG_L2_MAG_SWNO.pkl
2026-02-03T14:52:32.728510Z INFO  hpde_io Read ./data/spase_hpde_io/info/THG_L2_MAG_SWNO.pkl
2026-02-03T14:52:32.728546Z INFO  hpde_io Reading ./data/spase_hpde_io/info/THG_L2_MAG_TAB.pkl
2026-02-03T14:52:32.728666Z INFO  hpde_io Read ./data/spase_hpde_io/info/THG_L2_MAG_TAB.pkl
2026-02-03T14:52:32.728705Z INFO  hpde_io Reading ./data/spase_hpde_io/info/THG_L2_MAG_TAR.pkl
2026-02-03T14:52:32.728823Z INFO  hpde_io Read ./data/spase_hpde_io/info/THG_L2_MAG_TAR.pkl
2026-02-03T14:52:32.728865Z INFO  hpde_io Reading ./data/spase_hpde_io/info/THG_L2_MAG_TDC.pkl
2026-02-03T14:52:32.729010Z INFO  hpde_io Read ./data/spase_hpde_io/info/THG_L2_MAG_TDC.pkl
2026-02-03T14:52:32.729051Z INFO  hpde_io Reading ./data/spase_hpde_io/info/THG_L2_MAG_THL.pkl
2026-02-03T14:52:32.729177Z INFO  hpde_io Read ./data/spase_hpde_io/info/THG_L2_MAG_THL.pkl
2026-02-03T14:52:32.729213Z INFO  hpde_io Reading ./data/spase_hpde_io/info/THG_L2_MAG_TIK.pkl
2026-02-03T14:52:32.729333Z INFO  hpde_io Read ./data/spase_hpde_io/info/THG_L2_MAG_TIK.pkl
2026-02-03T14:52:32.729379Z INFO  hpde_io Reading ./data/spase_hpde_io/info/THG_L2_MAG_TOOL.pkl
2026-02-03T14:52:32.729507Z INFO  hpde_io Read ./data/spase_hpde_io/info/THG_L2_MAG_TOOL.pkl
2026-02-03T14:52:32.729546Z INFO  hpde_io Reading ./data/spase_hpde_io/info/THG_L2_MAG_TPAS.pkl
2026-02-03T14:52:32.729678Z INFO  hpde_io Read ./data/spase_hpde_io/info/THG_L2_MAG_TPAS.pkl
2026-02-03T14:52:32.729718Z INFO  hpde_io Reading ./data/spase_hpde_io/info/THG_L2_MAG_TRAP.pkl
2026-02-03T14:52:32.729839Z INFO  hpde_io Read ./data/spase_hpde_io/info/THG_L2_MAG_TRAP.pkl
2026-02-03T14:52:32.729875Z INFO  hpde_io Reading ./data/spase_hpde_io/info/THG_L2_MAG_TRO.pkl
2026-02-03T14:52:32.729995Z INFO  hpde_io Read ./data/spase_hpde_io/info/THG_L2_MAG_TRO.pkl
2026-02-03T14:52:32.730038Z INFO  hpde_io Reading ./data/spase_hpde_io/info/THG_L2_MAG_TUC.pkl
2026-02-03T14:52:32.730161Z INFO  hpde_io Read ./data/spase_hpde_io/info/THG_L2_MAG_TUC.pkl
2026-02-03T14:52:32.730199Z INFO  hpde_io Reading ./data/spase_hpde_io/info/THG_L2_MAG_UKIA.pkl
2026-02-03T14:52:32.730334Z INFO  hpde_io Read ./data/spase_hpde_io/info/THG_L2_MAG_UKIA.pkl
2026-02-03T14:52:32.730374Z INFO  hpde_io Reading ./data/spase_hpde_io/info/THG_L2_MAG_UMQ.pkl
2026-02-03T14:52:32.730497Z INFO  hpde_io Read ./data/spase_hpde_io/info/THG_L2_MAG_UMQ.pkl
2026-02-03T14:52:32.730534Z INFO  hpde_io Reading ./data/spase_hpde_io/info/THG_L2_MAG_UPN.pkl
2026-02-03T14:52:32.730652Z INFO  hpde_io Read ./data/spase_hpde_io/info/THG_L2_MAG_UPN.pkl
2026-02-03T14:52:32.730694Z INFO  hpde_io Reading ./data/spase_hpde_io/info/THG_L2_MAG_VIC.pkl
2026-02-03T14:52:32.730807Z INFO  hpde_io Read ./data/spase_hpde_io/info/THG_L2_MAG_VIC.pkl
2026-02-03T14:52:32.730843Z INFO  hpde_io Reading ./data/spase_hpde_io/info/THG_L2_MAG_VIZ.pkl
2026-02-03T14:52:32.730987Z INFO  hpde_io Read ./data/spase_hpde_io/info/THG_L2_MAG_VIZ.pkl
2026-02-03T14:52:32.731057Z INFO  hpde_io Reading ./data/spase_hpde_io/info/THG_L2_MAG_VLDR.pkl
2026-02-03T14:52:32.731180Z INFO  hpde_io Read ./data/spase_hpde_io/info/THG_L2_MAG_VLDR.pkl
2026-02-03T14:52:32.731221Z INFO  hpde_io Reading ./data/spase_hpde_io/info/THG_L2_MAG_WHIT.pkl
2026-02-03T14:52:32.731349Z INFO  hpde_io Read ./data/spase_hpde_io/info/THG_L2_MAG_WHIT.pkl
2026-02-03T14:52:32.731388Z INFO  hpde_io Reading ./data/spase_hpde_io/info/THG_L2_MAG_WHS.pkl
2026-02-03T14:52:32.731511Z INFO  hpde_io Read ./data/spase_hpde_io/info/THG_L2_MAG_WHS.pkl
2026-02-03T14:52:32.731549Z INFO  hpde_io Reading ./data/spase_hpde_io/info/THG_L2_MAG_WLPS.pkl
2026-02-03T14:52:32.731672Z INFO  hpde_io Read ./data/spase_hpde_io/info/THG_L2_MAG_WLPS.pkl
2026-02-03T14:52:32.731712Z INFO  hpde_io Reading ./data/spase_hpde_io/info/THG_L2_MAG_WRTH.pkl
2026-02-03T14:52:32.731841Z INFO  hpde_io Read ./data/spase_hpde_io/info/THG_L2_MAG_WRTH.pkl
2026-02-03T14:52:32.731884Z INFO  hpde_io Reading ./data/spase_hpde_io/info/THG_L2_MAG_YKC.pkl
2026-02-03T14:52:32.732006Z INFO  hpde_io Read ./data/spase_hpde_io/info/THG_L2_MAG_YKC.pkl
2026-02-03T14:52:32.732045Z INFO  hpde_io Reading ./data/spase_hpde_io/info/THG_L2_MAG_YKNF.pkl
2026-02-03T14:52:32.732175Z INFO  hpde_io Read ./data/spase_hpde_io/info/THG_L2_MAG_YKNF.pkl
2026-02-03T14:52:32.732213Z INFO  hpde_io Reading ./data/spase_hpde_io/info/TIMED_EDP_GUVI.pkl
2026-02-03T14:52:32.732348Z INFO  hpde_io Read ./data/spase_hpde_io/info/TIMED_EDP_GUVI.pkl
2026-02-03T14:52:32.732395Z INFO  hpde_io Reading ./data/spase_hpde_io/info/TIMED_L1BV20_SABER.pkl
2026-02-03T14:52:32.732510Z INFO  hpde_io Read ./data/spase_hpde_io/info/TIMED_L1BV20_SABER.pkl
2026-02-03T14:52:32.732551Z INFO  hpde_io Reading ./data/spase_hpde_io/info/TIMED_L1CDISK_GUVI.pkl
2026-02-03T14:52:32.732680Z INFO  hpde_io Read ./data/spase_hpde_io/info/TIMED_L1CDISK_GUVI.pkl
2026-02-03T14:52:32.732733Z INFO  hpde_io No hpde.io SPASE record for TIMED_L2A_SABER.
2026-02-03T14:52:32.732766Z INFO  hpde_io Reading ./data/spase_hpde_io/info/TIMED_L3A_SEE.pkl
2026-02-03T14:52:32.732884Z INFO  hpde_io Read ./data/spase_hpde_io/info/TIMED_L3A_SEE.pkl
2026-02-03T14:52:32.732920Z INFO  hpde_io Reading ./data/spase_hpde_io/info/TIMED_WINDVECTORSNCAR_TIDI.pkl
2026-02-03T14:52:32.733462Z INFO  hpde_io Read ./data/spase_hpde_io/info/TIMED_WINDVECTORSNCAR_TIDI.pkl
2026-02-03T14:52:32.733509Z INFO  hpde_io No hpde.io SPASE record for TOOWINDY_E_NE.
2026-02-03T14:52:32.733542Z INFO  hpde_io No hpde.io SPASE record for TSS-1R_M1_CSAA.
2026-02-03T14:52:32.733577Z INFO  hpde_io No hpde.io SPASE record for TSS-1R_M1_CSAB.
2026-02-03T14:52:32.733606Z INFO  hpde_io No hpde.io SPASE record for TSS-1R_M1_CSCA.
2026-02-03T14:52:32.733637Z INFO  hpde_io No hpde.io SPASE record for TSS-1R_M1_CSCB.
2026-02-03T14:52:32.733667Z INFO  hpde_io No hpde.io SPASE record for TSS-1R_M1_CSEA.
2026-02-03T14:52:32.733699Z INFO  hpde_io No hpde.io SPASE record for TSS-1R_M1_CSEB.
2026-02-03T14:52:32.733727Z INFO  hpde_io No hpde.io SPASE record for TSS-1R_M1_CSMA.
2026-02-03T14:52:32.733752Z INFO  hpde_io No hpde.io SPASE record for TSS-1R_M1_CSMB.
2026-02-03T14:52:32.733782Z INFO  hpde_io No hpde.io SPASE record for TSS-1R_M1_CSSA.
2026-02-03T14:52:32.733811Z INFO  hpde_io No hpde.io SPASE record for TSS-1R_M1_CSSB.
2026-02-03T14:52:32.733839Z INFO  hpde_io No hpde.io SPASE record for TSS-1R_M1_CSSC.
2026-02-03T14:52:32.733866Z INFO  hpde_io No hpde.io SPASE record for TSS-1R_M1_CSTA.
2026-02-03T14:52:32.733893Z INFO  hpde_io No hpde.io SPASE record for TSS-1R_M1_DBPO.
2026-02-03T14:52:32.733929Z INFO  hpde_io No hpde.io SPASE record for TSS-1R_M1_DBSA.
2026-02-03T14:52:32.733956Z INFO  hpde_io No hpde.io SPASE record for TSS-1R_M1_DBSB.
2026-02-03T14:52:32.733983Z INFO  hpde_io No hpde.io SPASE record for TSS-1R_M1_DBSC.
2026-02-03T14:52:32.734014Z INFO  hpde_io No hpde.io SPASE record for TSS-1R_M1_DBTA.
2026-02-03T14:52:32.734043Z INFO  hpde_io No hpde.io SPASE record for TSS-1R_M1_DCDV.
2026-02-03T14:52:32.734070Z INFO  hpde_io No hpde.io SPASE record for TSS-1R_M1_DCGA.
2026-02-03T14:52:32.734097Z INFO  hpde_io No hpde.io SPASE record for TSS-1R_M1_DCGB.
2026-02-03T14:52:32.734125Z INFO  hpde_io No hpde.io SPASE record for TSS-1R_M1_DCGC.
2026-02-03T14:52:32.734153Z INFO  hpde_io No hpde.io SPASE record for TSS-1R_M1_DCMA.
2026-02-03T14:52:32.734180Z INFO  hpde_io No hpde.io SPASE record for TSS-1R_M1_DCMB.
2026-02-03T14:52:32.734209Z INFO  hpde_io No hpde.io SPASE record for TSS-1R_M1_DCMC.
2026-02-03T14:52:32.734236Z INFO  hpde_io No hpde.io SPASE record for TSS-1R_M1_DCMD.
2026-02-03T14:52:32.734264Z INFO  hpde_io No hpde.io SPASE record for TSS-1R_M1_DCME.
2026-02-03T14:52:32.734292Z INFO  hpde_io No hpde.io SPASE record for TSS-1R_M1_DCSA.
2026-02-03T14:52:32.734317Z INFO  hpde_io No hpde.io SPASE record for TSS-1R_M1_DCSB.
2026-02-03T14:52:32.734344Z INFO  hpde_io No hpde.io SPASE record for TSS-1R_M1_DCTA.
2026-02-03T14:52:32.734373Z INFO  hpde_io No hpde.io SPASE record for TSS-1R_M1_DPHA.
2026-02-03T14:52:32.734400Z INFO  hpde_io No hpde.io SPASE record for TSS-1R_M1_DPHB.
2026-02-03T14:52:32.734428Z INFO  hpde_io No hpde.io SPASE record for TSS-1R_M1_DPHC.
2026-02-03T14:52:32.734456Z INFO  hpde_io No hpde.io SPASE record for TSS-1R_M1_DPHD.
2026-02-03T14:52:32.734485Z INFO  hpde_io No hpde.io SPASE record for TSS-1R_M1_DPHE.
2026-02-03T14:52:32.734513Z INFO  hpde_io No hpde.io SPASE record for TSS-1R_M1_DPMA.
2026-02-03T14:52:32.734541Z INFO  hpde_io No hpde.io SPASE record for TSS-1R_M1_DPMB.
2026-02-03T14:52:32.734570Z INFO  hpde_io No hpde.io SPASE record for TSS-1R_M1_DPMC.
2026-02-03T14:52:32.734597Z INFO  hpde_io No hpde.io SPASE record for TSS-1R_M1_DPMD.
2026-02-03T14:52:32.734622Z INFO  hpde_io No hpde.io SPASE record for TSS-1R_M1_DPME.
2026-02-03T14:52:32.734651Z INFO  hpde_io No hpde.io SPASE record for TSS-1R_M1_DPMF.
2026-02-03T14:52:32.734681Z INFO  hpde_io No hpde.io SPASE record for TSS-1R_M1_DPMG.
2026-02-03T14:52:32.734713Z INFO  hpde_io No hpde.io SPASE record for TSS-1R_M1_DPMH.
2026-02-03T14:52:32.734748Z INFO  hpde_io No hpde.io SPASE record for TSS-1R_M1_DPMI.
2026-02-03T14:52:32.734776Z INFO  hpde_io No hpde.io SPASE record for TSS-1R_M1_DPMJ.
2026-02-03T14:52:32.734806Z INFO  hpde_io No hpde.io SPASE record for TSS-1R_M1_DPMK.
2026-02-03T14:52:32.734835Z INFO  hpde_io No hpde.io SPASE record for TSS-1R_M1_DPSA.
2026-02-03T14:52:32.734867Z INFO  hpde_io No hpde.io SPASE record for TSS-1R_M1_DPSC.
2026-02-03T14:52:32.734897Z INFO  hpde_io No hpde.io SPASE record for TSS-1R_M1_DPSD.
2026-02-03T14:52:32.734925Z INFO  hpde_io No hpde.io SPASE record for TSS-1R_M1_DPSE.
2026-02-03T14:52:32.734951Z INFO  hpde_io No hpde.io SPASE record for TSS-1R_M1_DPSF.
2026-02-03T14:52:32.734982Z INFO  hpde_io No hpde.io SPASE record for TSS-1R_M1_DPSG.
2026-02-03T14:52:32.735014Z INFO  hpde_io No hpde.io SPASE record for TSS-1R_M1_DPSH.
2026-02-03T14:52:32.735044Z INFO  hpde_io No hpde.io SPASE record for TSS-1R_M1_DPSI.
2026-02-03T14:52:32.735076Z INFO  hpde_io No hpde.io SPASE record for TSS-1R_M1_DPSJ.
2026-02-03T14:52:32.735109Z INFO  hpde_io No hpde.io SPASE record for TSS-1R_M1_DPTA.
2026-02-03T14:52:32.735138Z INFO  hpde_io No hpde.io SPASE record for TSS-1R_M1_DPTB.
2026-02-03T14:52:32.735168Z INFO  hpde_io No hpde.io SPASE record for TSS-1R_M1_EPMA.
2026-02-03T14:52:32.735197Z INFO  hpde_io No hpde.io SPASE record for TSS-1R_M1_EPMB.
2026-02-03T14:52:32.735229Z INFO  hpde_io No hpde.io SPASE record for TSS-1R_M1_EPMC.
2026-02-03T14:52:32.735261Z INFO  hpde_io No hpde.io SPASE record for TSS-1R_M1_EPMF.
2026-02-03T14:52:32.735293Z INFO  hpde_io No hpde.io SPASE record for TSS-1R_M1_EPMG.
2026-02-03T14:52:32.735323Z INFO  hpde_io No hpde.io SPASE record for TSS-1R_M1_EPMH.
2026-02-03T14:52:32.735353Z INFO  hpde_io No hpde.io SPASE record for TSS-1R_M1_EPSA.
2026-02-03T14:52:32.735387Z INFO  hpde_io No hpde.io SPASE record for TSS-1R_M1_EPSB.
2026-02-03T14:52:32.735420Z INFO  hpde_io No hpde.io SPASE record for TSS-1R_M1_EPSC.
2026-02-03T14:52:32.735447Z INFO  hpde_io No hpde.io SPASE record for TSS-1R_M1_EPSD.
2026-02-03T14:52:32.735483Z INFO  hpde_io No hpde.io SPASE record for TSS-1R_M1_RPBB.
2026-02-03T14:52:32.735518Z INFO  hpde_io No hpde.io SPASE record for TSS-1R_M1_RPDM.
2026-02-03T14:52:32.735549Z INFO  hpde_io No hpde.io SPASE record for TSS-1R_M1_RPDP.
2026-02-03T14:52:32.735579Z INFO  hpde_io No hpde.io SPASE record for TSS-1R_M1_RPEA.
2026-02-03T14:52:32.735607Z INFO  hpde_io No hpde.io SPASE record for TSS-1R_M1_RPEB.
2026-02-03T14:52:32.735642Z INFO  hpde_io No hpde.io SPASE record for TSS-1R_M1_RPEM.
2026-02-03T14:52:32.735675Z INFO  hpde_io No hpde.io SPASE record for TSS-1R_M1_RPHA.
2026-02-03T14:52:32.735705Z INFO  hpde_io No hpde.io SPASE record for TSS-1R_M1_RPHB.
2026-02-03T14:52:32.735734Z INFO  hpde_io No hpde.io SPASE record for TSS-1R_M1_RPHC.
2026-02-03T14:52:32.735766Z INFO  hpde_io No hpde.io SPASE record for TSS-1R_M1_RPHD.
2026-02-03T14:52:32.735798Z INFO  hpde_io No hpde.io SPASE record for TSS-1R_M1_RPHE.
2026-02-03T14:52:32.735827Z INFO  hpde_io No hpde.io SPASE record for TSS-1R_M1_RPHF.
2026-02-03T14:52:32.735859Z INFO  hpde_io No hpde.io SPASE record for TSS-1R_M1_RPHG.
2026-02-03T14:52:32.735890Z INFO  hpde_io No hpde.io SPASE record for TSS-1R_M1_RPIA.
2026-02-03T14:52:32.735922Z INFO  hpde_io No hpde.io SPASE record for TSS-1R_M1_RPIB.
2026-02-03T14:52:32.735956Z INFO  hpde_io No hpde.io SPASE record for TSS-1R_M1_RPSA.
2026-02-03T14:52:32.735988Z INFO  hpde_io No hpde.io SPASE record for TSS-1R_M1_RPSB.
2026-02-03T14:52:32.736019Z INFO  hpde_io No hpde.io SPASE record for TSS-1R_M1_RPSC.
2026-02-03T14:52:32.736048Z INFO  hpde_io No hpde.io SPASE record for TSS-1R_M1_RPSD.
2026-02-03T14:52:32.736077Z INFO  hpde_io No hpde.io SPASE record for TSS-1R_M1_RTEF.
2026-02-03T14:52:32.736109Z INFO  hpde_io No hpde.io SPASE record for TSS-1R_M1_RTHF.
2026-02-03T14:52:32.736142Z INFO  hpde_io No hpde.io SPASE record for TSS-1R_M1_RTIP.
2026-02-03T14:52:32.736173Z INFO  hpde_io No hpde.io SPASE record for TSS-1R_M1_RTKA.
2026-02-03T14:52:32.736202Z INFO  hpde_io No hpde.io SPASE record for TSS-1R_M1_RTKC.
2026-02-03T14:52:32.736232Z INFO  hpde_io No hpde.io SPASE record for TSS-1R_M1_RTKD.
2026-02-03T14:52:32.736263Z INFO  hpde_io No hpde.io SPASE record for TSS-1R_M1_RTKE.
2026-02-03T14:52:32.736299Z INFO  hpde_io No hpde.io SPASE record for TSS-1R_M1_RTKF.
2026-02-03T14:52:32.736333Z INFO  hpde_io No hpde.io SPASE record for TSS-1R_M1_RTKG.
2026-02-03T14:52:32.736364Z INFO  hpde_io No hpde.io SPASE record for TSS-1R_M1_RTKH.
2026-02-03T14:52:32.736391Z INFO  hpde_io No hpde.io SPASE record for TSS-1R_M1_RTKI.
2026-02-03T14:52:32.736425Z INFO  hpde_io No hpde.io SPASE record for TSS-1R_M1_RTLA.
2026-02-03T14:52:32.736458Z INFO  hpde_io No hpde.io SPASE record for TSS-1R_M1_RTLB.
2026-02-03T14:52:32.736492Z INFO  hpde_io No hpde.io SPASE record for TSS-1R_M1_RTMC.
2026-02-03T14:52:32.736525Z INFO  hpde_io No hpde.io SPASE record for TSS-1R_M1_RTMD.
2026-02-03T14:52:32.736563Z INFO  hpde_io No hpde.io SPASE record for TSS-1R_M1_RTME.
2026-02-03T14:52:32.736597Z INFO  hpde_io No hpde.io SPASE record for TSS-1R_M1_RTMF.
2026-02-03T14:52:32.736624Z INFO  hpde_io No hpde.io SPASE record for TSS-1R_M1_RTRLP.
2026-02-03T14:52:32.736655Z INFO  hpde_io No hpde.io SPASE record for TSS-1R_M1_SCAC.
2026-02-03T14:52:32.736697Z INFO  hpde_io No hpde.io SPASE record for TSS-1R_M1_SCAF.
2026-02-03T14:52:32.736727Z INFO  hpde_io No hpde.io SPASE record for TSS-1R_M1_SCMA.
2026-02-03T14:52:32.736759Z INFO  hpde_io No hpde.io SPASE record for TSS-1R_M1_SCMB.
2026-02-03T14:52:32.736796Z INFO  hpde_io No hpde.io SPASE record for TSS-1R_M1_SCMC.
2026-02-03T14:52:32.736828Z INFO  hpde_io No hpde.io SPASE record for TSS-1R_M1_SCSA.
2026-02-03T14:52:32.736858Z INFO  hpde_io No hpde.io SPASE record for TSS-1R_M1_SCSB.
2026-02-03T14:52:32.736886Z INFO  hpde_io No hpde.io SPASE record for TSS-1R_M1_SHAA.
2026-02-03T14:52:32.736923Z INFO  hpde_io No hpde.io SPASE record for TSS-1R_M1_SHAB.
2026-02-03T14:52:32.736955Z INFO  hpde_io No hpde.io SPASE record for TSS-1R_M1_SHAC.
2026-02-03T14:52:32.736986Z INFO  hpde_io No hpde.io SPASE record for TSS-1R_M1_SHAD.
2026-02-03T14:52:32.737017Z INFO  hpde_io No hpde.io SPASE record for TSS-1R_M1_SHAE.
2026-02-03T14:52:32.737045Z INFO  hpde_io No hpde.io SPASE record for TSS-1R_M1_SHAF.
2026-02-03T14:52:32.737087Z INFO  hpde_io No hpde.io SPASE record for TSS-1R_M1_SHAG.
2026-02-03T14:52:32.737116Z INFO  hpde_io No hpde.io SPASE record for TSS-1R_M1_SHHA.
2026-02-03T14:52:32.737149Z INFO  hpde_io No hpde.io SPASE record for TSS-1R_M1_SHHB.
2026-02-03T14:52:32.737183Z INFO  hpde_io No hpde.io SPASE record for TSS-1R_M1_SHHC.
2026-02-03T14:52:32.737216Z INFO  hpde_io No hpde.io SPASE record for TSS-1R_M1_SHHD.
2026-02-03T14:52:32.737249Z INFO  hpde_io No hpde.io SPASE record for TSS-1R_M1_SHHE.
2026-02-03T14:52:32.737277Z INFO  hpde_io No hpde.io SPASE record for TSS-1R_M1_SHHF.
2026-02-03T14:52:32.737307Z INFO  hpde_io No hpde.io SPASE record for TSS-1R_M1_SHMA.
2026-02-03T14:52:32.737335Z INFO  hpde_io No hpde.io SPASE record for TSS-1R_M1_SHMB.
2026-02-03T14:52:32.737370Z INFO  hpde_io No hpde.io SPASE record for TSS-1R_M1_SHMC.
2026-02-03T14:52:32.737398Z INFO  hpde_io No hpde.io SPASE record for TSS-1R_M1_SHMD.
2026-02-03T14:52:32.737426Z INFO  hpde_io No hpde.io SPASE record for TSS-1R_M1_SHME.
2026-02-03T14:52:32.737462Z INFO  hpde_io No hpde.io SPASE record for TSS-1R_M1_SHPA.
2026-02-03T14:52:32.737495Z INFO  hpde_io No hpde.io SPASE record for TSS-1R_M1_SHSA.
2026-02-03T14:52:32.737524Z INFO  hpde_io No hpde.io SPASE record for TSS-1R_M1_SHSB.
2026-02-03T14:52:32.737566Z INFO  hpde_io No hpde.io SPASE record for TSS-1R_M1_SHSC.
2026-02-03T14:52:32.737622Z INFO  hpde_io No hpde.io SPASE record for TSS-1R_M1_SHSD.
2026-02-03T14:52:32.737663Z INFO  hpde_io No hpde.io SPASE record for TSS-1R_M1_SHSE.
2026-02-03T14:52:32.737703Z INFO  hpde_io No hpde.io SPASE record for TSS-1R_M1_SHSF.
2026-02-03T14:52:32.737735Z INFO  hpde_io No hpde.io SPASE record for TSS-1R_M1_SHSG.
2026-02-03T14:52:32.737769Z INFO  hpde_io No hpde.io SPASE record for TSS-1R_M1_SHSH.
2026-02-03T14:52:32.737803Z INFO  hpde_io No hpde.io SPASE record for TSS-1R_M1_SHSI.
2026-02-03T14:52:32.737836Z INFO  hpde_io No hpde.io SPASE record for TSS-1R_M1_SHSJ.
2026-02-03T14:52:32.737864Z INFO  hpde_io No hpde.io SPASE record for TSS-1R_M1_SHSK.
2026-02-03T14:52:32.737894Z INFO  hpde_io No hpde.io SPASE record for TSS-1R_M1_SHTA.
2026-02-03T14:52:32.737928Z INFO  hpde_io No hpde.io SPASE record for TSS-1R_M1_SHTB.
2026-02-03T14:52:32.737962Z INFO  hpde_io No hpde.io SPASE record for TSS-1R_M1_SHTC.
2026-02-03T14:52:32.737991Z INFO  hpde_io No hpde.io SPASE record for TSS-1R_M1_SPBA.
2026-02-03T14:52:32.738035Z INFO  hpde_io No hpde.io SPASE record for TSS-1R_M1_SPEA.
2026-02-03T14:52:32.738068Z INFO  hpde_io No hpde.io SPASE record for TSS-1R_M1_SPEB.
2026-02-03T14:52:32.738101Z INFO  hpde_io No hpde.io SPASE record for TSS-1R_M1_SPEC.
2026-02-03T14:52:32.738133Z INFO  hpde_io No hpde.io SPASE record for TSS-1R_M1_SPED.
2026-02-03T14:52:32.738162Z INFO  hpde_io No hpde.io SPASE record for TSS-1R_M1_SPFA.
2026-02-03T14:52:32.738193Z INFO  hpde_io No hpde.io SPASE record for TSS-1R_M1_SPFB.
2026-02-03T14:52:32.738230Z INFO  hpde_io No hpde.io SPASE record for TSS-1R_M1_SPHA.
2026-02-03T14:52:32.738265Z INFO  hpde_io No hpde.io SPASE record for TSS-1R_M1_SPHB.
2026-02-03T14:52:32.738294Z INFO  hpde_io No hpde.io SPASE record for TSS-1R_M1_SPHC.
2026-02-03T14:52:32.738328Z INFO  hpde_io No hpde.io SPASE record for TSS-1R_M1_SPHD.
2026-02-03T14:52:32.738360Z INFO  hpde_io No hpde.io SPASE record for TSS-1R_M1_SPHE.
2026-02-03T14:52:32.738391Z INFO  hpde_io No hpde.io SPASE record for TSS-1R_M1_SPIA.
2026-02-03T14:52:32.738424Z INFO  hpde_io No hpde.io SPASE record for TSS-1R_M1_SPIB.
2026-02-03T14:52:32.738454Z INFO  hpde_io No hpde.io SPASE record for TSS-1R_M1_SPIC.
2026-02-03T14:52:32.738489Z INFO  hpde_io No hpde.io SPASE record for TSS-1R_M1_SPID.
2026-02-03T14:52:32.738523Z INFO  hpde_io No hpde.io SPASE record for TSS-1R_M1_SPIE.
2026-02-03T14:52:32.738558Z INFO  hpde_io No hpde.io SPASE record for TSS-1R_M1_SPIF.
2026-02-03T14:52:32.738591Z INFO  hpde_io No hpde.io SPASE record for TSS-1R_M1_SPLA.
2026-02-03T14:52:32.738622Z INFO  hpde_io No hpde.io SPASE record for TSS-1R_M1_SPLB.
2026-02-03T14:52:32.738653Z INFO  hpde_io No hpde.io SPASE record for TSS-1R_M1_SPLC.
2026-02-03T14:52:32.738687Z INFO  hpde_io No hpde.io SPASE record for TSS-1R_M1_SPLD.
2026-02-03T14:52:32.738717Z INFO  hpde_io No hpde.io SPASE record for TSS-1R_M1_SPMF.
2026-02-03T14:52:32.738744Z INFO  hpde_io No hpde.io SPASE record for TSS-1R_M1_SPOP.
2026-02-03T14:52:32.738772Z INFO  hpde_io No hpde.io SPASE record for TSS-1R_M1_SPSA.
2026-02-03T14:52:32.738808Z INFO  hpde_io No hpde.io SPASE record for TSS-1R_M1_SPSB.
2026-02-03T14:52:32.738840Z INFO  hpde_io No hpde.io SPASE record for TSS-1R_M1_SPSC.
2026-02-03T14:52:32.738868Z INFO  hpde_io No hpde.io SPASE record for TSS-1R_M1_SPSD.
2026-02-03T14:52:32.738893Z INFO  hpde_io No hpde.io SPASE record for TSS-1R_M1_STAA.
2026-02-03T14:52:32.738928Z INFO  hpde_io No hpde.io SPASE record for TSS-1R_M1_STCA.
2026-02-03T14:52:32.738959Z INFO  hpde_io No hpde.io SPASE record for TSS-1R_M1_STCB.
2026-02-03T14:52:32.738988Z INFO  hpde_io No hpde.io SPASE record for TSS-1R_M1_STCC.
2026-02-03T14:52:32.739017Z INFO  hpde_io No hpde.io SPASE record for TSS-1R_M1_STCD.
2026-02-03T14:52:32.739050Z INFO  hpde_io No hpde.io SPASE record for TSS-1R_M1_STDA.
2026-02-03T14:52:32.739085Z INFO  hpde_io No hpde.io SPASE record for TSS-1R_M1_STDB.
2026-02-03T14:52:32.739113Z INFO  hpde_io No hpde.io SPASE record for TSS-1R_M1_STDC.
2026-02-03T14:52:32.739145Z INFO  hpde_io No hpde.io SPASE record for TSS-1R_M1_STFA.
2026-02-03T14:52:32.739176Z INFO  hpde_io No hpde.io SPASE record for TSS-1R_M1_STFB.
2026-02-03T14:52:32.739208Z INFO  hpde_io No hpde.io SPASE record for TSS-1R_M1_STMA.
2026-02-03T14:52:32.739238Z INFO  hpde_io No hpde.io SPASE record for TSS-1R_M1_STMB.
2026-02-03T14:52:32.739268Z INFO  hpde_io No hpde.io SPASE record for TSS-1R_M1_STSA.
2026-02-03T14:52:32.739297Z INFO  hpde_io No hpde.io SPASE record for TSS-1R_M1_STSB.
2026-02-03T14:52:32.739325Z INFO  hpde_io No hpde.io SPASE record for TSS-1R_M1_STSC.
2026-02-03T14:52:32.739359Z INFO  hpde_io No hpde.io SPASE record for TSS-1R_M1_STTA.
2026-02-03T14:52:32.739390Z INFO  hpde_io No hpde.io SPASE record for TSS-1R_M1_STTB.
2026-02-03T14:52:32.739424Z INFO  hpde_io No hpde.io SPASE record for TSS-1R_M1_STTC.
2026-02-03T14:52:32.739451Z INFO  hpde_io No hpde.io SPASE record for TSS-1R_M1_STTD.
2026-02-03T14:52:32.739481Z INFO  hpde_io No hpde.io SPASE record for TSS-1R_M1_TMHA.
2026-02-03T14:52:32.739513Z INFO  hpde_io No hpde.io SPASE record for TSS-1R_M1_TMHB.
2026-02-03T14:52:32.739544Z INFO  hpde_io No hpde.io SPASE record for TSS-1R_M1_TMMI.
2026-02-03T14:52:32.739574Z INFO  hpde_io No hpde.io SPASE record for TSS-1R_M1_TMMO.
2026-02-03T14:52:32.739603Z INFO  hpde_io No hpde.io SPASE record for TSS-1R_M1_TMTA.
2026-02-03T14:52:32.739636Z INFO  hpde_io Reading ./data/spase_hpde_io/info/TWINS1_AT_DEF.pkl
2026-02-03T14:52:32.739807Z INFO  hpde_io Read ./data/spase_hpde_io/info/TWINS1_AT_DEF.pkl
2026-02-03T14:52:32.739870Z INFO  hpde_io No hpde.io SPASE record for TWINS1_HK_1SEC.
2026-02-03T14:52:32.739898Z INFO  hpde_io Reading ./data/spase_hpde_io/info/TWINS1_L1_IMAGER.pkl
2026-02-03T14:52:32.740075Z INFO  hpde_io Read ./data/spase_hpde_io/info/TWINS1_L1_IMAGER.pkl
2026-02-03T14:52:32.740133Z INFO  hpde_io Reading ./data/spase_hpde_io/info/TWINS1_L1_LAD.pkl
2026-02-03T14:52:32.740272Z INFO  hpde_io Read ./data/spase_hpde_io/info/TWINS1_L1_LAD.pkl
2026-02-03T14:52:32.740326Z INFO  hpde_io Reading ./data/spase_hpde_io/info/TWINS1_OR_DEF.pkl
2026-02-03T14:52:32.740483Z INFO  hpde_io Read ./data/spase_hpde_io/info/TWINS1_OR_DEF.pkl
2026-02-03T14:52:32.740528Z INFO  hpde_io Reading ./data/spase_hpde_io/info/TWINS1_TISTORM_IMAGER.pkl
2026-02-03T14:52:32.740787Z INFO  hpde_io Read ./data/spase_hpde_io/info/TWINS1_TISTORM_IMAGER.pkl
2026-02-03T14:52:32.740835Z INFO  hpde_io Reading ./data/spase_hpde_io/info/TWINS2_AT_DEF.pkl
2026-02-03T14:52:32.740970Z INFO  hpde_io Read ./data/spase_hpde_io/info/TWINS2_AT_DEF.pkl
2026-02-03T14:52:32.741016Z INFO  hpde_io No hpde.io SPASE record for TWINS2_HK_1SEC.
2026-02-03T14:52:32.741048Z INFO  hpde_io Reading ./data/spase_hpde_io/info/TWINS2_L1_IMAGER.pkl
2026-02-03T14:52:32.741241Z INFO  hpde_io Read ./data/spase_hpde_io/info/TWINS2_L1_IMAGER.pkl
2026-02-03T14:52:32.741285Z INFO  hpde_io Reading ./data/spase_hpde_io/info/TWINS2_L1_LAD.pkl
2026-02-03T14:52:32.741418Z INFO  hpde_io Read ./data/spase_hpde_io/info/TWINS2_L1_LAD.pkl
2026-02-03T14:52:32.741468Z INFO  hpde_io Reading ./data/spase_hpde_io/info/TWINS2_OR_DEF.pkl
2026-02-03T14:52:32.741626Z INFO  hpde_io Read ./data/spase_hpde_io/info/TWINS2_OR_DEF.pkl
2026-02-03T14:52:32.741665Z INFO  hpde_io Reading ./data/spase_hpde_io/info/TWINS2_TISTORM_IMAGER.pkl
2026-02-03T14:52:32.741926Z INFO  hpde_io Read ./data/spase_hpde_io/info/TWINS2_TISTORM_IMAGER.pkl
2026-02-03T14:52:32.741966Z INFO  hpde_io Reading ./data/spase_hpde_io/info/TWINS_M2_ENA.pkl
2026-02-03T14:52:32.742101Z INFO  hpde_io Read ./data/spase_hpde_io/info/TWINS_M2_ENA.pkl
2026-02-03T14:52:32.742140Z INFO  hpde_io Reading ./data/spase_hpde_io/info/ULYSSES_HELIO1DAY_POSITION.pkl
2026-02-03T14:52:32.742270Z INFO  hpde_io Read ./data/spase_hpde_io/info/ULYSSES_HELIO1DAY_POSITION.pkl
2026-02-03T14:52:32.742318Z INFO  hpde_io Reading ./data/spase_hpde_io/info/ULYSSES_HELIO1HR_POSITION.pkl
2026-02-03T14:52:32.742455Z INFO  hpde_io Read ./data/spase_hpde_io/info/ULYSSES_HELIO1HR_POSITION.pkl
2026-02-03T14:52:32.742495Z INFO  hpde_io Reading ./data/spase_hpde_io/info/URANUS_HELIO1DAY_POSITION.pkl
2026-02-03T14:52:32.742625Z INFO  hpde_io Read ./data/spase_hpde_io/info/URANUS_HELIO1DAY_POSITION.pkl
2026-02-03T14:52:32.742670Z INFO  hpde_io Reading ./data/spase_hpde_io/info/URANUS_HELIO1HR_POSITION.pkl
2026-02-03T14:52:32.742805Z INFO  hpde_io Read ./data/spase_hpde_io/info/URANUS_HELIO1HR_POSITION.pkl
2026-02-03T14:52:32.742853Z INFO  hpde_io Reading ./data/spase_hpde_io/info/UY_1MIN_VHM.pkl
2026-02-03T14:52:32.742976Z INFO  hpde_io Read ./data/spase_hpde_io/info/UY_1MIN_VHM.pkl
2026-02-03T14:52:32.743025Z INFO  hpde_io Reading ./data/spase_hpde_io/info/UY_1SEC_VHM.pkl
2026-02-03T14:52:32.743170Z INFO  hpde_io Read ./data/spase_hpde_io/info/UY_1SEC_VHM.pkl
2026-02-03T14:52:32.743214Z INFO  hpde_io Reading ./data/spase_hpde_io/info/UY_ALPHA-DISTRIBUTIONS_SWOOPS.pkl
2026-02-03T14:52:32.743379Z INFO  hpde_io Read ./data/spase_hpde_io/info/UY_ALPHA-DISTRIBUTIONS_SWOOPS.pkl
2026-02-03T14:52:32.743435Z INFO  hpde_io Reading ./data/spase_hpde_io/info/UY_ALPHA-FIT-PARAMETERS_SWOOPS.pkl
2026-02-03T14:52:32.743604Z INFO  hpde_io Read ./data/spase_hpde_io/info/UY_ALPHA-FIT-PARAMETERS_SWOOPS.pkl
2026-02-03T14:52:32.743656Z INFO  hpde_io Reading ./data/spase_hpde_io/info/UY_ALPHA-MOMENTS_SWOOPS.pkl
2026-02-03T14:52:32.743793Z INFO  hpde_io Read ./data/spase_hpde_io/info/UY_ALPHA-MOMENTS_SWOOPS.pkl
2026-02-03T14:52:32.743840Z INFO  hpde_io Reading ./data/spase_hpde_io/info/UY_COHO1HR_MERGED_MAG_PLASMA.pkl
2026-02-03T14:52:32.743967Z INFO  hpde_io Read ./data/spase_hpde_io/info/UY_COHO1HR_MERGED_MAG_PLASMA.pkl
2026-02-03T14:52:32.744005Z INFO  hpde_io Reading ./data/spase_hpde_io/info/UY_H0_GLG.pkl
2026-02-03T14:52:32.744145Z INFO  hpde_io Read ./data/spase_hpde_io/info/UY_H0_GLG.pkl
2026-02-03T14:52:32.744193Z INFO  hpde_io Reading ./data/spase_hpde_io/info/UY_M0_AT1.pkl
2026-02-03T14:52:32.744362Z INFO  hpde_io Read ./data/spase_hpde_io/info/UY_M0_AT1.pkl
2026-02-03T14:52:32.744406Z INFO  hpde_io No hpde.io SPASE record for UY_M0_AT2.
2026-02-03T14:52:32.744436Z INFO  hpde_io Reading ./data/spase_hpde_io/info/UY_M0_BAE.pkl
2026-02-03T14:52:32.744545Z INFO  hpde_io Read ./data/spase_hpde_io/info/UY_M0_BAE.pkl
2026-02-03T14:52:32.744584Z INFO  hpde_io Reading ./data/spase_hpde_io/info/UY_M0_BAI.pkl
2026-02-03T14:52:32.744703Z INFO  hpde_io Read ./data/spase_hpde_io/info/UY_M0_BAI.pkl
2026-02-03T14:52:32.744741Z INFO  hpde_io Reading ./data/spase_hpde_io/info/UY_M0_GRB.pkl
2026-02-03T14:52:32.744857Z INFO  hpde_io Read ./data/spase_hpde_io/info/UY_M0_GRB.pkl
2026-02-03T14:52:32.744894Z INFO  hpde_io Reading ./data/spase_hpde_io/info/UY_M0_HET.pkl
2026-02-03T14:52:32.745045Z INFO  hpde_io Read ./data/spase_hpde_io/info/UY_M0_HET.pkl
2026-02-03T14:52:32.745087Z INFO  hpde_io Reading ./data/spase_hpde_io/info/UY_M0_HFT.pkl
2026-02-03T14:52:32.745248Z INFO  hpde_io Read ./data/spase_hpde_io/info/UY_M0_HFT.pkl
2026-02-03T14:52:32.745293Z INFO  hpde_io Reading ./data/spase_hpde_io/info/UY_M0_KET.pkl
2026-02-03T14:52:32.745491Z INFO  hpde_io Read ./data/spase_hpde_io/info/UY_M0_KET.pkl
2026-02-03T14:52:32.745535Z INFO  hpde_io Reading ./data/spase_hpde_io/info/UY_M0_LET.pkl
2026-02-03T14:52:32.745706Z INFO  hpde_io Read ./data/spase_hpde_io/info/UY_M0_LET.pkl
2026-02-03T14:52:32.745747Z INFO  hpde_io Reading ./data/spase_hpde_io/info/UY_M0_PFRA.pkl
2026-02-03T14:52:32.745871Z INFO  hpde_io Read ./data/spase_hpde_io/info/UY_M0_PFRA.pkl
2026-02-03T14:52:32.745913Z INFO  hpde_io Reading ./data/spase_hpde_io/info/UY_M0_PFRP.pkl
2026-02-03T14:52:32.746029Z INFO  hpde_io Read ./data/spase_hpde_io/info/UY_M0_PFRP.pkl
2026-02-03T14:52:32.746069Z INFO  hpde_io Reading ./data/spase_hpde_io/info/UY_M0_R144.pkl
2026-02-03T14:52:32.746207Z INFO  hpde_io Read ./data/spase_hpde_io/info/UY_M0_R144.pkl
2026-02-03T14:52:32.746248Z INFO  hpde_io Reading ./data/spase_hpde_io/info/UY_M0_RARA.pkl
2026-02-03T14:52:32.746363Z INFO  hpde_io Read ./data/spase_hpde_io/info/UY_M0_RARA.pkl
2026-02-03T14:52:32.746402Z INFO  hpde_io Reading ./data/spase_hpde_io/info/UY_M0_RARP.pkl
2026-02-03T14:52:32.746522Z INFO  hpde_io Read ./data/spase_hpde_io/info/UY_M0_RARP.pkl
2026-02-03T14:52:32.746560Z INFO  hpde_io Reading ./data/spase_hpde_io/info/UY_M0_WFBA.pkl
2026-02-03T14:52:32.746675Z INFO  hpde_io Read ./data/spase_hpde_io/info/UY_M0_WFBA.pkl
2026-02-03T14:52:32.746719Z INFO  hpde_io Reading ./data/spase_hpde_io/info/UY_M0_WFBP.pkl
2026-02-03T14:52:32.746837Z INFO  hpde_io Read ./data/spase_hpde_io/info/UY_M0_WFBP.pkl
2026-02-03T14:52:32.746875Z INFO  hpde_io Reading ./data/spase_hpde_io/info/UY_M0_WFEA.pkl
2026-02-03T14:52:32.746981Z INFO  hpde_io Read ./data/spase_hpde_io/info/UY_M0_WFEA.pkl
2026-02-03T14:52:32.747025Z INFO  hpde_io Reading ./data/spase_hpde_io/info/UY_M0_WFEP.pkl
2026-02-03T14:52:32.747143Z INFO  hpde_io Read ./data/spase_hpde_io/info/UY_M0_WFEP.pkl
2026-02-03T14:52:32.747180Z INFO  hpde_io Reading ./data/spase_hpde_io/info/UY_M1_BAI.pkl
2026-02-03T14:52:32.747306Z INFO  hpde_io Read ./data/spase_hpde_io/info/UY_M1_BAI.pkl
2026-02-03T14:52:32.747346Z INFO  hpde_io Reading ./data/spase_hpde_io/info/UY_M1_EPA.pkl
2026-02-03T14:52:32.747466Z INFO  hpde_io Read ./data/spase_hpde_io/info/UY_M1_EPA.pkl
2026-02-03T14:52:32.747508Z INFO  hpde_io Reading ./data/spase_hpde_io/info/UY_M1_LF15.pkl
2026-02-03T14:52:32.747618Z INFO  hpde_io Read ./data/spase_hpde_io/info/UY_M1_LF15.pkl
2026-02-03T14:52:32.747654Z INFO  hpde_io Reading ./data/spase_hpde_io/info/UY_M1_LF60.pkl
2026-02-03T14:52:32.747781Z INFO  hpde_io Read ./data/spase_hpde_io/info/UY_M1_LF60.pkl
2026-02-03T14:52:32.747828Z INFO  hpde_io Reading ./data/spase_hpde_io/info/UY_M1_LM12.pkl
2026-02-03T14:52:32.747940Z INFO  hpde_io Read ./data/spase_hpde_io/info/UY_M1_LM12.pkl
2026-02-03T14:52:32.747981Z INFO  hpde_io Reading ./data/spase_hpde_io/info/UY_M1_LM30.pkl
2026-02-03T14:52:32.748093Z INFO  hpde_io Read ./data/spase_hpde_io/info/UY_M1_LM30.pkl
2026-02-03T14:52:32.748135Z INFO  hpde_io Reading ./data/spase_hpde_io/info/UY_M1_LMDE.pkl
2026-02-03T14:52:32.748243Z INFO  hpde_io Read ./data/spase_hpde_io/info/UY_M1_LMDE.pkl
2026-02-03T14:52:32.748282Z INFO  hpde_io Reading ./data/spase_hpde_io/info/UY_M1_SCS.pkl
2026-02-03T14:52:32.748423Z INFO  hpde_io Read ./data/spase_hpde_io/info/UY_M1_SCS.pkl
2026-02-03T14:52:32.748463Z INFO  hpde_io Reading ./data/spase_hpde_io/info/UY_M1_SWI.pkl
2026-02-03T14:52:32.748572Z INFO  hpde_io Read ./data/spase_hpde_io/info/UY_M1_SWI.pkl
2026-02-03T14:52:32.748608Z INFO  hpde_io Reading ./data/spase_hpde_io/info/UY_M1_VHM.pkl
2026-02-03T14:52:32.748724Z INFO  hpde_io Read ./data/spase_hpde_io/info/UY_M1_VHM.pkl
2026-02-03T14:52:32.748760Z INFO  hpde_io Reading ./data/spase_hpde_io/info/UY_M1_WART.pkl
2026-02-03T14:52:32.748899Z INFO  hpde_io Read ./data/spase_hpde_io/info/UY_M1_WART.pkl
2026-02-03T14:52:32.748939Z INFO  hpde_io Reading ./data/spase_hpde_io/info/UY_M1_WRTD.pkl
2026-02-03T14:52:32.749048Z INFO  hpde_io Read ./data/spase_hpde_io/info/UY_M1_WRTD.pkl
2026-02-03T14:52:32.749087Z INFO  hpde_io Reading ./data/spase_hpde_io/info/UY_PROTON-DISTRIBUTIONS_SWOOPS.pkl
2026-02-03T14:52:32.749241Z INFO  hpde_io Read ./data/spase_hpde_io/info/UY_PROTON-DISTRIBUTIONS_SWOOPS.pkl
2026-02-03T14:52:32.749282Z INFO  hpde_io Reading ./data/spase_hpde_io/info/UY_PROTON-FIT-PARAMETERS_SWOOPS.pkl
2026-02-03T14:52:32.749439Z INFO  hpde_io Read ./data/spase_hpde_io/info/UY_PROTON-FIT-PARAMETERS_SWOOPS.pkl
2026-02-03T14:52:32.749480Z INFO  hpde_io Reading ./data/spase_hpde_io/info/UY_PROTON-MOMENTS_SWOOPS.pkl
2026-02-03T14:52:32.749618Z INFO  hpde_io Read ./data/spase_hpde_io/info/UY_PROTON-MOMENTS_SWOOPS.pkl
2026-02-03T14:52:32.749655Z INFO  hpde_io Reading ./data/spase_hpde_io/info/VENUS_HELIO1DAY_POSITION.pkl
2026-02-03T14:52:32.749773Z INFO  hpde_io Read ./data/spase_hpde_io/info/VENUS_HELIO1DAY_POSITION.pkl
2026-02-03T14:52:32.749817Z INFO  hpde_io Reading ./data/spase_hpde_io/info/VENUS_HELIO1HR_POSITION.pkl
2026-02-03T14:52:32.749942Z INFO  hpde_io Read ./data/spase_hpde_io/info/VENUS_HELIO1HR_POSITION.pkl
2026-02-03T14:52:32.749984Z INFO  hpde_io Reading ./data/spase_hpde_io/info/VG1_PWS_LR.pkl
2026-02-03T14:52:32.750129Z INFO  hpde_io Read ./data/spase_hpde_io/info/VG1_PWS_LR.pkl
2026-02-03T14:52:32.750171Z INFO  hpde_io Reading ./data/spase_hpde_io/info/VG1_PWS_WF.pkl
2026-02-03T14:52:32.750285Z INFO  hpde_io Read ./data/spase_hpde_io/info/VG1_PWS_WF.pkl
2026-02-03T14:52:32.750332Z INFO  hpde_io Reading ./data/spase_hpde_io/info/VG2_PWS_LR.pkl
2026-02-03T14:52:32.750468Z INFO  hpde_io Read ./data/spase_hpde_io/info/VG2_PWS_LR.pkl
2026-02-03T14:52:32.750510Z INFO  hpde_io Reading ./data/spase_hpde_io/info/VG2_PWS_WF.pkl
2026-02-03T14:52:32.750630Z INFO  hpde_io Read ./data/spase_hpde_io/info/VG2_PWS_WF.pkl
2026-02-03T14:52:32.750677Z INFO  hpde_io Reading ./data/spase_hpde_io/info/VOYAGER-1_LECP_ELEC-BGND-COR-1D.pkl
2026-02-03T14:52:32.750799Z INFO  hpde_io Read ./data/spase_hpde_io/info/VOYAGER-1_LECP_ELEC-BGND-COR-1D.pkl
2026-02-03T14:52:32.750854Z INFO  hpde_io No hpde.io SPASE record for VOYAGER-1_LECP_LEV-1-RATES.
2026-02-03T14:52:32.750886Z INFO  hpde_io No hpde.io SPASE record for VOYAGER-1_LECP_LEV-2-DAILY-AVG.
2026-02-03T14:52:32.750920Z INFO  hpde_io No hpde.io SPASE record for VOYAGER-1_LECP_LEV-2-HOURLY-AVG.
2026-02-03T14:52:32.750951Z INFO  hpde_io No hpde.io SPASE record for VOYAGER-1_LECP_LEV-2-SCAN-AVG.
2026-02-03T14:52:32.750981Z INFO  hpde_io Reading ./data/spase_hpde_io/info/VOYAGER-2_LECP_ELEC-BGND-COR-1D.pkl
2026-02-03T14:52:32.751112Z INFO  hpde_io Read ./data/spase_hpde_io/info/VOYAGER-2_LECP_ELEC-BGND-COR-1D.pkl
2026-02-03T14:52:32.751174Z INFO  hpde_io No hpde.io SPASE record for VOYAGER-2_LECP_LEV-1-RATES.
2026-02-03T14:52:32.751210Z INFO  hpde_io No hpde.io SPASE record for VOYAGER-2_LECP_LEV-2-DAILY-AVG.
2026-02-03T14:52:32.751244Z INFO  hpde_io No hpde.io SPASE record for VOYAGER-2_LECP_LEV-2-HOURLY-AVG.
2026-02-03T14:52:32.751272Z INFO  hpde_io No hpde.io SPASE record for VOYAGER-2_LECP_LEV-2-SCAN-AVG.
2026-02-03T14:52:32.751300Z INFO  hpde_io Reading ./data/spase_hpde_io/info/VOYAGER1_10S_MAG.pkl
2026-02-03T14:52:32.751841Z INFO  hpde_io Read ./data/spase_hpde_io/info/VOYAGER1_10S_MAG.pkl
2026-02-03T14:52:32.751891Z INFO  hpde_io No hpde.io SPASE record for VOYAGER1_1HR_MAG.
2026-02-03T14:52:32.751923Z INFO  hpde_io Reading ./data/spase_hpde_io/info/VOYAGER1_2S_MAG.pkl
2026-02-03T14:52:32.752185Z INFO  hpde_io Read ./data/spase_hpde_io/info/VOYAGER1_2S_MAG.pkl
2026-02-03T14:52:32.752229Z INFO  hpde_io Reading ./data/spase_hpde_io/info/VOYAGER1_48S_MAG.pkl
2026-02-03T14:52:32.752539Z INFO  hpde_io Read ./data/spase_hpde_io/info/VOYAGER1_48S_MAG.pkl
2026-02-03T14:52:32.752581Z INFO  hpde_io Reading ./data/spase_hpde_io/info/VOYAGER1_48S_MAG-VIM.pkl
2026-02-03T14:52:32.752721Z INFO  hpde_io Read ./data/spase_hpde_io/info/VOYAGER1_48S_MAG-VIM.pkl
2026-02-03T14:52:32.752759Z INFO  hpde_io Reading ./data/spase_hpde_io/info/VOYAGER1_COHO1HR_MERGED_MAG_PLASMA.pkl
2026-02-03T14:52:32.752893Z INFO  hpde_io Read ./data/spase_hpde_io/info/VOYAGER1_COHO1HR_MERGED_MAG_PLASMA.pkl
2026-02-03T14:52:32.752941Z INFO  hpde_io Reading ./data/spase_hpde_io/info/VOYAGER1_CRS_DAILY_FLUX.pkl
2026-02-03T14:52:32.753152Z INFO  hpde_io Read ./data/spase_hpde_io/info/VOYAGER1_CRS_DAILY_FLUX.pkl
2026-02-03T14:52:32.753190Z INFO  hpde_io Reading ./data/spase_hpde_io/info/VOYAGER1_PLS_COMPOSITION.pkl
2026-02-03T14:52:32.753349Z INFO  hpde_io Read ./data/spase_hpde_io/info/VOYAGER1_PLS_COMPOSITION.pkl
2026-02-03T14:52:32.753399Z INFO  hpde_io Reading ./data/spase_hpde_io/info/VOYAGER1_PLS_ELECTRONS_E1.pkl
2026-02-03T14:52:32.753526Z INFO  hpde_io Read ./data/spase_hpde_io/info/VOYAGER1_PLS_ELECTRONS_E1.pkl
2026-02-03T14:52:32.753562Z INFO  hpde_io Reading ./data/spase_hpde_io/info/VOYAGER1_PLS_ELECTRONS_E2.pkl
2026-02-03T14:52:32.754357Z INFO  hpde_io Read ./data/spase_hpde_io/info/VOYAGER1_PLS_ELECTRONS_E2.pkl
2026-02-03T14:52:32.754396Z INFO  hpde_io Reading ./data/spase_hpde_io/info/VOYAGER1_PLS_HIRES_PLASMA_DATA.pkl
2026-02-03T14:52:32.754508Z INFO  hpde_io Read ./data/spase_hpde_io/info/VOYAGER1_PLS_HIRES_PLASMA_DATA.pkl
2026-02-03T14:52:32.754545Z INFO  hpde_io Reading ./data/spase_hpde_io/info/VOYAGER1_PLS_IONS_L.pkl
2026-02-03T14:52:32.754688Z INFO  hpde_io Read ./data/spase_hpde_io/info/VOYAGER1_PLS_IONS_L.pkl
2026-02-03T14:52:32.754728Z INFO  hpde_io Reading ./data/spase_hpde_io/info/VOYAGER1_PLS_IONS_M.pkl
2026-02-03T14:52:32.754990Z INFO  hpde_io Read ./data/spase_hpde_io/info/VOYAGER1_PLS_IONS_M.pkl
2026-02-03T14:52:32.755031Z INFO  hpde_io Reading ./data/spase_hpde_io/info/VOYAGER2_10S_MAG.pkl
2026-02-03T14:52:32.755290Z INFO  hpde_io Read ./data/spase_hpde_io/info/VOYAGER2_10S_MAG.pkl
2026-02-03T14:52:32.755349Z INFO  hpde_io No hpde.io SPASE record for VOYAGER2_1HR_MAG.
2026-02-03T14:52:32.755378Z INFO  hpde_io Reading ./data/spase_hpde_io/info/VOYAGER2_2S_MAG.pkl
2026-02-03T14:52:32.755661Z INFO  hpde_io Read ./data/spase_hpde_io/info/VOYAGER2_2S_MAG.pkl
2026-02-03T14:52:32.755699Z INFO  hpde_io Reading ./data/spase_hpde_io/info/VOYAGER2_48S_MAG.pkl
2026-02-03T14:52:32.755980Z INFO  hpde_io Read ./data/spase_hpde_io/info/VOYAGER2_48S_MAG.pkl
2026-02-03T14:52:32.756028Z INFO  hpde_io Reading ./data/spase_hpde_io/info/VOYAGER2_48S_MAG-VIM.pkl
2026-02-03T14:52:32.756185Z INFO  hpde_io Read ./data/spase_hpde_io/info/VOYAGER2_48S_MAG-VIM.pkl
2026-02-03T14:52:32.756230Z INFO  hpde_io Reading ./data/spase_hpde_io/info/VOYAGER2_COHO1HR_MERGED_MAG_PLASMA.pkl
2026-02-03T14:52:32.756355Z INFO  hpde_io Read ./data/spase_hpde_io/info/VOYAGER2_COHO1HR_MERGED_MAG_PLASMA.pkl
2026-02-03T14:52:32.756401Z INFO  hpde_io Reading ./data/spase_hpde_io/info/VOYAGER2_PLS_COMPOSITION.pkl
2026-02-03T14:52:32.756592Z INFO  hpde_io Read ./data/spase_hpde_io/info/VOYAGER2_PLS_COMPOSITION.pkl
2026-02-03T14:52:32.756660Z INFO  hpde_io Reading ./data/spase_hpde_io/info/VOYAGER2_PLS_ELECTRONS_E1.pkl
2026-02-03T14:52:32.756800Z INFO  hpde_io Read ./data/spase_hpde_io/info/VOYAGER2_PLS_ELECTRONS_E1.pkl
2026-02-03T14:52:32.756846Z INFO  hpde_io Reading ./data/spase_hpde_io/info/VOYAGER2_PLS_ELECTRONS_E2.pkl
2026-02-03T14:52:32.757001Z INFO  hpde_io Read ./data/spase_hpde_io/info/VOYAGER2_PLS_ELECTRONS_E2.pkl
2026-02-03T14:52:32.757043Z INFO  hpde_io Reading ./data/spase_hpde_io/info/VOYAGER2_PLS_HIRES_PLASMA_DATA.pkl
2026-02-03T14:52:32.757171Z INFO  hpde_io Read ./data/spase_hpde_io/info/VOYAGER2_PLS_HIRES_PLASMA_DATA.pkl
2026-02-03T14:52:32.757221Z INFO  hpde_io No hpde.io SPASE record for VOYAGER2_PLS_HIRES_PLASMA_DATA_HSH.
2026-02-03T14:52:32.757254Z INFO  hpde_io Reading ./data/spase_hpde_io/info/VOYAGER2_PLS_IONS_L.pkl
2026-02-03T14:52:32.757407Z INFO  hpde_io Read ./data/spase_hpde_io/info/VOYAGER2_PLS_IONS_L.pkl
2026-02-03T14:52:32.757446Z INFO  hpde_io Reading ./data/spase_hpde_io/info/VOYAGER2_PLS_IONS_M.pkl
2026-02-03T14:52:32.757724Z INFO  hpde_io Read ./data/spase_hpde_io/info/VOYAGER2_PLS_IONS_M.pkl
2026-02-03T14:52:32.757764Z INFO  hpde_io Reading ./data/spase_hpde_io/info/WILD2_HELIO1DAY_POSITION.pkl
2026-02-03T14:52:32.757885Z INFO  hpde_io Read ./data/spase_hpde_io/info/WILD2_HELIO1DAY_POSITION.pkl
2026-02-03T14:52:32.757924Z INFO  hpde_io Reading ./data/spase_hpde_io/info/WILD2_HELIO1HR_POSITION.pkl
2026-02-03T14:52:32.758048Z INFO  hpde_io Read ./data/spase_hpde_io/info/WILD2_HELIO1HR_POSITION.pkl
2026-02-03T14:52:32.758092Z INFO  hpde_io Reading ./data/spase_hpde_io/info/WIND_3DP_ECHSFITS_E0-YR.pkl
2026-02-03T14:52:32.758201Z INFO  hpde_io Read ./data/spase_hpde_io/info/WIND_3DP_ECHSFITS_E0-YR.pkl
2026-02-03T14:52:32.758249Z INFO  hpde_io No hpde.io SPASE record for WIND_HELIO1HR_POSITION.
2026-02-03T14:52:32.758284Z INFO  hpde_io No hpde.io SPASE record for WIND_WAVES_QTNFIT.
2026-02-03T14:52:32.758321Z INFO  hpde_io No hpde.io SPASE record for WIND_WAVES_QTNFIT-FILTERED.
2026-02-03T14:52:32.758351Z INFO  hpde_io Reading ./data/spase_hpde_io/info/WI_AT_DEF.pkl
2026-02-03T14:52:32.758504Z INFO  hpde_io Read ./data/spase_hpde_io/info/WI_AT_DEF.pkl
2026-02-03T14:52:32.758549Z INFO  hpde_io Reading ./data/spase_hpde_io/info/WI_AT_PRE.pkl
2026-02-03T14:52:32.758666Z INFO  hpde_io Read ./data/spase_hpde_io/info/WI_AT_PRE.pkl
2026-02-03T14:52:32.758710Z INFO  hpde_io Reading ./data/spase_hpde_io/info/WI_EHPD_3DP.pkl
2026-02-03T14:52:32.758835Z INFO  hpde_io Read ./data/spase_hpde_io/info/WI_EHPD_3DP.pkl
2026-02-03T14:52:32.758879Z INFO  hpde_io Reading ./data/spase_hpde_io/info/WI_EHSP_3DP.pkl
2026-02-03T14:52:32.758986Z INFO  hpde_io Read ./data/spase_hpde_io/info/WI_EHSP_3DP.pkl
2026-02-03T14:52:32.759027Z INFO  hpde_io Reading ./data/spase_hpde_io/info/WI_ELM2_3DP.pkl
2026-02-03T14:52:32.759158Z INFO  hpde_io Read ./data/spase_hpde_io/info/WI_ELM2_3DP.pkl
2026-02-03T14:52:32.759203Z INFO  hpde_io Reading ./data/spase_hpde_io/info/WI_ELPD_3DP.pkl
2026-02-03T14:52:32.759324Z INFO  hpde_io Read ./data/spase_hpde_io/info/WI_ELPD_3DP.pkl
2026-02-03T14:52:32.759366Z INFO  hpde_io Reading ./data/spase_hpde_io/info/WI_ELSP_3DP.pkl
2026-02-03T14:52:32.759506Z INFO  hpde_io Read ./data/spase_hpde_io/info/WI_ELSP_3DP.pkl
2026-02-03T14:52:32.759563Z INFO  hpde_io Reading ./data/spase_hpde_io/info/WI_EMFITS_E0_3DP.pkl
2026-02-03T14:52:32.759697Z INFO  hpde_io Read ./data/spase_hpde_io/info/WI_EMFITS_E0_3DP.pkl
2026-02-03T14:52:32.759746Z INFO  hpde_io Reading ./data/spase_hpde_io/info/WI_EM_3DP.pkl
2026-02-03T14:52:32.759869Z INFO  hpde_io Read ./data/spase_hpde_io/info/WI_EM_3DP.pkl
2026-02-03T14:52:32.759913Z INFO  hpde_io Reading ./data/spase_hpde_io/info/WI_EPACT_STEP-DIFFERENTIAL-ION-FLUX-1HR.pkl
2026-02-03T14:52:32.760169Z INFO  hpde_io Read ./data/spase_hpde_io/info/WI_EPACT_STEP-DIFFERENTIAL-ION-FLUX-1HR.pkl
2026-02-03T14:52:32.760221Z INFO  hpde_io Reading ./data/spase_hpde_io/info/WI_EPACT_STEP-DIRECTIONAL-DIFF-CNO-FLUX-10MIN.pkl
2026-02-03T14:52:32.760395Z INFO  hpde_io Read ./data/spase_hpde_io/info/WI_EPACT_STEP-DIRECTIONAL-DIFF-CNO-FLUX-10MIN.pkl
2026-02-03T14:52:32.760448Z INFO  hpde_io Reading ./data/spase_hpde_io/info/WI_EPACT_STEP-DIRECTIONAL-DIFF-FE-FLUX-10MIN.pkl
2026-02-03T14:52:32.760615Z INFO  hpde_io Read ./data/spase_hpde_io/info/WI_EPACT_STEP-DIRECTIONAL-DIFF-FE-FLUX-10MIN.pkl
2026-02-03T14:52:32.760663Z INFO  hpde_io Reading ./data/spase_hpde_io/info/WI_EPACT_STEP-DIRECTIONAL-DIFF-H-FLUX-10MIN.pkl
2026-02-03T14:52:32.760843Z INFO  hpde_io Read ./data/spase_hpde_io/info/WI_EPACT_STEP-DIRECTIONAL-DIFF-H-FLUX-10MIN.pkl
2026-02-03T14:52:32.760888Z INFO  hpde_io Reading ./data/spase_hpde_io/info/WI_EPACT_STEP-DIRECTIONAL-DIFF-HE-FLUX-10MIN.pkl
2026-02-03T14:52:32.761064Z INFO  hpde_io Read ./data/spase_hpde_io/info/WI_EPACT_STEP-DIRECTIONAL-DIFF-HE-FLUX-10MIN.pkl
2026-02-03T14:52:32.761104Z INFO  hpde_io Reading ./data/spase_hpde_io/info/WI_H0_MFI.pkl
2026-02-03T14:52:32.761273Z INFO  hpde_io Read ./data/spase_hpde_io/info/WI_H0_MFI.pkl
2026-02-03T14:52:32.761321Z INFO  hpde_io Reading ./data/spase_hpde_io/info/WI_H0_SWE.pkl
2026-02-03T14:52:32.761450Z INFO  hpde_io Read ./data/spase_hpde_io/info/WI_H0_SWE.pkl
2026-02-03T14:52:32.761497Z INFO  hpde_io Reading ./data/spase_hpde_io/info/WI_H0_WAV.pkl
2026-02-03T14:52:32.761618Z INFO  hpde_io Read ./data/spase_hpde_io/info/WI_H0_WAV.pkl
2026-02-03T14:52:32.761682Z INFO  hpde_io Reading ./data/spase_hpde_io/info/WI_H1_SWE.pkl
2026-02-03T14:52:32.761845Z INFO  hpde_io Read ./data/spase_hpde_io/info/WI_H1_SWE.pkl
2026-02-03T14:52:32.761904Z INFO  hpde_io No hpde.io SPASE record for WI_H1_SWE_RTN.
2026-02-03T14:52:32.761939Z INFO  hpde_io Reading ./data/spase_hpde_io/info/WI_H1_WAV.pkl
2026-02-03T14:52:32.762065Z INFO  hpde_io Read ./data/spase_hpde_io/info/WI_H1_WAV.pkl
2026-02-03T14:52:32.762106Z INFO  hpde_io Reading ./data/spase_hpde_io/info/WI_H2_MFI.pkl
2026-02-03T14:52:32.762216Z INFO  hpde_io Read ./data/spase_hpde_io/info/WI_H2_MFI.pkl
2026-02-03T14:52:32.762257Z INFO  hpde_io Reading ./data/spase_hpde_io/info/WI_H3-RTN_MFI.pkl
2026-02-03T14:52:32.762391Z INFO  hpde_io Read ./data/spase_hpde_io/info/WI_H3-RTN_MFI.pkl
2026-02-03T14:52:32.762432Z INFO  hpde_io Reading ./data/spase_hpde_io/info/WI_H3_SWE.pkl
2026-02-03T14:52:32.762569Z INFO  hpde_io Read ./data/spase_hpde_io/info/WI_H3_SWE.pkl
2026-02-03T14:52:32.762605Z INFO  hpde_io Reading ./data/spase_hpde_io/info/WI_H4-RTN_MFI.pkl
2026-02-03T14:52:32.762727Z INFO  hpde_io Read ./data/spase_hpde_io/info/WI_H4-RTN_MFI.pkl
2026-02-03T14:52:32.762762Z INFO  hpde_io Reading ./data/spase_hpde_io/info/WI_H4_SWE.pkl
2026-02-03T14:52:32.762900Z INFO  hpde_io Read ./data/spase_hpde_io/info/WI_H4_SWE.pkl
2026-02-03T14:52:32.762939Z INFO  hpde_io Reading ./data/spase_hpde_io/info/WI_H5_SWE.pkl
2026-02-03T14:52:32.763110Z INFO  hpde_io Read ./data/spase_hpde_io/info/WI_H5_SWE.pkl
2026-02-03T14:52:32.763148Z INFO  hpde_io Reading ./data/spase_hpde_io/info/WI_K0_3DP.pkl
2026-02-03T14:52:32.763277Z INFO  hpde_io Read ./data/spase_hpde_io/info/WI_K0_3DP.pkl
2026-02-03T14:52:32.763319Z INFO  hpde_io Reading ./data/spase_hpde_io/info/WI_K0_EPA.pkl
2026-02-03T14:52:32.763435Z INFO  hpde_io Read ./data/spase_hpde_io/info/WI_K0_EPA.pkl
2026-02-03T14:52:32.763480Z INFO  hpde_io Reading ./data/spase_hpde_io/info/WI_K0_MFI.pkl
2026-02-03T14:52:32.763631Z INFO  hpde_io Read ./data/spase_hpde_io/info/WI_K0_MFI.pkl
2026-02-03T14:52:32.763674Z INFO  hpde_io Reading ./data/spase_hpde_io/info/WI_K0_SMS.pkl
2026-02-03T14:52:32.763794Z INFO  hpde_io Read ./data/spase_hpde_io/info/WI_K0_SMS.pkl
2026-02-03T14:52:32.763837Z INFO  hpde_io Reading ./data/spase_hpde_io/info/WI_K0_SPHA.pkl
2026-02-03T14:52:32.763959Z INFO  hpde_io Read ./data/spase_hpde_io/info/WI_K0_SPHA.pkl
2026-02-03T14:52:32.763998Z INFO  hpde_io Reading ./data/spase_hpde_io/info/WI_K0_SWE.pkl
2026-02-03T14:52:32.764153Z INFO  hpde_io Read ./data/spase_hpde_io/info/WI_K0_SWE.pkl
2026-02-03T14:52:32.764201Z INFO  hpde_io No hpde.io SPASE record for WI_K0_SWE_RTN.
2026-02-03T14:52:32.764232Z INFO  hpde_io Reading ./data/spase_hpde_io/info/WI_K0_WAV.pkl
2026-02-03T14:52:32.764414Z INFO  hpde_io Read ./data/spase_hpde_io/info/WI_K0_WAV.pkl
2026-02-03T14:52:32.764457Z INFO  hpde_io No hpde.io SPASE record for WI_K1-RTN_MFI.
2026-02-03T14:52:32.764486Z INFO  hpde_io Reading ./data/spase_hpde_io/info/WI_L2-1HOUR-SEP_EPACT-APE_B.pkl
2026-02-03T14:52:32.764605Z INFO  hpde_io Read ./data/spase_hpde_io/info/WI_L2-1HOUR-SEP_EPACT-APE_B.pkl
2026-02-03T14:52:32.764649Z INFO  hpde_io Reading ./data/spase_hpde_io/info/WI_L2-1HOUR-SEP_EPACT-LEMT.pkl
2026-02-03T14:52:32.764766Z INFO  hpde_io Read ./data/spase_hpde_io/info/WI_L2-1HOUR-SEP_EPACT-LEMT.pkl
2026-02-03T14:52:32.764805Z INFO  hpde_io Reading ./data/spase_hpde_io/info/WI_L2-30MIN_SMS-STICS-AFM-MAGNETOSPHERE.pkl
2026-02-03T14:52:32.764948Z INFO  hpde_io Read ./data/spase_hpde_io/info/WI_L2-30MIN_SMS-STICS-AFM-MAGNETOSPHERE.pkl
2026-02-03T14:52:32.764989Z INFO  hpde_io Reading ./data/spase_hpde_io/info/WI_L2-30MIN_SMS-STICS-AFM-SOLARWIND.pkl
2026-02-03T14:52:32.765120Z INFO  hpde_io Read ./data/spase_hpde_io/info/WI_L2-30MIN_SMS-STICS-AFM-SOLARWIND.pkl
2026-02-03T14:52:32.765158Z INFO  hpde_io Reading ./data/spase_hpde_io/info/WI_L2-30MIN_SMS-STICS-ERPA-MAGNETOSPHERE.pkl
2026-02-03T14:52:32.765328Z INFO  hpde_io Read ./data/spase_hpde_io/info/WI_L2-30MIN_SMS-STICS-ERPA-MAGNETOSPHERE.pkl
2026-02-03T14:52:32.765367Z INFO  hpde_io Reading ./data/spase_hpde_io/info/WI_L2-30MIN_SMS-STICS-ERPA-SOLARWIND.pkl
2026-02-03T14:52:32.765543Z INFO  hpde_io Read ./data/spase_hpde_io/info/WI_L2-30MIN_SMS-STICS-ERPA-SOLARWIND.pkl
2026-02-03T14:52:32.765586Z INFO  hpde_io Reading ./data/spase_hpde_io/info/WI_L2-3MIN_SMS-STICS-VDF-MAGNETOSPHERE.pkl
2026-02-03T14:52:32.766059Z INFO  hpde_io Read ./data/spase_hpde_io/info/WI_L2-3MIN_SMS-STICS-VDF-MAGNETOSPHERE.pkl
2026-02-03T14:52:32.766099Z INFO  hpde_io Reading ./data/spase_hpde_io/info/WI_L2-3MIN_SMS-STICS-VDF-SOLARWIND.pkl
2026-02-03T14:52:32.766881Z INFO  hpde_io Read ./data/spase_hpde_io/info/WI_L2-3MIN_SMS-STICS-VDF-SOLARWIND.pkl
2026-02-03T14:52:32.766923Z INFO  hpde_io Reading ./data/spase_hpde_io/info/WI_L2-5MIN-SEP_EPACT-LEMT.pkl
2026-02-03T14:52:32.767036Z INFO  hpde_io Read ./data/spase_hpde_io/info/WI_L2-5MIN-SEP_EPACT-LEMT.pkl
2026-02-03T14:52:32.767078Z INFO  hpde_io Reading ./data/spase_hpde_io/info/WI_L2_3MIN_SMS-STICS-NVT-MAGNETOSPHERE.pkl
2026-02-03T14:52:32.767293Z INFO  hpde_io Read ./data/spase_hpde_io/info/WI_L2_3MIN_SMS-STICS-NVT-MAGNETOSPHERE.pkl
2026-02-03T14:52:32.767334Z INFO  hpde_io Reading ./data/spase_hpde_io/info/WI_L2_3MIN_SMS-STICS-NVT-SOLARWIND.pkl
2026-02-03T14:52:32.767567Z INFO  hpde_io Read ./data/spase_hpde_io/info/WI_L2_3MIN_SMS-STICS-NVT-SOLARWIND.pkl
2026-02-03T14:52:32.767609Z INFO  hpde_io Reading ./data/spase_hpde_io/info/WI_L2_WAV_RAD1.pkl
2026-02-03T14:52:32.767737Z INFO  hpde_io Read ./data/spase_hpde_io/info/WI_L2_WAV_RAD1.pkl
2026-02-03T14:52:32.767784Z INFO  hpde_io No hpde.io SPASE record for WI_L2_WAV_RAD2.
2026-02-03T14:52:32.767814Z INFO  hpde_io Reading ./data/spase_hpde_io/info/WI_L3-DUSTIMPACT_WAVES.pkl
2026-02-03T14:52:32.767957Z INFO  hpde_io Read ./data/spase_hpde_io/info/WI_L3-DUSTIMPACT_WAVES.pkl
2026-02-03T14:52:32.767995Z INFO  hpde_io Reading ./data/spase_hpde_io/info/WI_M0_SWE.pkl
2026-02-03T14:52:32.768117Z INFO  hpde_io Read ./data/spase_hpde_io/info/WI_M0_SWE.pkl
2026-02-03T14:52:32.768154Z INFO  hpde_io Reading ./data/spase_hpde_io/info/WI_M2_SWE.pkl
2026-02-03T14:52:32.768262Z INFO  hpde_io Read ./data/spase_hpde_io/info/WI_M2_SWE.pkl
2026-02-03T14:52:32.768310Z INFO  hpde_io Reading ./data/spase_hpde_io/info/WI_OR_DEF.pkl
2026-02-03T14:52:32.768445Z INFO  hpde_io Read ./data/spase_hpde_io/info/WI_OR_DEF.pkl
2026-02-03T14:52:32.768485Z INFO  hpde_io Reading ./data/spase_hpde_io/info/WI_OR_PRE.pkl
2026-02-03T14:52:32.768616Z INFO  hpde_io Read ./data/spase_hpde_io/info/WI_OR_PRE.pkl
2026-02-03T14:52:32.768657Z INFO  hpde_io Reading ./data/spase_hpde_io/info/WI_PLSP_3DP.pkl
2026-02-03T14:52:32.768777Z INFO  hpde_io Read ./data/spase_hpde_io/info/WI_PLSP_3DP.pkl
2026-02-03T14:52:32.768820Z INFO  hpde_io Reading ./data/spase_hpde_io/info/WI_PM_3DP.pkl
2026-02-03T14:52:32.768946Z INFO  hpde_io Read ./data/spase_hpde_io/info/WI_PM_3DP.pkl
2026-02-03T14:52:32.768993Z INFO  hpde_io Reading ./data/spase_hpde_io/info/WI_SFPD_3DP.pkl
2026-02-03T14:52:32.769137Z INFO  hpde_io Read ./data/spase_hpde_io/info/WI_SFPD_3DP.pkl
2026-02-03T14:52:32.769179Z INFO  hpde_io Reading ./data/spase_hpde_io/info/WI_SFSP_3DP.pkl
2026-02-03T14:52:32.769293Z INFO  hpde_io Read ./data/spase_hpde_io/info/WI_SFSP_3DP.pkl
2026-02-03T14:52:32.769332Z INFO  hpde_io Reading ./data/spase_hpde_io/info/WI_SOPD_3DP.pkl
2026-02-03T14:52:32.769444Z INFO  hpde_io Read ./data/spase_hpde_io/info/WI_SOPD_3DP.pkl
2026-02-03T14:52:32.769486Z INFO  hpde_io Reading ./data/spase_hpde_io/info/WI_SOSP_3DP.pkl
2026-02-03T14:52:32.769607Z INFO  hpde_io Read ./data/spase_hpde_io/info/WI_SOSP_3DP.pkl
2026-02-03T14:52:32.769646Z INFO  hpde_io Reading ./data/spase_hpde_io/info/WI_STRAHL0_SWE.pkl
2026-02-03T14:52:32.769783Z INFO  hpde_io Read ./data/spase_hpde_io/info/WI_STRAHL0_SWE.pkl
2026-02-03T14:52:32.769820Z INFO  hpde_io Reading ./data/spase_hpde_io/info/WI_SW-ION-DIST_SWE-FARADAY.pkl
2026-02-03T14:52:32.769978Z INFO  hpde_io Read ./data/spase_hpde_io/info/WI_SW-ION-DIST_SWE-FARADAY.pkl
2026-02-03T14:52:32.770030Z INFO  hpde_io No hpde.io SPASE record for WI_WA_RAD1_L3_DF.
2026-02-03T14:52:32.782858Z INFO  hpde_io Writing ./data/spase_hpde_io/errors/all.log
2026-02-03T14:52:32.783387Z INFO  hpde_io Writing ./data/spase_hpde_io/errors/spase.hpde_io.DuplicateAccessURLName.log
2026-02-03T14:52:32.783581Z INFO  hpde_io Writing ./data/spase_hpde_io/errors/spase.hpde_io.NoResourceID.log
2026-02-03T14:52:32.783790Z INFO  hpde_io   A1_K0_MPA (spase://NASA/NumericalData/LANL/2001/MPA/PT87S):
2026-02-03T14:52:32.783818Z INFO  hpde_io      Found first ObservedRegion in A1_K0_MPA for s/c ID = A1: ['Earth.Magnetosphere.Main', 'Earth.Magnetosphere.RadiationBelt', 'Earth.NearSurface.Plasmasphere']
2026-02-03T14:52:32.783847Z INFO  hpde_io   A2_K0_MPA (spase://NASA/NumericalData/LANL/2002/MPA/PT87S):
2026-02-03T14:52:32.783869Z INFO  hpde_io      Found first ObservedRegion in A2_K0_MPA for s/c ID = A2: ['Earth.Magnetosphere.Main', 'Earth.Magnetosphere.RadiationBelt', 'Earth.NearSurface.Plasmasphere']
2026-02-03T14:52:32.783894Z INFO  hpde_io   AC_AT_DEF (spase://NASA/NumericalData/ACE/Attitude/Definitive/PT1H):
2026-02-03T14:52:32.783914Z INFO  hpde_io      Found first ObservedRegion in AC_AT_DEF for s/c ID = AC: ['Heliosphere', 'Heliosphere.NearEarth', 'Heliosphere.Inner']
2026-02-03T14:52:32.783940Z ERROR hpde_io   AC_H0_MFI (spase://NASA/NumericalData/ACE/MAG/L2/PT16S):
2026-02-03T14:52:32.783980Z INFO  hpde_io     ObservedRegion for this ID differs from first found value s/c ID = AC
2026-02-03T14:52:32.784004Z ERROR hpde_io       First value = ['Heliosphere', 'Heliosphere.Inner', 'Heliosphere.NearEarth']
2026-02-03T14:52:32.784033Z ERROR hpde_io       This value  = ['Heliosphere.NearEarth']
2026-02-03T14:52:32.784056Z ERROR hpde_io        Combining values.
2026-02-03T14:52:32.784087Z ERROR hpde_io   AC_H0_SWE (spase://NASA/NumericalData/ACE/SWEPAM/L2/PT64S):
2026-02-03T14:52:32.784111Z INFO  hpde_io     ObservedRegion for this ID differs from first found value s/c ID = AC
2026-02-03T14:52:32.784128Z ERROR hpde_io       First value = ['Heliosphere', 'Heliosphere.Inner', 'Heliosphere.NearEarth']
2026-02-03T14:52:32.784152Z ERROR hpde_io       This value  = ['Heliosphere.NearEarth']
2026-02-03T14:52:32.784175Z ERROR hpde_io        Combining values.
2026-02-03T14:52:32.784203Z ERROR hpde_io   AC_H1_EPM (spase://NASA/NumericalData/ACE/EPAM/L2/PT5M):
2026-02-03T14:52:32.784227Z INFO  hpde_io     ObservedRegion for this ID differs from first found value s/c ID = AC
2026-02-03T14:52:32.784244Z ERROR hpde_io       First value = ['Heliosphere', 'Heliosphere.Inner', 'Heliosphere.NearEarth']
2026-02-03T14:52:32.784269Z ERROR hpde_io       This value  = ['Heliosphere.NearEarth']
2026-02-03T14:52:32.784292Z ERROR hpde_io        Combining values.
2026-02-03T14:52:32.784325Z ERROR hpde_io   AC_H2_CRIS (spase://NASA/NumericalData/ACE/CRIS/L2/PT1H):
2026-02-03T14:52:32.784349Z INFO  hpde_io     ObservedRegion for this ID differs from first found value s/c ID = AC
2026-02-03T14:52:32.784365Z ERROR hpde_io       First value = ['Heliosphere', 'Heliosphere.Inner', 'Heliosphere.NearEarth']
2026-02-03T14:52:32.784388Z ERROR hpde_io       This value  = ['Heliosphere.NearEarth']
2026-02-03T14:52:32.784411Z ERROR hpde_io        Combining values.
2026-02-03T14:52:32.784453Z ERROR hpde_io   AC_H2_ULE (spase://NASA/NumericalData/ACE/ULEIS/Ion/Fluxes/L2/PT1H):
2026-02-03T14:52:32.784476Z INFO  hpde_io     ObservedRegion for this ID differs from first found value s/c ID = AC
2026-02-03T14:52:32.784492Z ERROR hpde_io       First value = ['Heliosphere', 'Heliosphere.Inner', 'Heliosphere.NearEarth']
2026-02-03T14:52:32.784515Z ERROR hpde_io       This value  = ['Heliosphere.NearEarth']
2026-02-03T14:52:32.784539Z ERROR hpde_io        Combining values.
2026-02-03T14:52:32.784582Z ERROR hpde_io   AC_H6_SWI (spase://NASA/NumericalData/ACE/SWICS/L2/PT12M):
2026-02-03T14:52:32.784605Z INFO  hpde_io     ObservedRegion for this ID differs from first found value s/c ID = AC
2026-02-03T14:52:32.784621Z ERROR hpde_io       First value = ['Heliosphere', 'Heliosphere.Inner', 'Heliosphere.NearEarth']
2026-02-03T14:52:32.784644Z ERROR hpde_io       This value  = ['Heliosphere.NearEarth']
2026-02-03T14:52:32.784666Z ERROR hpde_io        Combining values.
2026-02-03T14:52:32.784715Z INFO  hpde_io   AEROCUBE-6-A_DOSIMETER_L2 (spase://NASA/NumericalData/AeroCube-6/A/Dosimeter/PT1S):
2026-02-03T14:52:32.784731Z INFO  hpde_io      Found first ObservedRegion in AEROCUBE-6-A_DOSIMETER_L2 for s/c ID = AEROCUBE-6-A: ['Earth.NearSurface.PolarCap', 'Earth.NearSurface.AuroralRegion', 'Earth.NearSurface.Ionosphere.FRegion']
2026-02-03T14:52:32.784750Z INFO  hpde_io   AEROCUBE-6-B_DOSIMETER_L2 (spase://NASA/NumericalData/AeroCube-6/B/Dosimeter/PT1S):
2026-02-03T14:52:32.784766Z INFO  hpde_io      Found first ObservedRegion in AEROCUBE-6-B_DOSIMETER_L2 for s/c ID = AEROCUBE-6-B: ['Earth.NearSurface.PolarCap', 'Earth.NearSurface.AuroralRegion', 'Earth.NearSurface.Ionosphere.FRegion']
2026-02-03T14:52:32.784785Z INFO  hpde_io   ALOUETTE2_AV_LIM (spase://NASA/NumericalData/Alouette2/SFS/AverageIonogram/Lima/PT31S):
2026-02-03T14:52:32.784802Z INFO  hpde_io      Found first ObservedRegion in ALOUETTE2_AV_LIM for s/c ID = ALOUETTE2: ['Earth.Magnetosphere', 'Earth.Magnetosphere.Polar', 'Earth.NearSurface', 'Earth.NearSurface.AuroralRegion', 'Earth.NearSurface.EquatorialRegion', 'Earth.NearSurface.Ionosphere', 'Earth.NearSurface.PolarCap']
2026-02-03T14:52:32.784841Z ERROR hpde_io   ALOUETTE2_NEPROF_TOPS (spase://NASA/NumericalData/Alouette2/SFS/PT32S):
2026-02-03T14:52:32.784865Z INFO  hpde_io     ObservedRegion for this ID differs from first found value s/c ID = ALOUETTE2
2026-02-03T14:52:32.784881Z ERROR hpde_io       First value = ['Earth.Magnetosphere', 'Earth.Magnetosphere.Polar', 'Earth.NearSurface', 'Earth.NearSurface.AuroralRegion', 'Earth.NearSurface.EquatorialRegion', 'Earth.NearSurface.Ionosphere', 'Earth.NearSurface.PolarCap']
2026-02-03T14:52:32.784905Z ERROR hpde_io       This value  = ['Earth.NearSurface.Ionosphere']
2026-02-03T14:52:32.784928Z ERROR hpde_io        Combining values.
2026-02-03T14:52:32.784955Z INFO  hpde_io   AMPTECCE_H0_MEPA (spase://NASA/NumericalData/AMPTE-CCE/MEPA/PT0.1875S):
2026-02-03T14:52:32.784971Z INFO  hpde_io      Found first ObservedRegion in AMPTECCE_H0_MEPA for s/c ID = AMPTECCE: ['Earth.Magnetosphere', 'Earth.Magnetosphere.Main', 'Earth.Magnetosphere.RadiationBelt']
2026-02-03T14:52:32.784988Z INFO  hpde_io   APOLLO12_SWS_1HR (spase://NASA/NumericalData/Apollo12-LM/SWS/PT1HR):
2026-02-03T14:52:32.785004Z INFO  hpde_io      Found first ObservedRegion in APOLLO12_SWS_1HR for s/c ID = APOLLO12: ['Heliosphere.NearEarth', 'Heliosphere.Inner']
2026-02-03T14:52:32.785025Z INFO  hpde_io   APOLLO15_SWS_1HR (spase://NASA/NumericalData/Apollo15-LM/SWS/PT1HR):
2026-02-03T14:52:32.785040Z INFO  hpde_io      Found first ObservedRegion in APOLLO15_SWS_1HR for s/c ID = APOLLO15: ['Heliosphere.NearEarth', 'Heliosphere.Inner']
2026-02-03T14:52:32.785061Z INFO  hpde_io   AWE_L3A_TMP (spase://NASA/NumericalData/AWE/AMTM/L3/Temperature/PT5580S):
2026-02-03T14:52:32.785076Z INFO  hpde_io      Found first ObservedRegion in AWE_L3A_TMP for s/c ID = AWE: ['Earth.NearSurface.Troposphere']
2026-02-03T14:52:32.785097Z INFO  hpde_io   BAR_1A_L2_EPHM (spase://NASA/NumericalData/BARREL/1A/Ephemeris/L2/PT4S):
2026-02-03T14:52:32.785113Z INFO  hpde_io      Found first ObservedRegion in BAR_1A_L2_EPHM for s/c ID = BAR: ['Earth.NearSurface.AuroralRegion', 'Earth.NearSurface.Mesosphere', 'Earth.NearSurface.PolarCap', 'Earth.NearSurface.Stratosphere']
2026-02-03T14:52:32.786049Z INFO  hpde_io   BEPICOLOMBO_HELIO1DAY_POSITION (spase://NASA/NumericalData/BepiColombo/HelioWeb/Ephemeris/P1D):
2026-02-03T14:52:32.786069Z INFO  hpde_io      Found first ObservedRegion in BEPICOLOMBO_HELIO1DAY_POSITION for s/c ID = BEPICOLOMBO: ['Mercury', 'Mercury.Magnetosphere']
2026-02-03T14:52:32.786094Z INFO  hpde_io   BORRELLY_HELIO1DAY_POSITION (spase://NASA/NumericalData/Comet/Borrelly/HelioWeb/Ephemeris/P1D):
2026-02-03T14:52:32.786114Z INFO  hpde_io      Found first ObservedRegion in BORRELLY_HELIO1DAY_POSITION for s/c ID = BORRELLY: ['Comet']
2026-02-03T14:52:32.786163Z INFO  hpde_io   C1_CP_FGM_SPIN (spase://ESA/NumericalData/Cluster-Rumba/FGM/SpinResolution/PT4S):
2026-02-03T14:52:32.786180Z INFO  hpde_io      Found first ObservedRegion in C1_CP_FGM_SPIN for s/c ID = C1: ['Earth.Magnetosheath', 'Earth.Magnetosphere', 'Earth.Magnetosphere.Magnetotail', 'Earth.Magnetosphere.Main', 'Earth.Magnetosphere.Polar', 'Earth.Magnetosphere.RadiationBelt', 'Earth.NearSurface.AuroralRegion', 'Earth.NearSurface.Ionosphere', 'Earth.NearSurface.Plasmasphere', 'Earth.NearSurface.PolarCap', 'Heliosphere.NearEarth']
2026-02-03T14:52:32.786254Z ERROR hpde_io   C1_WAVEFORM_WBD (spase://NASA/NumericalData/Cluster-Rumba/WBD/PT0.0000046S):
2026-02-03T14:52:32.786289Z INFO  hpde_io     ObservedRegion for this ID differs from first found value s/c ID = C1
2026-02-03T14:52:32.786307Z ERROR hpde_io       First value = ['Earth.Magnetosheath', 'Earth.Magnetosphere', 'Earth.Magnetosphere.Magnetotail', 'Earth.Magnetosphere.Main', 'Earth.Magnetosphere.Polar', 'Earth.Magnetosphere.RadiationBelt', 'Earth.NearSurface.AuroralRegion', 'Earth.NearSurface.Ionosphere', 'Earth.NearSurface.Plasmasphere', 'Earth.NearSurface.PolarCap', 'Heliosphere.NearEarth']
2026-02-03T14:52:32.786333Z ERROR hpde_io       This value  = ['Earth.Magnetosheath', 'Earth.Magnetosphere', 'Earth.NearSurface.AuroralRegion', 'Earth.NearSurface.Ionosphere', 'Earth.NearSurface.Plasmasphere', 'Earth.NearSurface.PolarCap', 'Heliosphere.Inner']
2026-02-03T14:52:32.786356Z ERROR hpde_io        Combining values.
2026-02-03T14:52:32.786392Z INFO  hpde_io   C2_CP_FGM_SPIN (spase://ESA/NumericalData/Cluster-Salsa/FGM/SpinResolution/PT4S):
2026-02-03T14:52:32.786409Z INFO  hpde_io      Found first ObservedRegion in C2_CP_FGM_SPIN for s/c ID = C2: ['Earth.Magnetosheath', 'Earth.Magnetosphere', 'Earth.Magnetosphere.Magnetotail', 'Earth.Magnetosphere.Main', 'Earth.Magnetosphere.Polar', 'Earth.Magnetosphere.RadiationBelt', 'Earth.NearSurface.AuroralRegion', 'Earth.NearSurface.Ionosphere', 'Earth.NearSurface.Plasmasphere', 'Earth.NearSurface.PolarCap', 'Heliosphere.NearEarth']
2026-02-03T14:52:32.786469Z ERROR hpde_io   C2_WAVEFORM_WBD (spase://NASA/NumericalData/Cluster-Salsa/WBD/PT0.0000046S):
2026-02-03T14:52:32.786491Z INFO  hpde_io     ObservedRegion for this ID differs from first found value s/c ID = C2
2026-02-03T14:52:32.786508Z ERROR hpde_io       First value = ['Earth.Magnetosheath', 'Earth.Magnetosphere', 'Earth.Magnetosphere.Magnetotail', 'Earth.Magnetosphere.Main', 'Earth.Magnetosphere.Polar', 'Earth.Magnetosphere.RadiationBelt', 'Earth.NearSurface.AuroralRegion', 'Earth.NearSurface.Ionosphere', 'Earth.NearSurface.Plasmasphere', 'Earth.NearSurface.PolarCap', 'Heliosphere.NearEarth']
2026-02-03T14:52:32.786541Z ERROR hpde_io       This value  = ['Earth.Magnetosheath', 'Earth.Magnetosphere', 'Earth.NearSurface.AuroralRegion', 'Earth.NearSurface.Ionosphere', 'Earth.NearSurface.Plasmasphere', 'Earth.NearSurface.PolarCap', 'Heliosphere.Inner']
2026-02-03T14:52:32.786563Z ERROR hpde_io        Combining values.
2026-02-03T14:52:32.786615Z INFO  hpde_io   C3_CP_FGM_SPIN (spase://ESA/NumericalData/Cluster-Samba/FGM/SpinResolution/PT4S):
2026-02-03T14:52:32.786632Z INFO  hpde_io      Found first ObservedRegion in C3_CP_FGM_SPIN for s/c ID = C3: ['Earth.Magnetosheath', 'Earth.Magnetosphere', 'Earth.Magnetosphere.Magnetotail', 'Earth.Magnetosphere.Main', 'Earth.Magnetosphere.Polar', 'Earth.Magnetosphere.RadiationBelt', 'Earth.NearSurface.AuroralRegion', 'Earth.NearSurface.Ionosphere', 'Earth.NearSurface.Plasmasphere', 'Earth.NearSurface.PolarCap', 'Heliosphere.NearEarth']
2026-02-03T14:52:32.786693Z ERROR hpde_io   C3_WAVEFORM_WBD (spase://NASA/NumericalData/Cluster-Samba/WBD/PT0.0000046S):
2026-02-03T14:52:32.786716Z INFO  hpde_io     ObservedRegion for this ID differs from first found value s/c ID = C3
2026-02-03T14:52:32.786732Z ERROR hpde_io       First value = ['Earth.Magnetosheath', 'Earth.Magnetosphere', 'Earth.Magnetosphere.Magnetotail', 'Earth.Magnetosphere.Main', 'Earth.Magnetosphere.Polar', 'Earth.Magnetosphere.RadiationBelt', 'Earth.NearSurface.AuroralRegion', 'Earth.NearSurface.Ionosphere', 'Earth.NearSurface.Plasmasphere', 'Earth.NearSurface.PolarCap', 'Heliosphere.NearEarth']
2026-02-03T14:52:32.786756Z ERROR hpde_io       This value  = ['Earth.Magnetosheath', 'Earth.Magnetosphere', 'Earth.NearSurface.AuroralRegion', 'Earth.NearSurface.Ionosphere', 'Earth.NearSurface.Plasmasphere', 'Earth.NearSurface.PolarCap', 'Heliosphere.Inner']
2026-02-03T14:52:32.786778Z ERROR hpde_io        Combining values.
2026-02-03T14:52:32.786831Z INFO  hpde_io   C4_CP_FGM_SPIN (spase://ESA/NumericalData/Cluster-Tango/FGM/SpinResolution/PT4S):
2026-02-03T14:52:32.786848Z INFO  hpde_io      Found first ObservedRegion in C4_CP_FGM_SPIN for s/c ID = C4: ['Earth.Magnetosheath', 'Earth.Magnetosphere', 'Earth.Magnetosphere.Magnetotail', 'Earth.Magnetosphere.Main', 'Earth.Magnetosphere.Polar', 'Earth.Magnetosphere.RadiationBelt', 'Earth.NearSurface.AuroralRegion', 'Earth.NearSurface.Ionosphere', 'Earth.NearSurface.Plasmasphere', 'Earth.NearSurface.PolarCap', 'Heliosphere.NearEarth']
2026-02-03T14:52:32.786911Z ERROR hpde_io   C4_WAVEFORM_WBD (spase://NASA/NumericalData/Cluster-Tango/WBD/PT0.0000046S):
2026-02-03T14:52:32.786933Z INFO  hpde_io     ObservedRegion for this ID differs from first found value s/c ID = C4
2026-02-03T14:52:32.786950Z ERROR hpde_io       First value = ['Earth.Magnetosheath', 'Earth.Magnetosphere', 'Earth.Magnetosphere.Magnetotail', 'Earth.Magnetosphere.Main', 'Earth.Magnetosphere.Polar', 'Earth.Magnetosphere.RadiationBelt', 'Earth.NearSurface.AuroralRegion', 'Earth.NearSurface.Ionosphere', 'Earth.NearSurface.Plasmasphere', 'Earth.NearSurface.PolarCap', 'Heliosphere.NearEarth']
2026-02-03T14:52:32.786976Z ERROR hpde_io       This value  = ['Earth.Magnetosheath', 'Earth.Magnetosphere', 'Earth.NearSurface.AuroralRegion', 'Earth.NearSurface.Ionosphere', 'Earth.NearSurface.Plasmasphere', 'Earth.NearSurface.PolarCap', 'Heliosphere.Inner']
2026-02-03T14:52:32.786998Z ERROR hpde_io        Combining values.
2026-02-03T14:52:32.787026Z INFO  hpde_io   CASSINI_HELIO1DAY_POSITION (spase://NASA/NumericalData/Cassini/HelioWeb/Ephemeris/P1D):
2026-02-03T14:52:32.787042Z INFO  hpde_io      Found first ObservedRegion in CASSINI_HELIO1DAY_POSITION for s/c ID = CASSINI: ['Heliosphere', 'Heliosphere.NearEarth', 'Heliosphere.Outer']
2026-02-03T14:52:32.787069Z INFO  hpde_io   CL_JP_PCY (spase://ESA/NumericalData/Cluster/JSOC/Predicted/SolarCycle/P1M):
2026-02-03T14:52:32.787085Z INFO  hpde_io      Found first ObservedRegion in CL_JP_PCY for s/c ID = CL: ['Earth.Magnetosphere', 'Earth.Magnetosphere.Magnetotail', 'Earth.Magnetosphere.Main', 'Earth.Magnetosphere.RadiationBelt', 'Earth.Magnetosheath', 'Heliosphere.NearEarth']
2026-02-03T14:52:32.787107Z ERROR hpde_io   CL_SP_AUX (spase://ESA/NumericalData/Cluster/Ephemeris/SummaryParameter/PT60S):
2026-02-03T14:52:32.787131Z INFO  hpde_io     ObservedRegion for this ID differs from first found value s/c ID = CL
2026-02-03T14:52:32.787147Z ERROR hpde_io       First value = ['Earth.Magnetosheath', 'Earth.Magnetosphere', 'Earth.Magnetosphere.Magnetotail', 'Earth.Magnetosphere.Main', 'Earth.Magnetosphere.RadiationBelt', 'Heliosphere.NearEarth']
2026-02-03T14:52:32.787175Z ERROR hpde_io       This value  = ['Earth.Magnetosheath', 'Earth.Magnetosphere', 'Earth.Magnetosphere.Magnetotail', 'Earth.Magnetosphere.Main', 'Earth.Magnetosphere.Polar', 'Earth.Magnetosphere.RadiationBelt', 'Earth.NearSurface.AuroralRegion', 'Earth.NearSurface.Ionosphere', 'Earth.NearSurface.Plasmasphere', 'Earth.NearSurface.PolarCap', 'Heliosphere.NearEarth']
2026-02-03T14:52:32.787197Z ERROR hpde_io        Combining values.
2026-02-03T14:52:32.787223Z INFO  hpde_io   CNOFS_CINDI_IVM_500MS (spase://NASA/NumericalData/CNOFS/CINDI/IVM/PT0.5S):
2026-02-03T14:52:32.787238Z INFO  hpde_io      Found first ObservedRegion in CNOFS_CINDI_IVM_500MS for s/c ID = CNOFS: ['Earth.NearSurface']
2026-02-03T14:52:32.787257Z ERROR hpde_io   CNOFS_PLP_PLASMA_1SEC (spase://NASA/NumericalData/CNOFS/PLP/PT1S):
2026-02-03T14:52:32.787284Z INFO  hpde_io     ObservedRegion for this ID differs from first found value s/c ID = CNOFS
2026-02-03T14:52:32.787300Z ERROR hpde_io       First value = ['Earth.NearSurface']
2026-02-03T14:52:32.787323Z ERROR hpde_io       This value  = ['Earth.NearSurface.Ionosphere']
2026-02-03T14:52:32.787345Z ERROR hpde_io        Combining values.
2026-02-03T14:52:32.787371Z ERROR hpde_io   CNOFS_VEFI_BFIELD_1SEC (spase://NASA/NumericalData/CNOFS/VEFI/BField/PT1S):
2026-02-03T14:52:32.787392Z INFO  hpde_io     ObservedRegion for this ID differs from first found value s/c ID = CNOFS
2026-02-03T14:52:32.787408Z ERROR hpde_io       First value = ['Earth.NearSurface', 'Earth.NearSurface.Ionosphere']
2026-02-03T14:52:32.787434Z ERROR hpde_io       This value  = ['Earth.NearSurface.Ionosphere']
2026-02-03T14:52:32.787456Z ERROR hpde_io        Combining values.
2026-02-03T14:52:32.787483Z ERROR hpde_io   CNOFS_VEFI_EFIELD_1SEC (spase://NASA/NumericalData/CNOFS/VEFI/EField/PT1S):
2026-02-03T14:52:32.787505Z INFO  hpde_io     ObservedRegion for this ID differs from first found value s/c ID = CNOFS
2026-02-03T14:52:32.787521Z ERROR hpde_io       First value = ['Earth.NearSurface', 'Earth.NearSurface.Ionosphere']
2026-02-03T14:52:32.787543Z ERROR hpde_io       This value  = ['Earth.NearSurface.Ionosphere']
2026-02-03T14:52:32.787566Z ERROR hpde_io        Combining values.
2026-02-03T14:52:32.787592Z ERROR hpde_io   CNOFS_VEFI_LD_500MS (spase://NASA/NumericalData/CNOFS/VEFI/Lightning/PT0.5S):
2026-02-03T14:52:32.787614Z INFO  hpde_io     ObservedRegion for this ID differs from first found value s/c ID = CNOFS
2026-02-03T14:52:32.787630Z ERROR hpde_io       First value = ['Earth.NearSurface', 'Earth.NearSurface.Ionosphere']
2026-02-03T14:52:32.787651Z ERROR hpde_io       This value  = ['Earth.NearSurface.Ionosphere']
2026-02-03T14:52:32.787673Z ERROR hpde_io        Combining values.
2026-02-03T14:52:32.787697Z INFO  hpde_io   CN_K0_ASI (spase://GBO/NumericalData/CANOPUS/ASI/KeyParameter/K0/PT1M):
2026-02-03T14:52:32.787713Z INFO  hpde_io      Found first ObservedRegion in CN_K0_ASI for s/c ID = CN: ['Earth.NearSurface.AuroralRegion', 'Earth.NearSurface.Ionosphere']
2026-02-03T14:52:32.787733Z ERROR hpde_io   CN_K0_MARI (spase://GBO/NumericalData/CANOPUS/MARI/PT60S):
2026-02-03T14:52:32.787755Z INFO  hpde_io     ObservedRegion for this ID differs from first found value s/c ID = CN
2026-02-03T14:52:32.787770Z ERROR hpde_io       First value = ['Earth.NearSurface.AuroralRegion', 'Earth.NearSurface.Ionosphere']
2026-02-03T14:52:32.787793Z ERROR hpde_io       This value  = ['Earth.Surface']
2026-02-03T14:52:32.787814Z ERROR hpde_io        Combining values.
2026-02-03T14:52:32.787839Z ERROR hpde_io   CN_K0_MPA (spase://GBO/NumericalData/CANOPUS/MPA/KeyParameter/K0/PT1M):
2026-02-03T14:52:32.787861Z INFO  hpde_io     ObservedRegion for this ID differs from first found value s/c ID = CN
2026-02-03T14:52:32.787877Z ERROR hpde_io       First value = ['Earth.NearSurface.AuroralRegion', 'Earth.NearSurface.Ionosphere', 'Earth.Surface']
2026-02-03T14:52:32.787899Z ERROR hpde_io       This value  = ['Earth.NearSurface.AuroralRegion', 'Earth.NearSurface.Ionosphere']
2026-02-03T14:52:32.787921Z ERROR hpde_io        Combining values.
2026-02-03T14:52:32.787946Z ERROR hpde_io   CN_K1_MARI (spase://GBO/NumericalData/CANOPUS/MARI/KeyParameter/K1/PT1M):
2026-02-03T14:52:32.787977Z INFO  hpde_io     ObservedRegion for this ID differs from first found value s/c ID = CN
2026-02-03T14:52:32.787993Z ERROR hpde_io       First value = ['Earth.NearSurface.AuroralRegion', 'Earth.NearSurface.Ionosphere', 'Earth.Surface']
2026-02-03T14:52:32.788015Z ERROR hpde_io       This value  = ['Earth.NearSurface.AuroralRegion', 'Earth.NearSurface.Ionosphere']
2026-02-03T14:52:32.788036Z ERROR hpde_io        Combining values.
2026-02-03T14:52:32.788062Z INFO  hpde_io   COMETGS_HELIO1DAY_POSITION (spase://NASA/NumericalData/Comet/GriggSkjellerup/HelioWeb/Ephemeris/P1D):
2026-02-03T14:52:32.788077Z INFO  hpde_io      Found first ObservedRegion in COMETGS_HELIO1DAY_POSITION for s/c ID = COMETGS: ['Comet']
2026-02-03T14:52:32.788099Z INFO  hpde_io   COMETHMP_HELIO1DAY_POSITION (spase://NASA/NumericalData/Comet/HondaMrkosPajdusakova/HelioWeb/Ephemeris/P1D):
2026-02-03T14:52:32.788114Z INFO  hpde_io      Found first ObservedRegion in COMETHMP_HELIO1DAY_POSITION for s/c ID = COMETHMP: ['Comet']
2026-02-03T14:52:32.788136Z INFO  hpde_io   CRRES_H0_MEA (spase://NASA/NumericalData/CRRES/MEA/PT1M):
2026-02-03T14:52:32.788151Z INFO  hpde_io      Found first ObservedRegion in CRRES_H0_MEA for s/c ID = CRRES: ['Earth.Magnetosphere.Main', 'Earth.Magnetosphere.RadiationBelt']
2026-02-03T14:52:32.788169Z INFO  hpde_io   CSSWE_REPTILE_6SEC-COUNTS-L1 (spase://NASA/NumericalData/CubeSat/CSSWE/REPTile/L1/Counts/PT6S):
2026-02-03T14:52:32.788185Z INFO  hpde_io      Found first ObservedRegion in CSSWE_REPTILE_6SEC-COUNTS-L1 for s/c ID = CSSWE: ['Earth.Magnetosphere.RadiationBelt']
2026-02-03T14:52:32.788209Z INFO  hpde_io   DAWN_HELIO1DAY_POSITION (spase://NASA/NumericalData/Dawn/HelioWeb/Ephemeris/P1D):
2026-02-03T14:52:32.788225Z INFO  hpde_io      Found first ObservedRegion in DAWN_HELIO1DAY_POSITION for s/c ID = DAWN: ['Asteroid', 'Heliosphere.Inner']
2026-02-03T14:52:32.788246Z INFO  hpde_io   DE1_1MIN_RIMS (spase://NASA/NumericalData/DE1/RIMS/PT1M):
2026-02-03T14:52:32.788262Z INFO  hpde_io      Found first ObservedRegion in DE1_1MIN_RIMS for s/c ID = DE1: ['Earth.Magnetosphere', 'Earth.Magnetosphere.Polar', 'Earth.NearSurface', 'Earth.NearSurface.AuroralRegion', 'Earth.NearSurface.EquatorialRegion', 'Earth.NearSurface.Ionosphere', 'Earth.NearSurface.PolarCap']
2026-02-03T14:52:32.788284Z ERROR hpde_io   DE1_6SEC_MAGAGMS (spase://NASA/NumericalData/DE1/MAGA/PT6S):
2026-02-03T14:52:32.788306Z INFO  hpde_io     ObservedRegion for this ID differs from first found value s/c ID = DE1
2026-02-03T14:52:32.788323Z ERROR hpde_io       First value = ['Earth.Magnetosphere', 'Earth.Magnetosphere.Polar', 'Earth.NearSurface', 'Earth.NearSurface.AuroralRegion', 'Earth.NearSurface.EquatorialRegion', 'Earth.NearSurface.Ionosphere', 'Earth.NearSurface.PolarCap']
2026-02-03T14:52:32.788347Z ERROR hpde_io       This value  = ['Earth.Magnetosphere.Plasmasphere', 'Earth.Magnetosphere.Polar', 'Earth.NearSurface.Ionosphere']
2026-02-03T14:52:32.788369Z ERROR hpde_io        Combining values.
2026-02-03T14:52:32.788396Z ERROR hpde_io   DE1_PWI_LFC-SPECTRA (spase://NASA/NumericalData/DE1/PWI/LFC/PT0.25S):
2026-02-03T14:52:32.788425Z INFO  hpde_io     ObservedRegion for this ID differs from first found value s/c ID = DE1
2026-02-03T14:52:32.788441Z ERROR hpde_io       First value = ['Earth.Magnetosphere', 'Earth.Magnetosphere.Plasmasphere', 'Earth.Magnetosphere.Polar', 'Earth.NearSurface', 'Earth.NearSurface.AuroralRegion', 'Earth.NearSurface.EquatorialRegion', 'Earth.NearSurface.Ionosphere', 'Earth.NearSurface.PolarCap']
2026-02-03T14:52:32.788465Z ERROR hpde_io       This value  = ['Earth.Magnetosphere.Plasmasphere', 'Earth.Magnetosphere.Polar', 'Earth.NearSurface.Ionosphere']
2026-02-03T14:52:32.788486Z ERROR hpde_io        Combining values.
2026-02-03T14:52:32.788512Z ERROR hpde_io   DE1_PWI_OR-AT (spase://NASA/NumericalData/DE1/Ephemeris/PT8S):
2026-02-03T14:52:32.788538Z INFO  hpde_io     ObservedRegion for this ID differs from first found value s/c ID = DE1
2026-02-03T14:52:32.788555Z ERROR hpde_io       First value = ['Earth.Magnetosphere', 'Earth.Magnetosphere.Plasmasphere', 'Earth.Magnetosphere.Polar', 'Earth.NearSurface', 'Earth.NearSurface.AuroralRegion', 'Earth.NearSurface.EquatorialRegion', 'Earth.NearSurface.Ionosphere', 'Earth.NearSurface.PolarCap']
2026-02-03T14:52:32.788578Z ERROR hpde_io       This value  = ['Earth.Magnetosphere.Plasmasphere', 'Earth.Magnetosphere.Polar', 'Earth.NearSurface.Ionosphere']
2026-02-03T14:52:32.788600Z ERROR hpde_io        Combining values.
2026-02-03T14:52:32.788626Z ERROR hpde_io   DE1_PWI_SFC-SPECTRA (spase://NASA/NumericalData/DE1/PWI/SFC/PT0.25S):
2026-02-03T14:52:32.788647Z INFO  hpde_io     ObservedRegion for this ID differs from first found value s/c ID = DE1
2026-02-03T14:52:32.788664Z ERROR hpde_io       First value = ['Earth.Magnetosphere', 'Earth.Magnetosphere.Plasmasphere', 'Earth.Magnetosphere.Polar', 'Earth.NearSurface', 'Earth.NearSurface.AuroralRegion', 'Earth.NearSurface.EquatorialRegion', 'Earth.NearSurface.Ionosphere', 'Earth.NearSurface.PolarCap']
2026-02-03T14:52:32.788687Z ERROR hpde_io       This value  = ['Earth.Magnetosphere.Plasmasphere', 'Earth.Magnetosphere.Polar', 'Earth.NearSurface.Ionosphere']
2026-02-03T14:52:32.788709Z ERROR hpde_io        Combining values.
2026-02-03T14:52:32.788735Z INFO  hpde_io   DE2_62MS_VEFIMAGB (spase://NASA/NumericalData/DE2/MAGB-VEFI/CDF/PT0.062S):
2026-02-03T14:52:32.788752Z INFO  hpde_io      Found first ObservedRegion in DE2_62MS_VEFIMAGB for s/c ID = DE2: ['Earth.Magnetosphere', 'Earth.Magnetosphere.Polar', 'Earth.NearSurface', 'Earth.NearSurface.AuroralRegion', 'Earth.NearSurface.EquatorialRegion', 'Earth.NearSurface.Ionosphere', 'Earth.NearSurface.PolarCap']
2026-02-03T14:52:32.788777Z ERROR hpde_io   DE2_DUCT16MS_RPA (spase://NASA/NumericalData/DE2/RPA/PT0.016S):
2026-02-03T14:52:32.788799Z INFO  hpde_io     ObservedRegion for this ID differs from first found value s/c ID = DE2
2026-02-03T14:52:32.788815Z ERROR hpde_io       First value = ['Earth.Magnetosphere', 'Earth.Magnetosphere.Polar', 'Earth.NearSurface', 'Earth.NearSurface.AuroralRegion', 'Earth.NearSurface.EquatorialRegion', 'Earth.NearSurface.Ionosphere', 'Earth.NearSurface.PolarCap']
2026-02-03T14:52:32.788838Z ERROR hpde_io       This value  = ['Earth.NearSurface.Ionosphere']
2026-02-03T14:52:32.788859Z ERROR hpde_io        Combining values.
2026-02-03T14:52:32.788885Z ERROR hpde_io   DE2_ION2S_RPA (spase://NASA/NumericalData/DE2/RPA/PT2S):
2026-02-03T14:52:32.788907Z INFO  hpde_io     ObservedRegion for this ID differs from first found value s/c ID = DE2
2026-02-03T14:52:32.788923Z ERROR hpde_io       First value = ['Earth.Magnetosphere', 'Earth.Magnetosphere.Polar', 'Earth.NearSurface', 'Earth.NearSurface.AuroralRegion', 'Earth.NearSurface.EquatorialRegion', 'Earth.NearSurface.Ionosphere', 'Earth.NearSurface.PolarCap']
2026-02-03T14:52:32.788946Z ERROR hpde_io       This value  = ['Earth.NearSurface.Ionosphere']
2026-02-03T14:52:32.788967Z ERROR hpde_io        Combining values.
2026-02-03T14:52:32.789005Z ERROR hpde_io   DE2_NEUTRAL1S_NACS (spase://NASA/NumericalData/DE2/NACS/PT1S):
2026-02-03T14:52:32.789027Z INFO  hpde_io     ObservedRegion for this ID differs from first found value s/c ID = DE2
2026-02-03T14:52:32.789043Z ERROR hpde_io       First value = ['Earth.Magnetosphere', 'Earth.Magnetosphere.Polar', 'Earth.NearSurface', 'Earth.NearSurface.AuroralRegion', 'Earth.NearSurface.EquatorialRegion', 'Earth.NearSurface.Ionosphere', 'Earth.NearSurface.PolarCap']
2026-02-03T14:52:32.789071Z ERROR hpde_io       This value  = ['Earth.NearSurface', 'Earth.NearSurface.Atmosphere', 'Earth.NearSurface.AuroralRegion', 'Earth.NearSurface.Ionosphere', 'Earth.NearSurface.PolarCap', 'Earth.NearSurface.Thermosphere']
2026-02-03T14:52:32.789093Z ERROR hpde_io        Combining values.
2026-02-03T14:52:32.789120Z ERROR hpde_io   DE2_NEUTRAL8S_FPI (spase://NASA/NumericalData/DE2/FPI/Neutral/PT8S):
2026-02-03T14:52:32.789142Z INFO  hpde_io     ObservedRegion for this ID differs from first found value s/c ID = DE2
2026-02-03T14:52:32.789159Z ERROR hpde_io       First value = ['Earth.Magnetosphere', 'Earth.Magnetosphere.Polar', 'Earth.NearSurface', 'Earth.NearSurface.Atmosphere', 'Earth.NearSurface.AuroralRegion', 'Earth.NearSurface.EquatorialRegion', 'Earth.NearSurface.Ionosphere', 'Earth.NearSurface.PolarCap', 'Earth.NearSurface.Thermosphere']
2026-02-03T14:52:32.789183Z ERROR hpde_io       This value  = ['Earth.NearSurface.Ionosphere', 'Earth.NearSurface.Thermosphere']
2026-02-03T14:52:32.789205Z ERROR hpde_io        Combining values.
2026-02-03T14:52:32.789234Z ERROR hpde_io   DE2_UA16S_ALL (spase://NASA/NumericalData/DE2/PT16S):
2026-02-03T14:52:32.789256Z INFO  hpde_io     ObservedRegion for this ID differs from first found value s/c ID = DE2
2026-02-03T14:52:32.789273Z ERROR hpde_io       First value = ['Earth.Magnetosphere', 'Earth.Magnetosphere.Polar', 'Earth.NearSurface', 'Earth.NearSurface.Atmosphere', 'Earth.NearSurface.AuroralRegion', 'Earth.NearSurface.EquatorialRegion', 'Earth.NearSurface.Ionosphere', 'Earth.NearSurface.PolarCap', 'Earth.NearSurface.Thermosphere']
2026-02-03T14:52:32.789300Z ERROR hpde_io       This value  = ['Earth.NearSurface.Atmosphere', 'Earth.NearSurface.Ionosphere']
2026-02-03T14:52:32.789322Z ERROR hpde_io        Combining values.
2026-02-03T14:52:32.789348Z ERROR hpde_io   DE2_VION250MS_IDM (spase://NASA/NumericalData/DE2/IDM/PT0.25S):
2026-02-03T14:52:32.789370Z INFO  hpde_io     ObservedRegion for this ID differs from first found value s/c ID = DE2
2026-02-03T14:52:32.789387Z ERROR hpde_io       First value = ['Earth.Magnetosphere', 'Earth.Magnetosphere.Polar', 'Earth.NearSurface', 'Earth.NearSurface.Atmosphere', 'Earth.NearSurface.AuroralRegion', 'Earth.NearSurface.EquatorialRegion', 'Earth.NearSurface.Ionosphere', 'Earth.NearSurface.PolarCap', 'Earth.NearSurface.Thermosphere']
2026-02-03T14:52:32.789410Z ERROR hpde_io       This value  = ['Earth.NearSurface.Ionosphere']
2026-02-03T14:52:32.789431Z ERROR hpde_io        Combining values.
2026-02-03T14:52:32.789457Z ERROR hpde_io   DE2_WIND2S_WATS (spase://NASA/NumericalData/DE2/WATS/PT2S):
2026-02-03T14:52:32.789556Z INFO  hpde_io     ObservedRegion for this ID differs from first found value s/c ID = DE2
2026-02-03T14:52:32.789574Z ERROR hpde_io       First value = ['Earth.Magnetosphere', 'Earth.Magnetosphere.Polar', 'Earth.NearSurface', 'Earth.NearSurface.Atmosphere', 'Earth.NearSurface.AuroralRegion', 'Earth.NearSurface.EquatorialRegion', 'Earth.NearSurface.Ionosphere', 'Earth.NearSurface.PolarCap', 'Earth.NearSurface.Thermosphere']
2026-02-03T14:52:32.789598Z ERROR hpde_io       This value  = ['Earth.NearSurface', 'Earth.NearSurface.Atmosphere', 'Earth.NearSurface.AuroralRegion', 'Earth.NearSurface.Ionosphere', 'Earth.NearSurface.PolarCap', 'Earth.NearSurface.Thermosphere']
2026-02-03T14:52:32.789619Z ERROR hpde_io        Combining values.
2026-02-03T14:52:32.789646Z INFO  hpde_io   DE_UV_SAI (spase://NASA/NumericalData/DE1/SAI/PT3M):
2026-02-03T14:52:32.789662Z INFO  hpde_io      Found first ObservedRegion in DE_UV_SAI for s/c ID = DE: ['Earth.NearSurface.Atmosphere']
2026-02-03T14:52:32.789681Z ERROR hpde_io   DE_VS_EICS (spase://NASA/NumericalData/DE1/EICS/PT96S):
2026-02-03T14:52:32.789703Z INFO  hpde_io     ObservedRegion for this ID differs from first found value s/c ID = DE
2026-02-03T14:52:32.789721Z ERROR hpde_io       First value = ['Earth.NearSurface.Atmosphere']
2026-02-03T14:52:32.789774Z ERROR hpde_io       This value  = ['Earth.Magnetosphere.Plasmasphere', 'Earth.Magnetosphere.Polar', 'Earth.NearSurface.Ionosphere']
2026-02-03T14:52:32.789807Z ERROR hpde_io        Combining values.
2026-02-03T14:52:32.789847Z INFO  hpde_io   DMSP-F16_SSIES-3_THERMAL-PLASMA (spase://NASA/NumericalData/DMSP_5D-3/F16/SESS/SSIES-3/ThermalPlasma/CDF/PT1S):
2026-02-03T14:52:32.789867Z INFO  hpde_io      Found first ObservedRegion in DMSP-F16_SSIES-3_THERMAL-PLASMA for s/c ID = DMSP-F16: ['Earth.Magnetosphere', 'Earth.Magnetosphere.Polar', 'Earth.NearSurface', 'Earth.NearSurface.AuroralRegion', 'Earth.NearSurface.EquatorialRegion', 'Earth.NearSurface.Ionosphere', 'Earth.NearSurface.PolarCap']
2026-02-03T14:52:32.789900Z INFO  hpde_io   DMSP-F17_SSIES-3_THERMAL-PLASMA (spase://NASA/NumericalData/DMSP_5D-3/F17/SESS/SSIES-3/ThermalPlasma/CDF/PT1S):
2026-02-03T14:52:32.789917Z INFO  hpde_io      Found first ObservedRegion in DMSP-F17_SSIES-3_THERMAL-PLASMA for s/c ID = DMSP-F17: ['Earth.Magnetosphere', 'Earth.Magnetosphere.Polar', 'Earth.NearSurface', 'Earth.NearSurface.AuroralRegion', 'Earth.NearSurface.EquatorialRegion', 'Earth.NearSurface.Ionosphere', 'Earth.NearSurface.PolarCap']
2026-02-03T14:52:32.789942Z INFO  hpde_io   DMSP-F18_SSIES-3_THERMAL-PLASMA (spase://NASA/NumericalData/DMSP_5D-3/F18/SESS/SSIES-3/ThermalPlasma/CDF/PT1S):
2026-02-03T14:52:32.789960Z INFO  hpde_io      Found first ObservedRegion in DMSP-F18_SSIES-3_THERMAL-PLASMA for s/c ID = DMSP-F18: ['Earth.Magnetosphere', 'Earth.Magnetosphere.Polar', 'Earth.NearSurface', 'Earth.NearSurface.AuroralRegion', 'Earth.NearSurface.EquatorialRegion', 'Earth.NearSurface.Ionosphere', 'Earth.NearSurface.PolarCap']
2026-02-03T14:52:32.789984Z INFO  hpde_io   DN_K0_GBAY (spase://GBO/NumericalData/DARN/GooseBay/PT2M):
2026-02-03T14:52:32.790001Z INFO  hpde_io      Found first ObservedRegion in DN_K0_GBAY for s/c ID = DN: ['Earth.NearSurface.Ionosphere']
2026-02-03T14:52:32.790045Z INFO  hpde_io   DSCOVR_AT_DEF (spase://NOAA/NumericalData/DSCOVR/Ephemeris/Attitude/Definitive/PT5S):
2026-02-03T14:52:32.790062Z INFO  hpde_io      Found first ObservedRegion in DSCOVR_AT_DEF for s/c ID = DSCOVR: ['Heliosphere', 'Heliosphere.NearEarth', 'Heliosphere.Inner']
2026-02-03T14:52:32.790091Z INFO  hpde_io   EARTH_HELIO1DAY_POSITION (spase://NASA/NumericalData/Planet/Earth/HelioWeb/Ephemeris/P1D):
2026-02-03T14:52:32.790107Z INFO  hpde_io      Found first ObservedRegion in EARTH_HELIO1DAY_POSITION for s/c ID = EARTH: ['Earth']
2026-02-03T14:52:32.790129Z INFO  hpde_io   ELA_L1_EPDEF (spase://NASA/NumericalData/ELFIN/A/EPD/L1/electron/PT0.2S):
2026-02-03T14:52:32.790145Z INFO  hpde_io      Found first ObservedRegion in ELA_L1_EPDEF for s/c ID = ELA: ['Earth.Magnetosphere', 'Earth.Magnetosphere.Polar', 'Earth.NearSurface', 'Earth.NearSurface.AuroralRegion', 'Earth.NearSurface.Atmosphere', 'Earth.NearSurface.Ionosphere', 'Earth.NearSurface.PolarCap']
2026-02-03T14:52:32.790173Z INFO  hpde_io   ELB_L1_EPDEF (spase://NASA/NumericalData/ELFIN/B/EPD/L1/electron/PT0.2S):
2026-02-03T14:52:32.790189Z INFO  hpde_io      Found first ObservedRegion in ELB_L1_EPDEF for s/c ID = ELB: ['Earth.Magnetosphere', 'Earth.Magnetosphere.Polar', 'Earth.NearSurface', 'Earth.NearSurface.AuroralRegion', 'Earth.NearSurface.Atmosphere', 'Earth.NearSurface.Ionosphere', 'Earth.NearSurface.PolarCap']
2026-02-03T14:52:32.790225Z INFO  hpde_io   EQ_PP_AUX (spase://ESA/NumericalData/Equator-S/Ephemeris/PrimeParameter/PT4S):
2026-02-03T14:52:32.790243Z INFO  hpde_io      Found first ObservedRegion in EQ_PP_AUX for s/c ID = EQ: ['Earth.Magnetosphere', 'Earth.Magnetosphere.Main', 'Earth.Magnetosphere.RadiationBelt', 'Earth.NearSurface.EquatorialRegion']
2026-02-03T14:52:32.790262Z ERROR hpde_io   EQ_PP_EDI (spase://ESA/NumericalData/Equator-S/EDI/PP/PT60s):
2026-02-03T14:52:32.790286Z INFO  hpde_io     ObservedRegion for this ID differs from first found value s/c ID = EQ
2026-02-03T14:52:32.790303Z ERROR hpde_io       First value = ['Earth.Magnetosphere', 'Earth.Magnetosphere.Main', 'Earth.Magnetosphere.RadiationBelt', 'Earth.NearSurface.EquatorialRegion']
2026-02-03T14:52:32.790326Z ERROR hpde_io       This value  = ['Earth.Magnetosphere']
2026-02-03T14:52:32.790349Z ERROR hpde_io        Combining values.
2026-02-03T14:52:32.790375Z ERROR hpde_io   EQ_PP_EPI (spase://ESA/NumericalData/Equator-S/EPI/PP/PT60S):
2026-02-03T14:52:32.790397Z INFO  hpde_io     ObservedRegion for this ID differs from first found value s/c ID = EQ
2026-02-03T14:52:32.790414Z ERROR hpde_io       First value = ['Earth.Magnetosphere', 'Earth.Magnetosphere.Main', 'Earth.Magnetosphere.RadiationBelt', 'Earth.NearSurface.EquatorialRegion']
2026-02-03T14:52:32.790436Z ERROR hpde_io       This value  = ['Earth.Magnetosphere']
2026-02-03T14:52:32.790458Z ERROR hpde_io        Combining values.
2026-02-03T14:52:32.790486Z ERROR hpde_io   EQ_PP_ICI (spase://ESA/NumericalData/Equator-S/ICI/PP/PT60S):
2026-02-03T14:52:32.790508Z INFO  hpde_io     ObservedRegion for this ID differs from first found value s/c ID = EQ
2026-02-03T14:52:32.790524Z ERROR hpde_io       First value = ['Earth.Magnetosphere', 'Earth.Magnetosphere.Main', 'Earth.Magnetosphere.RadiationBelt', 'Earth.NearSurface.EquatorialRegion']
2026-02-03T14:52:32.790547Z ERROR hpde_io       This value  = ['Earth.Magnetosphere']
2026-02-03T14:52:32.790569Z ERROR hpde_io        Combining values.
2026-02-03T14:52:32.790594Z ERROR hpde_io   EQ_PP_MAM (spase://ESA/NumericalData/Equator-S/MAM/PP/PT60S):
2026-02-03T14:52:32.790616Z INFO  hpde_io     ObservedRegion for this ID differs from first found value s/c ID = EQ
2026-02-03T14:52:32.790632Z ERROR hpde_io       First value = ['Earth.Magnetosphere', 'Earth.Magnetosphere.Main', 'Earth.Magnetosphere.RadiationBelt', 'Earth.NearSurface.EquatorialRegion']
2026-02-03T14:52:32.790654Z ERROR hpde_io       This value  = ['Earth.Magnetosphere']
2026-02-03T14:52:32.790676Z ERROR hpde_io        Combining values.
2026-02-03T14:52:32.790705Z ERROR hpde_io   EQ_PP_PCD (spase://ESA/NumericalData/Equator-S/PCD/PP/PT60S):
2026-02-03T14:52:32.790728Z INFO  hpde_io     ObservedRegion for this ID differs from first found value s/c ID = EQ
2026-02-03T14:52:32.790744Z ERROR hpde_io       First value = ['Earth.Magnetosphere', 'Earth.Magnetosphere.Main', 'Earth.Magnetosphere.RadiationBelt', 'Earth.NearSurface.EquatorialRegion']
2026-02-03T14:52:32.790773Z ERROR hpde_io       This value  = ['Earth.NearSurface.Ionosphere', 'Earth.NearSurface.Thermosphere']
2026-02-03T14:52:32.790795Z ERROR hpde_io        Combining values.
2026-02-03T14:52:32.790827Z ERROR hpde_io   EQ_SP_SFD (spase://ESA/NumericalData/Equator-S/SFD/PP/PT60S):
2026-02-03T14:52:32.790849Z INFO  hpde_io     ObservedRegion for this ID differs from first found value s/c ID = EQ
2026-02-03T14:52:32.790866Z ERROR hpde_io       First value = ['Earth.Magnetosphere', 'Earth.Magnetosphere.Main', 'Earth.Magnetosphere.RadiationBelt', 'Earth.NearSurface.EquatorialRegion', 'Earth.NearSurface.Ionosphere', 'Earth.NearSurface.Thermosphere']
2026-02-03T14:52:32.790889Z ERROR hpde_io       This value  = ['Earth.Magnetosphere']
2026-02-03T14:52:32.790911Z ERROR hpde_io        Combining values.
2026-02-03T14:52:32.790952Z INFO  hpde_io   FAST_HR_DCB (spase://NASA/NumericalData/FAST/MAG/Fluxgate/PT7.8125MS):
2026-02-03T14:52:32.790969Z INFO  hpde_io      Found first ObservedRegion in FAST_HR_DCB for s/c ID = FAST: ['Earth.Magnetosphere', 'Earth.NearSurface.Plasmasphere', 'Earth.NearSurface.AuroralRegion', 'Earth.NearSurface.PolarCap']
2026-02-03T14:52:32.790989Z INFO  hpde_io   FA_ESA_L2_EEB (spase://NASA/NumericalData/FAST/ESA/L2/Electron/Burst/PT0.156S):
2026-02-03T14:52:32.791006Z INFO  hpde_io      Found first ObservedRegion in FA_ESA_L2_EEB for s/c ID = FA: ['Earth.Magnetosphere', 'Earth.Magnetosphere.Polar', 'Earth.NearSurface', 'Earth.NearSurface.AuroralRegion', 'Earth.NearSurface.EquatorialRegion', 'Earth.NearSurface.Ionosphere', 'Earth.NearSurface.PolarCap']
2026-02-03T14:52:32.791033Z ERROR hpde_io   FA_K0_ACF (spase://NASA/NumericalData/FAST/ACF/PT5S):
2026-02-03T14:52:32.791055Z INFO  hpde_io     ObservedRegion for this ID differs from first found value s/c ID = FA
2026-02-03T14:52:32.791071Z ERROR hpde_io       First value = ['Earth.Magnetosphere', 'Earth.Magnetosphere.Polar', 'Earth.NearSurface', 'Earth.NearSurface.AuroralRegion', 'Earth.NearSurface.EquatorialRegion', 'Earth.NearSurface.Ionosphere', 'Earth.NearSurface.PolarCap']
2026-02-03T14:52:32.791099Z ERROR hpde_io       This value  = ['Earth.Magnetosphere', 'Earth.Magnetosphere.Polar', 'Earth.NearSurface', 'Earth.NearSurface.AuroralRegion', 'Earth.NearSurface.EquatorialRegion', 'Earth.NearSurface.Ionosphere', 'Earth.NearSurface.Plasmasphere', 'Earth.NearSurface.PolarCap']
2026-02-03T14:52:32.791121Z ERROR hpde_io        Combining values.
2026-02-03T14:52:32.791150Z INFO  hpde_io   FM_K0_KILP (spase://GBO/NumericalData/FMI/Kilpisjarvi/AllSkyCamera/K0/PT1M):
2026-02-03T14:52:32.791167Z INFO  hpde_io      Found first ObservedRegion in FM_K0_KILP for s/c ID = FM: ['Earth.NearSurface.AuroralRegion', 'Earth.NearSurface.Ionosphere', 'Earth.NearSurface.Ionosphere.DRegion', 'Earth.NearSurface.Ionosphere.ERegion', 'Earth.NearSurface.Ionosphere.FRegion']
2026-02-03T14:52:32.791186Z INFO  hpde_io   G0_K0_EP8 (spase://NOAA/NumericalData/GOES/10/SEM/PT300S):
2026-02-03T14:52:32.791202Z INFO  hpde_io      Found first ObservedRegion in G0_K0_EP8 for s/c ID = G0: ['Earth.Magnetosphere']
2026-02-03T14:52:32.791223Z INFO  hpde_io   G10_L2_MAG (spase://NOAA/NumericalData/GOES/10/MAG/PT0.512S):
2026-02-03T14:52:32.791239Z INFO  hpde_io      Found first ObservedRegion in G10_L2_MAG for s/c ID = G10: ['Earth.Magnetosphere.Main']
2026-02-03T14:52:32.791256Z INFO  hpde_io   G11_L2_MAG (spase://NOAA/NumericalData/GOES/11/MAG/PT0.512S):
2026-02-03T14:52:32.791272Z INFO  hpde_io      Found first ObservedRegion in G11_L2_MAG for s/c ID = G11: ['Earth.Magnetosphere.Main']
2026-02-03T14:52:32.791289Z INFO  hpde_io   G12_L2_MAG (spase://NOAA/NumericalData/GOES/12/MAG/PT0.512S):
2026-02-03T14:52:32.791304Z INFO  hpde_io      Found first ObservedRegion in G12_L2_MAG for s/c ID = G12: ['Earth.Magnetosphere.Main']
2026-02-03T14:52:32.791322Z INFO  hpde_io   G6_K0_EPS (spase://NOAA/NumericalData/GOES/6/EPM/PT5M):
2026-02-03T14:52:32.791338Z INFO  hpde_io      Found first ObservedRegion in G6_K0_EPS for s/c ID = G6: ['Earth.Magnetosphere', 'Earth.Magnetosphere.RadiationBelt']
2026-02-03T14:52:32.791357Z ERROR hpde_io   G6_K0_MAG (spase://NOAA/NumericalData/GOES/6/MAG/PT60S):
2026-02-03T14:52:32.791380Z INFO  hpde_io     ObservedRegion for this ID differs from first found value s/c ID = G6
2026-02-03T14:52:32.791395Z ERROR hpde_io       First value = ['Earth.Magnetosphere', 'Earth.Magnetosphere.RadiationBelt']
2026-02-03T14:52:32.791418Z ERROR hpde_io       This value  = ['Earth.Magnetosphere']
2026-02-03T14:52:32.791439Z ERROR hpde_io        Combining values.
2026-02-03T14:52:32.791464Z INFO  hpde_io   G7_K0_EPS (spase://NOAA/NumericalData/GOES/7/EPM/PT5M):
2026-02-03T14:52:32.791479Z INFO  hpde_io      Found first ObservedRegion in G7_K0_EPS for s/c ID = G7: ['Earth.Magnetosphere']
2026-02-03T14:52:32.791500Z ERROR hpde_io   G7_K1_MAG (spase://NOAA/NumericalData/GOES/7/MAG/PowerSpectralDensity/PT1M):
2026-02-03T14:52:32.791522Z INFO  hpde_io     ObservedRegion for this ID differs from first found value s/c ID = G7
2026-02-03T14:52:32.791538Z ERROR hpde_io       First value = ['Earth.Magnetosphere']
2026-02-03T14:52:32.791560Z ERROR hpde_io       This value  = ['Earth.Magnetosphere', 'Earth.Magnetosphere.RadiationBelt']
2026-02-03T14:52:32.791581Z ERROR hpde_io        Combining values.
2026-02-03T14:52:32.791608Z INFO  hpde_io   G8_K0_MAG (spase://NOAA/NumericalData/GOES/8/MAG/PT1M):
2026-02-03T14:52:32.791623Z INFO  hpde_io      Found first ObservedRegion in G8_K0_MAG for s/c ID = G8: ['Earth.Magnetosphere']
2026-02-03T14:52:32.791645Z INFO  hpde_io   G9_K0_MAG (spase://NOAA/NumericalData/GOES/9/MAG/PT1M):
2026-02-03T14:52:32.791660Z INFO  hpde_io      Found first ObservedRegion in G9_K0_MAG for s/c ID = G9: ['Earth.Magnetosphere']
2026-02-03T14:52:32.791678Z INFO  hpde_io   GALILEO_HELIO1DAY_POSITION (spase://NASA/NumericalData/Galileo/HelioWeb/Ephemeris/P1D):
2026-02-03T14:52:32.791695Z INFO  hpde_io      Found first ObservedRegion in GALILEO_HELIO1DAY_POSITION for s/c ID = GALILEO: ['Heliosphere.Remote1AU', 'Jupiter.Callisto', 'Jupiter.Europa', 'Jupiter.Ganymede', 'Jupiter.Io', 'Jupiter.Magnetosphere', 'Jupiter.Magnetosphere.Magnetotail', 'Jupiter.Magnetosphere.Main', 'Jupiter.Magnetosphere.Plasmasphere', 'Jupiter.Magnetosphere.RadiationBelt']
2026-02-03T14:52:32.791720Z INFO  hpde_io   GENESIS_3DL2_GIM (spase://NASA/NumericalData/Genesis/GIM/3DMOM/PT2M30S):
2026-02-03T14:52:32.791735Z INFO  hpde_io      Found first ObservedRegion in GENESIS_3DL2_GIM for s/c ID = GENESIS: ['Heliosphere.Remote1AU']
2026-02-03T14:52:32.791754Z INFO  hpde_io   GE_1MIN_MAG_PLASMA_SW_ONLY (spase://JAXA/NumericalData/Geotail/CPI-MGF/PT1M):
2026-02-03T14:52:32.791769Z INFO  hpde_io      Found first ObservedRegion in GE_1MIN_MAG_PLASMA_SW_ONLY for s/c ID = GE: ['Heliosphere.NearEarth']
2026-02-03T14:52:32.791787Z ERROR hpde_io   GE_AT_DEF (spase://JAXA/NumericalData/Geotail/Ephemeris/Def_AT/PT10M):
2026-02-03T14:52:32.791810Z INFO  hpde_io     ObservedRegion for this ID differs from first found value s/c ID = GE
2026-02-03T14:52:32.791825Z ERROR hpde_io       First value = ['Heliosphere.NearEarth']
2026-02-03T14:52:32.791848Z ERROR hpde_io       This value  = ['Earth.Magnetosphere', 'Heliosphere.NearEarth']
2026-02-03T14:52:32.791869Z ERROR hpde_io        Combining values.
2026-02-03T14:52:32.791896Z ERROR hpde_io   GE_EDA12SEC_LEP (spase://JAXA/NumericalData/Geotail/LEP/EDA/PT12S):
2026-02-03T14:52:32.791919Z INFO  hpde_io     ObservedRegion for this ID differs from first found value s/c ID = GE
2026-02-03T14:52:32.791939Z ERROR hpde_io       First value = ['Earth.Magnetosphere', 'Heliosphere.NearEarth']
2026-02-03T14:52:32.791968Z ERROR hpde_io       This value  = ['Earth.Magnetosheath', 'Earth.Magnetosphere', 'Earth.Magnetosphere.Magnetotail', 'Heliosphere.NearEarth']
2026-02-03T14:52:32.791997Z ERROR hpde_io        Combining values.
2026-02-03T14:52:32.792037Z ERROR hpde_io   GE_H0_CPI (spase://JAXA/NumericalData/Geotail/CPI/SWA/PT48S):
2026-02-03T14:52:32.792064Z INFO  hpde_io     ObservedRegion for this ID differs from first found value s/c ID = GE
2026-02-03T14:52:32.792084Z ERROR hpde_io       First value = ['Earth.Magnetosheath', 'Earth.Magnetosphere', 'Earth.Magnetosphere.Magnetotail', 'Heliosphere.NearEarth']
2026-02-03T14:52:32.792111Z ERROR hpde_io       This value  = ['Earth.Magnetosheath', 'Heliosphere.NearEarth']
2026-02-03T14:52:32.792138Z ERROR hpde_io        Combining values.
2026-02-03T14:52:32.792167Z ERROR hpde_io   GE_HPAMOM_CPI (spase://JAXA/NumericalData/Geotail/CPI/HPA/PT64S):
2026-02-03T14:52:32.792194Z INFO  hpde_io     ObservedRegion for this ID differs from first found value s/c ID = GE
2026-02-03T14:52:32.792215Z ERROR hpde_io       First value = ['Earth.Magnetosheath', 'Earth.Magnetosphere', 'Earth.Magnetosphere.Magnetotail', 'Heliosphere.NearEarth']
2026-02-03T14:52:32.792244Z ERROR hpde_io       This value  = ['Earth.Magnetosheath', 'Earth.Magnetosphere', 'Earth.Magnetosphere.Magnetotail']
2026-02-03T14:52:32.792271Z ERROR hpde_io        Combining values.
2026-02-03T14:52:32.792305Z ERROR hpde_io   GE_K0_EFD (spase://JAXA/NumericalData/Geotail/EFD/PT64S):
2026-02-03T14:52:32.792337Z INFO  hpde_io     ObservedRegion for this ID differs from first found value s/c ID = GE
2026-02-03T14:52:32.792357Z ERROR hpde_io       First value = ['Earth.Magnetosheath', 'Earth.Magnetosphere', 'Earth.Magnetosphere.Magnetotail', 'Heliosphere.NearEarth']
2026-02-03T14:52:32.792385Z ERROR hpde_io       This value  = ['Earth.Magnetosphere', 'Heliosphere.NearEarth']
2026-02-03T14:52:32.792411Z ERROR hpde_io        Combining values.
2026-02-03T14:52:32.792442Z ERROR hpde_io   GE_K0_EPI (spase://JAXA/NumericalData/Geotail/EPIC/PT96S):
2026-02-03T14:52:32.792469Z INFO  hpde_io     ObservedRegion for this ID differs from first found value s/c ID = GE
2026-02-03T14:52:32.792488Z ERROR hpde_io       First value = ['Earth.Magnetosheath', 'Earth.Magnetosphere', 'Earth.Magnetosphere.Magnetotail', 'Heliosphere.NearEarth']
2026-02-03T14:52:32.792522Z ERROR hpde_io       This value  = ['Earth.Magnetosphere', 'Heliosphere.NearEarth']
2026-02-03T14:52:32.792548Z ERROR hpde_io        Combining values.
2026-02-03T14:52:32.792577Z ERROR hpde_io   GE_K0_LEP (spase://JAXA/NumericalData/Geotail/LEP/PT64S):
2026-02-03T14:52:32.792603Z INFO  hpde_io     ObservedRegion for this ID differs from first found value s/c ID = GE
2026-02-03T14:52:32.792623Z ERROR hpde_io       First value = ['Earth.Magnetosheath', 'Earth.Magnetosphere', 'Earth.Magnetosphere.Magnetotail', 'Heliosphere.NearEarth']
2026-02-03T14:52:32.792649Z ERROR hpde_io       This value  = ['Heliosphere.NearEarth']
2026-02-03T14:52:32.792676Z ERROR hpde_io        Combining values.
2026-02-03T14:52:32.792713Z ERROR hpde_io   GE_K0_PWI (spase://JAXA/NumericalData/Geotail/PWI/KP/PT64S):
2026-02-03T14:52:32.792737Z INFO  hpde_io     ObservedRegion for this ID differs from first found value s/c ID = GE
2026-02-03T14:52:32.792757Z ERROR hpde_io       First value = ['Earth.Magnetosheath', 'Earth.Magnetosphere', 'Earth.Magnetosphere.Magnetotail', 'Heliosphere.NearEarth']
2026-02-03T14:52:32.792787Z ERROR hpde_io       This value  = ['Earth.Magnetosphere']
2026-02-03T14:52:32.792814Z ERROR hpde_io        Combining values.
2026-02-03T14:52:32.792844Z ERROR hpde_io   GE_K0_SPHA (spase://JAXA/NumericalData/Geotail/Ephemeris/Spin_Phase_KP/PT10M):
2026-02-03T14:52:32.792872Z INFO  hpde_io     ObservedRegion for this ID differs from first found value s/c ID = GE
2026-02-03T14:52:32.792892Z ERROR hpde_io       First value = ['Earth.Magnetosheath', 'Earth.Magnetosphere', 'Earth.Magnetosphere.Magnetotail', 'Heliosphere.NearEarth']
2026-02-03T14:52:32.792920Z ERROR hpde_io       This value  = ['Earth.Magnetosphere', 'Heliosphere.NearEarth']
2026-02-03T14:52:32.792945Z ERROR hpde_io        Combining values.
2026-02-03T14:52:32.792978Z ERROR hpde_io   GE_OR_PRE (spase://JAXA/NumericalData/Geotail/Ephemeris/PT600S):
2026-02-03T14:52:32.793000Z INFO  hpde_io     ObservedRegion for this ID differs from first found value s/c ID = GE
2026-02-03T14:52:32.793018Z ERROR hpde_io       First value = ['Earth.Magnetosheath', 'Earth.Magnetosphere', 'Earth.Magnetosphere.Magnetotail', 'Heliosphere.NearEarth']
2026-02-03T14:52:32.793045Z ERROR hpde_io       This value  = ['Earth.Magnetosphere', 'Heliosphere.NearEarth']
2026-02-03T14:52:32.793070Z ERROR hpde_io        Combining values.
2026-02-03T14:52:32.793099Z ERROR hpde_io   GE_SW_CPI (spase://JAXA/NumericalData/Geotail/CPI/SWMD/PT48S):
2026-02-03T14:52:32.793125Z INFO  hpde_io     ObservedRegion for this ID differs from first found value s/c ID = GE
2026-02-03T14:52:32.793146Z ERROR hpde_io       First value = ['Earth.Magnetosheath', 'Earth.Magnetosphere', 'Earth.Magnetosphere.Magnetotail', 'Heliosphere.NearEarth']
2026-02-03T14:52:32.793173Z ERROR hpde_io       This value  = ['Earth.Magnetosheath', 'Heliosphere.NearEarth']
2026-02-03T14:52:32.793197Z ERROR hpde_io        Combining values.
2026-02-03T14:52:32.793227Z INFO  hpde_io   GIACOBINI_HELIO1DAY_POSITION (spase://NASA/NumericalData/Comet/Giacobini/HelioWeb/Ephemeris/P1D):
2026-02-03T14:52:32.793247Z INFO  hpde_io      Found first ObservedRegion in GIACOBINI_HELIO1DAY_POSITION for s/c ID = GIACOBINI: ['Comet']
2026-02-03T14:52:32.793273Z INFO  hpde_io   GIOTTO_HELIO1DAY_POSITION (spase://NASA/NumericalData/Giotto/HelioWeb/Ephemeris/P1D):
2026-02-03T14:52:32.793290Z INFO  hpde_io      Found first ObservedRegion in GIOTTO_HELIO1DAY_POSITION for s/c ID = GIOTTO: ['Heliosphere.Remote1AU', 'Heliosphere.Inner']
2026-02-03T14:52:32.793315Z INFO  hpde_io   GOES10_EPHEMERIS_SSC (spase://NOAA/NumericalData/GOES/10/Ephemeris/PT1M):
2026-02-03T14:52:32.793335Z INFO  hpde_io      Found first ObservedRegion in GOES10_EPHEMERIS_SSC for s/c ID = GOES10: ['Earth.Magnetosphere', 'Earth.Magnetosphere.Main', 'Earth.Magnetosphere.RadiationBelt']
2026-02-03T14:52:32.793359Z INFO  hpde_io   GOES11_EPHEMERIS_SSC (spase://NOAA/NumericalData/GOES/11/Ephemeris/PT3M):
2026-02-03T14:52:32.793378Z INFO  hpde_io      Found first ObservedRegion in GOES11_EPHEMERIS_SSC for s/c ID = GOES11: ['Earth.Magnetosphere', 'Earth.Magnetosphere.Main', 'Earth.Magnetosphere.RadiationBelt']
2026-02-03T14:52:32.793403Z INFO  hpde_io   GOES12_EPHEMERIS_SSC (spase://NOAA/NumericalData/GOES/12/Ephemeris/PT1M):
2026-02-03T14:52:32.793423Z INFO  hpde_io      Found first ObservedRegion in GOES12_EPHEMERIS_SSC for s/c ID = GOES12: ['Earth.Magnetosphere', 'Earth.Magnetosphere.Main', 'Earth.Magnetosphere.RadiationBelt']
2026-02-03T14:52:32.793446Z INFO  hpde_io   GOES13_EPHEMERIS_SSC (spase://NOAA/NumericalData/GOES/13/Ephemeris/PT3M):
2026-02-03T14:52:32.793465Z INFO  hpde_io      Found first ObservedRegion in GOES13_EPHEMERIS_SSC for s/c ID = GOES13: ['Earth.Magnetosphere', 'Earth.Magnetosphere.Main', 'Earth.Magnetosphere.RadiationBelt']
2026-02-03T14:52:32.793498Z INFO  hpde_io   GOES14_EPHEMERIS_SSC (spase://NOAA/NumericalData/GOES/14/Ephemeris/PT3M):
2026-02-03T14:52:32.793517Z INFO  hpde_io      Found first ObservedRegion in GOES14_EPHEMERIS_SSC for s/c ID = GOES14: ['Earth.Magnetosphere', 'Earth.Magnetosphere.Main', 'Earth.Magnetosphere.RadiationBelt']
2026-02-03T14:52:32.793548Z INFO  hpde_io   GOES15_EPHEMERIS_SSC (spase://NOAA/NumericalData/GOES/15/Ephemeris/PT3M):
2026-02-03T14:52:32.793566Z INFO  hpde_io      Found first ObservedRegion in GOES15_EPHEMERIS_SSC for s/c ID = GOES15: ['Earth.Magnetosphere', 'Earth.Magnetosphere.Main', 'Earth.Magnetosphere.RadiationBelt']
2026-02-03T14:52:32.793598Z INFO  hpde_io   GOES16_EPHEMERIS_SSC (spase://NOAA/NumericalData/GOES/16/Ephemeris/PT1M):
2026-02-03T14:52:32.793615Z INFO  hpde_io      Found first ObservedRegion in GOES16_EPHEMERIS_SSC for s/c ID = GOES16: ['Earth.Magnetosphere', 'Earth.Magnetosphere.Main', 'Earth.Magnetosphere.RadiationBelt']
2026-02-03T14:52:32.793637Z INFO  hpde_io   GOES17_EPHEMERIS_SSC (spase://NOAA/NumericalData/GOES/17/Ephemeris/PT1M):
2026-02-03T14:52:32.793655Z INFO  hpde_io      Found first ObservedRegion in GOES17_EPHEMERIS_SSC for s/c ID = GOES17: ['Earth.Magnetosphere', 'Earth.Magnetosphere.Main', 'Earth.Magnetosphere.RadiationBelt']
2026-02-03T14:52:32.793676Z INFO  hpde_io   GOES8_EPHEMERIS_SSC (spase://NOAA/NumericalData/GOES/8/Ephemeris/PT1M):
2026-02-03T14:52:32.793695Z INFO  hpde_io      Found first ObservedRegion in GOES8_EPHEMERIS_SSC for s/c ID = GOES8: ['Earth.Magnetosphere', 'Earth.Magnetosphere.Main', 'Earth.Magnetosphere.RadiationBelt']
2026-02-03T14:52:32.793723Z INFO  hpde_io   GOES9_EPHEMERIS_SSC (spase://NOAA/NumericalData/GOES/9/Ephemeris/PT1M):
2026-02-03T14:52:32.793742Z INFO  hpde_io      Found first ObservedRegion in GOES9_EPHEMERIS_SSC for s/c ID = GOES9: ['Earth.Magnetosphere', 'Earth.Magnetosphere.Main', 'Earth.Magnetosphere.RadiationBelt']
2026-02-03T14:52:32.793764Z INFO  hpde_io   GOLD_L2_NMAX (spase://NASA/NumericalData/GOLD/L2/NMAX/PT900S):
2026-02-03T14:52:32.793783Z INFO  hpde_io      Found first ObservedRegion in GOLD_L2_NMAX for s/c ID = GOLD: ['Earth.NearSurface.Ionosphere']
2026-02-03T14:52:32.793811Z INFO  hpde_io   GPS_ROTI15MIN_JPL (spase://NASA/NumericalData/IGS/GPS_Receiver/ROTI/PT15M):
2026-02-03T14:52:32.793830Z INFO  hpde_io      Found first ObservedRegion in GPS_ROTI15MIN_JPL for s/c ID = GPS: ['Earth.Magnetosphere', 'Earth.Magnetosphere.Main', 'Earth.Magnetosphere.RadiationBelt', 'Earth.NearSurface.Ionosphere']
2026-02-03T14:52:32.793853Z ERROR hpde_io   GPS_TEC15MIN_IGS (spase://NASA/NumericalData/IGS/GPS_Receiver/TEC/PT15M):
2026-02-03T14:52:32.793880Z INFO  hpde_io     ObservedRegion for this ID differs from first found value s/c ID = GPS
2026-02-03T14:52:32.793899Z ERROR hpde_io       First value = ['Earth.Magnetosphere', 'Earth.Magnetosphere.Main', 'Earth.Magnetosphere.RadiationBelt', 'Earth.NearSurface.Ionosphere']
2026-02-03T14:52:32.793926Z ERROR hpde_io       This value  = ['Earth.NearSurface.Ionosphere']
2026-02-03T14:52:32.793952Z ERROR hpde_io        Combining values.
2026-02-03T14:52:32.793981Z ERROR hpde_io   GPS_TEC1HR_IGS (spase://NASA/NumericalData/IGS/GPS_Receiver/TEC/PT60M):
2026-02-03T14:52:32.794008Z INFO  hpde_io     ObservedRegion for this ID differs from first found value s/c ID = GPS
2026-02-03T14:52:32.794028Z ERROR hpde_io       First value = ['Earth.Magnetosphere', 'Earth.Magnetosphere.Main', 'Earth.Magnetosphere.RadiationBelt', 'Earth.NearSurface.Ionosphere']
2026-02-03T14:52:32.794055Z ERROR hpde_io       This value  = ['Earth.NearSurface.Ionosphere']
2026-02-03T14:52:32.794082Z ERROR hpde_io        Combining values.
2026-02-03T14:52:32.794112Z ERROR hpde_io   GPS_TEC2HR_IGS (spase://NASA/NumericalData/IGS/GPS_Receiver/TEC/PT120M):
2026-02-03T14:52:32.794139Z INFO  hpde_io     ObservedRegion for this ID differs from first found value s/c ID = GPS
2026-02-03T14:52:32.794158Z ERROR hpde_io       First value = ['Earth.Magnetosphere', 'Earth.Magnetosphere.Main', 'Earth.Magnetosphere.RadiationBelt', 'Earth.NearSurface.Ionosphere']
2026-02-03T14:52:32.794190Z ERROR hpde_io       This value  = ['Earth.NearSurface.Ionosphere']
2026-02-03T14:52:32.794216Z ERROR hpde_io        Combining values.
2026-02-03T14:52:32.794242Z INFO  hpde_io   HALEBOPP_HELIO1DAY_POSITION (spase://NASA/NumericalData/Comet/HaleBopp/HelioWeb/Ephemeris/P1D):
2026-02-03T14:52:32.794261Z INFO  hpde_io      Found first ObservedRegion in HALEBOPP_HELIO1DAY_POSITION for s/c ID = HALEBOPP: ['Comet']
2026-02-03T14:52:32.794287Z INFO  hpde_io   HALLEY_HELIO1DAY_POSITION (spase://NASA/NumericalData/Comet/Halley/HelioWeb/Ephemeris/P1D):
2026-02-03T14:52:32.794310Z INFO  hpde_io      Found first ObservedRegion in HALLEY_HELIO1DAY_POSITION for s/c ID = HALLEY: ['Comet']
2026-02-03T14:52:32.794333Z INFO  hpde_io   HEL1_6SEC_NESSMAG (spase://NASA/NumericalData/Helios1/E3/PT6S):
2026-02-03T14:52:32.794353Z INFO  hpde_io      Found first ObservedRegion in HEL1_6SEC_NESSMAG for s/c ID = HEL1: ['Heliosphere.Inner']
2026-02-03T14:52:32.794373Z INFO  hpde_io   HEL2_6SEC_NESSMAG (spase://NASA/NumericalData/Helios2/E3/PT6S):
2026-02-03T14:52:32.794391Z INFO  hpde_io      Found first ObservedRegion in HEL2_6SEC_NESSMAG for s/c ID = HEL2: ['Heliosphere.Inner']
2026-02-03T14:52:32.794413Z INFO  hpde_io   HELIOS1_40SEC_MAG-PLASMA (spase://NASA/NumericalData/Helios1/E1/PT40.5S):
2026-02-03T14:52:32.794432Z INFO  hpde_io      Found first ObservedRegion in HELIOS1_40SEC_MAG-PLASMA for s/c ID = HELIOS1: ['Heliosphere.NearEarth', 'Heliosphere.Inner']
2026-02-03T14:52:32.794454Z ERROR hpde_io   HELIOS1_COHO1HR_MERGED_MAG_PLASMA (spase://NASA/NumericalData/Helios1/MAGandPLS/PT1H):
2026-02-03T14:52:32.794482Z INFO  hpde_io     ObservedRegion for this ID differs from first found value s/c ID = HELIOS1
2026-02-03T14:52:32.794499Z ERROR hpde_io       First value = ['Heliosphere.Inner', 'Heliosphere.NearEarth']
2026-02-03T14:52:32.794526Z ERROR hpde_io       This value  = ['Heliosphere.Inner']
2026-02-03T14:52:32.794553Z ERROR hpde_io        Combining values.
2026-02-03T14:52:32.794584Z ERROR hpde_io   HELIOS1_E6_1HOUR_PARTICLE_FLUX (spase://NASA/NumericalData/Helios1/E6/ParticleFlux/PT1H):
2026-02-03T14:52:32.794609Z INFO  hpde_io     ObservedRegion for this ID differs from first found value s/c ID = HELIOS1
2026-02-03T14:52:32.794628Z ERROR hpde_io       First value = ['Heliosphere.Inner', 'Heliosphere.NearEarth']
2026-02-03T14:52:32.794656Z ERROR hpde_io       This value  = ['Heliosphere', 'Heliosphere.Inner', 'Heliosphere.NearEarth']
2026-02-03T14:52:32.794679Z ERROR hpde_io        Combining values.
2026-02-03T14:52:32.794720Z INFO  hpde_io   HELIOS2_40SEC_MAG-PLASMA (spase://NASA/NumericalData/Helios2/E3/PT40.5S):
2026-02-03T14:52:32.794735Z INFO  hpde_io      Found first ObservedRegion in HELIOS2_40SEC_MAG-PLASMA for s/c ID = HELIOS2: ['Heliosphere', 'Heliosphere.Inner']
2026-02-03T14:52:32.794757Z ERROR hpde_io   HELIOS2_COHO1HR_MERGED_MAG_PLASMA (spase://NASA/NumericalData/Helios2/MAGandPLS/PT1H):
2026-02-03T14:52:32.794782Z INFO  hpde_io     ObservedRegion for this ID differs from first found value s/c ID = HELIOS2
2026-02-03T14:52:32.794800Z ERROR hpde_io       First value = ['Heliosphere', 'Heliosphere.Inner']
2026-02-03T14:52:32.794829Z ERROR hpde_io       This value  = ['Heliosphere', 'Heliosphere.Inner', 'Heliosphere.NearEarth']
2026-02-03T14:52:32.794862Z ERROR hpde_io        Combining values.
2026-02-03T14:52:32.794902Z INFO  hpde_io   HK_H0_MAG (spase://NASA/NumericalData/Hawkeye/MAG/PT1.9S):
2026-02-03T14:52:32.794921Z INFO  hpde_io      Found first ObservedRegion in HK_H0_MAG for s/c ID = HK: ['Earth.NearSurface.Ionosphere', 'Earth.Magnetosphere']
2026-02-03T14:52:32.794947Z ERROR hpde_io   HK_H0_VLF (spase://NASA/NumericalData/Hawkeye/VLF/PT22S):
2026-02-03T14:52:32.794975Z INFO  hpde_io     ObservedRegion for this ID differs from first found value s/c ID = HK
2026-02-03T14:52:32.794993Z ERROR hpde_io       First value = ['Earth.Magnetosphere', 'Earth.NearSurface.Ionosphere']
2026-02-03T14:52:32.795021Z ERROR hpde_io       This value  = ['Earth.Magnetosphere', 'Earth.Magnetosphere.Polar', 'Earth.NearSurface.AuroralRegion', 'Earth.NearSurface.PolarCap', 'Heliosphere.Inner']
2026-02-03T14:52:32.795047Z ERROR hpde_io        Combining values.
2026-02-03T14:52:32.795076Z INFO  hpde_io   HYAKUTAKE_HELIO1DAY_POSITION (spase://NASA/NumericalData/Comet/Hyakutake/HelioWeb/Ephemeris/P1D):
2026-02-03T14:52:32.795096Z INFO  hpde_io      Found first ObservedRegion in HYAKUTAKE_HELIO1DAY_POSITION for s/c ID = HYAKUTAKE: ['Comet']
2026-02-03T14:52:32.795125Z INFO  hpde_io   I1_AV2_OTT (spase://NASA/NumericalData/ISIS1/SFS/AverageIonogram/Version2/Ottawa/PT29S):
2026-02-03T14:52:32.795146Z INFO  hpde_io      Found first ObservedRegion in I1_AV2_OTT for s/c ID = I1: ['Earth.Magnetosphere', 'Earth.Magnetosphere.Polar', 'Earth.NearSurface', 'Earth.NearSurface.AuroralRegion', 'Earth.NearSurface.EquatorialRegion', 'Earth.NearSurface.Ionosphere', 'Earth.NearSurface.PolarCap']
2026-02-03T14:52:32.795180Z ERROR hpde_io   I1_AV_ALL (spase://NASA/NumericalData/ISIS1/SFS/Ionogram/PT29S):
2026-02-03T14:52:32.795207Z INFO  hpde_io     ObservedRegion for this ID differs from first found value s/c ID = I1
2026-02-03T14:52:32.795227Z ERROR hpde_io       First value = ['Earth.Magnetosphere', 'Earth.Magnetosphere.Polar', 'Earth.NearSurface', 'Earth.NearSurface.AuroralRegion', 'Earth.NearSurface.EquatorialRegion', 'Earth.NearSurface.Ionosphere', 'Earth.NearSurface.PolarCap']
2026-02-03T14:52:32.795255Z ERROR hpde_io       This value  = ['Earth.Magnetosphere', 'Earth.Magnetosphere.Polar', 'Earth.NearSurface', 'Earth.NearSurface.AuroralRegion', 'Earth.NearSurface.EquatorialRegion', 'Earth.NearSurface.Ionosphere', 'Earth.NearSurface.Ionosphere.Topside', 'Earth.NearSurface.PolarCap']
2026-02-03T14:52:32.795280Z ERROR hpde_io        Combining values.
2026-02-03T14:52:32.795360Z INFO  hpde_io   I2_AV_ACN (spase://NASA/NumericalData/ISIS2/SFS/AverageIonogram/AscensionIsland/PT22S):
2026-02-03T14:52:32.795378Z INFO  hpde_io      Found first ObservedRegion in I2_AV_ACN for s/c ID = I2: ['Earth.Magnetosphere', 'Earth.Magnetosphere.Polar', 'Earth.NearSurface', 'Earth.NearSurface.AuroralRegion', 'Earth.NearSurface.EquatorialRegion', 'Earth.NearSurface.Ionosphere', 'Earth.NearSurface.PolarCap']
2026-02-03T14:52:32.795468Z ERROR hpde_io   I2_NEPROF_TOPIST (spase://NASA/NumericalData/ISIS2/SFS/TOPIST):
2026-02-03T14:52:32.795493Z INFO  hpde_io     ObservedRegion for this ID differs from first found value s/c ID = I2
2026-02-03T14:52:32.795514Z ERROR hpde_io       First value = ['Earth.Magnetosphere', 'Earth.Magnetosphere.Polar', 'Earth.NearSurface', 'Earth.NearSurface.AuroralRegion', 'Earth.NearSurface.EquatorialRegion', 'Earth.NearSurface.Ionosphere', 'Earth.NearSurface.PolarCap']
2026-02-03T14:52:32.795542Z ERROR hpde_io       This value  = ['Earth.NearSurface.Ionosphere']
2026-02-03T14:52:32.795568Z ERROR hpde_io        Combining values.
2026-02-03T14:52:32.795599Z ERROR hpde_io   I2_NEPROF_TOPS (spase://NASA/NumericalData/ISIS2/SFS/TOPS):
2026-02-03T14:52:32.795626Z INFO  hpde_io     ObservedRegion for this ID differs from first found value s/c ID = I2
2026-02-03T14:52:32.795648Z ERROR hpde_io       First value = ['Earth.Magnetosphere', 'Earth.Magnetosphere.Polar', 'Earth.NearSurface', 'Earth.NearSurface.AuroralRegion', 'Earth.NearSurface.EquatorialRegion', 'Earth.NearSurface.Ionosphere', 'Earth.NearSurface.PolarCap']
2026-02-03T14:52:32.795678Z ERROR hpde_io       This value  = ['Earth.Magnetosphere', 'Earth.Magnetosphere.Polar', 'Earth.NearSurface', 'Earth.NearSurface.AuroralRegion', 'Earth.NearSurface.EquatorialRegion', 'Earth.NearSurface.Ionosphere', 'Earth.NearSurface.Ionosphere.Topside', 'Earth.NearSurface.PolarCap']
2026-02-03T14:52:32.795705Z ERROR hpde_io        Combining values.
2026-02-03T14:52:32.795739Z INFO  hpde_io   I8_15SEC_MAG (spase://NASA/NumericalData/IMP8/MAG/PT15.36S):
2026-02-03T14:52:32.795760Z INFO  hpde_io      Found first ObservedRegion in I8_15SEC_MAG for s/c ID = I8: ['Heliosphere.NearEarth', 'Earth.Magnetosheath', 'Earth.Magnetosphere.Magnetotail']
2026-02-03T14:52:32.795786Z ERROR hpde_io   I8_320MSEC_MAG (spase://NASA/NumericalData/IMP8/MAG/PT0.32S):
2026-02-03T14:52:32.795810Z INFO  hpde_io     ObservedRegion for this ID differs from first found value s/c ID = I8
2026-02-03T14:52:32.795830Z ERROR hpde_io       First value = ['Earth.Magnetosheath', 'Earth.Magnetosphere.Magnetotail', 'Heliosphere.NearEarth']
2026-02-03T14:52:32.795859Z ERROR hpde_io       This value  = ['Earth.Magnetosphere.Magnetotail', 'Heliosphere.NearEarth']
2026-02-03T14:52:32.795884Z ERROR hpde_io        Combining values.
2026-02-03T14:52:32.795919Z ERROR hpde_io   I8_H0_MITPLASMA (spase://NASA/NumericalData/IMP8/PLS/PT01M):
2026-02-03T14:52:32.795944Z INFO  hpde_io     ObservedRegion for this ID differs from first found value s/c ID = I8
2026-02-03T14:52:32.795965Z ERROR hpde_io       First value = ['Earth.Magnetosheath', 'Earth.Magnetosphere.Magnetotail', 'Heliosphere.NearEarth']
2026-02-03T14:52:32.795993Z ERROR hpde_io       This value  = ['Earth.Magnetosheath', 'Heliosphere.NearEarth']
2026-02-03T14:52:32.796018Z ERROR hpde_io        Combining values.
2026-02-03T14:52:32.796049Z ERROR hpde_io   I8_OR_SSC (spase://NASA/NumericalData/IMP8/Ephemeris/PT12M):
2026-02-03T14:52:32.796075Z INFO  hpde_io     ObservedRegion for this ID differs from first found value s/c ID = I8
2026-02-03T14:52:32.796095Z ERROR hpde_io       First value = ['Earth.Magnetosheath', 'Earth.Magnetosphere.Magnetotail', 'Heliosphere.NearEarth']
2026-02-03T14:52:32.796124Z ERROR hpde_io       This value  = ['Earth.Magnetosphere.Magnetotail', 'Heliosphere.NearEarth']
2026-02-03T14:52:32.796151Z ERROR hpde_io        Combining values.
2026-02-03T14:52:32.796180Z INFO  hpde_io   IA_K0_ENF (spase://NASA/NumericalData/Interball-2/SK3/KP/PT120S):
2026-02-03T14:52:32.796203Z INFO  hpde_io      Found first ObservedRegion in IA_K0_ENF for s/c ID = IA: ['Earth.Magnetosphere']
2026-02-03T14:52:32.796232Z ERROR hpde_io   IA_OR_DEF (spase://NASA/NumericalData/Interball-2/Ephemeris/PT120S):
2026-02-03T14:52:32.796258Z INFO  hpde_io     ObservedRegion for this ID differs from first found value s/c ID = IA
2026-02-03T14:52:32.796275Z ERROR hpde_io       First value = ['Earth.Magnetosphere']
2026-02-03T14:52:32.796300Z ERROR hpde_io       This value  = ['Earth.Magnetosphere', 'Heliosphere.NearEarth']
2026-02-03T14:52:32.796326Z ERROR hpde_io        Combining values.
2026-02-03T14:52:32.796358Z INFO  hpde_io   IBEX_H3_ENA_HI_R02_CG_NOSP_OMNI_6MO (spase://NASA/NumericalData/IBEX/Hi/H3/Release02/CG/NOSP/Omni/P6M):
2026-02-03T14:52:32.796379Z INFO  hpde_io      Found first ObservedRegion in IBEX_H3_ENA_HI_R02_CG_NOSP_OMNI_6MO for s/c ID = IBEX: ['Heliosphere.Remote1AU']
2026-02-03T14:52:32.796501Z ERROR hpde_io   IBEX_H3_ENA_HI_R10_CG_NOSP_ANTIRAM_1YR (spase://NASA/NumericalData/IBEX/Hi/H3/Release10/CG/NOSP/Antiram/P1Y):
2026-02-03T14:52:32.796525Z INFO  hpde_io     ObservedRegion for this ID differs from first found value s/c ID = IBEX
2026-02-03T14:52:32.796544Z ERROR hpde_io       First value = ['Heliosphere.Remote1AU']
2026-02-03T14:52:32.796571Z ERROR hpde_io       This value  = ['Heliosphere.Inner']
2026-02-03T14:52:32.796596Z ERROR hpde_io        Combining values.
2026-02-03T14:52:32.796627Z ERROR hpde_io   IBEX_H3_ENA_HI_R10_CG_NOSP_ANTIRAM_7YR (spase://NASA/NumericalData/IBEX/Hi/H3/Release10/CG/NOSP/Antiram/P7Y):
2026-02-03T14:52:32.796651Z INFO  hpde_io     ObservedRegion for this ID differs from first found value s/c ID = IBEX
2026-02-03T14:52:32.796669Z ERROR hpde_io       First value = ['Heliosphere.Inner', 'Heliosphere.Remote1AU']
2026-02-03T14:52:32.796695Z ERROR hpde_io       This value  = ['Heliosphere.Inner']
2026-02-03T14:52:32.796720Z ERROR hpde_io        Combining values.
2026-02-03T14:52:32.796754Z ERROR hpde_io   IBEX_H3_ENA_HI_R10_CG_NOSP_OMNI_6MO (spase://NASA/NumericalData/IBEX/Hi/H3/Release10/CG/NOSP/Omni/P6M):
2026-02-03T14:52:32.796779Z INFO  hpde_io     ObservedRegion for this ID differs from first found value s/c ID = IBEX
2026-02-03T14:52:32.796798Z ERROR hpde_io       First value = ['Heliosphere.Inner', 'Heliosphere.Remote1AU']
2026-02-03T14:52:32.796825Z ERROR hpde_io       This value  = ['Heliosphere.Inner']
2026-02-03T14:52:32.796851Z ERROR hpde_io        Combining values.
2026-02-03T14:52:32.796883Z ERROR hpde_io   IBEX_H3_ENA_HI_R10_CG_NOSP_OMNI_7YR (spase://NASA/NumericalData/IBEX/Hi/H3/Release10/CG/NOSP/Omni/P7Y):
2026-02-03T14:52:32.796910Z INFO  hpde_io     ObservedRegion for this ID differs from first found value s/c ID = IBEX
2026-02-03T14:52:32.796929Z ERROR hpde_io       First value = ['Heliosphere.Inner', 'Heliosphere.Remote1AU']
2026-02-03T14:52:32.796985Z ERROR hpde_io       This value  = ['Heliosphere.Inner']
2026-02-03T14:52:32.797037Z ERROR hpde_io        Combining values.
2026-02-03T14:52:32.797076Z ERROR hpde_io   IBEX_H3_ENA_HI_R10_CG_NOSP_RAM_1YR (spase://NASA/NumericalData/IBEX/Hi/H3/Release10/CG/NOSP/Ram/P1Y):
2026-02-03T14:52:32.797108Z INFO  hpde_io     ObservedRegion for this ID differs from first found value s/c ID = IBEX
2026-02-03T14:52:32.797132Z ERROR hpde_io       First value = ['Heliosphere.Inner', 'Heliosphere.Remote1AU']
2026-02-03T14:52:32.797165Z ERROR hpde_io       This value  = ['Heliosphere.Inner']
2026-02-03T14:52:32.797193Z ERROR hpde_io        Combining values.
2026-02-03T14:52:32.797225Z ERROR hpde_io   IBEX_H3_ENA_HI_R10_CG_NOSP_RAM_7YR (spase://NASA/NumericalData/IBEX/Hi/H3/Release10/CG/NOSP/Ram/P7Y):
2026-02-03T14:52:32.797249Z INFO  hpde_io     ObservedRegion for this ID differs from first found value s/c ID = IBEX
2026-02-03T14:52:32.797273Z ERROR hpde_io       First value = ['Heliosphere.Inner', 'Heliosphere.Remote1AU']
2026-02-03T14:52:32.797302Z ERROR hpde_io       This value  = ['Heliosphere.Inner']
2026-02-03T14:52:32.797330Z ERROR hpde_io        Combining values.
2026-02-03T14:52:32.797375Z ERROR hpde_io   IBEX_H3_ENA_HI_R10_CG_SP_ANTIRAM_1YR (spase://NASA/NumericalData/IBEX/Hi/H3/Release10/CG/SP/Antiram/P1Y):
2026-02-03T14:52:32.797404Z INFO  hpde_io     ObservedRegion for this ID differs from first found value s/c ID = IBEX
2026-02-03T14:52:32.797425Z ERROR hpde_io       First value = ['Heliosphere.Inner', 'Heliosphere.Remote1AU']
2026-02-03T14:52:32.797453Z ERROR hpde_io       This value  = ['Heliosphere.Inner']
2026-02-03T14:52:32.797482Z ERROR hpde_io        Combining values.
2026-02-03T14:52:32.797512Z ERROR hpde_io   IBEX_H3_ENA_HI_R10_CG_SP_ANTIRAM_7YR (spase://NASA/NumericalData/IBEX/Hi/H3/Release10/CG/SP/Antiram/P7Y):
2026-02-03T14:52:32.797540Z INFO  hpde_io     ObservedRegion for this ID differs from first found value s/c ID = IBEX
2026-02-03T14:52:32.797559Z ERROR hpde_io       First value = ['Heliosphere.Inner', 'Heliosphere.Remote1AU']
2026-02-03T14:52:32.797587Z ERROR hpde_io       This value  = ['Heliosphere.Inner']
2026-02-03T14:52:32.797612Z ERROR hpde_io        Combining values.
2026-02-03T14:52:32.797644Z ERROR hpde_io   IBEX_H3_ENA_HI_R10_CG_SP_OMNI_6MO (spase://NASA/NumericalData/IBEX/Hi/H3/Release10/CG/SP/Omni/P6M):
2026-02-03T14:52:32.797671Z INFO  hpde_io     ObservedRegion for this ID differs from first found value s/c ID = IBEX
2026-02-03T14:52:32.797692Z ERROR hpde_io       First value = ['Heliosphere.Inner', 'Heliosphere.Remote1AU']
2026-02-03T14:52:32.797719Z ERROR hpde_io       This value  = ['Heliosphere.Inner']
2026-02-03T14:52:32.797743Z ERROR hpde_io        Combining values.
2026-02-03T14:52:32.797776Z ERROR hpde_io   IBEX_H3_ENA_HI_R10_CG_SP_OMNI_7YR (spase://NASA/NumericalData/IBEX/Hi/H3/Release10/CG/SP/Omni/P7Y):
2026-02-03T14:52:32.797803Z INFO  hpde_io     ObservedRegion for this ID differs from first found value s/c ID = IBEX
2026-02-03T14:52:32.797823Z ERROR hpde_io       First value = ['Heliosphere.Inner', 'Heliosphere.Remote1AU']
2026-02-03T14:52:32.797851Z ERROR hpde_io       This value  = ['Heliosphere.Inner']
2026-02-03T14:52:32.797878Z ERROR hpde_io        Combining values.
2026-02-03T14:52:32.797907Z ERROR hpde_io   IBEX_H3_ENA_HI_R10_CG_SP_RAM_1YR (spase://NASA/NumericalData/IBEX/Hi/H3/Release10/CG/SP/Ram/P1Y):
2026-02-03T14:52:32.797933Z INFO  hpde_io     ObservedRegion for this ID differs from first found value s/c ID = IBEX
2026-02-03T14:52:32.797952Z ERROR hpde_io       First value = ['Heliosphere.Inner', 'Heliosphere.Remote1AU']
2026-02-03T14:52:32.797978Z ERROR hpde_io       This value  = ['Heliosphere.Inner']
2026-02-03T14:52:32.798004Z ERROR hpde_io        Combining values.
2026-02-03T14:52:32.798033Z ERROR hpde_io   IBEX_H3_ENA_HI_R10_CG_SP_RAM_7YR (spase://NASA/NumericalData/IBEX/Hi/H3/Release10/CG/SP/Ram/P7Y):
2026-02-03T14:52:32.798060Z INFO  hpde_io     ObservedRegion for this ID differs from first found value s/c ID = IBEX
2026-02-03T14:52:32.798081Z ERROR hpde_io       First value = ['Heliosphere.Inner', 'Heliosphere.Remote1AU']
2026-02-03T14:52:32.798107Z ERROR hpde_io       This value  = ['Heliosphere.Inner']
2026-02-03T14:52:32.798134Z ERROR hpde_io        Combining values.
2026-02-03T14:52:32.798165Z ERROR hpde_io   IBEX_H3_ENA_HI_R10_NOCG_NOSP_ANTIRAM_1YR (spase://NASA/NumericalData/IBEX/Hi/H3/Release10/NOCG/NOSP/Antiram/P1Y):
2026-02-03T14:52:32.798188Z INFO  hpde_io     ObservedRegion for this ID differs from first found value s/c ID = IBEX
2026-02-03T14:52:32.798209Z ERROR hpde_io       First value = ['Heliosphere.Inner', 'Heliosphere.Remote1AU']
2026-02-03T14:52:32.798237Z ERROR hpde_io       This value  = ['Heliosphere.Inner']
2026-02-03T14:52:32.798264Z ERROR hpde_io        Combining values.
2026-02-03T14:52:32.798294Z ERROR hpde_io   IBEX_H3_ENA_HI_R10_NOCG_NOSP_ANTIRAM_7YR (spase://NASA/NumericalData/IBEX/Hi/H3/Release10/NOCG/NOSP/Antiram/P7Y):
2026-02-03T14:52:32.798321Z INFO  hpde_io     ObservedRegion for this ID differs from first found value s/c ID = IBEX
2026-02-03T14:52:32.798340Z ERROR hpde_io       First value = ['Heliosphere.Inner', 'Heliosphere.Remote1AU']
2026-02-03T14:52:32.798367Z ERROR hpde_io       This value  = ['Heliosphere.Inner']
2026-02-03T14:52:32.798392Z ERROR hpde_io        Combining values.
2026-02-03T14:52:32.798424Z ERROR hpde_io   IBEX_H3_ENA_HI_R10_NOCG_NOSP_OMNI_6MO (spase://NASA/NumericalData/IBEX/Hi/H3/Release10/NOCG/NOSP/Omni/P6M):
2026-02-03T14:52:32.798450Z INFO  hpde_io     ObservedRegion for this ID differs from first found value s/c ID = IBEX
2026-02-03T14:52:32.798468Z ERROR hpde_io       First value = ['Heliosphere.Inner', 'Heliosphere.Remote1AU']
2026-02-03T14:52:32.798495Z ERROR hpde_io       This value  = ['Heliosphere.Inner']
2026-02-03T14:52:32.798522Z ERROR hpde_io        Combining values.
2026-02-03T14:52:32.798551Z ERROR hpde_io   IBEX_H3_ENA_HI_R10_NOCG_NOSP_OMNI_7YR (spase://NASA/NumericalData/IBEX/Hi/H3/Release10/NOCG/NOSP/Omni/P7Y):
2026-02-03T14:52:32.798576Z INFO  hpde_io     ObservedRegion for this ID differs from first found value s/c ID = IBEX
2026-02-03T14:52:32.798596Z ERROR hpde_io       First value = ['Heliosphere.Inner', 'Heliosphere.Remote1AU']
2026-02-03T14:52:32.798623Z ERROR hpde_io       This value  = ['Heliosphere.Inner']
2026-02-03T14:52:32.798649Z ERROR hpde_io        Combining values.
2026-02-03T14:52:32.798685Z ERROR hpde_io   IBEX_H3_ENA_HI_R10_NOCG_NOSP_RAM_1YR (spase://NASA/NumericalData/IBEX/Hi/H3/Release10/NOCG/NOSP/Ram/P1Y):
2026-02-03T14:52:32.798712Z INFO  hpde_io     ObservedRegion for this ID differs from first found value s/c ID = IBEX
2026-02-03T14:52:32.798732Z ERROR hpde_io       First value = ['Heliosphere.Inner', 'Heliosphere.Remote1AU']
2026-02-03T14:52:32.798760Z ERROR hpde_io       This value  = ['Heliosphere.Inner']
2026-02-03T14:52:32.798796Z ERROR hpde_io        Combining values.
2026-02-03T14:52:32.798825Z ERROR hpde_io   IBEX_H3_ENA_HI_R10_NOCG_SP_ANTIRAM_1YR (spase://NASA/NumericalData/IBEX/Hi/H3/Release10/NOCG/SP/Antiram/P1Y):
2026-02-03T14:52:32.798853Z INFO  hpde_io     ObservedRegion for this ID differs from first found value s/c ID = IBEX
2026-02-03T14:52:32.798872Z ERROR hpde_io       First value = ['Heliosphere.Inner', 'Heliosphere.Remote1AU']
2026-02-03T14:52:32.798897Z ERROR hpde_io       This value  = ['Heliosphere.Inner']
2026-02-03T14:52:32.798923Z ERROR hpde_io        Combining values.
2026-02-03T14:52:32.798953Z ERROR hpde_io   IBEX_H3_ENA_HI_R10_NOCG_SP_ANTIRAM_7YR (spase://NASA/NumericalData/IBEX/Hi/H3/Release10/NOCG/SP/Antiram/P7Y):
2026-02-03T14:52:32.798979Z INFO  hpde_io     ObservedRegion for this ID differs from first found value s/c ID = IBEX
2026-02-03T14:52:32.798998Z ERROR hpde_io       First value = ['Heliosphere.Inner', 'Heliosphere.Remote1AU']
2026-02-03T14:52:32.799025Z ERROR hpde_io       This value  = ['Heliosphere.Inner']
2026-02-03T14:52:32.799050Z ERROR hpde_io        Combining values.
2026-02-03T14:52:32.799081Z ERROR hpde_io   IBEX_H3_ENA_HI_R10_NOCG_SP_OMNI_6MO (spase://NASA/NumericalData/IBEX/Hi/H3/Release10/NOCG/SP/Omni/P6M):
2026-02-03T14:52:32.799110Z INFO  hpde_io     ObservedRegion for this ID differs from first found value s/c ID = IBEX
2026-02-03T14:52:32.799130Z ERROR hpde_io       First value = ['Heliosphere.Inner', 'Heliosphere.Remote1AU']
2026-02-03T14:52:32.799155Z ERROR hpde_io       This value  = ['Heliosphere.Inner']
2026-02-03T14:52:32.799181Z ERROR hpde_io        Combining values.
2026-02-03T14:52:32.799216Z ERROR hpde_io   IBEX_H3_ENA_HI_R10_NOCG_SP_OMNI_7YR (spase://NASA/NumericalData/IBEX/Hi/H3/Release10/NOCG/SP/Omni/P7Y):
2026-02-03T14:52:32.799242Z INFO  hpde_io     ObservedRegion for this ID differs from first found value s/c ID = IBEX
2026-02-03T14:52:32.799262Z ERROR hpde_io       First value = ['Heliosphere.Inner', 'Heliosphere.Remote1AU']
2026-02-03T14:52:32.799289Z ERROR hpde_io       This value  = ['Heliosphere.Inner']
2026-02-03T14:52:32.799314Z ERROR hpde_io        Combining values.
2026-02-03T14:52:32.799345Z ERROR hpde_io   IBEX_H3_ENA_HI_R10_NOCG_SP_RAM_1YR (spase://NASA/NumericalData/IBEX/Hi/H3/Release10/NOCG/SP/Ram/P1Y):
2026-02-03T14:52:32.799374Z INFO  hpde_io     ObservedRegion for this ID differs from first found value s/c ID = IBEX
2026-02-03T14:52:32.799394Z ERROR hpde_io       First value = ['Heliosphere.Inner', 'Heliosphere.Remote1AU']
2026-02-03T14:52:32.799420Z ERROR hpde_io       This value  = ['Heliosphere.Inner']
2026-02-03T14:52:32.799446Z ERROR hpde_io        Combining values.
2026-02-03T14:52:32.799476Z ERROR hpde_io   IBEX_H3_ENA_HI_R12_MAGNETOSPHERE_24MIN (spase://NASA/NumericalData/IBEX/Hi/H3/Release12/Magnetosphere/PT24M):
2026-02-03T14:52:32.799502Z INFO  hpde_io     ObservedRegion for this ID differs from first found value s/c ID = IBEX
2026-02-03T14:52:32.799522Z ERROR hpde_io       First value = ['Heliosphere.Inner', 'Heliosphere.Remote1AU']
2026-02-03T14:52:32.799550Z ERROR hpde_io       This value  = ['Heliosphere.Inner']
2026-02-03T14:52:32.799574Z ERROR hpde_io        Combining values.
2026-02-03T14:52:32.799604Z ERROR hpde_io   IBEX_H3_ENA_HI_R13_CG_NOSP_ANTIRAM_1YR (spase://NASA/NumericalData/IBEX/Hi/H3/Release13/CG/NOSP/Antiram/P1Y):
2026-02-03T14:52:32.799632Z INFO  hpde_io     ObservedRegion for this ID differs from first found value s/c ID = IBEX
2026-02-03T14:52:32.799651Z ERROR hpde_io       First value = ['Heliosphere.Inner', 'Heliosphere.Remote1AU']
2026-02-03T14:52:32.799678Z ERROR hpde_io       This value  = ['Heliosphere.Inner']
2026-02-03T14:52:32.799703Z ERROR hpde_io        Combining values.
2026-02-03T14:52:32.799734Z ERROR hpde_io   IBEX_H3_ENA_HI_R13_CG_NOSP_RAM_1YR (spase://NASA/NumericalData/IBEX/Hi/H3/Release13/CG/NOSP/Ram/P1Y):
2026-02-03T14:52:32.799760Z INFO  hpde_io     ObservedRegion for this ID differs from first found value s/c ID = IBEX
2026-02-03T14:52:32.799779Z ERROR hpde_io       First value = ['Heliosphere.Inner', 'Heliosphere.Remote1AU']
2026-02-03T14:52:32.799807Z ERROR hpde_io       This value  = ['Heliosphere.Inner']
2026-02-03T14:52:32.799831Z ERROR hpde_io        Combining values.
2026-02-03T14:52:32.799863Z ERROR hpde_io   IBEX_H3_ENA_HI_R14_PRESS-SLOPE_CG_NOSP_RAM_3YR (spase://NASA/NumericalData/IBEX/Hi/H3/Release14/CG/NOSP/Ram/P3Y):
2026-02-03T14:52:32.799887Z INFO  hpde_io     ObservedRegion for this ID differs from first found value s/c ID = IBEX
2026-02-03T14:52:32.799906Z ERROR hpde_io       First value = ['Heliosphere.Inner', 'Heliosphere.Remote1AU']
2026-02-03T14:52:32.799932Z ERROR hpde_io       This value  = ['Heliosphere.Inner']
2026-02-03T14:52:32.799961Z ERROR hpde_io        Combining values.
2026-02-03T14:52:32.799997Z ERROR hpde_io   IBEX_H3_ENA_HI_R16_CG_NOSP_ANTIRAM_11YR (spase://NASA/NumericalData/IBEX/Hi/H3/Release16/CG/NOSP/Antiram/P11Y):
2026-02-03T14:52:32.800023Z INFO  hpde_io     ObservedRegion for this ID differs from first found value s/c ID = IBEX
2026-02-03T14:52:32.800041Z ERROR hpde_io       First value = ['Heliosphere.Inner', 'Heliosphere.Remote1AU']
2026-02-03T14:52:32.800069Z ERROR hpde_io       This value  = ['Heliosphere.Remote1AU']
2026-02-03T14:52:32.800094Z ERROR hpde_io        Combining values.
2026-02-03T14:52:32.800126Z ERROR hpde_io   IBEX_H3_ENA_HI_R16_CG_NOSP_ANTIRAM_1YR (spase://NASA/NumericalData/IBEX/Hi/H3/Release16/CG/NOSP/Antiram/P1Y):
2026-02-03T14:52:32.800153Z INFO  hpde_io     ObservedRegion for this ID differs from first found value s/c ID = IBEX
2026-02-03T14:52:32.800173Z ERROR hpde_io       First value = ['Heliosphere.Inner', 'Heliosphere.Remote1AU']
2026-02-03T14:52:32.800200Z ERROR hpde_io       This value  = ['Heliosphere.Remote1AU']
2026-02-03T14:52:32.800227Z ERROR hpde_io        Combining values.
2026-02-03T14:52:32.800259Z ERROR hpde_io   IBEX_H3_ENA_HI_R16_CG_NOSP_OMNI_11YR (spase://NASA/NumericalData/IBEX/Hi/H3/Release16/CG/NOSP/Omni/P11Y):
2026-02-03T14:52:32.800285Z INFO  hpde_io     ObservedRegion for this ID differs from first found value s/c ID = IBEX
2026-02-03T14:52:32.800304Z ERROR hpde_io       First value = ['Heliosphere.Inner', 'Heliosphere.Remote1AU']
2026-02-03T14:52:32.800333Z ERROR hpde_io       This value  = ['Heliosphere.Remote1AU']
2026-02-03T14:52:32.800358Z ERROR hpde_io        Combining values.
2026-02-03T14:52:32.800390Z ERROR hpde_io   IBEX_H3_ENA_HI_R16_CG_NOSP_OMNI_6MO (spase://NASA/NumericalData/IBEX/Hi/H3/Release16/CG/NOSP/Omni/P6M):
2026-02-03T14:52:32.800417Z INFO  hpde_io     ObservedRegion for this ID differs from first found value s/c ID = IBEX
2026-02-03T14:52:32.800437Z ERROR hpde_io       First value = ['Heliosphere.Inner', 'Heliosphere.Remote1AU']
2026-02-03T14:52:32.800464Z ERROR hpde_io       This value  = ['Heliosphere.Remote1AU']
2026-02-03T14:52:32.800490Z ERROR hpde_io        Combining values.
2026-02-03T14:52:32.800521Z ERROR hpde_io   IBEX_H3_ENA_HI_R16_CG_NOSP_RAM_11YR (spase://NASA/NumericalData/IBEX/Hi/H3/Release16/CG/NOSP/Ram/P11Y):
2026-02-03T14:52:32.800548Z INFO  hpde_io     ObservedRegion for this ID differs from first found value s/c ID = IBEX
2026-02-03T14:52:32.800564Z ERROR hpde_io       First value = ['Heliosphere.Inner', 'Heliosphere.Remote1AU']
2026-02-03T14:52:32.800590Z ERROR hpde_io       This value  = ['Heliosphere.Remote1AU']
2026-02-03T14:52:32.800615Z ERROR hpde_io        Combining values.
2026-02-03T14:52:32.800644Z ERROR hpde_io   IBEX_H3_ENA_HI_R16_CG_NOSP_RAM_1YR (spase://NASA/NumericalData/IBEX/Hi/H3/Release16/CG/NOSP/Ram/P1Y):
2026-02-03T14:52:32.800671Z INFO  hpde_io     ObservedRegion for this ID differs from first found value s/c ID = IBEX
2026-02-03T14:52:32.800691Z ERROR hpde_io       First value = ['Heliosphere.Inner', 'Heliosphere.Remote1AU']
2026-02-03T14:52:32.800718Z ERROR hpde_io       This value  = ['Heliosphere.Remote1AU']
2026-02-03T14:52:32.800742Z ERROR hpde_io        Combining values.
2026-02-03T14:52:32.800772Z ERROR hpde_io   IBEX_H3_ENA_HI_R16_CG_SP_ANTIRAM_11YR (spase://NASA/NumericalData/IBEX/Hi/H3/Release16/CG/SP/Antiram/P11Y):
2026-02-03T14:52:32.800798Z INFO  hpde_io     ObservedRegion for this ID differs from first found value s/c ID = IBEX
2026-02-03T14:52:32.800816Z ERROR hpde_io       First value = ['Heliosphere.Inner', 'Heliosphere.Remote1AU']
2026-02-03T14:52:32.800843Z ERROR hpde_io       This value  = ['Heliosphere.Remote1AU']
2026-02-03T14:52:32.800870Z ERROR hpde_io        Combining values.
2026-02-03T14:52:32.800900Z ERROR hpde_io   IBEX_H3_ENA_HI_R16_CG_SP_ANTIRAM_1YR (spase://NASA/NumericalData/IBEX/Hi/H3/Release16/CG/SP/Antiram/P1Y):
2026-02-03T14:52:32.800927Z INFO  hpde_io     ObservedRegion for this ID differs from first found value s/c ID = IBEX
2026-02-03T14:52:32.800947Z ERROR hpde_io       First value = ['Heliosphere.Inner', 'Heliosphere.Remote1AU']
2026-02-03T14:52:32.800973Z ERROR hpde_io       This value  = ['Heliosphere.Remote1AU']
2026-02-03T14:52:32.800999Z ERROR hpde_io        Combining values.
2026-02-03T14:52:32.801031Z ERROR hpde_io   IBEX_H3_ENA_HI_R16_CG_SP_OMNI_11YR (spase://NASA/NumericalData/IBEX/Hi/H3/Release16/CG/SP/Omni/P11Y):
2026-02-03T14:52:32.801056Z INFO  hpde_io     ObservedRegion for this ID differs from first found value s/c ID = IBEX
2026-02-03T14:52:32.801075Z ERROR hpde_io       First value = ['Heliosphere.Inner', 'Heliosphere.Remote1AU']
2026-02-03T14:52:32.801103Z ERROR hpde_io       This value  = ['Heliosphere.Remote1AU']
2026-02-03T14:52:32.801128Z ERROR hpde_io        Combining values.
2026-02-03T14:52:32.801163Z ERROR hpde_io   IBEX_H3_ENA_HI_R16_CG_SP_OMNI_2YR (spase://NASA/NumericalData/IBEX/Hi/H3/Release16/CG/SP/Omni/P2Y):
2026-02-03T14:52:32.801190Z INFO  hpde_io     ObservedRegion for this ID differs from first found value s/c ID = IBEX
2026-02-03T14:52:32.801210Z ERROR hpde_io       First value = ['Heliosphere.Inner', 'Heliosphere.Remote1AU']
2026-02-03T14:52:32.801236Z ERROR hpde_io       This value  = ['Heliosphere.Remote1AU']
2026-02-03T14:52:32.801269Z ERROR hpde_io        Combining values.
2026-02-03T14:52:32.801300Z ERROR hpde_io   IBEX_H3_ENA_HI_R16_CG_SP_OMNI_3YR (spase://NASA/NumericalData/IBEX/Hi/H3/Release16/CG/SP/Omni/P3Y):
2026-02-03T14:52:32.801328Z INFO  hpde_io     ObservedRegion for this ID differs from first found value s/c ID = IBEX
2026-02-03T14:52:32.801348Z ERROR hpde_io       First value = ['Heliosphere.Inner', 'Heliosphere.Remote1AU']
2026-02-03T14:52:32.801377Z ERROR hpde_io       This value  = ['Heliosphere.Remote1AU']
2026-02-03T14:52:32.801404Z ERROR hpde_io        Combining values.
2026-02-03T14:52:32.801434Z ERROR hpde_io   IBEX_H3_ENA_HI_R16_CG_SP_OMNI_6MO (spase://NASA/NumericalData/IBEX/Hi/H3/Release16/CG/SP/Omni/P6M):
2026-02-03T14:52:32.801460Z INFO  hpde_io     ObservedRegion for this ID differs from first found value s/c ID = IBEX
2026-02-03T14:52:32.801480Z ERROR hpde_io       First value = ['Heliosphere.Inner', 'Heliosphere.Remote1AU']
2026-02-03T14:52:32.801508Z ERROR hpde_io       This value  = ['Heliosphere.Remote1AU']
2026-02-03T14:52:32.801534Z ERROR hpde_io        Combining values.
2026-02-03T14:52:32.801566Z ERROR hpde_io   IBEX_H3_ENA_HI_R16_CG_SP_RAM_11YR (spase://NASA/NumericalData/IBEX/Hi/H3/Release16/CG/SP/Ram/P11Y):
2026-02-03T14:52:32.801593Z INFO  hpde_io     ObservedRegion for this ID differs from first found value s/c ID = IBEX
2026-02-03T14:52:32.801613Z ERROR hpde_io       First value = ['Heliosphere.Inner', 'Heliosphere.Remote1AU']
2026-02-03T14:52:32.801640Z ERROR hpde_io       This value  = ['Heliosphere.Remote1AU']
2026-02-03T14:52:32.801664Z ERROR hpde_io        Combining values.
2026-02-03T14:52:32.801696Z ERROR hpde_io   IBEX_H3_ENA_HI_R16_CG_SP_RAM_1YR (spase://NASA/NumericalData/IBEX/Hi/H3/Release16/CG/SP/Ram/P1Y):
2026-02-03T14:52:32.801723Z INFO  hpde_io     ObservedRegion for this ID differs from first found value s/c ID = IBEX
2026-02-03T14:52:32.801743Z ERROR hpde_io       First value = ['Heliosphere.Inner', 'Heliosphere.Remote1AU']
2026-02-03T14:52:32.801770Z ERROR hpde_io       This value  = ['Heliosphere.Remote1AU']
2026-02-03T14:52:32.801796Z ERROR hpde_io        Combining values.
2026-02-03T14:52:32.801830Z ERROR hpde_io   IBEX_H3_ENA_HI_R16_NOCG_NOSP_ANTIRAM_11YR (spase://NASA/NumericalData/IBEX/Hi/H3/Release16/NOCG/NOSP/Antiram/P11Y):
2026-02-03T14:52:32.801857Z INFO  hpde_io     ObservedRegion for this ID differs from first found value s/c ID = IBEX
2026-02-03T14:52:32.801876Z ERROR hpde_io       First value = ['Heliosphere.Inner', 'Heliosphere.Remote1AU']
2026-02-03T14:52:32.801903Z ERROR hpde_io       This value  = ['Heliosphere.Remote1AU']
2026-02-03T14:52:32.801928Z ERROR hpde_io        Combining values.
2026-02-03T14:52:32.801957Z ERROR hpde_io   IBEX_H3_ENA_HI_R16_NOCG_NOSP_ANTIRAM_1YR (spase://NASA/NumericalData/IBEX/Hi/H3/Release16/NOCG/NOSP/Antiram/P1Y):
2026-02-03T14:52:32.801984Z INFO  hpde_io     ObservedRegion for this ID differs from first found value s/c ID = IBEX
2026-02-03T14:52:32.802003Z ERROR hpde_io       First value = ['Heliosphere.Inner', 'Heliosphere.Remote1AU']
2026-02-03T14:52:32.802029Z ERROR hpde_io       This value  = ['Heliosphere.Remote1AU']
2026-02-03T14:52:32.802055Z ERROR hpde_io        Combining values.
2026-02-03T14:52:32.802085Z ERROR hpde_io   IBEX_H3_ENA_HI_R16_NOCG_NOSP_OMNI_11YR (spase://NASA/NumericalData/IBEX/Hi/H3/Release16/NOCG/NOSP/Omni/P11Y):
2026-02-03T14:52:32.802111Z INFO  hpde_io     ObservedRegion for this ID differs from first found value s/c ID = IBEX
2026-02-03T14:52:32.802129Z ERROR hpde_io       First value = ['Heliosphere.Inner', 'Heliosphere.Remote1AU']
2026-02-03T14:52:32.802156Z ERROR hpde_io       This value  = ['Heliosphere.Remote1AU']
2026-02-03T14:52:32.802179Z ERROR hpde_io        Combining values.
2026-02-03T14:52:32.802212Z ERROR hpde_io   IBEX_H3_ENA_HI_R16_NOCG_NOSP_OMNI_6MO (spase://NASA/NumericalData/IBEX/Hi/H3/Release16/NOCG/NOSP/Omni/P6M):
2026-02-03T14:52:32.802239Z INFO  hpde_io     ObservedRegion for this ID differs from first found value s/c ID = IBEX
2026-02-03T14:52:32.802259Z ERROR hpde_io       First value = ['Heliosphere.Inner', 'Heliosphere.Remote1AU']
2026-02-03T14:52:32.802285Z ERROR hpde_io       This value  = ['Heliosphere.Remote1AU']
2026-02-03T14:52:32.802309Z ERROR hpde_io        Combining values.
2026-02-03T14:52:32.802340Z ERROR hpde_io   IBEX_H3_ENA_HI_R16_NOCG_NOSP_RAM_11YR (spase://NASA/NumericalData/IBEX/Hi/H3/Release16/NOCG/NOSP/Ram/P11Y):
2026-02-03T14:52:32.802367Z INFO  hpde_io     ObservedRegion for this ID differs from first found value s/c ID = IBEX
2026-02-03T14:52:32.802385Z ERROR hpde_io       First value = ['Heliosphere.Inner', 'Heliosphere.Remote1AU']
2026-02-03T14:52:32.802413Z ERROR hpde_io       This value  = ['Heliosphere.Remote1AU']
2026-02-03T14:52:32.802437Z ERROR hpde_io        Combining values.
2026-02-03T14:52:32.802467Z ERROR hpde_io   IBEX_H3_ENA_HI_R16_NOCG_NOSP_RAM_1YR (spase://NASA/NumericalData/IBEX/Hi/H3/Release16/NOCG/NOSP/Ram/P1Y):
2026-02-03T14:52:32.802494Z INFO  hpde_io     ObservedRegion for this ID differs from first found value s/c ID = IBEX
2026-02-03T14:52:32.802514Z ERROR hpde_io       First value = ['Heliosphere.Inner', 'Heliosphere.Remote1AU']
2026-02-03T14:52:32.802537Z ERROR hpde_io       This value  = ['Heliosphere.Remote1AU']
2026-02-03T14:52:32.802566Z ERROR hpde_io        Combining values.
2026-02-03T14:52:32.802595Z ERROR hpde_io   IBEX_H3_ENA_HI_R16_NOCG_SP_ANTIRAM_11YR (spase://NASA/NumericalData/IBEX/Hi/H3/Release16/NOCG/SP/Antiram/P11Y):
2026-02-03T14:52:32.802623Z INFO  hpde_io     ObservedRegion for this ID differs from first found value s/c ID = IBEX
2026-02-03T14:52:32.802642Z ERROR hpde_io       First value = ['Heliosphere.Inner', 'Heliosphere.Remote1AU']
2026-02-03T14:52:32.802665Z ERROR hpde_io       This value  = ['Heliosphere.Remote1AU']
2026-02-03T14:52:32.802689Z ERROR hpde_io        Combining values.
2026-02-03T14:52:32.802718Z ERROR hpde_io   IBEX_H3_ENA_HI_R16_NOCG_SP_ANTIRAM_1YR (spase://NASA/NumericalData/IBEX/Hi/H3/Release16/NOCG/SP/Antiram/P1Y):
2026-02-03T14:52:32.802744Z INFO  hpde_io     ObservedRegion for this ID differs from first found value s/c ID = IBEX
2026-02-03T14:52:32.802762Z ERROR hpde_io       First value = ['Heliosphere.Inner', 'Heliosphere.Remote1AU']
2026-02-03T14:52:32.802788Z ERROR hpde_io       This value  = ['Heliosphere.Remote1AU']
2026-02-03T14:52:32.802809Z ERROR hpde_io        Combining values.
2026-02-03T14:52:32.802839Z ERROR hpde_io   IBEX_H3_ENA_HI_R16_NOCG_SP_OMNI_11YR (spase://NASA/NumericalData/IBEX/Hi/H3/Release16/NOCG/SP/Omni/P11Y):
2026-02-03T14:52:32.802866Z INFO  hpde_io     ObservedRegion for this ID differs from first found value s/c ID = IBEX
2026-02-03T14:52:32.802885Z ERROR hpde_io       First value = ['Heliosphere.Inner', 'Heliosphere.Remote1AU']
2026-02-03T14:52:32.802911Z ERROR hpde_io       This value  = ['Heliosphere.Remote1AU']
2026-02-03T14:52:32.802936Z ERROR hpde_io        Combining values.
2026-02-03T14:52:32.802965Z ERROR hpde_io   IBEX_H3_ENA_HI_R16_NOCG_SP_OMNI_6MO (spase://NASA/NumericalData/IBEX/Hi/H3/Release16/NOCG/SP/Omni/P6M):
2026-02-03T14:52:32.802992Z INFO  hpde_io     ObservedRegion for this ID differs from first found value s/c ID = IBEX
2026-02-03T14:52:32.803010Z ERROR hpde_io       First value = ['Heliosphere.Inner', 'Heliosphere.Remote1AU']
2026-02-03T14:52:32.803036Z ERROR hpde_io       This value  = ['Heliosphere.Remote1AU']
2026-02-03T14:52:32.803060Z ERROR hpde_io        Combining values.
2026-02-03T14:52:32.803090Z ERROR hpde_io   IBEX_H3_ENA_HI_R16_NOCG_SP_RAM_11YR (spase://NASA/NumericalData/IBEX/Hi/H3/Release16/NOCG/SP/Ram/P11Y):
2026-02-03T14:52:32.803117Z INFO  hpde_io     ObservedRegion for this ID differs from first found value s/c ID = IBEX
2026-02-03T14:52:32.803135Z ERROR hpde_io       First value = ['Heliosphere.Inner', 'Heliosphere.Remote1AU']
2026-02-03T14:52:32.803161Z ERROR hpde_io       This value  = ['Heliosphere.Remote1AU']
2026-02-03T14:52:32.803187Z ERROR hpde_io        Combining values.
2026-02-03T14:52:32.803216Z ERROR hpde_io   IBEX_H3_ENA_HI_R16_NOCG_SP_RAM_1YR (spase://NASA/NumericalData/IBEX/Hi/H3/Release16/NOCG/SP/Ram/P1Y):
2026-02-03T14:52:32.803243Z INFO  hpde_io     ObservedRegion for this ID differs from first found value s/c ID = IBEX
2026-02-03T14:52:32.803263Z ERROR hpde_io       First value = ['Heliosphere.Inner', 'Heliosphere.Remote1AU']
2026-02-03T14:52:32.803290Z ERROR hpde_io       This value  = ['Heliosphere.Remote1AU']
2026-02-03T14:52:32.803317Z ERROR hpde_io        Combining values.
2026-02-03T14:52:32.803420Z ERROR hpde_io   IBEX_H3_ENA_LO_R04_CG_SP_ANTIRAM_3YR (spase://NASA/NumericalData/IBEX/Lo/H3/Release04/CG/SP/Antiram/P3Y):
2026-02-03T14:52:32.803445Z INFO  hpde_io     ObservedRegion for this ID differs from first found value s/c ID = IBEX
2026-02-03T14:52:32.803464Z ERROR hpde_io       First value = ['Heliosphere.Inner', 'Heliosphere.Remote1AU']
2026-02-03T14:52:32.803491Z ERROR hpde_io       This value  = ['Heliosphere.Remote1AU']
2026-02-03T14:52:32.803518Z ERROR hpde_io        Combining values.
2026-02-03T14:52:32.803547Z ERROR hpde_io   IBEX_H3_ENA_LO_R04_CG_SP_RAM_3YR (spase://NASA/NumericalData/IBEX/Lo/H3/Release04/CG/SP/Ram/P3Y):
2026-02-03T14:52:32.803574Z INFO  hpde_io     ObservedRegion for this ID differs from first found value s/c ID = IBEX
2026-02-03T14:52:32.803593Z ERROR hpde_io       First value = ['Heliosphere.Inner', 'Heliosphere.Remote1AU']
2026-02-03T14:52:32.803621Z ERROR hpde_io       This value  = ['Heliosphere.Remote1AU']
2026-02-03T14:52:32.803648Z ERROR hpde_io        Combining values.
2026-02-03T14:52:32.803682Z ERROR hpde_io   IBEX_H3_ENA_LO_R07_NOCG_NOSP_OMNI_6MO (spase://NASA/NumericalData/IBEX/Lo/H3/Release07/NOCG/NOSP/Omni/P6M):
2026-02-03T14:52:32.803707Z INFO  hpde_io     ObservedRegion for this ID differs from first found value s/c ID = IBEX
2026-02-03T14:52:32.803726Z ERROR hpde_io       First value = ['Heliosphere.Inner', 'Heliosphere.Remote1AU']
2026-02-03T14:52:32.803752Z ERROR hpde_io       This value  = ['Heliosphere.Remote1AU']
2026-02-03T14:52:32.803779Z ERROR hpde_io        Combining values.
2026-02-03T14:52:32.803840Z ERROR hpde_io   IBEX_H3_ENA_LO_R07_NOCG_SP_OMNI_6MO (spase://NASA/NumericalData/IBEX/Lo/H3/Release07/NOCG/SP/Omni/P6M):
2026-02-03T14:52:32.803876Z INFO  hpde_io     ObservedRegion for this ID differs from first found value s/c ID = IBEX
2026-02-03T14:52:32.803899Z ERROR hpde_io       First value = ['Heliosphere.Inner', 'Heliosphere.Remote1AU']
2026-02-03T14:52:32.803936Z ERROR hpde_io       This value  = ['Heliosphere.Remote1AU']
2026-02-03T14:52:32.803963Z ERROR hpde_io        Combining values.
2026-02-03T14:52:32.804008Z ERROR hpde_io   IBEX_H3_ENA_LO_R10_NOCG_NOSP_OMNI_6MO (spase://NASA/NumericalData/IBEX/Lo/H3/Release10/NOCG/NOSP/Omni/P6M):
2026-02-03T14:52:32.804036Z INFO  hpde_io     ObservedRegion for this ID differs from first found value s/c ID = IBEX
2026-02-03T14:52:32.804057Z ERROR hpde_io       First value = ['Heliosphere.Inner', 'Heliosphere.Remote1AU']
2026-02-03T14:52:32.804086Z ERROR hpde_io       This value  = ['Heliosphere.Remote1AU']
2026-02-03T14:52:32.804113Z ERROR hpde_io        Combining values.
2026-02-03T14:52:32.804144Z ERROR hpde_io   IBEX_H3_ENA_LO_R10_NOCG_NOSP_OMNI_7YR (spase://NASA/NumericalData/IBEX/Lo/H3/Release10/NOCG/NOSP/Omni/P7Y):
2026-02-03T14:52:32.804173Z INFO  hpde_io     ObservedRegion for this ID differs from first found value s/c ID = IBEX
2026-02-03T14:52:32.804194Z ERROR hpde_io       First value = ['Heliosphere.Inner', 'Heliosphere.Remote1AU']
2026-02-03T14:52:32.804222Z ERROR hpde_io       This value  = ['Heliosphere.Inner']
2026-02-03T14:52:32.804250Z ERROR hpde_io        Combining values.
2026-02-03T14:52:32.804281Z ERROR hpde_io   IBEX_H3_ENA_LO_R10_NOCG_SP_OMNI_6MO (spase://NASA/NumericalData/IBEX/Lo/H3/Release10/NOCG/SP/Omni/P6M):
2026-02-03T14:52:32.804309Z INFO  hpde_io     ObservedRegion for this ID differs from first found value s/c ID = IBEX
2026-02-03T14:52:32.804329Z ERROR hpde_io       First value = ['Heliosphere.Inner', 'Heliosphere.Remote1AU']
2026-02-03T14:52:32.804356Z ERROR hpde_io       This value  = ['Heliosphere.Remote1AU']
2026-02-03T14:52:32.804383Z ERROR hpde_io        Combining values.
2026-02-03T14:52:32.804415Z ERROR hpde_io   IBEX_H3_ENA_LO_R10_NOCG_SP_OMNI_7YR (spase://NASA/NumericalData/IBEX/Lo/H3/Release10/NOCG/SP/Omni/P7Y):
2026-02-03T14:52:32.804443Z INFO  hpde_io     ObservedRegion for this ID differs from first found value s/c ID = IBEX
2026-02-03T14:52:32.804464Z ERROR hpde_io       First value = ['Heliosphere.Inner', 'Heliosphere.Remote1AU']
2026-02-03T14:52:32.804492Z ERROR hpde_io       This value  = ['Heliosphere.Inner']
2026-02-03T14:52:32.804517Z ERROR hpde_io        Combining values.
2026-02-03T14:52:32.804546Z ERROR hpde_io   IBEX_H3_ENA_LO_R17_CG_NOSP_ANTIRAM_1YR (spase://NASA/NumericalData/IBEX/Lo/H3/Release17/CG/NOSP/Antiram/P1Y):
2026-02-03T14:52:32.804575Z INFO  hpde_io     ObservedRegion for this ID differs from first found value s/c ID = IBEX
2026-02-03T14:52:32.804594Z ERROR hpde_io       First value = ['Heliosphere.Inner', 'Heliosphere.Remote1AU']
2026-02-03T14:52:32.804622Z ERROR hpde_io       This value  = ['Heliosphere.Remote1AU']
2026-02-03T14:52:32.804648Z ERROR hpde_io        Combining values.
2026-02-03T14:52:32.804677Z ERROR hpde_io   IBEX_H3_ENA_LO_R17_CG_NOSP_OMNI_1YR (spase://NASA/NumericalData/IBEX/Lo/H3/Release17/CG/NOSP/Omni/P1Y):
2026-02-03T14:52:32.804705Z INFO  hpde_io     ObservedRegion for this ID differs from first found value s/c ID = IBEX
2026-02-03T14:52:32.804728Z ERROR hpde_io       First value = ['Heliosphere.Inner', 'Heliosphere.Remote1AU']
2026-02-03T14:52:32.804754Z ERROR hpde_io       This value  = ['Heliosphere.Remote1AU']
2026-02-03T14:52:32.804779Z ERROR hpde_io        Combining values.
2026-02-03T14:52:32.804810Z ERROR hpde_io   IBEX_H3_ENA_LO_R17_CG_NOSP_RAM_1YR (spase://NASA/NumericalData/IBEX/Lo/H3/Release17/CG/NOSP/Ram/P1Y):
2026-02-03T14:52:32.804836Z INFO  hpde_io     ObservedRegion for this ID differs from first found value s/c ID = IBEX
2026-02-03T14:52:32.804853Z ERROR hpde_io       First value = ['Heliosphere.Inner', 'Heliosphere.Remote1AU']
2026-02-03T14:52:32.804879Z ERROR hpde_io       This value  = ['Heliosphere.Remote1AU']
2026-02-03T14:52:32.804908Z ERROR hpde_io        Combining values.
2026-02-03T14:52:32.804937Z ERROR hpde_io   IBEX_H3_ENA_LO_R17_CG_SP_ANTIRAM_1YR (spase://NASA/NumericalData/IBEX/Lo/H3/Release17/CG/SP/Antiram/P1Y):
2026-02-03T14:52:32.804963Z INFO  hpde_io     ObservedRegion for this ID differs from first found value s/c ID = IBEX
2026-02-03T14:52:32.804982Z ERROR hpde_io       First value = ['Heliosphere.Inner', 'Heliosphere.Remote1AU']
2026-02-03T14:52:32.805009Z ERROR hpde_io       This value  = ['Heliosphere.Remote1AU']
2026-02-03T14:52:32.805033Z ERROR hpde_io        Combining values.
2026-02-03T14:52:32.805064Z ERROR hpde_io   IBEX_H3_ENA_LO_R17_CG_SP_OMNI_1YR (spase://NASA/NumericalData/IBEX/Lo/H3/Release17/CG/SP/Omni/P1Y):
2026-02-03T14:52:32.805092Z INFO  hpde_io     ObservedRegion for this ID differs from first found value s/c ID = IBEX
2026-02-03T14:52:32.805112Z ERROR hpde_io       First value = ['Heliosphere.Inner', 'Heliosphere.Remote1AU']
2026-02-03T14:52:32.805140Z ERROR hpde_io       This value  = ['Heliosphere.Remote1AU']
2026-02-03T14:52:32.805167Z ERROR hpde_io        Combining values.
2026-02-03T14:52:32.805196Z ERROR hpde_io   IBEX_H3_ENA_LO_R17_CG_SP_RAM_1YR (spase://NASA/NumericalData/IBEX/Lo/H3/Release17/CG/SP/Ram/P1Y):
2026-02-03T14:52:32.805221Z INFO  hpde_io     ObservedRegion for this ID differs from first found value s/c ID = IBEX
2026-02-03T14:52:32.805240Z ERROR hpde_io       First value = ['Heliosphere.Inner', 'Heliosphere.Remote1AU']
2026-02-03T14:52:32.805271Z ERROR hpde_io       This value  = ['Heliosphere.Remote1AU']
2026-02-03T14:52:32.805299Z ERROR hpde_io        Combining values.
2026-02-03T14:52:32.805327Z ERROR hpde_io   IBEX_H3_ENA_LO_R17_NOCG_NOSP_RAM_1YR (spase://NASA/NumericalData/IBEX/Lo/H3/Release17/NOCG/NOSP/Ram/P1Y):
2026-02-03T14:52:32.805352Z INFO  hpde_io     ObservedRegion for this ID differs from first found value s/c ID = IBEX
2026-02-03T14:52:32.805372Z ERROR hpde_io       First value = ['Heliosphere.Inner', 'Heliosphere.Remote1AU']
2026-02-03T14:52:32.805398Z ERROR hpde_io       This value  = ['Heliosphere.Remote1AU']
2026-02-03T14:52:32.805423Z ERROR hpde_io        Combining values.
2026-02-03T14:52:32.805457Z INFO  hpde_io   ICON_L2-1_MIGHTI-A_LOS-WIND-GREEN (spase://NASA/NumericalData/ICON/MIGHTI/L2/A/Green/PT30S):
2026-02-03T14:52:32.805478Z INFO  hpde_io      Found first ObservedRegion in ICON_L2-1_MIGHTI-A_LOS-WIND-GREEN for s/c ID = ICON: ['Earth.NearSurface.Atmosphere', 'Earth.NearSurface.Ionosphere']
2026-02-03T14:52:32.805537Z INFO  hpde_io   IG_K0_PCI (spase://NASA/NumericalData/Interball/PC_Index/KeyParameter/K0/PT5M):
2026-02-03T14:52:32.805558Z INFO  hpde_io      Found first ObservedRegion in IG_K0_PCI for s/c ID = IG: ['Earth.NearSurface.PolarCap']
2026-02-03T14:52:32.805580Z INFO  hpde_io   IMAGE_M2_EUV (spase://NASA/NumericalData/IMAGE/EUV/EquatorialMappedImages/ModifiedData/PT10M):
2026-02-03T14:52:32.805600Z INFO  hpde_io      Found first ObservedRegion in IMAGE_M2_EUV for s/c ID = IMAGE: ['Earth.Magnetosphere', 'Earth.NearSurface.Plasmasphere', 'Earth.NearSurface.AuroralRegion', 'Earth.NearSurface.PolarCap']
2026-02-03T14:52:32.805621Z INFO  hpde_io   IM_ELECTRON_DENSITY_RPI (spase://NASA/NumericalData/IMAGE/RPI/PT1M):
2026-02-03T14:52:32.805641Z INFO  hpde_io      Found first ObservedRegion in IM_ELECTRON_DENSITY_RPI for s/c ID = IM: ['Heliosphere.Inner', 'Earth.Magnetosphere', 'Earth.NearSurface.Plasmasphere', 'Earth.NearSurface.AuroralRegion', 'Earth.NearSurface.PolarCap']
2026-02-03T14:52:32.805687Z ERROR hpde_io   IM_OR_DEF (spase://NASA/NumericalData/IMAGE/Orbit/Definitive/PT120S):
2026-02-03T14:52:32.805715Z INFO  hpde_io     ObservedRegion for this ID differs from first found value s/c ID = IM
2026-02-03T14:52:32.805735Z ERROR hpde_io       First value = ['Earth.Magnetosphere', 'Earth.NearSurface.AuroralRegion', 'Earth.NearSurface.Plasmasphere', 'Earth.NearSurface.PolarCap', 'Heliosphere.Inner']
2026-02-03T14:52:32.805764Z ERROR hpde_io       This value  = ['Earth.Magnetosphere', 'Earth.NearSurface.AuroralRegion', 'Earth.NearSurface.Plasmasphere', 'Earth.NearSurface.PolarCap']
2026-02-03T14:52:32.805790Z ERROR hpde_io        Combining values.
2026-02-03T14:52:32.805823Z ERROR hpde_io   IM_OR_PRE (spase://NASA/NumericalData/IMAGE/Orbit/Predict/PT120S):
2026-02-03T14:52:32.805850Z INFO  hpde_io     ObservedRegion for this ID differs from first found value s/c ID = IM
2026-02-03T14:52:32.805871Z ERROR hpde_io       First value = ['Earth.Magnetosphere', 'Earth.NearSurface.AuroralRegion', 'Earth.NearSurface.Plasmasphere', 'Earth.NearSurface.PolarCap', 'Heliosphere.Inner']
2026-02-03T14:52:32.805899Z ERROR hpde_io       This value  = ['Earth.Magnetosphere', 'Earth.NearSurface.AuroralRegion', 'Earth.NearSurface.Plasmasphere', 'Earth.NearSurface.PolarCap']
2026-02-03T14:52:32.805924Z ERROR hpde_io        Combining values.
2026-02-03T14:52:32.805956Z INFO  hpde_io   ISEE-3_HELIO1DAY_POSITION (spase://NASA/NumericalData/ISEE3/HelioWeb/Ephemeris/P1D):
2026-02-03T14:52:32.805975Z INFO  hpde_io      Found first ObservedRegion in ISEE-3_HELIO1DAY_POSITION for s/c ID = ISEE-3: ['Heliosphere', 'Heliosphere.NearEarth', 'Heliosphere.Outer']
2026-02-03T14:52:32.806006Z INFO  hpde_io   ISEE1_4SEC_MFI (spase://NASA/NumericalData/ISEE1/MAG/PT4S):
2026-02-03T14:52:32.806023Z INFO  hpde_io      Found first ObservedRegion in ISEE1_4SEC_MFI for s/c ID = ISEE1: ['Earth.Magnetosphere', 'Earth.Magnetosheath', 'Heliosphere.NearEarth']
2026-02-03T14:52:32.806052Z ERROR hpde_io   ISEE1_H1_FPE (spase://NASA/NumericalData/ISEE1/FPE/PT1M):
2026-02-03T14:52:32.806078Z INFO  hpde_io     ObservedRegion for this ID differs from first found value s/c ID = ISEE1
2026-02-03T14:52:32.806097Z ERROR hpde_io       First value = ['Earth.Magnetosheath', 'Earth.Magnetosphere', 'Heliosphere.NearEarth']
2026-02-03T14:52:32.806125Z ERROR hpde_io       This value  = ['Earth.Magnetosheath', 'Earth.Magnetosphere']
2026-02-03T14:52:32.806150Z ERROR hpde_io        Combining values.
2026-02-03T14:52:32.806197Z INFO  hpde_io   ISEE2_4SEC_MFI (spase://NASA/NumericalData/ISEE2/MAG/PT4S):
2026-02-03T14:52:32.806216Z INFO  hpde_io      Found first ObservedRegion in ISEE2_4SEC_MFI for s/c ID = ISEE2: ['Earth.Magnetosphere', 'Earth.Magnetosheath', 'Heliosphere.NearEarth']
2026-02-03T14:52:32.806242Z ERROR hpde_io   ISEE2_H1_FPE (spase://NASA/NumericalData/ISEE2/FPE/PT1M):
2026-02-03T14:52:32.806270Z INFO  hpde_io     ObservedRegion for this ID differs from first found value s/c ID = ISEE2
2026-02-03T14:52:32.806289Z ERROR hpde_io       First value = ['Earth.Magnetosheath', 'Earth.Magnetosphere', 'Heliosphere.NearEarth']
2026-02-03T14:52:32.806316Z ERROR hpde_io       This value  = ['Earth.Magnetosheath', 'Earth.Magnetosphere']
2026-02-03T14:52:32.806342Z ERROR hpde_io        Combining values.
2026-02-03T14:52:32.806370Z INFO  hpde_io   ISS_27DAY-AVERAGES_AMS-02 (spase://NASA/NumericalData/ISS/AMS-02/P27D):
2026-02-03T14:52:32.806389Z INFO  hpde_io      Found first ObservedRegion in ISS_27DAY-AVERAGES_AMS-02 for s/c ID = ISS: ['Earth.NearSurface.Ionosphere.FRegion', 'Earth.NearSurface.Thermosphere']
2026-02-03T14:52:32.806418Z INFO  hpde_io   IT_H0_MFI (spase://NASA/NumericalData/Interball-1/MIFM/PT6S):
2026-02-03T14:52:32.806438Z INFO  hpde_io      Found first ObservedRegion in IT_H0_MFI for s/c ID = IT: ['Earth.Magnetosphere', 'Heliosphere.NearEarth']
2026-02-03T14:52:32.806460Z ERROR hpde_io   IT_K0_AKR (spase://NASA/NumericalData/Interball-1/AKR2/KP/PT120S):
2026-02-03T14:52:32.806485Z INFO  hpde_io     ObservedRegion for this ID differs from first found value s/c ID = IT
2026-02-03T14:52:32.806504Z ERROR hpde_io       First value = ['Earth.Magnetosphere', 'Heliosphere.NearEarth']
2026-02-03T14:52:32.806532Z ERROR hpde_io       This value  = ['Earth.Magnetosphere']
2026-02-03T14:52:32.806558Z ERROR hpde_io        Combining values.
2026-02-03T14:52:32.806600Z ERROR hpde_io   IT_K0_VDP (spase://NASA/NumericalData/Interball-1/VDP/PT2M):
2026-02-03T14:52:32.806627Z INFO  hpde_io     ObservedRegion for this ID differs from first found value s/c ID = IT
2026-02-03T14:52:32.806647Z ERROR hpde_io       First value = ['Earth.Magnetosphere', 'Heliosphere.NearEarth']
2026-02-03T14:52:32.806675Z ERROR hpde_io       This value  = ['Heliosphere.NearEarth']
2026-02-03T14:52:32.806704Z ERROR hpde_io        Combining values.
2026-02-03T14:52:32.806738Z ERROR hpde_io   IT_OR_DEF (spase://NASA/NumericalData/Interball-1/Ephemeris/PT2M):
2026-02-03T14:52:32.806765Z INFO  hpde_io     ObservedRegion for this ID differs from first found value s/c ID = IT
2026-02-03T14:52:32.806784Z ERROR hpde_io       First value = ['Earth.Magnetosphere', 'Heliosphere.NearEarth']
2026-02-03T14:52:32.806812Z ERROR hpde_io       This value  = ['Earth.Magnetosheath', 'Earth.Magnetosphere', 'Earth.Magnetosphere.Main', 'Earth.Magnetosphere.Polar', 'Heliosphere.NearEarth']
2026-02-03T14:52:32.806839Z ERROR hpde_io        Combining values.
2026-02-03T14:52:32.806867Z INFO  hpde_io   JUNO_HELIO1DAY_POSITION (spase://NASA/NumericalData/Juno/HelioWeb/Ephemeris/P1D):
2026-02-03T14:52:32.806888Z INFO  hpde_io      Found first ObservedRegion in JUNO_HELIO1DAY_POSITION for s/c ID = JUNO: ['Jupiter.Ganymede', 'Jupiter.Magnetosphere.Polar', 'Jupiter.Io', 'Jupiter.Europa', 'Jupiter.Magnetosphere']
2026-02-03T14:52:32.806914Z INFO  hpde_io   JUPITER_HELIO1DAY_POSITION (spase://NASA/NumericalData/Planet/Jupiter/HelioWeb/Ephemeris/P1D):
2026-02-03T14:52:32.806933Z INFO  hpde_io      Found first ObservedRegion in JUPITER_HELIO1DAY_POSITION for s/c ID = JUPITER: ['Jupiter']
2026-02-03T14:52:32.806957Z INFO  hpde_io   L0_K0_MPA (spase://NASA/NumericalData/LANL/1990/MPA/PT86S):
2026-02-03T14:52:32.806978Z INFO  hpde_io      Found first ObservedRegion in L0_K0_MPA for s/c ID = L0: ['Earth.Magnetosphere.Main', 'Earth.Magnetosphere.RadiationBelt', 'Earth.NearSurface.Plasmasphere']
2026-02-03T14:52:32.807002Z ERROR hpde_io   L0_K0_SPA (spase://NASA/NumericalData/LANL/1990/SOPA/PT60S):
2026-02-03T14:52:32.807030Z INFO  hpde_io     ObservedRegion for this ID differs from first found value s/c ID = L0
2026-02-03T14:52:32.807048Z ERROR hpde_io       First value = ['Earth.Magnetosphere.Main', 'Earth.Magnetosphere.RadiationBelt', 'Earth.NearSurface.Plasmasphere']
2026-02-03T14:52:32.807076Z ERROR hpde_io       This value  = ['Earth.Magnetosphere.Main', 'Earth.Magnetosphere.Main', 'Earth.Magnetosphere.RadiationBelt', 'Earth.Magnetosphere.RadiationBelt', 'Earth.NearSurface.Plasmasphere', 'Earth.NearSurface.Plasmasphere']
2026-02-03T14:52:32.807110Z ERROR hpde_io        Combining values.
2026-02-03T14:52:32.807141Z INFO  hpde_io   L1_K0_MPA (spase://NASA/NumericalData/LANL/1991/MPA/PT86S):
2026-02-03T14:52:32.807161Z INFO  hpde_io      Found first ObservedRegion in L1_K0_MPA for s/c ID = L1: ['Earth.Magnetosphere.Main', 'Earth.Magnetosphere.RadiationBelt', 'Earth.NearSurface.Plasmasphere']
2026-02-03T14:52:32.807186Z INFO  hpde_io   L4_K0_MPA (spase://NASA/NumericalData/LANL/1994/MPA/PT86S):
2026-02-03T14:52:32.807204Z INFO  hpde_io      Found first ObservedRegion in L4_K0_MPA for s/c ID = L4: ['Earth.Magnetosphere.Main', 'Earth.Magnetosphere.RadiationBelt', 'Earth.NearSurface.Plasmasphere']
2026-02-03T14:52:32.807229Z INFO  hpde_io   L7_H0_MPA (spase://NASA/NumericalData/LANL/1997/MPA/PT1S):
2026-02-03T14:52:32.807247Z INFO  hpde_io      Found first ObservedRegion in L7_H0_MPA for s/c ID = L7: ['Earth.Magnetosphere']
2026-02-03T14:52:32.807270Z ERROR hpde_io   L7_K0_MPA (spase://NASA/NumericalData/LANL/1997/MPA/PT86S):
2026-02-03T14:52:32.807296Z INFO  hpde_io     ObservedRegion for this ID differs from first found value s/c ID = L7
2026-02-03T14:52:32.807315Z ERROR hpde_io       First value = ['Earth.Magnetosphere']
2026-02-03T14:52:32.807342Z ERROR hpde_io       This value  = ['Earth.Magnetosphere.Main', 'Earth.Magnetosphere.RadiationBelt', 'Earth.NearSurface.Plasmasphere']
2026-02-03T14:52:32.807369Z ERROR hpde_io        Combining values.
2026-02-03T14:52:32.807398Z ERROR hpde_io   L7_K0_SPA (spase://NASA/NumericalData/LANL/1997/SOPA/PT60S):
2026-02-03T14:52:32.807425Z INFO  hpde_io     ObservedRegion for this ID differs from first found value s/c ID = L7
2026-02-03T14:52:32.807445Z ERROR hpde_io       First value = ['Earth.Magnetosphere', 'Earth.Magnetosphere.Main', 'Earth.Magnetosphere.RadiationBelt', 'Earth.NearSurface.Plasmasphere']
2026-02-03T14:52:32.807476Z ERROR hpde_io       This value  = ['Earth.Magnetosphere.Main', 'Earth.Magnetosphere.RadiationBelt', 'Earth.NearSurface.Plasmasphere']
2026-02-03T14:52:32.807502Z ERROR hpde_io        Combining values.
2026-02-03T14:52:32.807533Z INFO  hpde_io   L9_H0_MPA (spase://NASA/NumericalData/LANL/1989/MPA/PT1S):
2026-02-03T14:52:32.807553Z INFO  hpde_io      Found first ObservedRegion in L9_H0_MPA for s/c ID = L9: ['Earth.Magnetosphere']
2026-02-03T14:52:32.807575Z ERROR hpde_io   L9_K0_MPA (spase://NASA/NumericalData/LANL/1989/MPA/PT86S):
2026-02-03T14:52:32.807600Z INFO  hpde_io     ObservedRegion for this ID differs from first found value s/c ID = L9
2026-02-03T14:52:32.807619Z ERROR hpde_io       First value = ['Earth.Magnetosphere']
2026-02-03T14:52:32.807646Z ERROR hpde_io       This value  = ['Earth.Magnetosphere.Main', 'Earth.Magnetosphere.RadiationBelt', 'Earth.NearSurface.Plasmasphere']
2026-02-03T14:52:32.807673Z ERROR hpde_io        Combining values.
2026-02-03T14:52:32.807703Z ERROR hpde_io   L9_K0_SPA (spase://NASA/NumericalData/LANL/1989/SOPA/PT60S):
2026-02-03T14:52:32.807730Z INFO  hpde_io     ObservedRegion for this ID differs from first found value s/c ID = L9
2026-02-03T14:52:32.807749Z ERROR hpde_io       First value = ['Earth.Magnetosphere', 'Earth.Magnetosphere.Main', 'Earth.Magnetosphere.RadiationBelt', 'Earth.NearSurface.Plasmasphere']
2026-02-03T14:52:32.807777Z ERROR hpde_io       This value  = ['Earth.Magnetosphere.Main', 'Earth.Magnetosphere.RadiationBelt', 'Earth.NearSurface.Plasmasphere']
2026-02-03T14:52:32.807801Z ERROR hpde_io        Combining values.
2026-02-03T14:52:32.807831Z INFO  hpde_io   MARS_HELIO1DAY_POSITION (spase://NASA/NumericalData/Planet/Mars/HelioWeb/Ephemeris/P1D):
2026-02-03T14:52:32.807850Z INFO  hpde_io      Found first ObservedRegion in MARS_HELIO1DAY_POSITION for s/c ID = MARS: ['Mars']
2026-02-03T14:52:32.807876Z INFO  hpde_io   MAVEN_HELIO1DAY_POSITION (spase://NASA/NumericalData/MAVEN/HelioWeb/Ephemeris/P1D):
2026-02-03T14:52:32.807895Z INFO  hpde_io      Found first ObservedRegion in MAVEN_HELIO1DAY_POSITION for s/c ID = MAVEN: ['Mars', 'Mars.Magnetosphere', 'Mars.Magnetosphere.Polar']
2026-02-03T14:52:32.807920Z INFO  hpde_io   MERCURY_HELIO1DAY_POSITION (spase://NASA/NumericalData/Planet/Mercury/HelioWeb/Ephemeris/P1D):
2026-02-03T14:52:32.807958Z INFO  hpde_io      Found first ObservedRegion in MERCURY_HELIO1DAY_POSITION for s/c ID = MERCURY: ['Mercury']
2026-02-03T14:52:32.808001Z INFO  hpde_io   MESSENGER_HELIO1DAY_POSITION (spase://NASA/NumericalData/MESSENGER/HelioWeb/Ephemeris/P1D):
2026-02-03T14:52:32.808027Z INFO  hpde_io      Found first ObservedRegion in MESSENGER_HELIO1DAY_POSITION for s/c ID = MESSENGER: ['Mercury.Magnetosphere', 'Mercury.Magnetosphere.Magnetotail', 'Mercury.Magnetosphere.Main', 'Mercury.Magnetosphere.Polar']
2026-02-03T14:52:32.808060Z INFO  hpde_io   METOP1_POES-SEM2_FLUXES-2SEC (spase://NOAA/NumericalData/MetOp/B/SEM-2/CDF/PT2S):
2026-02-03T14:52:32.808084Z INFO  hpde_io      Found first ObservedRegion in METOP1_POES-SEM2_FLUXES-2SEC for s/c ID = METOP1: ['Earth.Magnetosheath', 'Earth.Magnetosphere.Polar', 'Earth.NearSurface', 'Earth.NearSurface.AuroralRegion', 'Earth.NearSurface.EquatorialRegion', 'Earth.NearSurface.Ionosphere', 'Earth.NearSurface.PolarCap']
2026-02-03T14:52:32.808108Z INFO  hpde_io   METOP2_POES-SEM2_FLUXES-2SEC (spase://NOAA/NumericalData/MetOp/A/SEM-2/CDF/PT2S):
2026-02-03T14:52:32.808128Z INFO  hpde_io      Found first ObservedRegion in METOP2_POES-SEM2_FLUXES-2SEC for s/c ID = METOP2: ['Earth.Magnetosheath', 'Earth.Magnetosphere.Polar', 'Earth.NearSurface', 'Earth.NearSurface.AuroralRegion', 'Earth.NearSurface.EquatorialRegion', 'Earth.NearSurface.Ionosphere', 'Earth.NearSurface.PolarCap']
2026-02-03T14:52:32.808155Z INFO  hpde_io   MMS1_ASPOC_SRVY_L2 (spase://NASA/NumericalData/MMS/1/ASPOC/Survey/Level2/PT1S):
2026-02-03T14:52:32.808175Z INFO  hpde_io      Found first ObservedRegion in MMS1_ASPOC_SRVY_L2 for s/c ID = MMS1: ['Earth.Magnetosheath', 'Earth.Magnetosphere', 'Earth.Magnetosphere.Magnetotail', 'Earth.Magnetosphere.Main', 'Earth.Magnetosphere.RadiationBelt', 'Earth.NearSurface.EquatorialRegion', 'Earth.NearSurface.Plasmasphere', 'Heliosphere.NearEarth']
2026-02-03T14:52:32.808366Z INFO  hpde_io   MMS2_ASPOC_SRVY_L2 (spase://NASA/NumericalData/MMS/2/ASPOC/Survey/Level2/PT1S):
2026-02-03T14:52:32.808384Z INFO  hpde_io      Found first ObservedRegion in MMS2_ASPOC_SRVY_L2 for s/c ID = MMS2: ['Earth.Magnetosheath', 'Earth.Magnetosphere', 'Earth.Magnetosphere.Magnetotail', 'Earth.Magnetosphere.Main', 'Earth.Magnetosphere.RadiationBelt', 'Earth.NearSurface.EquatorialRegion', 'Earth.NearSurface.Plasmasphere', 'Heliosphere.NearEarth']
2026-02-03T14:52:32.808566Z INFO  hpde_io   MMS3_ASPOC_SRVY_L2 (spase://NASA/NumericalData/MMS/3/ASPOC/Survey/Level2/PT1S):
2026-02-03T14:52:32.808584Z INFO  hpde_io      Found first ObservedRegion in MMS3_ASPOC_SRVY_L2 for s/c ID = MMS3: ['Earth.Magnetosheath', 'Earth.Magnetosphere', 'Earth.Magnetosphere.Magnetotail', 'Earth.Magnetosphere.Main', 'Earth.Magnetosphere.RadiationBelt', 'Earth.NearSurface.EquatorialRegion', 'Earth.NearSurface.Plasmasphere', 'Heliosphere.NearEarth']
2026-02-03T14:52:32.808761Z INFO  hpde_io   MMS4_ASPOC_SRVY_L2 (spase://NASA/NumericalData/MMS/4/ASPOC/Survey/Level2/PT1S):
2026-02-03T14:52:32.808780Z INFO  hpde_io      Found first ObservedRegion in MMS4_ASPOC_SRVY_L2 for s/c ID = MMS4: ['Earth.Magnetosheath', 'Earth.Magnetosphere', 'Earth.Magnetosphere.Magnetotail', 'Earth.Magnetosphere.Main', 'Earth.Magnetosphere.RadiationBelt', 'Earth.NearSurface.EquatorialRegion', 'Earth.NearSurface.Plasmasphere', 'Heliosphere.NearEarth']
2026-02-03T14:52:32.808977Z INFO  hpde_io   MSL_HELIO1DAY_POSITION (spase://NASA/NumericalData/MarsScienceLaboratory/HelioWeb/Ephemeris/P1D):
2026-02-03T14:52:32.808995Z INFO  hpde_io      Found first ObservedRegion in MSL_HELIO1DAY_POSITION for s/c ID = MSL: ['Mars']
2026-02-03T14:52:32.809018Z INFO  hpde_io   MUNIN_M1_MDSE (spase://ESA/NumericalData/Munin/MEDUSA/Electron/PT0.25S):
2026-02-03T14:52:32.809038Z INFO  hpde_io      Found first ObservedRegion in MUNIN_M1_MDSE for s/c ID = MUNIN: ['Earth.Magnetosphere.Main', 'Earth.Magnetosphere.Polar', 'Earth.NearSurface.AuroralRegion', 'Earth.NearSurface.EquatorialRegion', 'Earth.NearSurface.Ionosphere', 'Earth.NearSurface.PolarCap']
2026-02-03T14:52:32.809065Z INFO  hpde_io   MVN_INSITU_KP-4SEC (spase://NASA/NumericalData/MAVEN/InSitu/KeyParameter/PT4S):
2026-02-03T14:52:32.809083Z INFO  hpde_io      Found first ObservedRegion in MVN_INSITU_KP-4SEC for s/c ID = MVN: ['Mars']
2026-02-03T14:52:32.809157Z INFO  hpde_io   NEPTUNE_HELIO1DAY_POSITION (spase://NASA/NumericalData/Planet/Neptune/HelioWeb/Ephemeris/P1D):
2026-02-03T14:52:32.809175Z INFO  hpde_io      Found first ObservedRegion in NEPTUNE_HELIO1DAY_POSITION for s/c ID = NEPTUNE: ['Neptune']
2026-02-03T14:52:32.809221Z INFO  hpde_io   NEW_HORIZONS_SWAP_PICKUP-IONS (spase://NASA/NumericalData/NewHorizons/SWAP/PickupIon/ValidatedSummary/P1D):
2026-02-03T14:52:32.809241Z INFO  hpde_io      Found first ObservedRegion in NEW_HORIZONS_SWAP_PICKUP-IONS for s/c ID = NEW: ['Heliosphere', 'Heliosphere.NearEarth', 'Heliosphere.Outer']
2026-02-03T14:52:32.809282Z INFO  hpde_io   NOAA15_POES-SEM2_FLUXES-2SEC (spase://NOAA/NumericalData/POES/15/SEM-2/CDF/PT2S):
2026-02-03T14:52:32.809303Z INFO  hpde_io      Found first ObservedRegion in NOAA15_POES-SEM2_FLUXES-2SEC for s/c ID = NOAA15: ['Earth.Magnetosheath', 'Earth.Magnetosphere.Polar', 'Earth.NearSurface', 'Earth.NearSurface.AuroralRegion', 'Earth.NearSurface.EquatorialRegion', 'Earth.NearSurface.Ionosphere', 'Earth.NearSurface.PolarCap']
2026-02-03T14:52:32.809326Z INFO  hpde_io   NOAA16_POES-SEM2_FLUXES-2SEC (spase://NOAA/NumericalData/POES/16/SEM-2/CDF/PT2S):
2026-02-03T14:52:32.809346Z INFO  hpde_io      Found first ObservedRegion in NOAA16_POES-SEM2_FLUXES-2SEC for s/c ID = NOAA16: ['Earth.Magnetosheath', 'Earth.Magnetosphere.Polar', 'Earth.NearSurface', 'Earth.NearSurface.AuroralRegion', 'Earth.NearSurface.EquatorialRegion', 'Earth.NearSurface.Ionosphere', 'Earth.NearSurface.PolarCap']
2026-02-03T14:52:32.809367Z INFO  hpde_io   NOAA18_POES-SEM2_FLUXES-2SEC (spase://NOAA/NumericalData/POES/18/SEM-2/CDF/PT2S):
2026-02-03T14:52:32.809386Z INFO  hpde_io      Found first ObservedRegion in NOAA18_POES-SEM2_FLUXES-2SEC for s/c ID = NOAA18: ['Earth.Magnetosheath', 'Earth.Magnetosphere.Polar', 'Earth.NearSurface', 'Earth.NearSurface.AuroralRegion', 'Earth.NearSurface.EquatorialRegion', 'Earth.NearSurface.Ionosphere', 'Earth.NearSurface.PolarCap']
2026-02-03T14:52:32.809406Z INFO  hpde_io   NOAA19_POES-SEM2_FLUXES-2SEC (spase://NOAA/NumericalData/POES/19/SEM-2/CDF/PT2S):
2026-02-03T14:52:32.809425Z INFO  hpde_io      Found first ObservedRegion in NOAA19_POES-SEM2_FLUXES-2SEC for s/c ID = NOAA19: ['Earth.Magnetosheath', 'Earth.Magnetosphere.Polar', 'Earth.NearSurface', 'Earth.NearSurface.AuroralRegion', 'Earth.NearSurface.EquatorialRegion', 'Earth.NearSurface.Ionosphere', 'Earth.NearSurface.PolarCap']
2026-02-03T14:52:32.809448Z INFO  hpde_io   OMNI2_H0_MRG1HR (spase://NASA/NumericalData/OMNI/PT1H):
2026-02-03T14:52:32.809467Z INFO  hpde_io      Found first ObservedRegion in OMNI2_H0_MRG1HR for s/c ID = OMNI2: ['Heliosphere.NearEarth']
2026-02-03T14:52:32.809488Z INFO  hpde_io   OMNI_COHO1HR_MERGED_MAG_PLASMA (spase://NASA/NumericalData/OMNI/COHO/MergedMagPlasma/PT1H):
2026-02-03T14:52:32.809507Z INFO  hpde_io      Found first ObservedRegion in OMNI_COHO1HR_MERGED_MAG_PLASMA for s/c ID = OMNI: ['Heliosphere', 'Heliosphere.NearEarth', 'Heliosphere.Inner']
2026-02-03T14:52:32.809535Z ERROR hpde_io   OMNI_HRO_1MIN (spase://NASA/NumericalData/OMNI/HighResolutionObservations/Version1/PT1M):
2026-02-03T14:52:32.809566Z INFO  hpde_io     ObservedRegion for this ID differs from first found value s/c ID = OMNI
2026-02-03T14:52:32.809586Z ERROR hpde_io       First value = ['Heliosphere', 'Heliosphere.Inner', 'Heliosphere.NearEarth']
2026-02-03T14:52:32.809614Z ERROR hpde_io       This value  = ['Heliosphere.NearEarth']
2026-02-03T14:52:32.809642Z ERROR hpde_io        Combining values.
2026-02-03T14:52:32.809674Z ERROR hpde_io   OMNI_HRO_5MIN (spase://NASA/NumericalData/OMNI/HighResolutionObservations/Version1/PT5M):
2026-02-03T14:52:32.809702Z INFO  hpde_io     ObservedRegion for this ID differs from first found value s/c ID = OMNI
2026-02-03T14:52:32.809723Z ERROR hpde_io       First value = ['Heliosphere', 'Heliosphere.Inner', 'Heliosphere.NearEarth']
2026-02-03T14:52:32.809747Z ERROR hpde_io       This value  = ['Heliosphere.NearEarth']
2026-02-03T14:52:32.809774Z ERROR hpde_io        Combining values.
2026-02-03T14:52:32.809804Z INFO  hpde_io   PHOBOS2_HELIO1DAY_POSITION (spase://NASA/NumericalData/Phobos2/HelioWeb/Ephemeris/P1D):
2026-02-03T14:52:32.809822Z INFO  hpde_io      Found first ObservedRegion in PHOBOS2_HELIO1DAY_POSITION for s/c ID = PHOBOS2: ['Heliosphere.Outer']
2026-02-03T14:52:32.809848Z INFO  hpde_io   PIONEER10_COHO1HR_MERGED_MAG_PLASMA (spase://NASA/NumericalData/Pioneer10/MAGandPLS/PT1H):
2026-02-03T14:52:32.809867Z INFO  hpde_io      Found first ObservedRegion in PIONEER10_COHO1HR_MERGED_MAG_PLASMA for s/c ID = PIONEER10: ['Heliosphere.Outer']
2026-02-03T14:52:32.809891Z ERROR hpde_io   PIONEER10_HELIO1DAY_POSITION (spase://NASA/NumericalData/Pioneer10/HelioWeb/Ephemeris/P1D):
2026-02-03T14:52:32.809922Z INFO  hpde_io     ObservedRegion for this ID differs from first found value s/c ID = PIONEER10
2026-02-03T14:52:32.809940Z ERROR hpde_io       First value = ['Heliosphere.Outer']
2026-02-03T14:52:32.809968Z ERROR hpde_io       This value  = ['Heliosphere', 'Heliosphere.NearEarth', 'Heliosphere.Outer']
2026-02-03T14:52:32.809994Z ERROR hpde_io        Combining values.
2026-02-03T14:52:32.810031Z INFO  hpde_io   PIONEER11_COHO1HR_MERGED_MAG_PLASMA (spase://NASA/NumericalData/Pioneer11/MAGandPLS/PT1H):
2026-02-03T14:52:32.810051Z INFO  hpde_io      Found first ObservedRegion in PIONEER11_COHO1HR_MERGED_MAG_PLASMA for s/c ID = PIONEER11: ['Heliosphere.Outer']
2026-02-03T14:52:32.810074Z ERROR hpde_io   PIONEER11_HELIO1DAY_POSITION (spase://NASA/NumericalData/Pioneer11/HelioWeb/Ephemeris/P1D):
2026-02-03T14:52:32.810103Z INFO  hpde_io     ObservedRegion for this ID differs from first found value s/c ID = PIONEER11
2026-02-03T14:52:32.810121Z ERROR hpde_io       First value = ['Heliosphere.Outer']
2026-02-03T14:52:32.810149Z ERROR hpde_io       This value  = ['Heliosphere', 'Heliosphere.NearEarth', 'Heliosphere.Outer']
2026-02-03T14:52:32.810175Z ERROR hpde_io        Combining values.
2026-02-03T14:52:32.810208Z INFO  hpde_io   PIONEERVENUS_COHO1HR_MERGED_MAG_PLASMA (spase://NASA/NumericalData/PioneerVenusOrbiter/MAGandPLS/PT1H):
2026-02-03T14:52:32.810228Z INFO  hpde_io      Found first ObservedRegion in PIONEERVENUS_COHO1HR_MERGED_MAG_PLASMA for s/c ID = PIONEERVENUS: ['Heliosphere.Inner']
2026-02-03T14:52:32.810251Z ERROR hpde_io   PIONEERVENUS_MERGED_SOLAR-WIND_10M (spase://NASA/NumericalData/PioneerVenusOrbiter/Merged/OMAG_OPA/CDF/PT10M):
2026-02-03T14:52:32.810278Z INFO  hpde_io     ObservedRegion for this ID differs from first found value s/c ID = PIONEERVENUS
2026-02-03T14:52:32.810298Z ERROR hpde_io       First value = ['Heliosphere.Inner']
2026-02-03T14:52:32.810325Z ERROR hpde_io       This value  = ['Venus']
2026-02-03T14:52:32.810357Z ERROR hpde_io        Combining values.
2026-02-03T14:52:32.810386Z INFO  hpde_io   PLUTO_HELIO1DAY_POSITION (spase://NASA/NumericalData/Planet/Pluto/HelioWeb/Ephemeris/P1D):
2026-02-03T14:52:32.810406Z INFO  hpde_io      Found first ObservedRegion in PLUTO_HELIO1DAY_POSITION for s/c ID = PLUTO: ['Pluto']
2026-02-03T14:52:32.810433Z INFO  hpde_io   POLAR_HYDRA_MOMENTS-14SEC (spase://NASA/NumericalData/POLAR/HYDRA/Moments/PT14S):
2026-02-03T14:52:32.810451Z INFO  hpde_io      Found first ObservedRegion in POLAR_HYDRA_MOMENTS-14SEC for s/c ID = POLAR: ['Earth.Magnetosphere.Polar', 'Earth.NearSurface.AuroralRegion', 'Earth.Magnetosphere']
2026-02-03T14:52:32.810475Z INFO  hpde_io   PO_10MINATT_EFI (spase://NASA/NumericalData/POLAR/EFI/SC/GSE/Attitude/PT600S):
2026-02-03T14:52:32.810495Z INFO  hpde_io      Found first ObservedRegion in PO_10MINATT_EFI for s/c ID = PO: ['Earth.Magnetosphere', 'Earth.Magnetosphere.Polar', 'Earth.NearSurface', 'Earth.NearSurface.AuroralRegion', 'Earth.NearSurface.EquatorialRegion', 'Earth.NearSurface.Ionosphere', 'Earth.NearSurface.PolarCap']
2026-02-03T14:52:32.810519Z ERROR hpde_io   PO_6SECEDSC_EFI (spase://NASA/NumericalData/POLAR/EFI/Despun/PT6S):
2026-02-03T14:52:32.810546Z INFO  hpde_io     ObservedRegion for this ID differs from first found value s/c ID = PO
2026-02-03T14:52:32.810565Z ERROR hpde_io       First value = ['Earth.Magnetosphere', 'Earth.Magnetosphere.Polar', 'Earth.NearSurface', 'Earth.NearSurface.AuroralRegion', 'Earth.NearSurface.EquatorialRegion', 'Earth.NearSurface.Ionosphere', 'Earth.NearSurface.PolarCap']
2026-02-03T14:52:32.810595Z ERROR hpde_io       This value  = ['Earth.Magnetosphere']
2026-02-03T14:52:32.810620Z ERROR hpde_io        Combining values.
2026-02-03T14:52:32.810650Z ERROR hpde_io   PO_6SECPOTLDENS_EFI (spase://NASA/NumericalData/POLAR/EFI/SC/Potential_PlasmaDensity/Spin/PT6S):
2026-02-03T14:52:32.810676Z INFO  hpde_io     ObservedRegion for this ID differs from first found value s/c ID = PO
2026-02-03T14:52:32.810697Z ERROR hpde_io       First value = ['Earth.Magnetosphere', 'Earth.Magnetosphere.Polar', 'Earth.NearSurface', 'Earth.NearSurface.AuroralRegion', 'Earth.NearSurface.EquatorialRegion', 'Earth.NearSurface.Ionosphere', 'Earth.NearSurface.PolarCap']
2026-02-03T14:52:32.810725Z ERROR hpde_io       This value  = ['Earth.Magnetosphere', 'Earth.Magnetosphere.Polar', 'Earth.NearSurface.AuroralRegion']
2026-02-03T14:52:32.810750Z ERROR hpde_io        Combining values.
2026-02-03T14:52:32.810786Z ERROR hpde_io   PO_AT_PRE (spase://NASA/NumericalData/POLAR/Ephemeris/Attitude/PT10M):
2026-02-03T14:52:32.810813Z INFO  hpde_io     ObservedRegion for this ID differs from first found value s/c ID = PO
2026-02-03T14:52:32.810833Z ERROR hpde_io       First value = ['Earth.Magnetosphere', 'Earth.Magnetosphere.Polar', 'Earth.NearSurface', 'Earth.NearSurface.AuroralRegion', 'Earth.NearSurface.EquatorialRegion', 'Earth.NearSurface.Ionosphere', 'Earth.NearSurface.PolarCap']
2026-02-03T14:52:32.810862Z ERROR hpde_io       This value  = ['Earth.Magnetosphere', 'Earth.Magnetosphere.Polar', 'Earth.Magnetosphere.RadiationBelt', 'Earth.NearSurface', 'Earth.NearSurface.AuroralRegion', 'Earth.NearSurface.EquatorialRegion', 'Earth.NearSurface.Ionosphere', 'Earth.NearSurface.Plasmasphere', 'Earth.NearSurface.PolarCap']
2026-02-03T14:52:32.810887Z ERROR hpde_io        Combining values.
2026-02-03T14:52:32.810923Z ERROR hpde_io   PO_H0_CAM (spase://NASA/NumericalData/POLAR/CAMMICE/Fluxes/PT204S):
2026-02-03T14:52:32.810950Z INFO  hpde_io     ObservedRegion for this ID differs from first found value s/c ID = PO
2026-02-03T14:52:32.810971Z ERROR hpde_io       First value = ['Earth.Magnetosphere', 'Earth.Magnetosphere.Polar', 'Earth.Magnetosphere.RadiationBelt', 'Earth.NearSurface', 'Earth.NearSurface.AuroralRegion', 'Earth.NearSurface.EquatorialRegion', 'Earth.NearSurface.Ionosphere', 'Earth.NearSurface.Plasmasphere', 'Earth.NearSurface.PolarCap']
2026-02-03T14:52:32.811000Z ERROR hpde_io       This value  = ['Earth.Magnetosphere']
2026-02-03T14:52:32.811027Z ERROR hpde_io        Combining values.
2026-02-03T14:52:32.811059Z ERROR hpde_io   PO_H0_HYD (spase://NASA/NumericalData/POLAR/HYDRA/PT13.8S):
2026-02-03T14:52:32.811087Z INFO  hpde_io     ObservedRegion for this ID differs from first found value s/c ID = PO
2026-02-03T14:52:32.811108Z ERROR hpde_io       First value = ['Earth.Magnetosphere', 'Earth.Magnetosphere.Polar', 'Earth.Magnetosphere.RadiationBelt', 'Earth.NearSurface', 'Earth.NearSurface.AuroralRegion', 'Earth.NearSurface.EquatorialRegion', 'Earth.NearSurface.Ionosphere', 'Earth.NearSurface.Plasmasphere', 'Earth.NearSurface.PolarCap']
2026-02-03T14:52:32.811136Z ERROR hpde_io       This value  = ['Earth.Magnetosphere']
2026-02-03T14:52:32.811161Z ERROR hpde_io        Combining values.
2026-02-03T14:52:32.811194Z ERROR hpde_io   PO_H0_PWI (spase://NASA/NumericalData/POLAR/PWI/MCA/PT1.3S):
2026-02-03T14:52:32.811221Z INFO  hpde_io     ObservedRegion for this ID differs from first found value s/c ID = PO
2026-02-03T14:52:32.811243Z ERROR hpde_io       First value = ['Earth.Magnetosphere', 'Earth.Magnetosphere.Polar', 'Earth.Magnetosphere.RadiationBelt', 'Earth.NearSurface', 'Earth.NearSurface.AuroralRegion', 'Earth.NearSurface.EquatorialRegion', 'Earth.NearSurface.Ionosphere', 'Earth.NearSurface.Plasmasphere', 'Earth.NearSurface.PolarCap']
2026-02-03T14:52:32.811273Z ERROR hpde_io       This value  = ['Earth.Magnetosphere', 'Earth.NearSurface.AuroralRegion', 'Earth.NearSurface.Plasmasphere', 'Earth.NearSurface.PolarCap']
2026-02-03T14:52:32.811300Z ERROR hpde_io        Combining values.
2026-02-03T14:52:32.811333Z ERROR hpde_io   PO_H0_TID (spase://NASA/NumericalData/POLAR/TIDE/H0_CDF):
2026-02-03T14:52:32.811358Z INFO  hpde_io     ObservedRegion for this ID differs from first found value s/c ID = PO
2026-02-03T14:52:32.811378Z ERROR hpde_io       First value = ['Earth.Magnetosphere', 'Earth.Magnetosphere.Polar', 'Earth.Magnetosphere.RadiationBelt', 'Earth.NearSurface', 'Earth.NearSurface.AuroralRegion', 'Earth.NearSurface.EquatorialRegion', 'Earth.NearSurface.Ionosphere', 'Earth.NearSurface.Plasmasphere', 'Earth.NearSurface.PolarCap']
2026-02-03T14:52:32.811405Z ERROR hpde_io       This value  = ['Earth.Magnetosphere', 'Earth.NearSurface.AuroralRegion', 'Earth.NearSurface.Plasmasphere', 'Earth.NearSurface.PolarCap']
2026-02-03T14:52:32.811433Z ERROR hpde_io        Combining values.
2026-02-03T14:52:32.811465Z ERROR hpde_io   PO_H0_TIM (spase://NASA/NumericalData/POLAR/TIMAS/H0/PT12S):
2026-02-03T14:52:32.811490Z INFO  hpde_io     ObservedRegion for this ID differs from first found value s/c ID = PO
2026-02-03T14:52:32.811509Z ERROR hpde_io       First value = ['Earth.Magnetosphere', 'Earth.Magnetosphere.Polar', 'Earth.Magnetosphere.RadiationBelt', 'Earth.NearSurface', 'Earth.NearSurface.AuroralRegion', 'Earth.NearSurface.EquatorialRegion', 'Earth.NearSurface.Ionosphere', 'Earth.NearSurface.Plasmasphere', 'Earth.NearSurface.PolarCap']
2026-02-03T14:52:32.811539Z ERROR hpde_io       This value  = ['Earth.Magnetosphere', 'Earth.Magnetosphere.Polar', 'Earth.Magnetosphere.RadiationBelt', 'Earth.NearSurface.AuroralRegion', 'Earth.NearSurface.Plasmasphere', 'Earth.NearSurface.PolarCap']
2026-02-03T14:52:32.811564Z ERROR hpde_io        Combining values.
2026-02-03T14:52:32.811599Z ERROR hpde_io   PO_H1_PWI (spase://NASA/NumericalData/POLAR/PWI/SFR/AB/PT2S):
2026-02-03T14:52:32.811625Z INFO  hpde_io     ObservedRegion for this ID differs from first found value s/c ID = PO
2026-02-03T14:52:32.811645Z ERROR hpde_io       First value = ['Earth.Magnetosphere', 'Earth.Magnetosphere.Polar', 'Earth.Magnetosphere.RadiationBelt', 'Earth.NearSurface', 'Earth.NearSurface.AuroralRegion', 'Earth.NearSurface.EquatorialRegion', 'Earth.NearSurface.Ionosphere', 'Earth.NearSurface.Plasmasphere', 'Earth.NearSurface.PolarCap']
2026-02-03T14:52:32.811671Z ERROR hpde_io       This value  = ['Earth.Magnetosphere', 'Earth.NearSurface.AuroralRegion', 'Earth.NearSurface.Plasmasphere', 'Earth.NearSurface.PolarCap', 'Heliosphere.Inner']
2026-02-03T14:52:32.811698Z ERROR hpde_io        Combining values.
2026-02-03T14:52:32.811730Z ERROR hpde_io   PO_H1_TID (spase://NASA/NumericalData/POLAR/TIDE/H1_CDF):
2026-02-03T14:52:32.811755Z INFO  hpde_io     ObservedRegion for this ID differs from first found value s/c ID = PO
2026-02-03T14:52:32.811776Z ERROR hpde_io       First value = ['Earth.Magnetosphere', 'Earth.Magnetosphere.Polar', 'Earth.Magnetosphere.RadiationBelt', 'Earth.NearSurface', 'Earth.NearSurface.AuroralRegion', 'Earth.NearSurface.EquatorialRegion', 'Earth.NearSurface.Ionosphere', 'Earth.NearSurface.Plasmasphere', 'Earth.NearSurface.PolarCap', 'Heliosphere.Inner']
2026-02-03T14:52:32.811805Z ERROR hpde_io       This value  = ['Earth.Magnetosphere', 'Earth.NearSurface.AuroralRegion', 'Earth.NearSurface.Plasmasphere', 'Earth.NearSurface.PolarCap']
2026-02-03T14:52:32.811832Z ERROR hpde_io        Combining values.
2026-02-03T14:52:32.811863Z ERROR hpde_io   PO_H2_PWI (spase://NASA/NumericalData/POLAR/PWI/LFWR/PT0.01S):
2026-02-03T14:52:32.811891Z INFO  hpde_io     ObservedRegion for this ID differs from first found value s/c ID = PO
2026-02-03T14:52:32.811911Z ERROR hpde_io       First value = ['Earth.Magnetosphere', 'Earth.Magnetosphere.Polar', 'Earth.Magnetosphere.RadiationBelt', 'Earth.NearSurface', 'Earth.NearSurface.AuroralRegion', 'Earth.NearSurface.EquatorialRegion', 'Earth.NearSurface.Ionosphere', 'Earth.NearSurface.Plasmasphere', 'Earth.NearSurface.PolarCap', 'Heliosphere.Inner']
2026-02-03T14:52:32.811941Z ERROR hpde_io       This value  = ['Earth.Magnetosphere', 'Earth.NearSurface.AuroralRegion', 'Earth.NearSurface.Plasmasphere', 'Earth.NearSurface.PolarCap', 'Heliosphere.Inner']
2026-02-03T14:52:32.811967Z ERROR hpde_io        Combining values.
2026-02-03T14:52:32.811998Z ERROR hpde_io   PO_H2_TIM (spase://NASA/NumericalData/POLAR/TIMAS/H2/PT12S):
2026-02-03T14:52:32.812025Z INFO  hpde_io     ObservedRegion for this ID differs from first found value s/c ID = PO
2026-02-03T14:52:32.812046Z ERROR hpde_io       First value = ['Earth.Magnetosphere', 'Earth.Magnetosphere.Polar', 'Earth.Magnetosphere.RadiationBelt', 'Earth.NearSurface', 'Earth.NearSurface.AuroralRegion', 'Earth.NearSurface.EquatorialRegion', 'Earth.NearSurface.Ionosphere', 'Earth.NearSurface.Plasmasphere', 'Earth.NearSurface.PolarCap', 'Heliosphere.Inner']
2026-02-03T14:52:32.812074Z ERROR hpde_io       This value  = ['Earth.Magnetosphere', 'Earth.Magnetosphere.Polar', 'Earth.Magnetosphere.RadiationBelt']
2026-02-03T14:52:32.812100Z ERROR hpde_io        Combining values.
2026-02-03T14:52:32.812131Z ERROR hpde_io   PO_H3_PWI (spase://NASA/NumericalData/POLAR/PWI/LHFWR/16kHz/PT0000028S):
2026-02-03T14:52:32.812156Z INFO  hpde_io     ObservedRegion for this ID differs from first found value s/c ID = PO
2026-02-03T14:52:32.812175Z ERROR hpde_io       First value = ['Earth.Magnetosphere', 'Earth.Magnetosphere.Polar', 'Earth.Magnetosphere.RadiationBelt', 'Earth.NearSurface', 'Earth.NearSurface.AuroralRegion', 'Earth.NearSurface.EquatorialRegion', 'Earth.NearSurface.Ionosphere', 'Earth.NearSurface.Plasmasphere', 'Earth.NearSurface.PolarCap', 'Heliosphere.Inner']
2026-02-03T14:52:32.812202Z ERROR hpde_io       This value  = ['Earth.Magnetosphere', 'Earth.Magnetosphere.Polar', 'Earth.NearSurface.AuroralRegion']
2026-02-03T14:52:32.812227Z ERROR hpde_io        Combining values.
2026-02-03T14:52:32.812257Z ERROR hpde_io   PO_H4_PWI (spase://NASA/NumericalData/POLAR/PWI/LHFWR/2kHz/PT0.000224S):
2026-02-03T14:52:32.812284Z INFO  hpde_io     ObservedRegion for this ID differs from first found value s/c ID = PO
2026-02-03T14:52:32.812305Z ERROR hpde_io       First value = ['Earth.Magnetosphere', 'Earth.Magnetosphere.Polar', 'Earth.Magnetosphere.RadiationBelt', 'Earth.NearSurface', 'Earth.NearSurface.AuroralRegion', 'Earth.NearSurface.EquatorialRegion', 'Earth.NearSurface.Ionosphere', 'Earth.NearSurface.Plasmasphere', 'Earth.NearSurface.PolarCap', 'Heliosphere.Inner']
2026-02-03T14:52:32.812332Z ERROR hpde_io       This value  = ['Earth.Magnetosphere', 'Earth.Magnetosphere.Polar', 'Earth.NearSurface.AuroralRegion']
2026-02-03T14:52:32.812359Z ERROR hpde_io        Combining values.
2026-02-03T14:52:32.812391Z ERROR hpde_io   PO_H5_PWI (spase://NASA/NumericalData/POLAR/PWI/LHFWR/16kHz/Interferometry/PT0.000028S):
2026-02-03T14:52:32.812419Z INFO  hpde_io     ObservedRegion for this ID differs from first found value s/c ID = PO
2026-02-03T14:52:32.812439Z ERROR hpde_io       First value = ['Earth.Magnetosphere', 'Earth.Magnetosphere.Polar', 'Earth.Magnetosphere.RadiationBelt', 'Earth.NearSurface', 'Earth.NearSurface.AuroralRegion', 'Earth.NearSurface.EquatorialRegion', 'Earth.NearSurface.Ionosphere', 'Earth.NearSurface.Plasmasphere', 'Earth.NearSurface.PolarCap', 'Heliosphere.Inner']
2026-02-03T14:52:32.812467Z ERROR hpde_io       This value  = ['Earth.Magnetosphere', 'Earth.Magnetosphere.Polar', 'Earth.NearSurface.AuroralRegion']
2026-02-03T14:52:32.812492Z ERROR hpde_io        Combining values.
2026-02-03T14:52:32.812523Z ERROR hpde_io   PO_H7_PWI (spase://NASA/NumericalData/POLAR/PWI/HFWR/25kHz/PT0.000014S):
2026-02-03T14:52:32.812547Z INFO  hpde_io     ObservedRegion for this ID differs from first found value s/c ID = PO
2026-02-03T14:52:32.812566Z ERROR hpde_io       First value = ['Earth.Magnetosphere', 'Earth.Magnetosphere.Polar', 'Earth.Magnetosphere.RadiationBelt', 'Earth.NearSurface', 'Earth.NearSurface.AuroralRegion', 'Earth.NearSurface.EquatorialRegion', 'Earth.NearSurface.Ionosphere', 'Earth.NearSurface.Plasmasphere', 'Earth.NearSurface.PolarCap', 'Heliosphere.Inner']
2026-02-03T14:52:32.812590Z ERROR hpde_io       This value  = ['Earth.Magnetosphere', 'Earth.Magnetosphere.Polar', 'Earth.NearSurface.AuroralRegion']
2026-02-03T14:52:32.812616Z ERROR hpde_io        Combining values.
2026-02-03T14:52:32.812644Z ERROR hpde_io   PO_H8_PWI (spase://NASA/NumericalData/POLAR/PWI/HFWR/25kHz/Interferometry/PT0.000014S):
2026-02-03T14:52:32.812671Z INFO  hpde_io     ObservedRegion for this ID differs from first found value s/c ID = PO
2026-02-03T14:52:32.812691Z ERROR hpde_io       First value = ['Earth.Magnetosphere', 'Earth.Magnetosphere.Polar', 'Earth.Magnetosphere.RadiationBelt', 'Earth.NearSurface', 'Earth.NearSurface.AuroralRegion', 'Earth.NearSurface.EquatorialRegion', 'Earth.NearSurface.Ionosphere', 'Earth.NearSurface.Plasmasphere', 'Earth.NearSurface.PolarCap', 'Heliosphere.Inner']
2026-02-03T14:52:32.812720Z ERROR hpde_io       This value  = ['Earth.Magnetosphere', 'Earth.Magnetosphere.Polar', 'Earth.NearSurface.AuroralRegion']
2026-02-03T14:52:32.812746Z ERROR hpde_io        Combining values.
2026-02-03T14:52:32.812778Z ERROR hpde_io   PO_H9_PWI (spase://NASA/NumericalData/POLAR/PWI/WBR/PT0.000004016S):
2026-02-03T14:52:32.812805Z INFO  hpde_io     ObservedRegion for this ID differs from first found value s/c ID = PO
2026-02-03T14:52:32.812826Z ERROR hpde_io       First value = ['Earth.Magnetosphere', 'Earth.Magnetosphere.Polar', 'Earth.Magnetosphere.RadiationBelt', 'Earth.NearSurface', 'Earth.NearSurface.AuroralRegion', 'Earth.NearSurface.EquatorialRegion', 'Earth.NearSurface.Ionosphere', 'Earth.NearSurface.Plasmasphere', 'Earth.NearSurface.PolarCap', 'Heliosphere.Inner']
2026-02-03T14:52:32.812858Z ERROR hpde_io       This value  = ['Earth.Magnetosphere', 'Earth.Magnetosphere.Polar', 'Earth.NearSurface.AuroralRegion']
2026-02-03T14:52:32.812881Z ERROR hpde_io        Combining values.
2026-02-03T14:52:32.812914Z ERROR hpde_io   PO_K0_CAM (spase://NASA/NumericalData/POLAR/CAMMICE/KeyParameters/PT204S):
2026-02-03T14:52:32.812942Z INFO  hpde_io     ObservedRegion for this ID differs from first found value s/c ID = PO
2026-02-03T14:52:32.812963Z ERROR hpde_io       First value = ['Earth.Magnetosphere', 'Earth.Magnetosphere.Polar', 'Earth.Magnetosphere.RadiationBelt', 'Earth.NearSurface', 'Earth.NearSurface.AuroralRegion', 'Earth.NearSurface.EquatorialRegion', 'Earth.NearSurface.Ionosphere', 'Earth.NearSurface.Plasmasphere', 'Earth.NearSurface.PolarCap', 'Heliosphere.Inner']
2026-02-03T14:52:32.812990Z ERROR hpde_io       This value  = ['Earth.Magnetosphere']
2026-02-03T14:52:32.813015Z ERROR hpde_io        Combining values.
2026-02-03T14:52:32.813043Z ERROR hpde_io   PO_K0_CEP (spase://NASA/NumericalData/POLAR/CEPPAD/PT100S):
2026-02-03T14:52:32.813068Z INFO  hpde_io     ObservedRegion for this ID differs from first found value s/c ID = PO
2026-02-03T14:52:32.813087Z ERROR hpde_io       First value = ['Earth.Magnetosphere', 'Earth.Magnetosphere.Polar', 'Earth.Magnetosphere.RadiationBelt', 'Earth.NearSurface', 'Earth.NearSurface.AuroralRegion', 'Earth.NearSurface.EquatorialRegion', 'Earth.NearSurface.Ionosphere', 'Earth.NearSurface.Plasmasphere', 'Earth.NearSurface.PolarCap', 'Heliosphere.Inner']
2026-02-03T14:52:32.813115Z ERROR hpde_io       This value  = ['Earth.Magnetosphere']
2026-02-03T14:52:32.813141Z ERROR hpde_io        Combining values.
2026-02-03T14:52:32.813171Z ERROR hpde_io   PO_K0_EFI (spase://NASA/NumericalData/POLAR/EFI/KeyParameters/PT6S):
2026-02-03T14:52:32.813198Z INFO  hpde_io     ObservedRegion for this ID differs from first found value s/c ID = PO
2026-02-03T14:52:32.813219Z ERROR hpde_io       First value = ['Earth.Magnetosphere', 'Earth.Magnetosphere.Polar', 'Earth.Magnetosphere.RadiationBelt', 'Earth.NearSurface', 'Earth.NearSurface.AuroralRegion', 'Earth.NearSurface.EquatorialRegion', 'Earth.NearSurface.Ionosphere', 'Earth.NearSurface.Plasmasphere', 'Earth.NearSurface.PolarCap', 'Heliosphere.Inner']
2026-02-03T14:52:32.813247Z ERROR hpde_io       This value  = ['Earth.Magnetosphere']
2026-02-03T14:52:32.813272Z ERROR hpde_io        Combining values.
2026-02-03T14:52:32.813302Z ERROR hpde_io   PO_K0_HYD (spase://NASA/NumericalData/POLAR/HYDRA/PT55S):
2026-02-03T14:52:32.813329Z INFO  hpde_io     ObservedRegion for this ID differs from first found value s/c ID = PO
2026-02-03T14:52:32.813348Z ERROR hpde_io       First value = ['Earth.Magnetosphere', 'Earth.Magnetosphere.Polar', 'Earth.Magnetosphere.RadiationBelt', 'Earth.NearSurface', 'Earth.NearSurface.AuroralRegion', 'Earth.NearSurface.EquatorialRegion', 'Earth.NearSurface.Ionosphere', 'Earth.NearSurface.Plasmasphere', 'Earth.NearSurface.PolarCap', 'Heliosphere.Inner']
2026-02-03T14:52:32.813375Z ERROR hpde_io       This value  = ['Earth.Magnetosphere']
2026-02-03T14:52:32.813400Z ERROR hpde_io        Combining values.
2026-02-03T14:52:32.813432Z ERROR hpde_io   PO_K0_MFE (spase://NASA/NumericalData/POLAR/MFE/PT55S):
2026-02-03T14:52:32.813460Z INFO  hpde_io     ObservedRegion for this ID differs from first found value s/c ID = PO
2026-02-03T14:52:32.813480Z ERROR hpde_io       First value = ['Earth.Magnetosphere', 'Earth.Magnetosphere.Polar', 'Earth.Magnetosphere.RadiationBelt', 'Earth.NearSurface', 'Earth.NearSurface.AuroralRegion', 'Earth.NearSurface.EquatorialRegion', 'Earth.NearSurface.Ionosphere', 'Earth.NearSurface.Plasmasphere', 'Earth.NearSurface.PolarCap', 'Heliosphere.Inner']
2026-02-03T14:52:32.813509Z ERROR hpde_io       This value  = ['Earth.Magnetosphere', 'Earth.Magnetosphere.Polar', 'Earth.Magnetosphere.RadiationBelt']
2026-02-03T14:52:32.813533Z ERROR hpde_io        Combining values.
2026-02-03T14:52:32.813564Z ERROR hpde_io   PO_K0_PWI (spase://NASA/NumericalData/POLAR/PWI/KeyParameters/PT300S):
2026-02-03T14:52:32.813591Z INFO  hpde_io     ObservedRegion for this ID differs from first found value s/c ID = PO
2026-02-03T14:52:32.813612Z ERROR hpde_io       First value = ['Earth.Magnetosphere', 'Earth.Magnetosphere.Polar', 'Earth.Magnetosphere.RadiationBelt', 'Earth.NearSurface', 'Earth.NearSurface.AuroralRegion', 'Earth.NearSurface.EquatorialRegion', 'Earth.NearSurface.Ionosphere', 'Earth.NearSurface.Plasmasphere', 'Earth.NearSurface.PolarCap', 'Heliosphere.Inner']
2026-02-03T14:52:32.813639Z ERROR hpde_io       This value  = ['Earth.Magnetosphere']
2026-02-03T14:52:32.813667Z ERROR hpde_io        Combining values.
2026-02-03T14:52:32.813696Z ERROR hpde_io   PO_K0_SPHA (spase://NASA/NumericalData/POLAR/Ephemeris/KeyParameters/PT24H):
2026-02-03T14:52:32.813723Z INFO  hpde_io     ObservedRegion for this ID differs from first found value s/c ID = PO
2026-02-03T14:52:32.813742Z ERROR hpde_io       First value = ['Earth.Magnetosphere', 'Earth.Magnetosphere.Polar', 'Earth.Magnetosphere.RadiationBelt', 'Earth.NearSurface', 'Earth.NearSurface.AuroralRegion', 'Earth.NearSurface.EquatorialRegion', 'Earth.NearSurface.Ionosphere', 'Earth.NearSurface.Plasmasphere', 'Earth.NearSurface.PolarCap', 'Heliosphere.Inner']
2026-02-03T14:52:32.813772Z ERROR hpde_io       This value  = ['Earth.Magnetosphere', 'Earth.Magnetosphere.Polar', 'Earth.Magnetosphere.RadiationBelt', 'Earth.NearSurface', 'Earth.NearSurface.AuroralRegion', 'Earth.NearSurface.EquatorialRegion', 'Earth.NearSurface.Ionosphere', 'Earth.NearSurface.Plasmasphere', 'Earth.NearSurface.PolarCap']
2026-02-03T14:52:32.813798Z ERROR hpde_io        Combining values.
2026-02-03T14:52:32.813833Z ERROR hpde_io   PO_K0_UVI (spase://NASA/NumericalData/POLAR/UVI/K0_CDF):
2026-02-03T14:52:32.813859Z INFO  hpde_io     ObservedRegion for this ID differs from first found value s/c ID = PO
2026-02-03T14:52:32.813879Z ERROR hpde_io       First value = ['Earth.Magnetosphere', 'Earth.Magnetosphere.Polar', 'Earth.Magnetosphere.RadiationBelt', 'Earth.NearSurface', 'Earth.NearSurface.AuroralRegion', 'Earth.NearSurface.EquatorialRegion', 'Earth.NearSurface.Ionosphere', 'Earth.NearSurface.Plasmasphere', 'Earth.NearSurface.PolarCap', 'Heliosphere.Inner']
2026-02-03T14:52:32.813906Z ERROR hpde_io       This value  = ['Earth.NearSurface.Ionosphere']
2026-02-03T14:52:32.813931Z ERROR hpde_io        Combining values.
2026-02-03T14:52:32.813962Z ERROR hpde_io   PO_K1_TIM (spase://NASA/NumericalData/POLAR/TIMAS/K1/PT96S):
2026-02-03T14:52:32.813989Z INFO  hpde_io     ObservedRegion for this ID differs from first found value s/c ID = PO
2026-02-03T14:52:32.814009Z ERROR hpde_io       First value = ['Earth.Magnetosphere', 'Earth.Magnetosphere.Polar', 'Earth.Magnetosphere.RadiationBelt', 'Earth.NearSurface', 'Earth.NearSurface.AuroralRegion', 'Earth.NearSurface.EquatorialRegion', 'Earth.NearSurface.Ionosphere', 'Earth.NearSurface.Plasmasphere', 'Earth.NearSurface.PolarCap', 'Heliosphere.Inner']
2026-02-03T14:52:32.814036Z ERROR hpde_io       This value  = ['Earth.Magnetosphere', 'Earth.Magnetosphere.Polar', 'Earth.Magnetosphere.RadiationBelt']
2026-02-03T14:52:32.814060Z ERROR hpde_io        Combining values.
2026-02-03T14:52:32.814091Z ERROR hpde_io   PO_LEVEL1_UVI (spase://NASA/NumericalData/POLAR/UVI/L1_CDF):
2026-02-03T14:52:32.814117Z INFO  hpde_io     ObservedRegion for this ID differs from first found value s/c ID = PO
2026-02-03T14:52:32.814137Z ERROR hpde_io       First value = ['Earth.Magnetosphere', 'Earth.Magnetosphere.Polar', 'Earth.Magnetosphere.RadiationBelt', 'Earth.NearSurface', 'Earth.NearSurface.AuroralRegion', 'Earth.NearSurface.EquatorialRegion', 'Earth.NearSurface.Ionosphere', 'Earth.NearSurface.Plasmasphere', 'Earth.NearSurface.PolarCap', 'Heliosphere.Inner']
2026-02-03T14:52:32.814166Z ERROR hpde_io       This value  = ['Earth.Magnetosphere', 'Earth.Magnetosphere.Polar', 'Earth.NearSurface.AuroralRegion', 'Earth.NearSurface.Ionosphere', 'Earth.NearSurface.Plasmasphere', 'Earth.NearSurface.PolarCap']
2026-02-03T14:52:32.814191Z ERROR hpde_io        Combining values.
2026-02-03T14:52:32.814224Z ERROR hpde_io   PO_OR_DEF (spase://NASA/NumericalData/POLAR/Ephemeris/Definitive/PT1M):
2026-02-03T14:52:32.814251Z INFO  hpde_io     ObservedRegion for this ID differs from first found value s/c ID = PO
2026-02-03T14:52:32.814271Z ERROR hpde_io       First value = ['Earth.Magnetosphere', 'Earth.Magnetosphere.Polar', 'Earth.Magnetosphere.RadiationBelt', 'Earth.NearSurface', 'Earth.NearSurface.AuroralRegion', 'Earth.NearSurface.EquatorialRegion', 'Earth.NearSurface.Ionosphere', 'Earth.NearSurface.Plasmasphere', 'Earth.NearSurface.PolarCap', 'Heliosphere.Inner']
2026-02-03T14:52:32.814298Z ERROR hpde_io       This value  = ['Earth.Magnetosphere', 'Earth.Magnetosphere.Polar', 'Earth.NearSurface', 'Earth.NearSurface.AuroralRegion', 'Earth.NearSurface.EquatorialRegion', 'Earth.NearSurface.Ionosphere', 'Earth.NearSurface.PolarCap']
2026-02-03T14:52:32.814326Z ERROR hpde_io        Combining values.
2026-02-03T14:52:32.814355Z ERROR hpde_io   PO_OR_PRE (spase://NASA/NumericalData/POLAR/Ephemeris/PT60S):
2026-02-03T14:52:32.814381Z INFO  hpde_io     ObservedRegion for this ID differs from first found value s/c ID = PO
2026-02-03T14:52:32.814401Z ERROR hpde_io       First value = ['Earth.Magnetosphere', 'Earth.Magnetosphere.Polar', 'Earth.Magnetosphere.RadiationBelt', 'Earth.NearSurface', 'Earth.NearSurface.AuroralRegion', 'Earth.NearSurface.EquatorialRegion', 'Earth.NearSurface.Ionosphere', 'Earth.NearSurface.Plasmasphere', 'Earth.NearSurface.PolarCap', 'Heliosphere.Inner']
2026-02-03T14:52:32.814429Z ERROR hpde_io       This value  = ['Earth.Magnetosphere']
2026-02-03T14:52:32.814456Z ERROR hpde_io        Combining values.
2026-02-03T14:52:32.814487Z ERROR hpde_io   PO_PA_DEF (spase://NASA/NumericalData/POLAR/Ephemeris/Attitude/PT24H):
2026-02-03T14:52:32.814513Z INFO  hpde_io     ObservedRegion for this ID differs from first found value s/c ID = PO
2026-02-03T14:52:32.814533Z ERROR hpde_io       First value = ['Earth.Magnetosphere', 'Earth.Magnetosphere.Polar', 'Earth.Magnetosphere.RadiationBelt', 'Earth.NearSurface', 'Earth.NearSurface.AuroralRegion', 'Earth.NearSurface.EquatorialRegion', 'Earth.NearSurface.Ionosphere', 'Earth.NearSurface.Plasmasphere', 'Earth.NearSurface.PolarCap', 'Heliosphere.Inner']
2026-02-03T14:52:32.814560Z ERROR hpde_io       This value  = ['Earth.Magnetosphere']
2026-02-03T14:52:32.814584Z ERROR hpde_io        Combining values.
2026-02-03T14:52:32.814616Z ERROR hpde_io   PO_VIS_EARTH-CAMERA-CALIBRATED (spase://NASA/NumericalData/POLAR/VIS/EarthCameraCalibrated/PT4M):
2026-02-03T14:52:32.814642Z INFO  hpde_io     ObservedRegion for this ID differs from first found value s/c ID = PO
2026-02-03T14:52:32.814661Z ERROR hpde_io       First value = ['Earth.Magnetosphere', 'Earth.Magnetosphere.Polar', 'Earth.Magnetosphere.RadiationBelt', 'Earth.NearSurface', 'Earth.NearSurface.AuroralRegion', 'Earth.NearSurface.EquatorialRegion', 'Earth.NearSurface.Ionosphere', 'Earth.NearSurface.Plasmasphere', 'Earth.NearSurface.PolarCap', 'Heliosphere.Inner']
2026-02-03T14:52:32.814690Z ERROR hpde_io       This value  = ['Earth.Magnetosphere', 'Earth.Magnetosphere.Polar', 'Earth.Magnetosphere.RadiationBelt', 'Earth.NearSurface', 'Earth.NearSurface.AuroralRegion', 'Earth.NearSurface.Ionosphere', 'Earth.NearSurface.Plasmasphere', 'Earth.NearSurface.PolarCap']
2026-02-03T14:52:32.814716Z ERROR hpde_io        Combining values.
2026-02-03T14:52:32.814747Z ERROR hpde_io   PO_VIS_VISIBLE-IMAGER-CALIBRATED (spase://NASA/NumericalData/POLAR/VIS/VisibleImagerCalibrated/PT24S):
2026-02-03T14:52:32.814774Z INFO  hpde_io     ObservedRegion for this ID differs from first found value s/c ID = PO
2026-02-03T14:52:32.814794Z ERROR hpde_io       First value = ['Earth.Magnetosphere', 'Earth.Magnetosphere.Polar', 'Earth.Magnetosphere.RadiationBelt', 'Earth.NearSurface', 'Earth.NearSurface.AuroralRegion', 'Earth.NearSurface.EquatorialRegion', 'Earth.NearSurface.Ionosphere', 'Earth.NearSurface.Plasmasphere', 'Earth.NearSurface.PolarCap', 'Heliosphere.Inner']
2026-02-03T14:52:32.814821Z ERROR hpde_io       This value  = ['Earth.Magnetosphere', 'Earth.Magnetosphere.Polar', 'Earth.NearSurface', 'Earth.NearSurface.AuroralRegion', 'Earth.NearSurface.EquatorialRegion', 'Earth.NearSurface.Ionosphere', 'Earth.NearSurface.PolarCap']
2026-02-03T14:52:32.814847Z ERROR hpde_io        Combining values.
2026-02-03T14:52:32.814879Z INFO  hpde_io   PSP_COHO1HR_MERGED_MAG_PLASMA (spase://NASA/NumericalData/ParkerSolarProbe/MAGandPLS/PT1H):
2026-02-03T14:52:32.814899Z INFO  hpde_io      Found first ObservedRegion in PSP_COHO1HR_MERGED_MAG_PLASMA for s/c ID = PSP: ['Heliosphere', 'Heliosphere.Inner', 'Heliosphere.NearEarth', 'Sun.Corona']
2026-02-03T14:52:32.815189Z INFO  hpde_io   RBSP-A-RBSPICE_LEV-2_ESRHELT (spase://NASA/NumericalData/RBSP/A/RBSPICE/L2/ESRHELT):
2026-02-03T14:52:32.815208Z INFO  hpde_io      Found first ObservedRegion in RBSP-A-RBSPICE_LEV-2_ESRHELT for s/c ID = RBSP-A-RBSPICE: ['Earth.Magnetosphere.RingCurrent', 'Earth.Magnetosphere.RadiationBelt', 'Earth.Magnetosphere.Plasmasphere', 'Earth.Magnetosphere.Main']
2026-02-03T14:52:32.815252Z ERROR hpde_io   RBSP-A-RBSPICE_LEV-3-PAP_ESRHELT (spase://NASA/NumericalData/RBSP/A/RBSPICE/L3/PAP/ESRHELT/PT10.9S):
2026-02-03T14:52:32.815278Z INFO  hpde_io     ObservedRegion for this ID differs from first found value s/c ID = RBSP-A-RBSPICE
2026-02-03T14:52:32.815297Z ERROR hpde_io       First value = ['Earth.Magnetosphere.Main', 'Earth.Magnetosphere.Plasmasphere', 'Earth.Magnetosphere.RadiationBelt', 'Earth.Magnetosphere.RingCurrent']
2026-02-03T14:52:32.815324Z ERROR hpde_io       This value  = ['Earth.Magnetosphere', 'Earth.Magnetosphere.Main', 'Earth.Magnetosphere.RadiationBelt', 'Earth.NearSurface.EquatorialRegion']
2026-02-03T14:52:32.815351Z ERROR hpde_io        Combining values.
2026-02-03T14:52:32.815382Z ERROR hpde_io   RBSP-A-RBSPICE_LEV-3-PAP_ESRLEHT (spase://NASA/NumericalData/RBSP/A/RBSPICE/L3/PAP/ESRLEHT/PT10.9S):
2026-02-03T14:52:32.815409Z INFO  hpde_io     ObservedRegion for this ID differs from first found value s/c ID = RBSP-A-RBSPICE
2026-02-03T14:52:32.815429Z ERROR hpde_io       First value = ['Earth.Magnetosphere', 'Earth.Magnetosphere.Main', 'Earth.Magnetosphere.Plasmasphere', 'Earth.Magnetosphere.RadiationBelt', 'Earth.Magnetosphere.RingCurrent', 'Earth.NearSurface.EquatorialRegion']
2026-02-03T14:52:32.815457Z ERROR hpde_io       This value  = ['Earth.Magnetosphere', 'Earth.Magnetosphere.Main', 'Earth.Magnetosphere.RadiationBelt', 'Earth.NearSurface.EquatorialRegion']
2026-02-03T14:52:32.815482Z ERROR hpde_io        Combining values.
2026-02-03T14:52:32.815515Z ERROR hpde_io   RBSP-A-RBSPICE_LEV-3-PAP_TOFXEH (spase://NASA/NumericalData/RBSP/A/RBSPICE/L3/PAP/TOFXEH/PT10.9S):
2026-02-03T14:52:32.815541Z INFO  hpde_io     ObservedRegion for this ID differs from first found value s/c ID = RBSP-A-RBSPICE
2026-02-03T14:52:32.815559Z ERROR hpde_io       First value = ['Earth.Magnetosphere', 'Earth.Magnetosphere.Main', 'Earth.Magnetosphere.Plasmasphere', 'Earth.Magnetosphere.RadiationBelt', 'Earth.Magnetosphere.RingCurrent', 'Earth.NearSurface.EquatorialRegion']
2026-02-03T14:52:32.815587Z ERROR hpde_io       This value  = ['Earth.Magnetosphere', 'Earth.Magnetosphere.Main', 'Earth.Magnetosphere.RadiationBelt', 'Earth.NearSurface.EquatorialRegion']
2026-02-03T14:52:32.815614Z ERROR hpde_io        Combining values.
2026-02-03T14:52:32.815647Z ERROR hpde_io   RBSP-A-RBSPICE_LEV-3-PAP_TOFXEHE (spase://NASA/NumericalData/RBSP/A/RBSPICE/L3/PAP/TOFXEHE/PT10.9S):
2026-02-03T14:52:32.815672Z INFO  hpde_io     ObservedRegion for this ID differs from first found value s/c ID = RBSP-A-RBSPICE
2026-02-03T14:52:32.815692Z ERROR hpde_io       First value = ['Earth.Magnetosphere', 'Earth.Magnetosphere.Main', 'Earth.Magnetosphere.Plasmasphere', 'Earth.Magnetosphere.RadiationBelt', 'Earth.Magnetosphere.RingCurrent', 'Earth.NearSurface.EquatorialRegion']
2026-02-03T14:52:32.815720Z ERROR hpde_io       This value  = ['Earth.Magnetosphere', 'Earth.Magnetosphere.Main', 'Earth.Magnetosphere.RadiationBelt', 'Earth.NearSurface.EquatorialRegion']
2026-02-03T14:52:32.815749Z ERROR hpde_io        Combining values.
2026-02-03T14:52:32.815778Z ERROR hpde_io   RBSP-A-RBSPICE_LEV-3-PAP_TOFXEHE-0 (spase://NASA/NumericalData/RBSP/A/RBSPICE/L3/PAP/TOFXEHE-0/PT10.9S):
2026-02-03T14:52:32.815803Z INFO  hpde_io     ObservedRegion for this ID differs from first found value s/c ID = RBSP-A-RBSPICE
2026-02-03T14:52:32.815822Z ERROR hpde_io       First value = ['Earth.Magnetosphere', 'Earth.Magnetosphere.Main', 'Earth.Magnetosphere.Plasmasphere', 'Earth.Magnetosphere.RadiationBelt', 'Earth.Magnetosphere.RingCurrent', 'Earth.NearSurface.EquatorialRegion']
2026-02-03T14:52:32.815850Z ERROR hpde_io       This value  = ['Earth.Magnetosphere', 'Earth.Magnetosphere.Main', 'Earth.Magnetosphere.RadiationBelt', 'Earth.NearSurface.EquatorialRegion']
2026-02-03T14:52:32.815876Z ERROR hpde_io        Combining values.
2026-02-03T14:52:32.815906Z ERROR hpde_io   RBSP-A-RBSPICE_LEV-3-PAP_TOFXEION (spase://NASA/NumericalData/RBSP/A/RBSPICE/L3/PAP/TOFXEION/PT10.9S):
2026-02-03T14:52:32.815933Z INFO  hpde_io     ObservedRegion for this ID differs from first found value s/c ID = RBSP-A-RBSPICE
2026-02-03T14:52:32.815953Z ERROR hpde_io       First value = ['Earth.Magnetosphere', 'Earth.Magnetosphere.Main', 'Earth.Magnetosphere.Plasmasphere', 'Earth.Magnetosphere.RadiationBelt', 'Earth.Magnetosphere.RingCurrent', 'Earth.NearSurface.EquatorialRegion']
2026-02-03T14:52:32.815981Z ERROR hpde_io       This value  = ['Earth.Magnetosphere', 'Earth.Magnetosphere.Main', 'Earth.Magnetosphere.RadiationBelt', 'Earth.NearSurface.EquatorialRegion']
2026-02-03T14:52:32.816008Z ERROR hpde_io        Combining values.
2026-02-03T14:52:32.816037Z ERROR hpde_io   RBSP-A-RBSPICE_LEV-3-PAP_TOFXEO (spase://NASA/NumericalData/RBSP/A/RBSPICE/L3/PAP/TOFXEO/PT10.9S):
2026-02-03T14:52:32.816064Z INFO  hpde_io     ObservedRegion for this ID differs from first found value s/c ID = RBSP-A-RBSPICE
2026-02-03T14:52:32.816083Z ERROR hpde_io       First value = ['Earth.Magnetosphere', 'Earth.Magnetosphere.Main', 'Earth.Magnetosphere.Plasmasphere', 'Earth.Magnetosphere.RadiationBelt', 'Earth.Magnetosphere.RingCurrent', 'Earth.NearSurface.EquatorialRegion']
2026-02-03T14:52:32.816110Z ERROR hpde_io       This value  = ['Earth.Magnetosphere', 'Earth.Magnetosphere.Main', 'Earth.Magnetosphere.RadiationBelt', 'Earth.NearSurface.EquatorialRegion']
2026-02-03T14:52:32.816137Z ERROR hpde_io        Combining values.
2026-02-03T14:52:32.816169Z ERROR hpde_io   RBSP-A-RBSPICE_LEV-3-PAP_TOFXEO-0 (spase://NASA/NumericalData/RBSP/A/RBSPICE/L3/PAP/TOFXEO-0/PT10.9S):
2026-02-03T14:52:32.816195Z INFO  hpde_io     ObservedRegion for this ID differs from first found value s/c ID = RBSP-A-RBSPICE
2026-02-03T14:52:32.816215Z ERROR hpde_io       First value = ['Earth.Magnetosphere', 'Earth.Magnetosphere.Main', 'Earth.Magnetosphere.Plasmasphere', 'Earth.Magnetosphere.RadiationBelt', 'Earth.Magnetosphere.RingCurrent', 'Earth.NearSurface.EquatorialRegion']
2026-02-03T14:52:32.816243Z ERROR hpde_io       This value  = ['Earth.Magnetosphere', 'Earth.Magnetosphere.Main', 'Earth.Magnetosphere.RadiationBelt', 'Earth.NearSurface.EquatorialRegion']
2026-02-03T14:52:32.816268Z ERROR hpde_io        Combining values.
2026-02-03T14:52:32.816298Z ERROR hpde_io   RBSP-A-RBSPICE_LEV-3-PAP_TOFXPHHHELT (spase://NASA/NumericalData/RBSP/A/RBSPICE/L3/PAP/TOFXPHHHELT/PT10.9S):
2026-02-03T14:52:32.816325Z INFO  hpde_io     ObservedRegion for this ID differs from first found value s/c ID = RBSP-A-RBSPICE
2026-02-03T14:52:32.816345Z ERROR hpde_io       First value = ['Earth.Magnetosphere', 'Earth.Magnetosphere.Main', 'Earth.Magnetosphere.Plasmasphere', 'Earth.Magnetosphere.RadiationBelt', 'Earth.Magnetosphere.RingCurrent', 'Earth.NearSurface.EquatorialRegion']
2026-02-03T14:52:32.816374Z ERROR hpde_io       This value  = ['Earth.Magnetosphere', 'Earth.Magnetosphere.Main', 'Earth.Magnetosphere.RadiationBelt', 'Earth.NearSurface.EquatorialRegion']
2026-02-03T14:52:32.816401Z ERROR hpde_io        Combining values.
2026-02-03T14:52:32.816434Z ERROR hpde_io   RBSP-A-RBSPICE_LEV-3-PAP_TOFXPHHLEHT (spase://NASA/NumericalData/RBSP/A/RBSPICE/L3/PAP/TOFXPHHLEHT/PT10.9S):
2026-02-03T14:52:32.816457Z INFO  hpde_io     ObservedRegion for this ID differs from first found value s/c ID = RBSP-A-RBSPICE
2026-02-03T14:52:32.816478Z ERROR hpde_io       First value = ['Earth.Magnetosphere', 'Earth.Magnetosphere.Main', 'Earth.Magnetosphere.Plasmasphere', 'Earth.Magnetosphere.RadiationBelt', 'Earth.Magnetosphere.RingCurrent', 'Earth.NearSurface.EquatorialRegion']
2026-02-03T14:52:32.816506Z ERROR hpde_io       This value  = ['Earth.Magnetosphere', 'Earth.Magnetosphere.Main', 'Earth.Magnetosphere.RadiationBelt', 'Earth.NearSurface.EquatorialRegion']
2026-02-03T14:52:32.816531Z ERROR hpde_io        Combining values.
2026-02-03T14:52:32.816561Z ERROR hpde_io   RBSP-A-RBSPICE_LEV-3-PAP_TOFXPHOHELT (spase://NASA/NumericalData/RBSP/A/RBSPICE/L3/PAP/TOFXPHOHELT/PT10.9S):
2026-02-03T14:52:32.816588Z INFO  hpde_io     ObservedRegion for this ID differs from first found value s/c ID = RBSP-A-RBSPICE
2026-02-03T14:52:32.816608Z ERROR hpde_io       First value = ['Earth.Magnetosphere', 'Earth.Magnetosphere.Main', 'Earth.Magnetosphere.Plasmasphere', 'Earth.Magnetosphere.RadiationBelt', 'Earth.Magnetosphere.RingCurrent', 'Earth.NearSurface.EquatorialRegion']
2026-02-03T14:52:32.816636Z ERROR hpde_io       This value  = ['Earth.Magnetosphere', 'Earth.Magnetosphere.Main', 'Earth.Magnetosphere.RadiationBelt', 'Earth.NearSurface.EquatorialRegion']
2026-02-03T14:52:32.816662Z ERROR hpde_io        Combining values.
2026-02-03T14:52:32.816694Z ERROR hpde_io   RBSP-A-RBSPICE_LEV-3-PAP_TOFXPHOLEHT (spase://NASA/NumericalData/RBSP/A/RBSPICE/L3/PAP/TOFXPHOLEHT/PT10.9S):
2026-02-03T14:52:32.816721Z INFO  hpde_io     ObservedRegion for this ID differs from first found value s/c ID = RBSP-A-RBSPICE
2026-02-03T14:52:32.816741Z ERROR hpde_io       First value = ['Earth.Magnetosphere', 'Earth.Magnetosphere.Main', 'Earth.Magnetosphere.Plasmasphere', 'Earth.Magnetosphere.RadiationBelt', 'Earth.Magnetosphere.RingCurrent', 'Earth.NearSurface.EquatorialRegion']
2026-02-03T14:52:32.816769Z ERROR hpde_io       This value  = ['Earth.Magnetosphere', 'Earth.Magnetosphere.Main', 'Earth.Magnetosphere.RadiationBelt', 'Earth.NearSurface.EquatorialRegion']
2026-02-03T14:52:32.816796Z ERROR hpde_io        Combining values.
2026-02-03T14:52:32.816825Z ERROR hpde_io   RBSP-A-RBSPICE_LEV-3_ESRHELT (spase://NASA/NumericalData/RBSP/A/RBSPICE/L3/ESRHELT):
2026-02-03T14:52:32.816851Z INFO  hpde_io     ObservedRegion for this ID differs from first found value s/c ID = RBSP-A-RBSPICE
2026-02-03T14:52:32.816871Z ERROR hpde_io       First value = ['Earth.Magnetosphere', 'Earth.Magnetosphere.Main', 'Earth.Magnetosphere.Plasmasphere', 'Earth.Magnetosphere.RadiationBelt', 'Earth.Magnetosphere.RingCurrent', 'Earth.NearSurface.EquatorialRegion']
2026-02-03T14:52:32.816899Z ERROR hpde_io       This value  = ['Earth.Magnetosphere.Main', 'Earth.Magnetosphere.Plasmasphere', 'Earth.Magnetosphere.RadiationBelt', 'Earth.Magnetosphere.RingCurrent']
2026-02-03T14:52:32.816926Z ERROR hpde_io        Combining values.
2026-02-03T14:52:32.816957Z ERROR hpde_io   RBSP-A-RBSPICE_LEV-3_ESRLEHT (spase://NASA/NumericalData/RBSP/A/RBSPICE/L3/ESRLEHT):
2026-02-03T14:52:32.816984Z INFO  hpde_io     ObservedRegion for this ID differs from first found value s/c ID = RBSP-A-RBSPICE
2026-02-03T14:52:32.817004Z ERROR hpde_io       First value = ['Earth.Magnetosphere', 'Earth.Magnetosphere.Main', 'Earth.Magnetosphere.Plasmasphere', 'Earth.Magnetosphere.RadiationBelt', 'Earth.Magnetosphere.RingCurrent', 'Earth.NearSurface.EquatorialRegion']
2026-02-03T14:52:32.817031Z ERROR hpde_io       This value  = ['Earth.Magnetosphere.Main', 'Earth.Magnetosphere.Plasmasphere', 'Earth.Magnetosphere.RadiationBelt', 'Earth.Magnetosphere.RingCurrent']
2026-02-03T14:52:32.817057Z ERROR hpde_io        Combining values.
2026-02-03T14:52:32.817088Z ERROR hpde_io   RBSP-A-RBSPICE_LEV-3_ISRHELT (spase://NASA/NumericalData/RBSP/A/RBSPICE/L3/ISRHELT):
2026-02-03T14:52:32.817114Z INFO  hpde_io     ObservedRegion for this ID differs from first found value s/c ID = RBSP-A-RBSPICE
2026-02-03T14:52:32.817134Z ERROR hpde_io       First value = ['Earth.Magnetosphere', 'Earth.Magnetosphere.Main', 'Earth.Magnetosphere.Plasmasphere', 'Earth.Magnetosphere.RadiationBelt', 'Earth.Magnetosphere.RingCurrent', 'Earth.NearSurface.EquatorialRegion']
2026-02-03T14:52:32.817159Z ERROR hpde_io       This value  = ['Earth.Magnetosphere.Main', 'Earth.Magnetosphere.Plasmasphere', 'Earth.Magnetosphere.RadiationBelt', 'Earth.Magnetosphere.RingCurrent']
2026-02-03T14:52:32.817186Z ERROR hpde_io        Combining values.
2026-02-03T14:52:32.817216Z ERROR hpde_io   RBSP-A-RBSPICE_LEV-3_TOFXEH (spase://NASA/NumericalData/RBSP/A/RBSPICE/L3/TOFXEH):
2026-02-03T14:52:32.817239Z INFO  hpde_io     ObservedRegion for this ID differs from first found value s/c ID = RBSP-A-RBSPICE
2026-02-03T14:52:32.817258Z ERROR hpde_io       First value = ['Earth.Magnetosphere', 'Earth.Magnetosphere.Main', 'Earth.Magnetosphere.Plasmasphere', 'Earth.Magnetosphere.RadiationBelt', 'Earth.Magnetosphere.RingCurrent', 'Earth.NearSurface.EquatorialRegion']
2026-02-03T14:52:32.817285Z ERROR hpde_io       This value  = ['Earth.Magnetosphere.Main', 'Earth.Magnetosphere.Plasmasphere', 'Earth.Magnetosphere.RadiationBelt', 'Earth.Magnetosphere.RingCurrent']
2026-02-03T14:52:32.817310Z ERROR hpde_io        Combining values.
2026-02-03T14:52:32.817340Z ERROR hpde_io   RBSP-A-RBSPICE_LEV-3_TOFXEION (spase://NASA/NumericalData/RBSP/A/RBSPICE/L3/TOFXEION):
2026-02-03T14:52:32.817367Z INFO  hpde_io     ObservedRegion for this ID differs from first found value s/c ID = RBSP-A-RBSPICE
2026-02-03T14:52:32.817387Z ERROR hpde_io       First value = ['Earth.Magnetosphere', 'Earth.Magnetosphere.Main', 'Earth.Magnetosphere.Plasmasphere', 'Earth.Magnetosphere.RadiationBelt', 'Earth.Magnetosphere.RingCurrent', 'Earth.NearSurface.EquatorialRegion']
2026-02-03T14:52:32.817438Z ERROR hpde_io       This value  = ['Earth.Magnetosphere.Main', 'Earth.Magnetosphere.Plasmasphere', 'Earth.Magnetosphere.RadiationBelt', 'Earth.Magnetosphere.RingCurrent']
2026-02-03T14:52:32.817469Z ERROR hpde_io        Combining values.
2026-02-03T14:52:32.817504Z ERROR hpde_io   RBSP-A-RBSPICE_LEV-3_TOFXENONH (spase://NASA/NumericalData/RBSP/A/RBSPICE/L3/TOFXENONH):
2026-02-03T14:52:32.817533Z INFO  hpde_io     ObservedRegion for this ID differs from first found value s/c ID = RBSP-A-RBSPICE
2026-02-03T14:52:32.817554Z ERROR hpde_io       First value = ['Earth.Magnetosphere', 'Earth.Magnetosphere.Main', 'Earth.Magnetosphere.Plasmasphere', 'Earth.Magnetosphere.RadiationBelt', 'Earth.Magnetosphere.RingCurrent', 'Earth.NearSurface.EquatorialRegion']
2026-02-03T14:52:32.817584Z ERROR hpde_io       This value  = ['Earth.Magnetosphere.Main', 'Earth.Magnetosphere.Plasmasphere', 'Earth.Magnetosphere.RadiationBelt', 'Earth.Magnetosphere.RingCurrent']
2026-02-03T14:52:32.817612Z ERROR hpde_io        Combining values.
2026-02-03T14:52:32.817644Z ERROR hpde_io   RBSP-A-RBSPICE_LEV-3_TOFXPHHHELT (spase://NASA/NumericalData/RBSP/A/RBSPICE/L3/TOFXPHHHELT):
2026-02-03T14:52:32.817672Z INFO  hpde_io     ObservedRegion for this ID differs from first found value s/c ID = RBSP-A-RBSPICE
2026-02-03T14:52:32.817691Z ERROR hpde_io       First value = ['Earth.Magnetosphere', 'Earth.Magnetosphere.Main', 'Earth.Magnetosphere.Plasmasphere', 'Earth.Magnetosphere.RadiationBelt', 'Earth.Magnetosphere.RingCurrent', 'Earth.NearSurface.EquatorialRegion']
2026-02-03T14:52:32.817721Z ERROR hpde_io       This value  = ['Earth.Magnetosphere.Main', 'Earth.Magnetosphere.Plasmasphere', 'Earth.Magnetosphere.RadiationBelt', 'Earth.Magnetosphere.RingCurrent']
2026-02-03T14:52:32.817748Z ERROR hpde_io        Combining values.
2026-02-03T14:52:32.817780Z ERROR hpde_io   RBSP-A-RBSPICE_LEV-3_TOFXPHHLEHT (spase://NASA/NumericalData/RBSP/A/RBSPICE/L3/TOFXPHHLEHT):
2026-02-03T14:52:32.817811Z INFO  hpde_io     ObservedRegion for this ID differs from first found value s/c ID = RBSP-A-RBSPICE
2026-02-03T14:52:32.817832Z ERROR hpde_io       First value = ['Earth.Magnetosphere', 'Earth.Magnetosphere.Main', 'Earth.Magnetosphere.Plasmasphere', 'Earth.Magnetosphere.RadiationBelt', 'Earth.Magnetosphere.RingCurrent', 'Earth.NearSurface.EquatorialRegion']
2026-02-03T14:52:32.817861Z ERROR hpde_io       This value  = ['Earth.Magnetosphere.Main', 'Earth.Magnetosphere.Plasmasphere', 'Earth.Magnetosphere.RadiationBelt', 'Earth.Magnetosphere.RingCurrent']
2026-02-03T14:52:32.817887Z ERROR hpde_io        Combining values.
2026-02-03T14:52:32.817920Z INFO  hpde_io   RBSP-A_DENSITY_EMFISIS-L4 (spase://NASA/NumericalData/RBSP/A/EMFISIS/WFR/L4/ElectronDensity/PT0.5S):
2026-02-03T14:52:32.817941Z INFO  hpde_io      Found first ObservedRegion in RBSP-A_DENSITY_EMFISIS-L4 for s/c ID = RBSP-A: ['Earth.Magnetosphere', 'Earth.Magnetosphere.Main', 'Earth.Magnetosphere.RadiationBelt', 'Earth.NearSurface.EquatorialRegion']
2026-02-03T14:52:32.817996Z ERROR hpde_io   RBSP-A_HFR-SPECTRA-BURST_EMFISIS-L2 (spase://NASA/NumericalData/RBSP/A/EMFISIS/HFR/L2/SPECTRA-BURST/PT6S):
2026-02-03T14:52:32.818036Z INFO  hpde_io     ObservedRegion for this ID differs from first found value s/c ID = RBSP-A
2026-02-03T14:52:32.818061Z ERROR hpde_io       First value = ['Earth.Magnetosphere', 'Earth.Magnetosphere.Main', 'Earth.Magnetosphere.RadiationBelt', 'Earth.NearSurface.EquatorialRegion']
2026-02-03T14:52:32.818093Z ERROR hpde_io       This value  = ['Earth.Magnetosphere.Main', 'Earth.Magnetosphere.Plasmasphere', 'Earth.Magnetosphere.RadiationBelt', 'Earth.Magnetosphere.RingCurrent']
2026-02-03T14:52:32.818124Z ERROR hpde_io        Combining values.
2026-02-03T14:52:32.818161Z ERROR hpde_io   RBSP-A_HFR-SPECTRA-MERGED_EMFISIS-L2 (spase://NASA/NumericalData/RBSP/A/EMFISIS/HFR/L2/SPECTRA-MERGED/PT6S):
2026-02-03T14:52:32.818192Z INFO  hpde_io     ObservedRegion for this ID differs from first found value s/c ID = RBSP-A
2026-02-03T14:52:32.818212Z ERROR hpde_io       First value = ['Earth.Magnetosphere', 'Earth.Magnetosphere.Main', 'Earth.Magnetosphere.Plasmasphere', 'Earth.Magnetosphere.RadiationBelt', 'Earth.Magnetosphere.RingCurrent', 'Earth.NearSurface.EquatorialRegion']
2026-02-03T14:52:32.818242Z ERROR hpde_io       This value  = ['Earth.Magnetosphere.Main', 'Earth.Magnetosphere.Plasmasphere', 'Earth.Magnetosphere.RadiationBelt', 'Earth.Magnetosphere.RingCurrent']
2026-02-03T14:52:32.818267Z ERROR hpde_io        Combining values.
2026-02-03T14:52:32.818302Z ERROR hpde_io   RBSP-A_HFR-SPECTRA_EMFISIS-L2 (spase://NASA/NumericalData/RBSP/A/EMFISIS/HFR/L2/SPECTRA/PT6S):
2026-02-03T14:52:32.818327Z INFO  hpde_io     ObservedRegion for this ID differs from first found value s/c ID = RBSP-A
2026-02-03T14:52:32.818347Z ERROR hpde_io       First value = ['Earth.Magnetosphere', 'Earth.Magnetosphere.Main', 'Earth.Magnetosphere.Plasmasphere', 'Earth.Magnetosphere.RadiationBelt', 'Earth.Magnetosphere.RingCurrent', 'Earth.NearSurface.EquatorialRegion']
2026-02-03T14:52:32.818376Z ERROR hpde_io       This value  = ['Earth.Magnetosphere.Main', 'Earth.Magnetosphere.Plasmasphere', 'Earth.Magnetosphere.RadiationBelt', 'Earth.Magnetosphere.RingCurrent']
2026-02-03T14:52:32.818404Z ERROR hpde_io        Combining values.
2026-02-03T14:52:32.818441Z ERROR hpde_io   RBSP-A_HFR-WAVEFORM_EMFISIS-L2 (spase://NASA/NumericalData/RBSP/A/EMFISIS/HFR/L2/WAVEFORM):
2026-02-03T14:52:32.818468Z INFO  hpde_io     ObservedRegion for this ID differs from first found value s/c ID = RBSP-A
2026-02-03T14:52:32.818487Z ERROR hpde_io       First value = ['Earth.Magnetosphere', 'Earth.Magnetosphere.Main', 'Earth.Magnetosphere.Plasmasphere', 'Earth.Magnetosphere.RadiationBelt', 'Earth.Magnetosphere.RingCurrent', 'Earth.NearSurface.EquatorialRegion']
2026-02-03T14:52:32.818516Z ERROR hpde_io       This value  = ['Earth.Magnetosphere.Main', 'Earth.Magnetosphere.Plasmasphere', 'Earth.Magnetosphere.RadiationBelt', 'Earth.Magnetosphere.RingCurrent']
2026-02-03T14:52:32.818542Z ERROR hpde_io        Combining values.
2026-02-03T14:52:32.818577Z ERROR hpde_io   RBSP-A_MAGNETOMETER_1SEC-GEI_EMFISIS-L3 (spase://NASA/NumericalData/RBSP/A/EMFISIS/MAGNETOMETER/L3/GEI/PT1S):
2026-02-03T14:52:32.818609Z INFO  hpde_io     ObservedRegion for this ID differs from first found value s/c ID = RBSP-A
2026-02-03T14:52:32.818629Z ERROR hpde_io       First value = ['Earth.Magnetosphere', 'Earth.Magnetosphere.Main', 'Earth.Magnetosphere.Plasmasphere', 'Earth.Magnetosphere.RadiationBelt', 'Earth.Magnetosphere.RingCurrent', 'Earth.NearSurface.EquatorialRegion']
2026-02-03T14:52:32.818657Z ERROR hpde_io       This value  = ['Earth.Magnetosphere.Main', 'Earth.Magnetosphere.Plasmasphere', 'Earth.Magnetosphere.RadiationBelt', 'Earth.Magnetosphere.RingCurrent']
2026-02-03T14:52:32.818684Z ERROR hpde_io        Combining values.
2026-02-03T14:52:32.818713Z ERROR hpde_io   RBSP-A_MAGNETOMETER_1SEC-GEO_EMFISIS-L3 (spase://NASA/NumericalData/RBSP/A/EMFISIS/MAGNETOMETER/L3/GEO/PT1S):
2026-02-03T14:52:32.818739Z INFO  hpde_io     ObservedRegion for this ID differs from first found value s/c ID = RBSP-A
2026-02-03T14:52:32.818760Z ERROR hpde_io       First value = ['Earth.Magnetosphere', 'Earth.Magnetosphere.Main', 'Earth.Magnetosphere.Plasmasphere', 'Earth.Magnetosphere.RadiationBelt', 'Earth.Magnetosphere.RingCurrent', 'Earth.NearSurface.EquatorialRegion']
2026-02-03T14:52:32.818788Z ERROR hpde_io       This value  = ['Earth.Magnetosphere.Main', 'Earth.Magnetosphere.Plasmasphere', 'Earth.Magnetosphere.RadiationBelt', 'Earth.Magnetosphere.RingCurrent']
2026-02-03T14:52:32.818816Z ERROR hpde_io        Combining values.
2026-02-03T14:52:32.818847Z ERROR hpde_io   RBSP-A_MAGNETOMETER_1SEC-GSE_EMFISIS-L3 (spase://NASA/NumericalData/RBSP/A/EMFISIS/MAGNETOMETER/L3/GSE/PT1S):
2026-02-03T14:52:32.818875Z INFO  hpde_io     ObservedRegion for this ID differs from first found value s/c ID = RBSP-A
2026-02-03T14:52:32.818895Z ERROR hpde_io       First value = ['Earth.Magnetosphere', 'Earth.Magnetosphere.Main', 'Earth.Magnetosphere.Plasmasphere', 'Earth.Magnetosphere.RadiationBelt', 'Earth.Magnetosphere.RingCurrent', 'Earth.NearSurface.EquatorialRegion']
2026-02-03T14:52:32.818923Z ERROR hpde_io       This value  = ['Earth.Magnetosphere.Main', 'Earth.Magnetosphere.Plasmasphere', 'Earth.Magnetosphere.RadiationBelt', 'Earth.Magnetosphere.RingCurrent']
2026-02-03T14:52:32.818948Z ERROR hpde_io        Combining values.
2026-02-03T14:52:32.818980Z ERROR hpde_io   RBSP-A_MAGNETOMETER_1SEC-GSM_EMFISIS-L3 (spase://NASA/NumericalData/RBSP/A/EMFISIS/MAGNETOMETER/L3/GSM/PT1S):
2026-02-03T14:52:32.819003Z INFO  hpde_io     ObservedRegion for this ID differs from first found value s/c ID = RBSP-A
2026-02-03T14:52:32.819024Z ERROR hpde_io       First value = ['Earth.Magnetosphere', 'Earth.Magnetosphere.Main', 'Earth.Magnetosphere.Plasmasphere', 'Earth.Magnetosphere.RadiationBelt', 'Earth.Magnetosphere.RingCurrent', 'Earth.NearSurface.EquatorialRegion']
2026-02-03T14:52:32.819053Z ERROR hpde_io       This value  = ['Earth.Magnetosphere.Main', 'Earth.Magnetosphere.Plasmasphere', 'Earth.Magnetosphere.RadiationBelt', 'Earth.Magnetosphere.RingCurrent']
2026-02-03T14:52:32.819078Z ERROR hpde_io        Combining values.
2026-02-03T14:52:32.819107Z ERROR hpde_io   RBSP-A_MAGNETOMETER_1SEC-SM_EMFISIS-L3 (spase://NASA/NumericalData/RBSP/A/EMFISIS/MAGNETOMETER/L3/SM/PT1S):
2026-02-03T14:52:32.819134Z INFO  hpde_io     ObservedRegion for this ID differs from first found value s/c ID = RBSP-A
2026-02-03T14:52:32.819154Z ERROR hpde_io       First value = ['Earth.Magnetosphere', 'Earth.Magnetosphere.Main', 'Earth.Magnetosphere.Plasmasphere', 'Earth.Magnetosphere.RadiationBelt', 'Earth.Magnetosphere.RingCurrent', 'Earth.NearSurface.EquatorialRegion']
2026-02-03T14:52:32.819183Z ERROR hpde_io       This value  = ['Earth.Magnetosphere.Main', 'Earth.Magnetosphere.Plasmasphere', 'Earth.Magnetosphere.RadiationBelt', 'Earth.Magnetosphere.RingCurrent']
2026-02-03T14:52:32.819207Z ERROR hpde_io        Combining values.
2026-02-03T14:52:32.819237Z ERROR hpde_io   RBSP-A_MAGNETOMETER_4SEC-GEI_EMFISIS-L3 (spase://NASA/NumericalData/RBSP/A/EMFISIS/MAGNETOMETER/L3/GEI/PT4S):
2026-02-03T14:52:32.819263Z INFO  hpde_io     ObservedRegion for this ID differs from first found value s/c ID = RBSP-A
2026-02-03T14:52:32.819288Z ERROR hpde_io       First value = ['Earth.Magnetosphere', 'Earth.Magnetosphere.Main', 'Earth.Magnetosphere.Plasmasphere', 'Earth.Magnetosphere.RadiationBelt', 'Earth.Magnetosphere.RingCurrent', 'Earth.NearSurface.EquatorialRegion']
2026-02-03T14:52:32.819316Z ERROR hpde_io       This value  = ['Earth.Magnetosphere.Main', 'Earth.Magnetosphere.Plasmasphere', 'Earth.Magnetosphere.RadiationBelt', 'Earth.Magnetosphere.RingCurrent']
2026-02-03T14:52:32.819341Z ERROR hpde_io        Combining values.
2026-02-03T14:52:32.819371Z ERROR hpde_io   RBSP-A_MAGNETOMETER_4SEC-GEO_EMFISIS-L3 (spase://NASA/NumericalData/RBSP/A/EMFISIS/MAGNETOMETER/L3/GEO/PT4S):
2026-02-03T14:52:32.819399Z INFO  hpde_io     ObservedRegion for this ID differs from first found value s/c ID = RBSP-A
2026-02-03T14:52:32.819419Z ERROR hpde_io       First value = ['Earth.Magnetosphere', 'Earth.Magnetosphere.Main', 'Earth.Magnetosphere.Plasmasphere', 'Earth.Magnetosphere.RadiationBelt', 'Earth.Magnetosphere.RingCurrent', 'Earth.NearSurface.EquatorialRegion']
2026-02-03T14:52:32.819448Z ERROR hpde_io       This value  = ['Earth.Magnetosphere.Main', 'Earth.Magnetosphere.Plasmasphere', 'Earth.Magnetosphere.RadiationBelt', 'Earth.Magnetosphere.RingCurrent']
2026-02-03T14:52:32.819475Z ERROR hpde_io        Combining values.
2026-02-03T14:52:32.819505Z ERROR hpde_io   RBSP-A_MAGNETOMETER_4SEC-GSE_EMFISIS-L3 (spase://NASA/NumericalData/RBSP/A/EMFISIS/MAGNETOMETER/L3/GSE/PT4S):
2026-02-03T14:52:32.819529Z INFO  hpde_io     ObservedRegion for this ID differs from first found value s/c ID = RBSP-A
2026-02-03T14:52:32.819547Z ERROR hpde_io       First value = ['Earth.Magnetosphere', 'Earth.Magnetosphere.Main', 'Earth.Magnetosphere.Plasmasphere', 'Earth.Magnetosphere.RadiationBelt', 'Earth.Magnetosphere.RingCurrent', 'Earth.NearSurface.EquatorialRegion']
2026-02-03T14:52:32.819576Z ERROR hpde_io       This value  = ['Earth.Magnetosphere.Main', 'Earth.Magnetosphere.Plasmasphere', 'Earth.Magnetosphere.RadiationBelt', 'Earth.Magnetosphere.RingCurrent']
2026-02-03T14:52:32.819601Z ERROR hpde_io        Combining values.
2026-02-03T14:52:32.819633Z ERROR hpde_io   RBSP-A_MAGNETOMETER_4SEC-GSM_EMFISIS-L3 (spase://NASA/NumericalData/RBSP/A/EMFISIS/MAGNETOMETER/L3/GSM/PT4S):
2026-02-03T14:52:32.819660Z INFO  hpde_io     ObservedRegion for this ID differs from first found value s/c ID = RBSP-A
2026-02-03T14:52:32.819680Z ERROR hpde_io       First value = ['Earth.Magnetosphere', 'Earth.Magnetosphere.Main', 'Earth.Magnetosphere.Plasmasphere', 'Earth.Magnetosphere.RadiationBelt', 'Earth.Magnetosphere.RingCurrent', 'Earth.NearSurface.EquatorialRegion']
2026-02-03T14:52:32.819707Z ERROR hpde_io       This value  = ['Earth.Magnetosphere.Main', 'Earth.Magnetosphere.Plasmasphere', 'Earth.Magnetosphere.RadiationBelt', 'Earth.Magnetosphere.RingCurrent']
2026-02-03T14:52:32.819733Z ERROR hpde_io        Combining values.
2026-02-03T14:52:32.819764Z ERROR hpde_io   RBSP-A_MAGNETOMETER_4SEC-SM_EMFISIS-L3 (spase://NASA/NumericalData/RBSP/A/EMFISIS/MAGNETOMETER/L3/SM/PT4S):
2026-02-03T14:52:32.819793Z INFO  hpde_io     ObservedRegion for this ID differs from first found value s/c ID = RBSP-A
2026-02-03T14:52:32.819810Z ERROR hpde_io       First value = ['Earth.Magnetosphere', 'Earth.Magnetosphere.Main', 'Earth.Magnetosphere.Plasmasphere', 'Earth.Magnetosphere.RadiationBelt', 'Earth.Magnetosphere.RingCurrent', 'Earth.NearSurface.EquatorialRegion']
2026-02-03T14:52:32.819836Z ERROR hpde_io       This value  = ['Earth.Magnetosphere.Main', 'Earth.Magnetosphere.Plasmasphere', 'Earth.Magnetosphere.RadiationBelt', 'Earth.Magnetosphere.RingCurrent']
2026-02-03T14:52:32.819864Z ERROR hpde_io        Combining values.
2026-02-03T14:52:32.819894Z ERROR hpde_io   RBSP-A_MAGNETOMETER_HIRES-GEI_EMFISIS-L3 (spase://NASA/NumericalData/RBSP/A/EMFISIS/MAGNETOMETER/L3/GEI/PT0.015625S):
2026-02-03T14:52:32.819922Z INFO  hpde_io     ObservedRegion for this ID differs from first found value s/c ID = RBSP-A
2026-02-03T14:52:32.819940Z ERROR hpde_io       First value = ['Earth.Magnetosphere', 'Earth.Magnetosphere.Main', 'Earth.Magnetosphere.Plasmasphere', 'Earth.Magnetosphere.RadiationBelt', 'Earth.Magnetosphere.RingCurrent', 'Earth.NearSurface.EquatorialRegion']
2026-02-03T14:52:32.819968Z ERROR hpde_io       This value  = ['Earth.Magnetosphere.Main', 'Earth.Magnetosphere.Plasmasphere', 'Earth.Magnetosphere.RadiationBelt', 'Earth.Magnetosphere.RingCurrent']
2026-02-03T14:52:32.819993Z ERROR hpde_io        Combining values.
2026-02-03T14:52:32.820023Z ERROR hpde_io   RBSP-A_MAGNETOMETER_HIRES-GEO_EMFISIS-L3 (spase://NASA/NumericalData/RBSP/A/EMFISIS/MAGNETOMETER/L3/GEO/PT0.015625S):
2026-02-03T14:52:32.820051Z INFO  hpde_io     ObservedRegion for this ID differs from first found value s/c ID = RBSP-A
2026-02-03T14:52:32.820071Z ERROR hpde_io       First value = ['Earth.Magnetosphere', 'Earth.Magnetosphere.Main', 'Earth.Magnetosphere.Plasmasphere', 'Earth.Magnetosphere.RadiationBelt', 'Earth.Magnetosphere.RingCurrent', 'Earth.NearSurface.EquatorialRegion']
2026-02-03T14:52:32.820100Z ERROR hpde_io       This value  = ['Earth.Magnetosphere.Main', 'Earth.Magnetosphere.Plasmasphere', 'Earth.Magnetosphere.RadiationBelt', 'Earth.Magnetosphere.RingCurrent']
2026-02-03T14:52:32.820124Z ERROR hpde_io        Combining values.
2026-02-03T14:52:32.820154Z ERROR hpde_io   RBSP-A_MAGNETOMETER_HIRES-GSE_EMFISIS-L3 (spase://NASA/NumericalData/RBSP/A/EMFISIS/MAGNETOMETER/L3/GSE/PT0.015625S):
2026-02-03T14:52:32.820179Z INFO  hpde_io     ObservedRegion for this ID differs from first found value s/c ID = RBSP-A
2026-02-03T14:52:32.820197Z ERROR hpde_io       First value = ['Earth.Magnetosphere', 'Earth.Magnetosphere.Main', 'Earth.Magnetosphere.Plasmasphere', 'Earth.Magnetosphere.RadiationBelt', 'Earth.Magnetosphere.RingCurrent', 'Earth.NearSurface.EquatorialRegion']
2026-02-03T14:52:32.820225Z ERROR hpde_io       This value  = ['Earth.Magnetosphere.Main', 'Earth.Magnetosphere.Plasmasphere', 'Earth.Magnetosphere.RadiationBelt', 'Earth.Magnetosphere.RingCurrent']
2026-02-03T14:52:32.820251Z ERROR hpde_io        Combining values.
2026-02-03T14:52:32.820281Z ERROR hpde_io   RBSP-A_MAGNETOMETER_HIRES-GSM_EMFISIS-L3 (spase://NASA/NumericalData/RBSP/A/EMFISIS/MAGNETOMETER/L3/GSM/PT0.015625S):
2026-02-03T14:52:32.820304Z INFO  hpde_io     ObservedRegion for this ID differs from first found value s/c ID = RBSP-A
2026-02-03T14:52:32.820322Z ERROR hpde_io       First value = ['Earth.Magnetosphere', 'Earth.Magnetosphere.Main', 'Earth.Magnetosphere.Plasmasphere', 'Earth.Magnetosphere.RadiationBelt', 'Earth.Magnetosphere.RingCurrent', 'Earth.NearSurface.EquatorialRegion']
2026-02-03T14:52:32.820350Z ERROR hpde_io       This value  = ['Earth.Magnetosphere.Main', 'Earth.Magnetosphere.Plasmasphere', 'Earth.Magnetosphere.RadiationBelt', 'Earth.Magnetosphere.RingCurrent']
2026-02-03T14:52:32.820376Z ERROR hpde_io        Combining values.
2026-02-03T14:52:32.820406Z ERROR hpde_io   RBSP-A_MAGNETOMETER_HIRES-SM_EMFISIS-L3 (spase://NASA/NumericalData/RBSP/A/EMFISIS/MAGNETOMETER/L3/SM/PT0.015625S):
2026-02-03T14:52:32.820433Z INFO  hpde_io     ObservedRegion for this ID differs from first found value s/c ID = RBSP-A
2026-02-03T14:52:32.820454Z ERROR hpde_io       First value = ['Earth.Magnetosphere', 'Earth.Magnetosphere.Main', 'Earth.Magnetosphere.Plasmasphere', 'Earth.Magnetosphere.RadiationBelt', 'Earth.Magnetosphere.RingCurrent', 'Earth.NearSurface.EquatorialRegion']
2026-02-03T14:52:32.820482Z ERROR hpde_io       This value  = ['Earth.Magnetosphere.Main', 'Earth.Magnetosphere.Plasmasphere', 'Earth.Magnetosphere.RadiationBelt', 'Earth.Magnetosphere.RingCurrent']
2026-02-03T14:52:32.820508Z ERROR hpde_io        Combining values.
2026-02-03T14:52:32.820539Z ERROR hpde_io   RBSP-A_MAGNETOMETER_UVW_EMFISIS-L2 (spase://NASA/NumericalData/RBSP/A/EMFISIS/MAGNETOMETER/L2/UVW):
2026-02-03T14:52:32.820566Z INFO  hpde_io     ObservedRegion for this ID differs from first found value s/c ID = RBSP-A
2026-02-03T14:52:32.820586Z ERROR hpde_io       First value = ['Earth.Magnetosphere', 'Earth.Magnetosphere.Main', 'Earth.Magnetosphere.Plasmasphere', 'Earth.Magnetosphere.RadiationBelt', 'Earth.Magnetosphere.RingCurrent', 'Earth.NearSurface.EquatorialRegion']
2026-02-03T14:52:32.820613Z ERROR hpde_io       This value  = ['Earth.Magnetosphere.Main', 'Earth.Magnetosphere.Plasmasphere', 'Earth.Magnetosphere.RadiationBelt', 'Earth.Magnetosphere.RingCurrent']
2026-02-03T14:52:32.820638Z ERROR hpde_io        Combining values.
2026-02-03T14:52:32.820669Z ERROR hpde_io   RBSP-A_WFR-SPECTRAL-MATRIX-DIAGONAL-MERGED_EMFISIS-L2 (spase://NASA/NumericalData/RBSP/A/EMFISIS/WFR/L2/SPECTRAL-MATRIX-DIAGONAL-MERGED/PT6S):
2026-02-03T14:52:32.820693Z INFO  hpde_io     ObservedRegion for this ID differs from first found value s/c ID = RBSP-A
2026-02-03T14:52:32.820712Z ERROR hpde_io       First value = ['Earth.Magnetosphere', 'Earth.Magnetosphere.Main', 'Earth.Magnetosphere.Plasmasphere', 'Earth.Magnetosphere.RadiationBelt', 'Earth.Magnetosphere.RingCurrent', 'Earth.NearSurface.EquatorialRegion']
2026-02-03T14:52:32.820740Z ERROR hpde_io       This value  = ['Earth.Magnetosphere.Main', 'Earth.Magnetosphere.Plasmasphere', 'Earth.Magnetosphere.RadiationBelt', 'Earth.Magnetosphere.RingCurrent']
2026-02-03T14:52:32.820765Z ERROR hpde_io        Combining values.
2026-02-03T14:52:32.820797Z ERROR hpde_io   RBSP-A_WFR-SPECTRAL-MATRIX-DIAGONAL_EMFISIS-L2 (spase://NASA/NumericalData/RBSP/A/EMFISIS/WFR/L2/SPECTRAL-MATRIX-DIAGONAL/PT6S):
2026-02-03T14:52:32.820824Z INFO  hpde_io     ObservedRegion for this ID differs from first found value s/c ID = RBSP-A
2026-02-03T14:52:32.820845Z ERROR hpde_io       First value = ['Earth.Magnetosphere', 'Earth.Magnetosphere.Main', 'Earth.Magnetosphere.Plasmasphere', 'Earth.Magnetosphere.RadiationBelt', 'Earth.Magnetosphere.RingCurrent', 'Earth.NearSurface.EquatorialRegion']
2026-02-03T14:52:32.820874Z ERROR hpde_io       This value  = ['Earth.Magnetosphere.Main', 'Earth.Magnetosphere.Plasmasphere', 'Earth.Magnetosphere.RadiationBelt', 'Earth.Magnetosphere.RingCurrent']
2026-02-03T14:52:32.820900Z ERROR hpde_io        Combining values.
2026-02-03T14:52:32.820933Z ERROR hpde_io   RBSP-A_WFR-SPECTRAL-MATRIX_EMFISIS-L2 (spase://VSPO/NumericalData/RBSP/A/EMFISIS/WFR/L2/SPECTRAL-MATRIX/PT6S):
2026-02-03T14:52:32.820959Z INFO  hpde_io     ObservedRegion for this ID differs from first found value s/c ID = RBSP-A
2026-02-03T14:52:32.820979Z ERROR hpde_io       First value = ['Earth.Magnetosphere', 'Earth.Magnetosphere.Main', 'Earth.Magnetosphere.Plasmasphere', 'Earth.Magnetosphere.RadiationBelt', 'Earth.Magnetosphere.RingCurrent', 'Earth.NearSurface.EquatorialRegion']
2026-02-03T14:52:32.821008Z ERROR hpde_io       This value  = ['Earth.Magnetosphere', 'Earth.Magnetosphere.Main', 'Earth.Magnetosphere.RadiationBelt', 'Earth.NearSurface.EquatorialRegion']
2026-02-03T14:52:32.821035Z ERROR hpde_io        Combining values.
2026-02-03T14:52:32.821068Z ERROR hpde_io   RBSP-A_WFR-WAVEFORM-CONTINUOUS-BURST_EMFISIS-L2 (spase://NASA/NumericalData/RBSP/A/EMFISIS/WFR/L2/WaveformContinuousBurst/PT6S):
2026-02-03T14:52:32.821092Z INFO  hpde_io     ObservedRegion for this ID differs from first found value s/c ID = RBSP-A
2026-02-03T14:52:32.821112Z ERROR hpde_io       First value = ['Earth.Magnetosphere', 'Earth.Magnetosphere.Main', 'Earth.Magnetosphere.Plasmasphere', 'Earth.Magnetosphere.RadiationBelt', 'Earth.Magnetosphere.RingCurrent', 'Earth.NearSurface.EquatorialRegion']
2026-02-03T14:52:32.821140Z ERROR hpde_io       This value  = ['Earth.Magnetosphere', 'Earth.Magnetosphere.Main', 'Earth.Magnetosphere.RadiationBelt', 'Earth.NearSurface.EquatorialRegion']
2026-02-03T14:52:32.821166Z ERROR hpde_io        Combining values.
2026-02-03T14:52:32.821196Z ERROR hpde_io   RBSP-A_WFR-WAVEFORM_EMFISIS-L2 (spase://NASA/NumericalData/RBSP/A/EMFISIS/WFR/L2/WAVEFORM/PT6S):
2026-02-03T14:52:32.821224Z INFO  hpde_io     ObservedRegion for this ID differs from first found value s/c ID = RBSP-A
2026-02-03T14:52:32.821243Z ERROR hpde_io       First value = ['Earth.Magnetosphere', 'Earth.Magnetosphere.Main', 'Earth.Magnetosphere.Plasmasphere', 'Earth.Magnetosphere.RadiationBelt', 'Earth.Magnetosphere.RingCurrent', 'Earth.NearSurface.EquatorialRegion']
2026-02-03T14:52:32.821277Z ERROR hpde_io       This value  = ['Earth.Magnetosphere.Main', 'Earth.Magnetosphere.Plasmasphere', 'Earth.Magnetosphere.RadiationBelt', 'Earth.Magnetosphere.RingCurrent']
2026-02-03T14:52:32.821304Z ERROR hpde_io        Combining values.
2026-02-03T14:52:32.821335Z ERROR hpde_io   RBSP-A_WNA-SURVEY-SHEATH-CORRECTED-E_EMFISIS-L4 (spase://NASA/NumericalData/RBSP/A/EMFISIS/WFR/L4/WaveNormalAngle_Sheath-Corrected-E/PT6S):
2026-02-03T14:52:32.821362Z INFO  hpde_io     ObservedRegion for this ID differs from first found value s/c ID = RBSP-A
2026-02-03T14:52:32.821381Z ERROR hpde_io       First value = ['Earth.Magnetosphere', 'Earth.Magnetosphere.Main', 'Earth.Magnetosphere.Plasmasphere', 'Earth.Magnetosphere.RadiationBelt', 'Earth.Magnetosphere.RingCurrent', 'Earth.NearSurface.EquatorialRegion']
2026-02-03T14:52:32.821410Z ERROR hpde_io       This value  = ['Earth.Magnetosphere', 'Earth.Magnetosphere.Main', 'Earth.Magnetosphere.Plasmasphere', 'Earth.Magnetosphere.RadiationBelt', 'Earth.Magnetosphere.RingCurrent', 'Earth.NearSurface.MidLatitudeRegion']
2026-02-03T14:52:32.821437Z ERROR hpde_io        Combining values.
2026-02-03T14:52:32.821468Z INFO  hpde_io   RBSP-B-RBSPICE_LEV-2_ESRHELT (spase://NASA/NumericalData/RBSP/B/RBSPICE/L2/ESRHELT):
2026-02-03T14:52:32.821490Z INFO  hpde_io      Found first ObservedRegion in RBSP-B-RBSPICE_LEV-2_ESRHELT for s/c ID = RBSP-B-RBSPICE: ['Earth.Magnetosphere.RingCurrent', 'Earth.Magnetosphere.RadiationBelt', 'Earth.Magnetosphere.Plasmasphere', 'Earth.Magnetosphere.Main']
2026-02-03T14:52:32.821542Z ERROR hpde_io   RBSP-B-RBSPICE_LEV-3-PAP_ESRHELT (spase://NASA/NumericalData/RBSP/B/RBSPICE/L3/PAP/ESRHELT/PT10.9S):
2026-02-03T14:52:32.821568Z INFO  hpde_io     ObservedRegion for this ID differs from first found value s/c ID = RBSP-B-RBSPICE
2026-02-03T14:52:32.821589Z ERROR hpde_io       First value = ['Earth.Magnetosphere.Main', 'Earth.Magnetosphere.Plasmasphere', 'Earth.Magnetosphere.RadiationBelt', 'Earth.Magnetosphere.RingCurrent']
2026-02-03T14:52:32.821620Z ERROR hpde_io       This value  = ['Earth.Magnetosphere', 'Earth.Magnetosphere.Main', 'Earth.Magnetosphere.RadiationBelt', 'Earth.NearSurface.EquatorialRegion']
2026-02-03T14:52:32.821646Z ERROR hpde_io        Combining values.
2026-02-03T14:52:32.821678Z ERROR hpde_io   RBSP-B-RBSPICE_LEV-3-PAP_ESRLEHT (spase://NASA/NumericalData/RBSP/B/RBSPICE/L3/PAP/ESRLEHT/PT10.9S):
2026-02-03T14:52:32.821702Z INFO  hpde_io     ObservedRegion for this ID differs from first found value s/c ID = RBSP-B-RBSPICE
2026-02-03T14:52:32.821721Z ERROR hpde_io       First value = ['Earth.Magnetosphere', 'Earth.Magnetosphere.Main', 'Earth.Magnetosphere.Plasmasphere', 'Earth.Magnetosphere.RadiationBelt', 'Earth.Magnetosphere.RingCurrent', 'Earth.NearSurface.EquatorialRegion']
2026-02-03T14:52:32.821750Z ERROR hpde_io       This value  = ['Earth.Magnetosphere', 'Earth.Magnetosphere.Main', 'Earth.Magnetosphere.RadiationBelt', 'Earth.NearSurface.EquatorialRegion']
2026-02-03T14:52:32.821776Z ERROR hpde_io        Combining values.
2026-02-03T14:52:32.821807Z ERROR hpde_io   RBSP-B-RBSPICE_LEV-3-PAP_TOFXEH (spase://NASA/NumericalData/RBSP/B/RBSPICE/L3/PAP/TOFXEH/PT10.9S):
2026-02-03T14:52:32.821832Z INFO  hpde_io     ObservedRegion for this ID differs from first found value s/c ID = RBSP-B-RBSPICE
2026-02-03T14:52:32.821852Z ERROR hpde_io       First value = ['Earth.Magnetosphere', 'Earth.Magnetosphere.Main', 'Earth.Magnetosphere.Plasmasphere', 'Earth.Magnetosphere.RadiationBelt', 'Earth.Magnetosphere.RingCurrent', 'Earth.NearSurface.EquatorialRegion']
2026-02-03T14:52:32.821880Z ERROR hpde_io       This value  = ['Earth.Magnetosphere', 'Earth.Magnetosphere.Main', 'Earth.Magnetosphere.RadiationBelt', 'Earth.NearSurface.EquatorialRegion']
2026-02-03T14:52:32.821907Z ERROR hpde_io        Combining values.
2026-02-03T14:52:32.821936Z ERROR hpde_io   RBSP-B-RBSPICE_LEV-3-PAP_TOFXEHE (spase://NASA/NumericalData/RBSP/B/RBSPICE/L3/PAP/TOFXEHE/PT10.9S):
2026-02-03T14:52:32.821962Z INFO  hpde_io     ObservedRegion for this ID differs from first found value s/c ID = RBSP-B-RBSPICE
2026-02-03T14:52:32.821981Z ERROR hpde_io       First value = ['Earth.Magnetosphere', 'Earth.Magnetosphere.Main', 'Earth.Magnetosphere.Plasmasphere', 'Earth.Magnetosphere.RadiationBelt', 'Earth.Magnetosphere.RingCurrent', 'Earth.NearSurface.EquatorialRegion']
2026-02-03T14:52:32.822009Z ERROR hpde_io       This value  = ['Earth.Magnetosphere', 'Earth.Magnetosphere.Main', 'Earth.Magnetosphere.RadiationBelt', 'Earth.NearSurface.EquatorialRegion']
2026-02-03T14:52:32.822035Z ERROR hpde_io        Combining values.
2026-02-03T14:52:32.822064Z ERROR hpde_io   RBSP-B-RBSPICE_LEV-3-PAP_TOFXEHE-0 (spase://NASA/NumericalData/RBSP/B/RBSPICE/L3/PAP/TOFXEHE-0/PT10.9S):
2026-02-03T14:52:32.822090Z INFO  hpde_io     ObservedRegion for this ID differs from first found value s/c ID = RBSP-B-RBSPICE
2026-02-03T14:52:32.822111Z ERROR hpde_io       First value = ['Earth.Magnetosphere', 'Earth.Magnetosphere.Main', 'Earth.Magnetosphere.Plasmasphere', 'Earth.Magnetosphere.RadiationBelt', 'Earth.Magnetosphere.RingCurrent', 'Earth.NearSurface.EquatorialRegion']
2026-02-03T14:52:32.822137Z ERROR hpde_io       This value  = ['Earth.Magnetosphere', 'Earth.Magnetosphere.Main', 'Earth.Magnetosphere.RadiationBelt', 'Earth.NearSurface.EquatorialRegion']
2026-02-03T14:52:32.822163Z ERROR hpde_io        Combining values.
2026-02-03T14:52:32.822194Z ERROR hpde_io   RBSP-B-RBSPICE_LEV-3-PAP_TOFXEION (spase://NASA/NumericalData/RBSP/B/RBSPICE/L3/PAP/TOFXEION/PT10.9S):
2026-02-03T14:52:32.822221Z INFO  hpde_io     ObservedRegion for this ID differs from first found value s/c ID = RBSP-B-RBSPICE
2026-02-03T14:52:32.822241Z ERROR hpde_io       First value = ['Earth.Magnetosphere', 'Earth.Magnetosphere.Main', 'Earth.Magnetosphere.Plasmasphere', 'Earth.Magnetosphere.RadiationBelt', 'Earth.Magnetosphere.RingCurrent', 'Earth.NearSurface.EquatorialRegion']
2026-02-03T14:52:32.822266Z ERROR hpde_io       This value  = ['Earth.Magnetosphere', 'Earth.Magnetosphere.Main', 'Earth.Magnetosphere.RadiationBelt', 'Earth.NearSurface.EquatorialRegion']
2026-02-03T14:52:32.822292Z ERROR hpde_io        Combining values.
2026-02-03T14:52:32.822324Z ERROR hpde_io   RBSP-B-RBSPICE_LEV-3-PAP_TOFXEO (spase://NASA/NumericalData/RBSP/B/RBSPICE/L3/PAP/TOFXEO/PT10.9S):
2026-02-03T14:52:32.822347Z INFO  hpde_io     ObservedRegion for this ID differs from first found value s/c ID = RBSP-B-RBSPICE
2026-02-03T14:52:32.822366Z ERROR hpde_io       First value = ['Earth.Magnetosphere', 'Earth.Magnetosphere.Main', 'Earth.Magnetosphere.Plasmasphere', 'Earth.Magnetosphere.RadiationBelt', 'Earth.Magnetosphere.RingCurrent', 'Earth.NearSurface.EquatorialRegion']
2026-02-03T14:52:32.822394Z ERROR hpde_io       This value  = ['Earth.Magnetosphere', 'Earth.Magnetosphere.Main', 'Earth.Magnetosphere.RadiationBelt', 'Earth.NearSurface.EquatorialRegion']
2026-02-03T14:52:32.822417Z ERROR hpde_io        Combining values.
2026-02-03T14:52:32.822449Z ERROR hpde_io   RBSP-B-RBSPICE_LEV-3-PAP_TOFXEO-0 (spase://NASA/NumericalData/RBSP/B/RBSPICE/L3/PAP/TOFXEO-0/PT10.9S):
2026-02-03T14:52:32.822474Z INFO  hpde_io     ObservedRegion for this ID differs from first found value s/c ID = RBSP-B-RBSPICE
2026-02-03T14:52:32.822493Z ERROR hpde_io       First value = ['Earth.Magnetosphere', 'Earth.Magnetosphere.Main', 'Earth.Magnetosphere.Plasmasphere', 'Earth.Magnetosphere.RadiationBelt', 'Earth.Magnetosphere.RingCurrent', 'Earth.NearSurface.EquatorialRegion']
2026-02-03T14:52:32.822521Z ERROR hpde_io       This value  = ['Earth.Magnetosphere', 'Earth.Magnetosphere.Main', 'Earth.Magnetosphere.RadiationBelt', 'Earth.NearSurface.EquatorialRegion']
2026-02-03T14:52:32.822547Z ERROR hpde_io        Combining values.
2026-02-03T14:52:32.822578Z ERROR hpde_io   RBSP-B-RBSPICE_LEV-3-PAP_TOFXPHHHELT (spase://NASA/NumericalData/RBSP/B/RBSPICE/L3/PAP/TOFXPHHHELT/PT10.9S):
2026-02-03T14:52:32.822605Z INFO  hpde_io     ObservedRegion for this ID differs from first found value s/c ID = RBSP-B-RBSPICE
2026-02-03T14:52:32.822626Z ERROR hpde_io       First value = ['Earth.Magnetosphere', 'Earth.Magnetosphere.Main', 'Earth.Magnetosphere.Plasmasphere', 'Earth.Magnetosphere.RadiationBelt', 'Earth.Magnetosphere.RingCurrent', 'Earth.NearSurface.EquatorialRegion']
2026-02-03T14:52:32.822654Z ERROR hpde_io       This value  = ['Earth.Magnetosphere', 'Earth.Magnetosphere.Main', 'Earth.Magnetosphere.RadiationBelt', 'Earth.NearSurface.EquatorialRegion']
2026-02-03T14:52:32.822678Z ERROR hpde_io        Combining values.
2026-02-03T14:52:32.822708Z ERROR hpde_io   RBSP-B-RBSPICE_LEV-3-PAP_TOFXPHHLEHT (spase://NASA/NumericalData/RBSP/B/RBSPICE/L3/PAP/TOFXPHHLEHT/PT10.9S):
2026-02-03T14:52:32.822731Z INFO  hpde_io     ObservedRegion for this ID differs from first found value s/c ID = RBSP-B-RBSPICE
2026-02-03T14:52:32.822750Z ERROR hpde_io       First value = ['Earth.Magnetosphere', 'Earth.Magnetosphere.Main', 'Earth.Magnetosphere.Plasmasphere', 'Earth.Magnetosphere.RadiationBelt', 'Earth.Magnetosphere.RingCurrent', 'Earth.NearSurface.EquatorialRegion']
2026-02-03T14:52:32.822778Z ERROR hpde_io       This value  = ['Earth.Magnetosphere', 'Earth.Magnetosphere.Main', 'Earth.Magnetosphere.RadiationBelt', 'Earth.NearSurface.EquatorialRegion']
2026-02-03T14:52:32.822804Z ERROR hpde_io        Combining values.
2026-02-03T14:52:32.822835Z ERROR hpde_io   RBSP-B-RBSPICE_LEV-3-PAP_TOFXPHOHELT (spase://NASA/NumericalData/RBSP/B/RBSPICE/L3/PAP/TOFXPHOHELT/PT10.9S):
2026-02-03T14:52:32.822862Z INFO  hpde_io     ObservedRegion for this ID differs from first found value s/c ID = RBSP-B-RBSPICE
2026-02-03T14:52:32.822882Z ERROR hpde_io       First value = ['Earth.Magnetosphere', 'Earth.Magnetosphere.Main', 'Earth.Magnetosphere.Plasmasphere', 'Earth.Magnetosphere.RadiationBelt', 'Earth.Magnetosphere.RingCurrent', 'Earth.NearSurface.EquatorialRegion']
2026-02-03T14:52:32.822909Z ERROR hpde_io       This value  = ['Earth.Magnetosphere', 'Earth.Magnetosphere.Main', 'Earth.Magnetosphere.RadiationBelt', 'Earth.NearSurface.EquatorialRegion']
2026-02-03T14:52:32.823024Z ERROR hpde_io        Combining values.
2026-02-03T14:52:32.823068Z ERROR hpde_io   RBSP-B-RBSPICE_LEV-3-PAP_TOFXPHOLEHT (spase://NASA/NumericalData/RBSP/B/RBSPICE/L3/PAP/TOFXPHOLEHT/PT10.9S):
2026-02-03T14:52:32.823092Z INFO  hpde_io     ObservedRegion for this ID differs from first found value s/c ID = RBSP-B-RBSPICE
2026-02-03T14:52:32.823113Z ERROR hpde_io       First value = ['Earth.Magnetosphere', 'Earth.Magnetosphere.Main', 'Earth.Magnetosphere.Plasmasphere', 'Earth.Magnetosphere.RadiationBelt', 'Earth.Magnetosphere.RingCurrent', 'Earth.NearSurface.EquatorialRegion']
2026-02-03T14:52:32.823139Z ERROR hpde_io       This value  = ['Earth.Magnetosphere', 'Earth.Magnetosphere.Main', 'Earth.Magnetosphere.RadiationBelt', 'Earth.NearSurface.EquatorialRegion']
2026-02-03T14:52:32.823162Z ERROR hpde_io        Combining values.
2026-02-03T14:52:32.823190Z ERROR hpde_io   RBSP-B-RBSPICE_LEV-3_ESRHELT (spase://NASA/NumericalData/RBSP/B/RBSPICE/L3/ESRHELT):
2026-02-03T14:52:32.823211Z INFO  hpde_io     ObservedRegion for this ID differs from first found value s/c ID = RBSP-B-RBSPICE
2026-02-03T14:52:32.823231Z ERROR hpde_io       First value = ['Earth.Magnetosphere', 'Earth.Magnetosphere.Main', 'Earth.Magnetosphere.Plasmasphere', 'Earth.Magnetosphere.RadiationBelt', 'Earth.Magnetosphere.RingCurrent', 'Earth.NearSurface.EquatorialRegion']
2026-02-03T14:52:32.823257Z ERROR hpde_io       This value  = ['Earth.Magnetosphere.Main', 'Earth.Magnetosphere.Plasmasphere', 'Earth.Magnetosphere.RadiationBelt', 'Earth.Magnetosphere.RingCurrent']
2026-02-03T14:52:32.823278Z ERROR hpde_io        Combining values.
2026-02-03T14:52:32.823302Z ERROR hpde_io   RBSP-B-RBSPICE_LEV-3_ESRLEHT (spase://NASA/NumericalData/RBSP/B/RBSPICE/L3/ESRLEHT):
2026-02-03T14:52:32.823324Z INFO  hpde_io     ObservedRegion for this ID differs from first found value s/c ID = RBSP-B-RBSPICE
2026-02-03T14:52:32.823341Z ERROR hpde_io       First value = ['Earth.Magnetosphere', 'Earth.Magnetosphere.Main', 'Earth.Magnetosphere.Plasmasphere', 'Earth.Magnetosphere.RadiationBelt', 'Earth.Magnetosphere.RingCurrent', 'Earth.NearSurface.EquatorialRegion']
2026-02-03T14:52:32.823362Z ERROR hpde_io       This value  = ['Earth.Magnetosphere.Main', 'Earth.Magnetosphere.Plasmasphere', 'Earth.Magnetosphere.RadiationBelt', 'Earth.Magnetosphere.RingCurrent']
2026-02-03T14:52:32.823383Z ERROR hpde_io        Combining values.
2026-02-03T14:52:32.823407Z ERROR hpde_io   RBSP-B-RBSPICE_LEV-3_ISRHELT (spase://NASA/NumericalData/RBSP/B/RBSPICE/L3/ISRHELT):
2026-02-03T14:52:32.823430Z INFO  hpde_io     ObservedRegion for this ID differs from first found value s/c ID = RBSP-B-RBSPICE
2026-02-03T14:52:32.823446Z ERROR hpde_io       First value = ['Earth.Magnetosphere', 'Earth.Magnetosphere.Main', 'Earth.Magnetosphere.Plasmasphere', 'Earth.Magnetosphere.RadiationBelt', 'Earth.Magnetosphere.RingCurrent', 'Earth.NearSurface.EquatorialRegion']
2026-02-03T14:52:32.823467Z ERROR hpde_io       This value  = ['Earth.Magnetosphere.Main', 'Earth.Magnetosphere.Plasmasphere', 'Earth.Magnetosphere.RadiationBelt', 'Earth.Magnetosphere.RingCurrent']
2026-02-03T14:52:32.823489Z ERROR hpde_io        Combining values.
2026-02-03T14:52:32.823514Z ERROR hpde_io   RBSP-B-RBSPICE_LEV-3_TOFXEH (spase://NASA/NumericalData/RBSP/B/RBSPICE/L3/TOFXEH):
2026-02-03T14:52:32.823534Z INFO  hpde_io     ObservedRegion for this ID differs from first found value s/c ID = RBSP-B-RBSPICE
2026-02-03T14:52:32.823552Z ERROR hpde_io       First value = ['Earth.Magnetosphere', 'Earth.Magnetosphere.Main', 'Earth.Magnetosphere.Plasmasphere', 'Earth.Magnetosphere.RadiationBelt', 'Earth.Magnetosphere.RingCurrent', 'Earth.NearSurface.EquatorialRegion']
2026-02-03T14:52:32.823575Z ERROR hpde_io       This value  = ['Earth.Magnetosphere.Main', 'Earth.Magnetosphere.Plasmasphere', 'Earth.Magnetosphere.RadiationBelt', 'Earth.Magnetosphere.RingCurrent']
2026-02-03T14:52:32.823600Z ERROR hpde_io        Combining values.
2026-02-03T14:52:32.823625Z ERROR hpde_io   RBSP-B-RBSPICE_LEV-3_TOFXEION (spase://NASA/NumericalData/RBSP/B/RBSPICE/L3/TOFXEION):
2026-02-03T14:52:32.823646Z INFO  hpde_io     ObservedRegion for this ID differs from first found value s/c ID = RBSP-B-RBSPICE
2026-02-03T14:52:32.823662Z ERROR hpde_io       First value = ['Earth.Magnetosphere', 'Earth.Magnetosphere.Main', 'Earth.Magnetosphere.Plasmasphere', 'Earth.Magnetosphere.RadiationBelt', 'Earth.Magnetosphere.RingCurrent', 'Earth.NearSurface.EquatorialRegion']
2026-02-03T14:52:32.823683Z ERROR hpde_io       This value  = ['Earth.Magnetosphere.Main', 'Earth.Magnetosphere.Plasmasphere', 'Earth.Magnetosphere.RadiationBelt', 'Earth.Magnetosphere.RingCurrent']
2026-02-03T14:52:32.823705Z ERROR hpde_io        Combining values.
2026-02-03T14:52:32.823733Z ERROR hpde_io   RBSP-B-RBSPICE_LEV-3_TOFXENONH (spase://NASA/NumericalData/RBSP/B/RBSPICE/L3/TOFXENONH):
2026-02-03T14:52:32.823768Z INFO  hpde_io     ObservedRegion for this ID differs from first found value s/c ID = RBSP-B-RBSPICE
2026-02-03T14:52:32.823785Z ERROR hpde_io       First value = ['Earth.Magnetosphere', 'Earth.Magnetosphere.Main', 'Earth.Magnetosphere.Plasmasphere', 'Earth.Magnetosphere.RadiationBelt', 'Earth.Magnetosphere.RingCurrent', 'Earth.NearSurface.EquatorialRegion']
2026-02-03T14:52:32.823814Z ERROR hpde_io       This value  = ['Earth.Magnetosphere.Main', 'Earth.Magnetosphere.Plasmasphere', 'Earth.Magnetosphere.RadiationBelt', 'Earth.Magnetosphere.RingCurrent']
2026-02-03T14:52:32.823836Z ERROR hpde_io        Combining values.
2026-02-03T14:52:32.823861Z ERROR hpde_io   RBSP-B-RBSPICE_LEV-3_TOFXPHHHELT (spase://NASA/NumericalData/RBSP/B/RBSPICE/L3/TOFXPHHHELT):
2026-02-03T14:52:32.823883Z INFO  hpde_io     ObservedRegion for this ID differs from first found value s/c ID = RBSP-B-RBSPICE
2026-02-03T14:52:32.823899Z ERROR hpde_io       First value = ['Earth.Magnetosphere', 'Earth.Magnetosphere.Main', 'Earth.Magnetosphere.Plasmasphere', 'Earth.Magnetosphere.RadiationBelt', 'Earth.Magnetosphere.RingCurrent', 'Earth.NearSurface.EquatorialRegion']
2026-02-03T14:52:32.823920Z ERROR hpde_io       This value  = ['Earth.Magnetosphere.Main', 'Earth.Magnetosphere.Plasmasphere', 'Earth.Magnetosphere.RadiationBelt', 'Earth.Magnetosphere.RingCurrent']
2026-02-03T14:52:32.823947Z ERROR hpde_io        Combining values.
2026-02-03T14:52:32.823972Z ERROR hpde_io   RBSP-B-RBSPICE_LEV-3_TOFXPHHLEHT (spase://NASA/NumericalData/RBSP/B/RBSPICE/L3/TOFXPHHLEHT):
2026-02-03T14:52:32.823993Z INFO  hpde_io     ObservedRegion for this ID differs from first found value s/c ID = RBSP-B-RBSPICE
2026-02-03T14:52:32.824010Z ERROR hpde_io       First value = ['Earth.Magnetosphere', 'Earth.Magnetosphere.Main', 'Earth.Magnetosphere.Plasmasphere', 'Earth.Magnetosphere.RadiationBelt', 'Earth.Magnetosphere.RingCurrent', 'Earth.NearSurface.EquatorialRegion']
2026-02-03T14:52:32.824031Z ERROR hpde_io       This value  = ['Earth.Magnetosphere.Main', 'Earth.Magnetosphere.Plasmasphere', 'Earth.Magnetosphere.RadiationBelt', 'Earth.Magnetosphere.RingCurrent']
2026-02-03T14:52:32.824052Z ERROR hpde_io        Combining values.
2026-02-03T14:52:32.824076Z INFO  hpde_io   RBSP-B_DENSITY_EMFISIS-L4 (spase://NASA/NumericalData/RBSP/B/EMFISIS/WFR/L4/ElectronDensity/PT0.5S):
2026-02-03T14:52:32.824092Z INFO  hpde_io      Found first ObservedRegion in RBSP-B_DENSITY_EMFISIS-L4 for s/c ID = RBSP-B: ['Earth.Magnetosphere', 'Earth.Magnetosphere.Main', 'Earth.Magnetosphere.RadiationBelt', 'Earth.NearSurface.EquatorialRegion']
2026-02-03T14:52:32.824110Z ERROR hpde_io   RBSP-B_HFR-SPECTRA-BURST_EMFISIS-L2 (spase://NASA/NumericalData/RBSP/B/EMFISIS/HFR/L2/SPECTRA-BURST/PT6S):
2026-02-03T14:52:32.824132Z INFO  hpde_io     ObservedRegion for this ID differs from first found value s/c ID = RBSP-B
2026-02-03T14:52:32.824148Z ERROR hpde_io       First value = ['Earth.Magnetosphere', 'Earth.Magnetosphere.Main', 'Earth.Magnetosphere.RadiationBelt', 'Earth.NearSurface.EquatorialRegion']
2026-02-03T14:52:32.824169Z ERROR hpde_io       This value  = ['Earth.Magnetosphere.Main', 'Earth.Magnetosphere.Plasmasphere', 'Earth.Magnetosphere.RadiationBelt', 'Earth.Magnetosphere.RingCurrent']
2026-02-03T14:52:32.824190Z ERROR hpde_io        Combining values.
2026-02-03T14:52:32.824215Z ERROR hpde_io   RBSP-B_HFR-SPECTRA-MERGED_EMFISIS-L2 (spase://NASA/NumericalData/RBSP/B/EMFISIS/HFR/L2/SPECTRA-MERGED/PT6S):
2026-02-03T14:52:32.824238Z INFO  hpde_io     ObservedRegion for this ID differs from first found value s/c ID = RBSP-B
2026-02-03T14:52:32.824255Z ERROR hpde_io       First value = ['Earth.Magnetosphere', 'Earth.Magnetosphere.Main', 'Earth.Magnetosphere.Plasmasphere', 'Earth.Magnetosphere.RadiationBelt', 'Earth.Magnetosphere.RingCurrent', 'Earth.NearSurface.EquatorialRegion']
2026-02-03T14:52:32.824277Z ERROR hpde_io       This value  = ['Earth.Magnetosphere.Main', 'Earth.Magnetosphere.Plasmasphere', 'Earth.Magnetosphere.RadiationBelt', 'Earth.Magnetosphere.RingCurrent']
2026-02-03T14:52:32.824299Z ERROR hpde_io        Combining values.
2026-02-03T14:52:32.824324Z ERROR hpde_io   RBSP-B_HFR-SPECTRA_EMFISIS-L2 (spase://NASA/NumericalData/RBSP/B/EMFISIS/HFR/L2/SPECTRA/PT6S):
2026-02-03T14:52:32.824345Z INFO  hpde_io     ObservedRegion for this ID differs from first found value s/c ID = RBSP-B
2026-02-03T14:52:32.824361Z ERROR hpde_io       First value = ['Earth.Magnetosphere', 'Earth.Magnetosphere.Main', 'Earth.Magnetosphere.Plasmasphere', 'Earth.Magnetosphere.RadiationBelt', 'Earth.Magnetosphere.RingCurrent', 'Earth.NearSurface.EquatorialRegion']
2026-02-03T14:52:32.824382Z ERROR hpde_io       This value  = ['Earth.Magnetosphere.Main', 'Earth.Magnetosphere.Plasmasphere', 'Earth.Magnetosphere.RadiationBelt', 'Earth.Magnetosphere.RingCurrent']
2026-02-03T14:52:32.824404Z ERROR hpde_io        Combining values.
2026-02-03T14:52:32.824428Z ERROR hpde_io   RBSP-B_HFR-WAVEFORM_EMFISIS-L2 (spase://NASA/NumericalData/RBSP/B/EMFISIS/HFR/L2/WAVEFORM):
2026-02-03T14:52:32.824450Z INFO  hpde_io     ObservedRegion for this ID differs from first found value s/c ID = RBSP-B
2026-02-03T14:52:32.824466Z ERROR hpde_io       First value = ['Earth.Magnetosphere', 'Earth.Magnetosphere.Main', 'Earth.Magnetosphere.Plasmasphere', 'Earth.Magnetosphere.RadiationBelt', 'Earth.Magnetosphere.RingCurrent', 'Earth.NearSurface.EquatorialRegion']
2026-02-03T14:52:32.824486Z ERROR hpde_io       This value  = ['Earth.Magnetosphere.Main', 'Earth.Magnetosphere.Plasmasphere', 'Earth.Magnetosphere.RadiationBelt', 'Earth.Magnetosphere.RingCurrent']
2026-02-03T14:52:32.824508Z ERROR hpde_io        Combining values.
2026-02-03T14:52:32.824534Z ERROR hpde_io   RBSP-B_MAGNETOMETER_1SEC-GEI_EMFISIS-L3 (spase://NASA/NumericalData/RBSP/B/EMFISIS/MAGNETOMETER/L3/GEI/PT1S):
2026-02-03T14:52:32.824557Z INFO  hpde_io     ObservedRegion for this ID differs from first found value s/c ID = RBSP-B
2026-02-03T14:52:32.824574Z ERROR hpde_io       First value = ['Earth.Magnetosphere', 'Earth.Magnetosphere.Main', 'Earth.Magnetosphere.Plasmasphere', 'Earth.Magnetosphere.RadiationBelt', 'Earth.Magnetosphere.RingCurrent', 'Earth.NearSurface.EquatorialRegion']
2026-02-03T14:52:32.824595Z ERROR hpde_io       This value  = ['Earth.Magnetosphere.Main', 'Earth.Magnetosphere.Plasmasphere', 'Earth.Magnetosphere.RadiationBelt', 'Earth.Magnetosphere.RingCurrent']
2026-02-03T14:52:32.824616Z ERROR hpde_io        Combining values.
2026-02-03T14:52:32.824641Z ERROR hpde_io   RBSP-B_MAGNETOMETER_1SEC-GEO_EMFISIS-L3 (spase://NASA/NumericalData/RBSP/B/EMFISIS/MAGNETOMETER/L3/GEO/PT1S):
2026-02-03T14:52:32.824663Z INFO  hpde_io     ObservedRegion for this ID differs from first found value s/c ID = RBSP-B
2026-02-03T14:52:32.824678Z ERROR hpde_io       First value = ['Earth.Magnetosphere', 'Earth.Magnetosphere.Main', 'Earth.Magnetosphere.Plasmasphere', 'Earth.Magnetosphere.RadiationBelt', 'Earth.Magnetosphere.RingCurrent', 'Earth.NearSurface.EquatorialRegion']
2026-02-03T14:52:32.824698Z ERROR hpde_io       This value  = ['Earth.Magnetosphere.Main', 'Earth.Magnetosphere.Plasmasphere', 'Earth.Magnetosphere.RadiationBelt', 'Earth.Magnetosphere.RingCurrent']
2026-02-03T14:52:32.824719Z ERROR hpde_io        Combining values.
2026-02-03T14:52:32.824743Z ERROR hpde_io   RBSP-B_MAGNETOMETER_1SEC-GSE_EMFISIS-L3 (spase://NASA/NumericalData/RBSP/B/EMFISIS/MAGNETOMETER/L3/GSE/PT1S):
2026-02-03T14:52:32.824764Z INFO  hpde_io     ObservedRegion for this ID differs from first found value s/c ID = RBSP-B
2026-02-03T14:52:32.824779Z ERROR hpde_io       First value = ['Earth.Magnetosphere', 'Earth.Magnetosphere.Main', 'Earth.Magnetosphere.Plasmasphere', 'Earth.Magnetosphere.RadiationBelt', 'Earth.Magnetosphere.RingCurrent', 'Earth.NearSurface.EquatorialRegion']
2026-02-03T14:52:32.824801Z ERROR hpde_io       This value  = ['Earth.Magnetosphere.Main', 'Earth.Magnetosphere.Plasmasphere', 'Earth.Magnetosphere.RadiationBelt', 'Earth.Magnetosphere.RingCurrent']
2026-02-03T14:52:32.824822Z ERROR hpde_io        Combining values.
2026-02-03T14:52:32.824849Z ERROR hpde_io   RBSP-B_MAGNETOMETER_1SEC-GSM_EMFISIS-L3 (spase://NASA/NumericalData/RBSP/B/EMFISIS/MAGNETOMETER/L3/GSM/PT1S):
2026-02-03T14:52:32.824869Z INFO  hpde_io     ObservedRegion for this ID differs from first found value s/c ID = RBSP-B
2026-02-03T14:52:32.824885Z ERROR hpde_io       First value = ['Earth.Magnetosphere', 'Earth.Magnetosphere.Main', 'Earth.Magnetosphere.Plasmasphere', 'Earth.Magnetosphere.RadiationBelt', 'Earth.Magnetosphere.RingCurrent', 'Earth.NearSurface.EquatorialRegion']
2026-02-03T14:52:32.824905Z ERROR hpde_io       This value  = ['Earth.Magnetosphere.Main', 'Earth.Magnetosphere.Plasmasphere', 'Earth.Magnetosphere.RadiationBelt', 'Earth.Magnetosphere.RingCurrent']
2026-02-03T14:52:32.824927Z ERROR hpde_io        Combining values.
2026-02-03T14:52:32.824951Z ERROR hpde_io   RBSP-B_MAGNETOMETER_1SEC-SM_EMFISIS-L3 (spase://NASA/NumericalData/RBSP/B/EMFISIS/MAGNETOMETER/L3/SM/PT1S):
2026-02-03T14:52:32.824971Z INFO  hpde_io     ObservedRegion for this ID differs from first found value s/c ID = RBSP-B
2026-02-03T14:52:32.824988Z ERROR hpde_io       First value = ['Earth.Magnetosphere', 'Earth.Magnetosphere.Main', 'Earth.Magnetosphere.Plasmasphere', 'Earth.Magnetosphere.RadiationBelt', 'Earth.Magnetosphere.RingCurrent', 'Earth.NearSurface.EquatorialRegion']
2026-02-03T14:52:32.825010Z ERROR hpde_io       This value  = ['Earth.Magnetosphere.Main', 'Earth.Magnetosphere.Plasmasphere', 'Earth.Magnetosphere.RadiationBelt', 'Earth.Magnetosphere.RingCurrent']
2026-02-03T14:52:32.825032Z ERROR hpde_io        Combining values.
2026-02-03T14:52:32.825056Z ERROR hpde_io   RBSP-B_MAGNETOMETER_4SEC-GEI_EMFISIS-L3 (spase://NASA/NumericalData/RBSP/B/EMFISIS/MAGNETOMETER/L3/GEI/PT4S):
2026-02-03T14:52:32.825078Z INFO  hpde_io     ObservedRegion for this ID differs from first found value s/c ID = RBSP-B
2026-02-03T14:52:32.825093Z ERROR hpde_io       First value = ['Earth.Magnetosphere', 'Earth.Magnetosphere.Main', 'Earth.Magnetosphere.Plasmasphere', 'Earth.Magnetosphere.RadiationBelt', 'Earth.Magnetosphere.RingCurrent', 'Earth.NearSurface.EquatorialRegion']
2026-02-03T14:52:32.825115Z ERROR hpde_io       This value  = ['Earth.Magnetosphere.Main', 'Earth.Magnetosphere.Plasmasphere', 'Earth.Magnetosphere.RadiationBelt', 'Earth.Magnetosphere.RingCurrent']
2026-02-03T14:52:32.825136Z ERROR hpde_io        Combining values.
2026-02-03T14:52:32.825161Z ERROR hpde_io   RBSP-B_MAGNETOMETER_4SEC-GEO_EMFISIS-L3 (spase://NASA/NumericalData/RBSP/B/EMFISIS/MAGNETOMETER/L3/GEO/PT4S):
2026-02-03T14:52:32.825182Z INFO  hpde_io     ObservedRegion for this ID differs from first found value s/c ID = RBSP-B
2026-02-03T14:52:32.825199Z ERROR hpde_io       First value = ['Earth.Magnetosphere', 'Earth.Magnetosphere.Main', 'Earth.Magnetosphere.Plasmasphere', 'Earth.Magnetosphere.RadiationBelt', 'Earth.Magnetosphere.RingCurrent', 'Earth.NearSurface.EquatorialRegion']
2026-02-03T14:52:32.825221Z ERROR hpde_io       This value  = ['Earth.Magnetosphere.Main', 'Earth.Magnetosphere.Plasmasphere', 'Earth.Magnetosphere.RadiationBelt', 'Earth.Magnetosphere.RingCurrent']
2026-02-03T14:52:32.825242Z ERROR hpde_io        Combining values.
2026-02-03T14:52:32.825267Z ERROR hpde_io   RBSP-B_MAGNETOMETER_4SEC-GSE_EMFISIS-L3 (spase://NASA/NumericalData/RBSP/B/EMFISIS/MAGNETOMETER/L3/GSE/PT4S):
2026-02-03T14:52:32.825289Z INFO  hpde_io     ObservedRegion for this ID differs from first found value s/c ID = RBSP-B
2026-02-03T14:52:32.825305Z ERROR hpde_io       First value = ['Earth.Magnetosphere', 'Earth.Magnetosphere.Main', 'Earth.Magnetosphere.Plasmasphere', 'Earth.Magnetosphere.RadiationBelt', 'Earth.Magnetosphere.RingCurrent', 'Earth.NearSurface.EquatorialRegion']
2026-02-03T14:52:32.825327Z ERROR hpde_io       This value  = ['Earth.Magnetosphere.Main', 'Earth.Magnetosphere.Plasmasphere', 'Earth.Magnetosphere.RadiationBelt', 'Earth.Magnetosphere.RingCurrent']
2026-02-03T14:52:32.825348Z ERROR hpde_io        Combining values.
2026-02-03T14:52:32.825372Z ERROR hpde_io   RBSP-B_MAGNETOMETER_4SEC-GSM_EMFISIS-L3 (spase://NASA/NumericalData/RBSP/B/EMFISIS/MAGNETOMETER/L3/GSM/PT4S):
2026-02-03T14:52:32.825393Z INFO  hpde_io     ObservedRegion for this ID differs from first found value s/c ID = RBSP-B
2026-02-03T14:52:32.825409Z ERROR hpde_io       First value = ['Earth.Magnetosphere', 'Earth.Magnetosphere.Main', 'Earth.Magnetosphere.Plasmasphere', 'Earth.Magnetosphere.RadiationBelt', 'Earth.Magnetosphere.RingCurrent', 'Earth.NearSurface.EquatorialRegion']
2026-02-03T14:52:32.825431Z ERROR hpde_io       This value  = ['Earth.Magnetosphere.Main', 'Earth.Magnetosphere.Plasmasphere', 'Earth.Magnetosphere.RadiationBelt', 'Earth.Magnetosphere.RingCurrent']
2026-02-03T14:52:32.825452Z ERROR hpde_io        Combining values.
2026-02-03T14:52:32.825477Z ERROR hpde_io   RBSP-B_MAGNETOMETER_4SEC-SM_EMFISIS-L3 (spase://NASA/NumericalData/RBSP/B/EMFISIS/MAGNETOMETER/L3/SM/PT4S):
2026-02-03T14:52:32.825499Z INFO  hpde_io     ObservedRegion for this ID differs from first found value s/c ID = RBSP-B
2026-02-03T14:52:32.825515Z ERROR hpde_io       First value = ['Earth.Magnetosphere', 'Earth.Magnetosphere.Main', 'Earth.Magnetosphere.Plasmasphere', 'Earth.Magnetosphere.RadiationBelt', 'Earth.Magnetosphere.RingCurrent', 'Earth.NearSurface.EquatorialRegion']
2026-02-03T14:52:32.825535Z ERROR hpde_io       This value  = ['Earth.Magnetosphere.Main', 'Earth.Magnetosphere.Plasmasphere', 'Earth.Magnetosphere.RadiationBelt', 'Earth.Magnetosphere.RingCurrent']
2026-02-03T14:52:32.825557Z ERROR hpde_io        Combining values.
2026-02-03T14:52:32.825581Z ERROR hpde_io   RBSP-B_MAGNETOMETER_HIRES-GEI_EMFISIS-L3 (spase://NASA/NumericalData/RBSP/B/EMFISIS/MAGNETOMETER/L3/GEI/PT0.015625S):
2026-02-03T14:52:32.825601Z INFO  hpde_io     ObservedRegion for this ID differs from first found value s/c ID = RBSP-B
2026-02-03T14:52:32.825617Z ERROR hpde_io       First value = ['Earth.Magnetosphere', 'Earth.Magnetosphere.Main', 'Earth.Magnetosphere.Plasmasphere', 'Earth.Magnetosphere.RadiationBelt', 'Earth.Magnetosphere.RingCurrent', 'Earth.NearSurface.EquatorialRegion']
2026-02-03T14:52:32.825639Z ERROR hpde_io       This value  = ['Earth.Magnetosphere.Main', 'Earth.Magnetosphere.Plasmasphere', 'Earth.Magnetosphere.RadiationBelt', 'Earth.Magnetosphere.RingCurrent']
2026-02-03T14:52:32.825661Z ERROR hpde_io        Combining values.
2026-02-03T14:52:32.825685Z ERROR hpde_io   RBSP-B_MAGNETOMETER_HIRES-GEO_EMFISIS-L3 (spase://NASA/NumericalData/RBSP/B/EMFISIS/MAGNETOMETER/L3/GEO/PT0.015625S):
2026-02-03T14:52:32.825706Z INFO  hpde_io     ObservedRegion for this ID differs from first found value s/c ID = RBSP-B
2026-02-03T14:52:32.825722Z ERROR hpde_io       First value = ['Earth.Magnetosphere', 'Earth.Magnetosphere.Main', 'Earth.Magnetosphere.Plasmasphere', 'Earth.Magnetosphere.RadiationBelt', 'Earth.Magnetosphere.RingCurrent', 'Earth.NearSurface.EquatorialRegion']
2026-02-03T14:52:32.825743Z ERROR hpde_io       This value  = ['Earth.Magnetosphere.Main', 'Earth.Magnetosphere.Plasmasphere', 'Earth.Magnetosphere.RadiationBelt', 'Earth.Magnetosphere.RingCurrent']
2026-02-03T14:52:32.825768Z ERROR hpde_io        Combining values.
2026-02-03T14:52:32.825793Z ERROR hpde_io   RBSP-B_MAGNETOMETER_HIRES-GSE_EMFISIS-L3 (spase://NASA/NumericalData/RBSP/B/EMFISIS/MAGNETOMETER/L3/GSE/PT0.015625S):
2026-02-03T14:52:32.825814Z INFO  hpde_io     ObservedRegion for this ID differs from first found value s/c ID = RBSP-B
2026-02-03T14:52:32.825831Z ERROR hpde_io       First value = ['Earth.Magnetosphere', 'Earth.Magnetosphere.Main', 'Earth.Magnetosphere.Plasmasphere', 'Earth.Magnetosphere.RadiationBelt', 'Earth.Magnetosphere.RingCurrent', 'Earth.NearSurface.EquatorialRegion']
2026-02-03T14:52:32.825852Z ERROR hpde_io       This value  = ['Earth.Magnetosphere.Main', 'Earth.Magnetosphere.Plasmasphere', 'Earth.Magnetosphere.RadiationBelt', 'Earth.Magnetosphere.RingCurrent']
2026-02-03T14:52:32.825873Z ERROR hpde_io        Combining values.
2026-02-03T14:52:32.825896Z ERROR hpde_io   RBSP-B_MAGNETOMETER_HIRES-GSM_EMFISIS-L3 (spase://NASA/NumericalData/RBSP/B/EMFISIS/MAGNETOMETER/L3/GSM/PT0.015625S):
2026-02-03T14:52:32.825917Z INFO  hpde_io     ObservedRegion for this ID differs from first found value s/c ID = RBSP-B
2026-02-03T14:52:32.825933Z ERROR hpde_io       First value = ['Earth.Magnetosphere', 'Earth.Magnetosphere.Main', 'Earth.Magnetosphere.Plasmasphere', 'Earth.Magnetosphere.RadiationBelt', 'Earth.Magnetosphere.RingCurrent', 'Earth.NearSurface.EquatorialRegion']
2026-02-03T14:52:32.825954Z ERROR hpde_io       This value  = ['Earth.Magnetosphere.Main', 'Earth.Magnetosphere.Plasmasphere', 'Earth.Magnetosphere.RadiationBelt', 'Earth.Magnetosphere.RingCurrent']
2026-02-03T14:52:32.825974Z ERROR hpde_io        Combining values.
2026-02-03T14:52:32.825998Z ERROR hpde_io   RBSP-B_MAGNETOMETER_HIRES-SM_EMFISIS-L3 (spase://NASA/NumericalData/RBSP/B/EMFISIS/MAGNETOMETER/L3/SM/PT0.015625S):
2026-02-03T14:52:32.826020Z INFO  hpde_io     ObservedRegion for this ID differs from first found value s/c ID = RBSP-B
2026-02-03T14:52:32.826037Z ERROR hpde_io       First value = ['Earth.Magnetosphere', 'Earth.Magnetosphere.Main', 'Earth.Magnetosphere.Plasmasphere', 'Earth.Magnetosphere.RadiationBelt', 'Earth.Magnetosphere.RingCurrent', 'Earth.NearSurface.EquatorialRegion']
2026-02-03T14:52:32.826058Z ERROR hpde_io       This value  = ['Earth.Magnetosphere.Main', 'Earth.Magnetosphere.Plasmasphere', 'Earth.Magnetosphere.RadiationBelt', 'Earth.Magnetosphere.RingCurrent']
2026-02-03T14:52:32.826083Z ERROR hpde_io        Combining values.
2026-02-03T14:52:32.826108Z ERROR hpde_io   RBSP-B_MAGNETOMETER_UVW_EMFISIS-L2 (spase://NASA/NumericalData/RBSP/B/EMFISIS/MAGNETOMETER/L2/UVW):
2026-02-03T14:52:32.826129Z INFO  hpde_io     ObservedRegion for this ID differs from first found value s/c ID = RBSP-B
2026-02-03T14:52:32.826145Z ERROR hpde_io       First value = ['Earth.Magnetosphere', 'Earth.Magnetosphere.Main', 'Earth.Magnetosphere.Plasmasphere', 'Earth.Magnetosphere.RadiationBelt', 'Earth.Magnetosphere.RingCurrent', 'Earth.NearSurface.EquatorialRegion']
2026-02-03T14:52:32.826165Z ERROR hpde_io       This value  = ['Earth.Magnetosphere.Main', 'Earth.Magnetosphere.Plasmasphere', 'Earth.Magnetosphere.RadiationBelt', 'Earth.Magnetosphere.RingCurrent']
2026-02-03T14:52:32.826187Z ERROR hpde_io        Combining values.
2026-02-03T14:52:32.826211Z ERROR hpde_io   RBSP-B_WFR-SPECTRAL-MATRIX-DIAGONAL-MERGED_EMFISIS-L2 (spase://NASA/NumericalData/RBSP/B/EMFISIS/WFR/L2/SPECTRAL-MATRIX-DIAGONAL-MERGED/PT6S):
2026-02-03T14:52:32.826233Z INFO  hpde_io     ObservedRegion for this ID differs from first found value s/c ID = RBSP-B
2026-02-03T14:52:32.826249Z ERROR hpde_io       First value = ['Earth.Magnetosphere', 'Earth.Magnetosphere.Main', 'Earth.Magnetosphere.Plasmasphere', 'Earth.Magnetosphere.RadiationBelt', 'Earth.Magnetosphere.RingCurrent', 'Earth.NearSurface.EquatorialRegion']
2026-02-03T14:52:32.826269Z ERROR hpde_io       This value  = ['Earth.Magnetosphere.Main', 'Earth.Magnetosphere.Plasmasphere', 'Earth.Magnetosphere.RadiationBelt', 'Earth.Magnetosphere.RingCurrent']
2026-02-03T14:52:32.826290Z ERROR hpde_io        Combining values.
2026-02-03T14:52:32.826315Z ERROR hpde_io   RBSP-B_WFR-SPECTRAL-MATRIX-DIAGONAL_EMFISIS-L2 (spase://NASA/NumericalData/RBSP/B/EMFISIS/WFR/L2/SPECTRAL-MATRIX-DIAGONAL/PT6S):
2026-02-03T14:52:32.826337Z INFO  hpde_io     ObservedRegion for this ID differs from first found value s/c ID = RBSP-B
2026-02-03T14:52:32.826355Z ERROR hpde_io       First value = ['Earth.Magnetosphere', 'Earth.Magnetosphere.Main', 'Earth.Magnetosphere.Plasmasphere', 'Earth.Magnetosphere.RadiationBelt', 'Earth.Magnetosphere.RingCurrent', 'Earth.NearSurface.EquatorialRegion']
2026-02-03T14:52:32.826378Z ERROR hpde_io       This value  = ['Earth.Magnetosphere.Main', 'Earth.Magnetosphere.Plasmasphere', 'Earth.Magnetosphere.RadiationBelt', 'Earth.Magnetosphere.RingCurrent']
2026-02-03T14:52:32.826399Z ERROR hpde_io        Combining values.
2026-02-03T14:52:32.826424Z ERROR hpde_io   RBSP-B_WFR-SPECTRAL-MATRIX_EMFISIS-L2 (spase://NASA/NumericalData/RBSP/B/EMFISIS/WFR/L2/SPECTRAL-MATRIX/PT6S):
2026-02-03T14:52:32.826444Z INFO  hpde_io     ObservedRegion for this ID differs from first found value s/c ID = RBSP-B
2026-02-03T14:52:32.826460Z ERROR hpde_io       First value = ['Earth.Magnetosphere', 'Earth.Magnetosphere.Main', 'Earth.Magnetosphere.Plasmasphere', 'Earth.Magnetosphere.RadiationBelt', 'Earth.Magnetosphere.RingCurrent', 'Earth.NearSurface.EquatorialRegion']
2026-02-03T14:52:32.826481Z ERROR hpde_io       This value  = ['Earth.Magnetosphere', 'Earth.Magnetosphere.Main', 'Earth.Magnetosphere.RadiationBelt', 'Earth.NearSurface.EquatorialRegion']
2026-02-03T14:52:32.826502Z ERROR hpde_io        Combining values.
2026-02-03T14:52:32.826525Z ERROR hpde_io   RBSP-B_WFR-WAVEFORM-CONTINUOUS-BURST_EMFISIS-L2 (spase://NASA/NumericalData/RBSP/B/EMFISIS/WFR/L2/WAVEFORM-CONTINUOUS-BURST/PT6S):
2026-02-03T14:52:32.826546Z INFO  hpde_io     ObservedRegion for this ID differs from first found value s/c ID = RBSP-B
2026-02-03T14:52:32.826561Z ERROR hpde_io       First value = ['Earth.Magnetosphere', 'Earth.Magnetosphere.Main', 'Earth.Magnetosphere.Plasmasphere', 'Earth.Magnetosphere.RadiationBelt', 'Earth.Magnetosphere.RingCurrent', 'Earth.NearSurface.EquatorialRegion']
2026-02-03T14:52:32.826586Z ERROR hpde_io       This value  = ['Earth.Magnetosphere.Main', 'Earth.Magnetosphere.Plasmasphere', 'Earth.Magnetosphere.RadiationBelt', 'Earth.Magnetosphere.RingCurrent']
2026-02-03T14:52:32.826608Z ERROR hpde_io        Combining values.
2026-02-03T14:52:32.826630Z ERROR hpde_io   RBSP-B_WFR-WAVEFORM_EMFISIS-L2 (spase://NASA/NumericalData/RBSP/B/EMFISIS/WFR/L2/WAVEFORM/PT6S):
2026-02-03T14:52:32.826651Z INFO  hpde_io     ObservedRegion for this ID differs from first found value s/c ID = RBSP-B
2026-02-03T14:52:32.826667Z ERROR hpde_io       First value = ['Earth.Magnetosphere', 'Earth.Magnetosphere.Main', 'Earth.Magnetosphere.Plasmasphere', 'Earth.Magnetosphere.RadiationBelt', 'Earth.Magnetosphere.RingCurrent', 'Earth.NearSurface.EquatorialRegion']
2026-02-03T14:52:32.826687Z ERROR hpde_io       This value  = ['Earth.Magnetosphere.Main', 'Earth.Magnetosphere.Plasmasphere', 'Earth.Magnetosphere.RadiationBelt', 'Earth.Magnetosphere.RingCurrent']
2026-02-03T14:52:32.826708Z ERROR hpde_io        Combining values.
2026-02-03T14:52:32.826732Z ERROR hpde_io   RBSP-B_WNA-SURVEY-SHEATH-CORRECTED-E_EMFISIS-L4 (spase://NASA/NumericalData/RBSP/B/EMFISIS/WFR/L4/WaveNormalAngle_Sheath-Corrected-E/PT6S):
2026-02-03T14:52:32.826753Z INFO  hpde_io     ObservedRegion for this ID differs from first found value s/c ID = RBSP-B
2026-02-03T14:52:32.826769Z ERROR hpde_io       First value = ['Earth.Magnetosphere', 'Earth.Magnetosphere.Main', 'Earth.Magnetosphere.Plasmasphere', 'Earth.Magnetosphere.RadiationBelt', 'Earth.Magnetosphere.RingCurrent', 'Earth.NearSurface.EquatorialRegion']
2026-02-03T14:52:32.826791Z ERROR hpde_io       This value  = ['Earth.Magnetosphere', 'Earth.Magnetosphere.Main', 'Earth.Magnetosphere.Plasmasphere', 'Earth.Magnetosphere.RadiationBelt', 'Earth.Magnetosphere.RingCurrent', 'Earth.NearSurface.MidLatitudeRegion']
2026-02-03T14:52:32.826813Z ERROR hpde_io        Combining values.
2026-02-03T14:52:32.826839Z INFO  hpde_io   RBSPA_EFW-L2_E-HIRES-UVW (spase://NASA/NumericalData/RBSP/A/EFW/L2/UVW/Hires):
2026-02-03T14:52:32.826855Z INFO  hpde_io      Found first ObservedRegion in RBSPA_EFW-L2_E-HIRES-UVW for s/c ID = RBSPA: ['Earth.Magnetosphere.RingCurrent', 'Earth.Magnetosphere.RadiationBelt', 'Earth.Magnetosphere.Plasmasphere', 'Earth.Magnetosphere.Main']
2026-02-03T14:52:32.826889Z ERROR hpde_io   RBSPA_L2-1MIN_PSBR-RPS (spase://NASA/NumericalData/RBSP/A/RPS/L2/PT1M):
2026-02-03T14:52:32.826911Z INFO  hpde_io     ObservedRegion for this ID differs from first found value s/c ID = RBSPA
2026-02-03T14:52:32.826926Z ERROR hpde_io       First value = ['Earth.Magnetosphere.Main', 'Earth.Magnetosphere.Plasmasphere', 'Earth.Magnetosphere.RadiationBelt', 'Earth.Magnetosphere.RingCurrent']
2026-02-03T14:52:32.826946Z ERROR hpde_io       This value  = ['Earth.Magnetosphere', 'Earth.Magnetosphere.Main', 'Earth.Magnetosphere.RadiationBelt', 'Earth.NearSurface.EquatorialRegion']
2026-02-03T14:52:32.826967Z ERROR hpde_io        Combining values.
2026-02-03T14:52:32.826991Z ERROR hpde_io   RBSPA_L2_PSBR-RPS (spase://NASA/NumericalData/RBSP/A/RPS/L2/PT0.058S):
2026-02-03T14:52:32.827014Z INFO  hpde_io     ObservedRegion for this ID differs from first found value s/c ID = RBSPA
2026-02-03T14:52:32.827029Z ERROR hpde_io       First value = ['Earth.Magnetosphere', 'Earth.Magnetosphere.Main', 'Earth.Magnetosphere.Plasmasphere', 'Earth.Magnetosphere.RadiationBelt', 'Earth.Magnetosphere.RingCurrent', 'Earth.NearSurface.EquatorialRegion']
2026-02-03T14:52:32.827049Z ERROR hpde_io       This value  = ['Earth.Magnetosphere', 'Earth.Magnetosphere.Main', 'Earth.Magnetosphere.RadiationBelt', 'Earth.NearSurface.EquatorialRegion']
2026-02-03T14:52:32.827071Z ERROR hpde_io        Combining values.
2026-02-03T14:52:32.827095Z ERROR hpde_io   RBSPA_REL03_ECT-MAGEIS-L2 (spase://NASA/NumericalData/RBSP/A/ECT/MagEIS/L2/Sectors/Release03/PT10.9S):
2026-02-03T14:52:32.827116Z INFO  hpde_io     ObservedRegion for this ID differs from first found value s/c ID = RBSPA
2026-02-03T14:52:32.827132Z ERROR hpde_io       First value = ['Earth.Magnetosphere', 'Earth.Magnetosphere.Main', 'Earth.Magnetosphere.Plasmasphere', 'Earth.Magnetosphere.RadiationBelt', 'Earth.Magnetosphere.RingCurrent', 'Earth.NearSurface.EquatorialRegion']
2026-02-03T14:52:32.827152Z ERROR hpde_io       This value  = ['Earth.Magnetosphere', 'Earth.Magnetosphere.Main', 'Earth.Magnetosphere.RadiationBelt', 'Earth.NearSurface.EquatorialRegion']
2026-02-03T14:52:32.827172Z ERROR hpde_io        Combining values.
2026-02-03T14:52:32.827197Z ERROR hpde_io   RBSPA_REL03_ECT-REPT-SCI-L2 (spase://NASA/NumericalData/RBSP/A/ECT/REPT/L2/Sectors/Release03/PT4.2S):
2026-02-03T14:52:32.827217Z INFO  hpde_io     ObservedRegion for this ID differs from first found value s/c ID = RBSPA
2026-02-03T14:52:32.827233Z ERROR hpde_io       First value = ['Earth.Magnetosphere', 'Earth.Magnetosphere.Main', 'Earth.Magnetosphere.Plasmasphere', 'Earth.Magnetosphere.RadiationBelt', 'Earth.Magnetosphere.RingCurrent', 'Earth.NearSurface.EquatorialRegion']
2026-02-03T14:52:32.827254Z ERROR hpde_io       This value  = ['Earth.Magnetosphere', 'Earth.Magnetosphere.Main', 'Earth.Magnetosphere.RadiationBelt', 'Earth.NearSurface.EquatorialRegion']
2026-02-03T14:52:32.827274Z ERROR hpde_io        Combining values.
2026-02-03T14:52:32.827299Z ERROR hpde_io   RBSPA_REL03_ECT-REPT-SCI-L3 (spase://NASA/NumericalData/RBSP/A/ECT/REPT/L3/Sectors/Release03/PT4.2S):
2026-02-03T14:52:32.827320Z INFO  hpde_io     ObservedRegion for this ID differs from first found value s/c ID = RBSPA
2026-02-03T14:52:32.827335Z ERROR hpde_io       First value = ['Earth.Magnetosphere', 'Earth.Magnetosphere.Main', 'Earth.Magnetosphere.Plasmasphere', 'Earth.Magnetosphere.RadiationBelt', 'Earth.Magnetosphere.RingCurrent', 'Earth.NearSurface.EquatorialRegion']
2026-02-03T14:52:32.827355Z ERROR hpde_io       This value  = ['Earth.Magnetosphere', 'Earth.Magnetosphere.Main', 'Earth.Magnetosphere.RadiationBelt', 'Earth.NearSurface.EquatorialRegion']
2026-02-03T14:52:32.827376Z ERROR hpde_io        Combining values.
2026-02-03T14:52:32.827402Z ERROR hpde_io   RBSPA_REL04_ECT-HOPE-MOM-L3 (spase://NASA/NumericalData/RBSP/A/ECT/HOPE/L3/Moments/Release04/PT24.35S):
2026-02-03T14:52:32.827422Z INFO  hpde_io     ObservedRegion for this ID differs from first found value s/c ID = RBSPA
2026-02-03T14:52:32.827438Z ERROR hpde_io       First value = ['Earth.Magnetosphere', 'Earth.Magnetosphere.Main', 'Earth.Magnetosphere.Plasmasphere', 'Earth.Magnetosphere.RadiationBelt', 'Earth.Magnetosphere.RingCurrent', 'Earth.NearSurface.EquatorialRegion']
2026-02-03T14:52:32.827459Z ERROR hpde_io       This value  = ['Earth.Magnetosphere', 'Earth.Magnetosphere.Main', 'Earth.Magnetosphere.RadiationBelt', 'Earth.NearSurface.EquatorialRegion']
2026-02-03T14:52:32.827480Z ERROR hpde_io        Combining values.
2026-02-03T14:52:32.827503Z ERROR hpde_io   RBSPA_REL04_ECT-HOPE-PA-L3 (spase://NASA/NumericalData/RBSP/A/ECT/HOPE/L3/PitchAngle/Release04/PT11.35S):
2026-02-03T14:52:32.827525Z INFO  hpde_io     ObservedRegion for this ID differs from first found value s/c ID = RBSPA
2026-02-03T14:52:32.827539Z ERROR hpde_io       First value = ['Earth.Magnetosphere', 'Earth.Magnetosphere.Main', 'Earth.Magnetosphere.Plasmasphere', 'Earth.Magnetosphere.RadiationBelt', 'Earth.Magnetosphere.RingCurrent', 'Earth.NearSurface.EquatorialRegion']
2026-02-03T14:52:32.827560Z ERROR hpde_io       This value  = ['Earth.Magnetosphere', 'Earth.Magnetosphere.Main', 'Earth.Magnetosphere.RadiationBelt', 'Earth.NearSurface.EquatorialRegion']
2026-02-03T14:52:32.827581Z ERROR hpde_io        Combining values.
2026-02-03T14:52:32.827608Z ERROR hpde_io   RBSPA_REL04_ECT-HOPE-SCI-L2 (spase://NASA/NumericalData/RBSP/A/ECT/HOPE/L2/Sectors/Release04/PT24S):
2026-02-03T14:52:32.827629Z INFO  hpde_io     ObservedRegion for this ID differs from first found value s/c ID = RBSPA
2026-02-03T14:52:32.827644Z ERROR hpde_io       First value = ['Earth.Magnetosphere', 'Earth.Magnetosphere.Main', 'Earth.Magnetosphere.Plasmasphere', 'Earth.Magnetosphere.RadiationBelt', 'Earth.Magnetosphere.RingCurrent', 'Earth.NearSurface.EquatorialRegion']
2026-02-03T14:52:32.827664Z ERROR hpde_io       This value  = ['Earth.Magnetosphere.Main', 'Earth.Magnetosphere.Plasmasphere', 'Earth.Magnetosphere.RadiationBelt', 'Earth.Magnetosphere.RingCurrent']
2026-02-03T14:52:32.827685Z ERROR hpde_io        Combining values.
2026-02-03T14:52:32.827710Z ERROR hpde_io   RBSPA_REL04_ECT-HOPE-SCI-L2SA (spase://NASA/NumericalData/RBSP/A/ECT/HOPE/L2/SpinAverage/Release04/PT24S):
2026-02-03T14:52:32.827731Z INFO  hpde_io     ObservedRegion for this ID differs from first found value s/c ID = RBSPA
2026-02-03T14:52:32.827747Z ERROR hpde_io       First value = ['Earth.Magnetosphere', 'Earth.Magnetosphere.Main', 'Earth.Magnetosphere.Plasmasphere', 'Earth.Magnetosphere.RadiationBelt', 'Earth.Magnetosphere.RingCurrent', 'Earth.NearSurface.EquatorialRegion']
2026-02-03T14:52:32.827768Z ERROR hpde_io       This value  = ['Earth.Magnetosphere', 'Earth.Magnetosphere.Main', 'Earth.Magnetosphere.RadiationBelt', 'Earth.NearSurface.EquatorialRegion']
2026-02-03T14:52:32.827789Z ERROR hpde_io        Combining values.
2026-02-03T14:52:32.827813Z ERROR hpde_io   RBSPA_REL04_ECT-MAGEIS-L3 (spase://NASA/NumericalData/RBSP/A/ECT/MagEIS/L3/Sectors/Release04/PT10.9S):
2026-02-03T14:52:32.827834Z INFO  hpde_io     ObservedRegion for this ID differs from first found value s/c ID = RBSPA
2026-02-03T14:52:32.827850Z ERROR hpde_io       First value = ['Earth.Magnetosphere', 'Earth.Magnetosphere.Main', 'Earth.Magnetosphere.Plasmasphere', 'Earth.Magnetosphere.RadiationBelt', 'Earth.Magnetosphere.RingCurrent', 'Earth.NearSurface.EquatorialRegion']
2026-02-03T14:52:32.827870Z ERROR hpde_io       This value  = ['Earth.Magnetosphere', 'Earth.Magnetosphere.Main', 'Earth.Magnetosphere.RadiationBelt', 'Earth.NearSurface.EquatorialRegion']
2026-02-03T14:52:32.827893Z ERROR hpde_io        Combining values.
2026-02-03T14:52:32.827916Z INFO  hpde_io   RBSPB_EFW-L2_E-HIRES-UVW (spase://NASA/NumericalData/RBSP/B/EFW/L2/UVW/Hires):
2026-02-03T14:52:32.827933Z INFO  hpde_io      Found first ObservedRegion in RBSPB_EFW-L2_E-HIRES-UVW for s/c ID = RBSPB: ['Earth.Magnetosphere.RingCurrent', 'Earth.Magnetosphere.RadiationBelt', 'Earth.Magnetosphere.Plasmasphere', 'Earth.Magnetosphere.Main']
2026-02-03T14:52:32.827988Z ERROR hpde_io   RBSPB_L2-1MIN_PSBR-RPS (spase://NASA/NumericalData/RBSP/B/RPS/L2/PT1M):
2026-02-03T14:52:32.828041Z INFO  hpde_io     ObservedRegion for this ID differs from first found value s/c ID = RBSPB
2026-02-03T14:52:32.828068Z ERROR hpde_io       First value = ['Earth.Magnetosphere.Main', 'Earth.Magnetosphere.Plasmasphere', 'Earth.Magnetosphere.RadiationBelt', 'Earth.Magnetosphere.RingCurrent']
2026-02-03T14:52:32.828097Z ERROR hpde_io       This value  = ['Earth.Magnetosphere', 'Earth.Magnetosphere.Main', 'Earth.Magnetosphere.RadiationBelt', 'Earth.NearSurface.EquatorialRegion']
2026-02-03T14:52:32.828125Z ERROR hpde_io        Combining values.
2026-02-03T14:52:32.828164Z ERROR hpde_io   RBSPB_L2_PSBR-RPS (spase://NASA/NumericalData/RBSP/B/RPS/L2/PT0.058S):
2026-02-03T14:52:32.828190Z INFO  hpde_io     ObservedRegion for this ID differs from first found value s/c ID = RBSPB
2026-02-03T14:52:32.828212Z ERROR hpde_io       First value = ['Earth.Magnetosphere', 'Earth.Magnetosphere.Main', 'Earth.Magnetosphere.Plasmasphere', 'Earth.Magnetosphere.RadiationBelt', 'Earth.Magnetosphere.RingCurrent', 'Earth.NearSurface.EquatorialRegion']
2026-02-03T14:52:32.828242Z ERROR hpde_io       This value  = ['Earth.Magnetosphere', 'Earth.Magnetosphere.Main', 'Earth.Magnetosphere.RadiationBelt', 'Earth.NearSurface.EquatorialRegion']
2026-02-03T14:52:32.828268Z ERROR hpde_io        Combining values.
2026-02-03T14:52:32.828302Z ERROR hpde_io   RBSPB_REL03_ECT-MAGEIS-L2 (spase://NASA/NumericalData/RBSP/B/ECT/MagEIS/L2/Sectors/Release03/PT10.9S):
2026-02-03T14:52:32.828329Z INFO  hpde_io     ObservedRegion for this ID differs from first found value s/c ID = RBSPB
2026-02-03T14:52:32.828350Z ERROR hpde_io       First value = ['Earth.Magnetosphere', 'Earth.Magnetosphere.Main', 'Earth.Magnetosphere.Plasmasphere', 'Earth.Magnetosphere.RadiationBelt', 'Earth.Magnetosphere.RingCurrent', 'Earth.NearSurface.EquatorialRegion']
2026-02-03T14:52:32.828380Z ERROR hpde_io       This value  = ['Earth.Magnetosphere', 'Earth.Magnetosphere.Main', 'Earth.Magnetosphere.RadiationBelt', 'Earth.NearSurface.EquatorialRegion']
2026-02-03T14:52:32.828418Z ERROR hpde_io        Combining values.
2026-02-03T14:52:32.828448Z ERROR hpde_io   RBSPB_REL03_ECT-REPT-SCI-L2 (spase://NASA/NumericalData/RBSP/B/ECT/REPT/L2/Sectors/Release03/PT4.2S):
2026-02-03T14:52:32.828472Z INFO  hpde_io     ObservedRegion for this ID differs from first found value s/c ID = RBSPB
2026-02-03T14:52:32.828493Z ERROR hpde_io       First value = ['Earth.Magnetosphere', 'Earth.Magnetosphere.Main', 'Earth.Magnetosphere.Plasmasphere', 'Earth.Magnetosphere.RadiationBelt', 'Earth.Magnetosphere.RingCurrent', 'Earth.NearSurface.EquatorialRegion']
2026-02-03T14:52:32.828522Z ERROR hpde_io       This value  = ['Earth.Magnetosphere', 'Earth.Magnetosphere.Main', 'Earth.Magnetosphere.RadiationBelt', 'Earth.NearSurface.EquatorialRegion']
2026-02-03T14:52:32.828549Z ERROR hpde_io        Combining values.
2026-02-03T14:52:32.828587Z ERROR hpde_io   RBSPB_REL03_ECT-REPT-SCI-L3 (spase://NASA/NumericalData/RBSP/B/ECT/REPT/L3/Sectors/Release03/PT4.2S):
2026-02-03T14:52:32.828614Z INFO  hpde_io     ObservedRegion for this ID differs from first found value s/c ID = RBSPB
2026-02-03T14:52:32.828633Z ERROR hpde_io       First value = ['Earth.Magnetosphere', 'Earth.Magnetosphere.Main', 'Earth.Magnetosphere.Plasmasphere', 'Earth.Magnetosphere.RadiationBelt', 'Earth.Magnetosphere.RingCurrent', 'Earth.NearSurface.EquatorialRegion']
2026-02-03T14:52:32.828663Z ERROR hpde_io       This value  = ['Earth.Magnetosphere', 'Earth.Magnetosphere.Main', 'Earth.Magnetosphere.RadiationBelt', 'Earth.NearSurface.EquatorialRegion']
2026-02-03T14:52:32.828689Z ERROR hpde_io        Combining values.
2026-02-03T14:52:32.828721Z ERROR hpde_io   RBSPB_REL04_ECT-HOPE-MOM-L3 (spase://NASA/NumericalData/RBSP/B/ECT/HOPE/L3/Moments/Release04/PT24.35S):
2026-02-03T14:52:32.828748Z INFO  hpde_io     ObservedRegion for this ID differs from first found value s/c ID = RBSPB
2026-02-03T14:52:32.828769Z ERROR hpde_io       First value = ['Earth.Magnetosphere', 'Earth.Magnetosphere.Main', 'Earth.Magnetosphere.Plasmasphere', 'Earth.Magnetosphere.RadiationBelt', 'Earth.Magnetosphere.RingCurrent', 'Earth.NearSurface.EquatorialRegion']
2026-02-03T14:52:32.828796Z ERROR hpde_io       This value  = ['Earth.Magnetosphere', 'Earth.Magnetosphere.Main', 'Earth.Magnetosphere.RadiationBelt', 'Earth.NearSurface.EquatorialRegion']
2026-02-03T14:52:32.828822Z ERROR hpde_io        Combining values.
2026-02-03T14:52:32.828854Z ERROR hpde_io   RBSPB_REL04_ECT-HOPE-PA-L3 (spase://NASA/NumericalData/RBSP/B/ECT/HOPE/L3/PitchAngle/Release04/PT11.35S):
2026-02-03T14:52:32.828878Z INFO  hpde_io     ObservedRegion for this ID differs from first found value s/c ID = RBSPB
2026-02-03T14:52:32.828898Z ERROR hpde_io       First value = ['Earth.Magnetosphere', 'Earth.Magnetosphere.Main', 'Earth.Magnetosphere.Plasmasphere', 'Earth.Magnetosphere.RadiationBelt', 'Earth.Magnetosphere.RingCurrent', 'Earth.NearSurface.EquatorialRegion']
2026-02-03T14:52:32.828926Z ERROR hpde_io       This value  = ['Earth.Magnetosphere', 'Earth.Magnetosphere.Main', 'Earth.Magnetosphere.RadiationBelt', 'Earth.NearSurface.EquatorialRegion']
2026-02-03T14:52:32.828951Z ERROR hpde_io        Combining values.
2026-02-03T14:52:32.828984Z ERROR hpde_io   RBSPB_REL04_ECT-HOPE-SCI-L2 (spase://NASA/NumericalData/RBSP/B/ECT/HOPE/L2/Sectors/Release04/PT24S):
2026-02-03T14:52:32.829006Z INFO  hpde_io     ObservedRegion for this ID differs from first found value s/c ID = RBSPB
2026-02-03T14:52:32.829026Z ERROR hpde_io       First value = ['Earth.Magnetosphere', 'Earth.Magnetosphere.Main', 'Earth.Magnetosphere.Plasmasphere', 'Earth.Magnetosphere.RadiationBelt', 'Earth.Magnetosphere.RingCurrent', 'Earth.NearSurface.EquatorialRegion']
2026-02-03T14:52:32.829054Z ERROR hpde_io       This value  = ['Earth.Magnetosphere.Main', 'Earth.Magnetosphere.Plasmasphere', 'Earth.Magnetosphere.RadiationBelt', 'Earth.Magnetosphere.RingCurrent']
2026-02-03T14:52:32.829079Z ERROR hpde_io        Combining values.
2026-02-03T14:52:32.829122Z ERROR hpde_io   RBSPB_REL04_ECT-HOPE-SCI-L2SA (spase://NASA/NumericalData/RBSP/B/ECT/HOPE/L2/SpinAverage/Release04/PT24S):
2026-02-03T14:52:32.829149Z INFO  hpde_io     ObservedRegion for this ID differs from first found value s/c ID = RBSPB
2026-02-03T14:52:32.829169Z ERROR hpde_io       First value = ['Earth.Magnetosphere', 'Earth.Magnetosphere.Main', 'Earth.Magnetosphere.Plasmasphere', 'Earth.Magnetosphere.RadiationBelt', 'Earth.Magnetosphere.RingCurrent', 'Earth.NearSurface.EquatorialRegion']
2026-02-03T14:52:32.829197Z ERROR hpde_io       This value  = ['Earth.Magnetosphere', 'Earth.Magnetosphere.Main', 'Earth.Magnetosphere.RadiationBelt', 'Earth.NearSurface.EquatorialRegion']
2026-02-03T14:52:32.829223Z ERROR hpde_io        Combining values.
2026-02-03T14:52:32.829258Z ERROR hpde_io   RBSPB_REL04_ECT-MAGEIS-L3 (spase://NASA/NumericalData/RBSP/B/ECT/MagEIS/L3/Sectors/Release04/PT10.9S):
2026-02-03T14:52:32.829285Z INFO  hpde_io     ObservedRegion for this ID differs from first found value s/c ID = RBSPB
2026-02-03T14:52:32.829305Z ERROR hpde_io       First value = ['Earth.Magnetosphere', 'Earth.Magnetosphere.Main', 'Earth.Magnetosphere.Plasmasphere', 'Earth.Magnetosphere.RadiationBelt', 'Earth.Magnetosphere.RingCurrent', 'Earth.NearSurface.EquatorialRegion']
2026-02-03T14:52:32.829334Z ERROR hpde_io       This value  = ['Earth.Magnetosphere', 'Earth.Magnetosphere.Main', 'Earth.Magnetosphere.RadiationBelt', 'Earth.NearSurface.EquatorialRegion']
2026-02-03T14:52:32.829360Z ERROR hpde_io        Combining values.
2026-02-03T14:52:32.829393Z INFO  hpde_io   RBSP_ECT-REPT-SCI-L3-SELESNICK-MODEL (spase://NASA/NumericalData/RBSP/ECT/REPT/SelesnickModel/L3/P1M):
2026-02-03T14:52:32.829413Z INFO  hpde_io      Found first ObservedRegion in RBSP_ECT-REPT-SCI-L3-SELESNICK-MODEL for s/c ID = RBSP: ['Earth.Magnetosphere', 'Earth.Magnetosphere.Main', 'Earth.Magnetosphere.RadiationBelt', 'Earth.NearSurface.EquatorialRegion']
2026-02-03T14:52:32.829465Z INFO  hpde_io   RENU2_H0_EFIELD (spase://NASA/NumericalData/RENU2/COWBOY/ElectricField/PT0.001S):
2026-02-03T14:52:32.829486Z INFO  hpde_io      Found first ObservedRegion in RENU2_H0_EFIELD for s/c ID = RENU2: ['Earth.NearSurface.AuroralRegion', 'Earth.NearSurface.Ionosphere', 'Earth.NearSurface.Ionosphere.DRegion', 'Earth.NearSurface.Ionosphere.ERegion', 'Earth.NearSurface.Ionosphere.FRegion', 'Earth.NearSurface.Ionosphere.Topside', 'Earth.NearSurface.PolarCap', 'Earth.NearSurface.Thermosphere']
2026-02-03T14:52:32.829531Z ERROR hpde_io   RENU2_H0_UVPMT (spase://NASA/NumericalData/RENU2/UVPMT/PT0.042S):
2026-02-03T14:52:32.829559Z INFO  hpde_io     ObservedRegion for this ID differs from first found value s/c ID = RENU2
2026-02-03T14:52:32.829580Z ERROR hpde_io       First value = ['Earth.NearSurface.AuroralRegion', 'Earth.NearSurface.Ionosphere', 'Earth.NearSurface.Ionosphere.DRegion', 'Earth.NearSurface.Ionosphere.ERegion', 'Earth.NearSurface.Ionosphere.FRegion', 'Earth.NearSurface.Ionosphere.Topside', 'Earth.NearSurface.PolarCap', 'Earth.NearSurface.Thermosphere']
2026-02-03T14:52:32.829609Z ERROR hpde_io       This value  = ['Earth.NearSurface.AuroralRegion', 'Earth.NearSurface.Ionosphere']
2026-02-03T14:52:32.829635Z ERROR hpde_io        Combining values.
2026-02-03T14:52:32.829674Z INFO  hpde_io   ROSETTA_HELIO1DAY_POSITION (spase://NASA/NumericalData/Rosetta/HelioWeb/Ephemeris/P1D):
2026-02-03T14:52:32.829695Z INFO  hpde_io      Found first ObservedRegion in ROSETTA_HELIO1DAY_POSITION for s/c ID = ROSETTA: ['Comet.67PChuryumovGerasimenko']
2026-02-03T14:52:32.829722Z INFO  hpde_io   RS_K0_IPEI (spase://NASA/NumericalData/ROCSAT-1/IPEI/PT1s):
2026-02-03T14:52:32.829741Z INFO  hpde_io      Found first ObservedRegion in RS_K0_IPEI for s/c ID = RS: ['Earth.NearSurface.Ionosphere']
2026-02-03T14:52:32.829763Z INFO  hpde_io   SAKIGAKE_HELIO1DAY_POSITION (spase://NASA/NumericalData/Sakigake/HelioWeb/Ephemeris/P1D):
2026-02-03T14:52:32.829782Z INFO  hpde_io      Found first ObservedRegion in SAKIGAKE_HELIO1DAY_POSITION for s/c ID = SAKIGAKE: ['Comet']
2026-02-03T14:52:32.829809Z INFO  hpde_io   SATURN_HELIO1DAY_POSITION (spase://NASA/NumericalData/Planet/Saturn/HelioWeb/Ephemeris/P1D):
2026-02-03T14:52:32.829830Z INFO  hpde_io      Found first ObservedRegion in SATURN_HELIO1DAY_POSITION for s/c ID = SATURN: ['Saturn']
2026-02-03T14:52:32.829853Z INFO  hpde_io   SE_K0_AIS (spase://NASA/NumericalData/SESAME/KeyParameters/AIS/PT900S):
2026-02-03T14:52:32.829872Z INFO  hpde_io      Found first ObservedRegion in SE_K0_AIS for s/c ID = SE: ['Earth.NearSurface.Ionosphere']
2026-02-03T14:52:32.829900Z ERROR hpde_io   SE_K0_MAG (spase://NASA/NumericalData/SESAME/KeyParameters/MAG/PT60S):
2026-02-03T14:52:32.829924Z INFO  hpde_io     ObservedRegion for this ID differs from first found value s/c ID = SE
2026-02-03T14:52:32.829942Z ERROR hpde_io       First value = ['Earth.NearSurface.Ionosphere']
2026-02-03T14:52:32.829969Z ERROR hpde_io       This value  = ['Earth.Magnetosphere', 'Earth.NearSurface.Ionosphere']
2026-02-03T14:52:32.829995Z ERROR hpde_io        Combining values.
2026-02-03T14:52:32.830024Z ERROR hpde_io   SE_K0_RIO (spase://NASA/NumericalData/SESAME/KeyParameters/RIO/PT60S):
2026-02-03T14:52:32.830052Z INFO  hpde_io     ObservedRegion for this ID differs from first found value s/c ID = SE
2026-02-03T14:52:32.830070Z ERROR hpde_io       First value = ['Earth.Magnetosphere', 'Earth.NearSurface.Ionosphere']
2026-02-03T14:52:32.830095Z ERROR hpde_io       This value  = ['Earth.NearSurface.Ionosphere']
2026-02-03T14:52:32.830121Z ERROR hpde_io        Combining values.
2026-02-03T14:52:32.830153Z ERROR hpde_io   SE_K0_VLF (spase://NASA/NumericalData/SESAME/KeyParameters/VLF-ELF/PT60S):
2026-02-03T14:52:32.830178Z INFO  hpde_io     ObservedRegion for this ID differs from first found value s/c ID = SE
2026-02-03T14:52:32.830196Z ERROR hpde_io       First value = ['Earth.Magnetosphere', 'Earth.NearSurface.Ionosphere']
2026-02-03T14:52:32.830222Z ERROR hpde_io       This value  = ['Earth.NearSurface.Ionosphere']
2026-02-03T14:52:32.830247Z ERROR hpde_io        Combining values.
2026-02-03T14:52:32.830280Z INFO  hpde_io   SNOE_L3_GEO (spase://NASA/NumericalData/SNOE/UVS/GEO/PT1S):
2026-02-03T14:52:32.830300Z INFO  hpde_io      Found first ObservedRegion in SNOE_L3_GEO for s/c ID = SNOE: ['Earth.NearSurface.Thermosphere']
2026-02-03T14:52:32.830325Z INFO  hpde_io   SOHO_CELIAS-PM_30S (spase://NASA/NumericalData/SOHO/CELIAS/PM/CDF/PT30S):
2026-02-03T14:52:32.830344Z INFO  hpde_io      Found first ObservedRegion in SOHO_CELIAS-PM_30S for s/c ID = SOHO: ['Heliosphere.NearEarth']
2026-02-03T14:52:32.830417Z INFO  hpde_io   SOLO_HELIO1DAY_POSITION (spase://NASA/NumericalData/SolarOrbiter/HelioWeb/Ephemeris/P1D):
2026-02-03T14:52:32.830437Z INFO  hpde_io      Found first ObservedRegion in SOLO_HELIO1DAY_POSITION for s/c ID = SOLO: ['Heliosphere.Remote1AU', 'Heliosphere.Inner']
2026-02-03T14:52:32.830572Z INFO  hpde_io   SO_AT_DEF (spase://NASA/NumericalData/SOHO/Attitude/Definitive/PT10M):
2026-02-03T14:52:32.830589Z INFO  hpde_io      Found first ObservedRegion in SO_AT_DEF for s/c ID = SO: ['Heliosphere', 'Heliosphere.NearEarth', 'Heliosphere.Inner']
2026-02-03T14:52:32.830610Z ERROR hpde_io   SO_K0_CEL (spase://ESA/NumericalData/SOHO/CELIAS/KP/PT5M):
2026-02-03T14:52:32.830637Z INFO  hpde_io     ObservedRegion for this ID differs from first found value s/c ID = SO
2026-02-03T14:52:32.830655Z ERROR hpde_io       First value = ['Heliosphere', 'Heliosphere.Inner', 'Heliosphere.NearEarth']
2026-02-03T14:52:32.830682Z ERROR hpde_io       This value  = ['Heliosphere.NearEarth']
2026-02-03T14:52:32.830708Z ERROR hpde_io        Combining values.
2026-02-03T14:52:32.830737Z ERROR hpde_io   SO_K0_CST (spase://ESA/NumericalData/SOHO/COSTEP/KP/PT5M):
2026-02-03T14:52:32.830762Z INFO  hpde_io     ObservedRegion for this ID differs from first found value s/c ID = SO
2026-02-03T14:52:32.830782Z ERROR hpde_io       First value = ['Heliosphere', 'Heliosphere.Inner', 'Heliosphere.NearEarth']
2026-02-03T14:52:32.830805Z ERROR hpde_io       This value  = ['Heliosphere.NearEarth']
2026-02-03T14:52:32.830828Z ERROR hpde_io        Combining values.
2026-02-03T14:52:32.830857Z ERROR hpde_io   SO_K0_ERN (spase://ESA/NumericalData/SOHO/ERNE/KP/PT128S):
2026-02-03T14:52:32.830884Z INFO  hpde_io     ObservedRegion for this ID differs from first found value s/c ID = SO
2026-02-03T14:52:32.830905Z ERROR hpde_io       First value = ['Heliosphere', 'Heliosphere.Inner', 'Heliosphere.NearEarth']
2026-02-03T14:52:32.830931Z ERROR hpde_io       This value  = ['Heliosphere.NearEarth']
2026-02-03T14:52:32.830958Z ERROR hpde_io        Combining values.
2026-02-03T14:52:32.830997Z INFO  hpde_io   ST5-094_1SEC_MAG (spase://NASA/NumericalData/ST5-094/Ephemeris/PT1M):
2026-02-03T14:52:32.831019Z INFO  hpde_io      Found first ObservedRegion in ST5-094_1SEC_MAG for s/c ID = ST5-094: ['Earth.NearSurface.AuroralRegion', 'Earth.Magnetosphere.Polar', 'Earth.Magnetosphere']
2026-02-03T14:52:32.831056Z INFO  hpde_io   ST5-155_1SEC_MAG (spase://NASA/NumericalData/ST5-155/Ephemeris/PT1M):
2026-02-03T14:52:32.831082Z INFO  hpde_io      Found first ObservedRegion in ST5-155_1SEC_MAG for s/c ID = ST5-155: ['Earth.NearSurface.AuroralRegion', 'Earth.Magnetosphere.Polar', 'Earth.Magnetosphere']
2026-02-03T14:52:32.831108Z INFO  hpde_io   ST5-224_1SEC_MAG (spase://NASA/NumericalData/ST5-224/Ephemeris/PT1M):
2026-02-03T14:52:32.831130Z INFO  hpde_io      Found first ObservedRegion in ST5-224_1SEC_MAG for s/c ID = ST5-224: ['Earth.NearSurface.AuroralRegion', 'Earth.Magnetosphere.Polar', 'Earth.Magnetosphere']
2026-02-03T14:52:32.831153Z INFO  hpde_io   STA_COHO1HR_MERGED_MAG_PLASMA (spase://NASA/NumericalData/STEREO-A/IMPACT_PLASTIC/COHOWEB/PT1H):
2026-02-03T14:52:32.831171Z INFO  hpde_io      Found first ObservedRegion in STA_COHO1HR_MERGED_MAG_PLASMA for s/c ID = STA: ['Heliosphere.Remote1AU']
2026-02-03T14:52:32.831288Z INFO  hpde_io   STB_COHO1HR_MERGED_MAG_PLASMA (spase://NASA/NumericalData/STEREO-B/IMPACT_PLASTIC/COHOWEB/PT1H):
2026-02-03T14:52:32.831306Z INFO  hpde_io      Found first ObservedRegion in STB_COHO1HR_MERGED_MAG_PLASMA for s/c ID = STB: ['Heliosphere.Remote1AU']
2026-02-03T14:52:32.831404Z INFO  hpde_io   STEREO_LEVEL2_SWAVES (spase://NASA/NumericalData/STEREO/SWAVES/DS/Combined/PT1M):
2026-02-03T14:52:32.831423Z INFO  hpde_io      Found first ObservedRegion in STEREO_LEVEL2_SWAVES for s/c ID = STEREO: ['Heliosphere.Remote1AU', 'Heliosphere.Inner', 'Jupiter']
2026-02-03T14:52:32.831449Z INFO  hpde_io   SUISEI_HELIO1DAY_POSITION (spase://NASA/NumericalData/Suisei/HelioWeb/Ephemeris/P1D):
2026-02-03T14:52:32.831468Z INFO  hpde_io      Found first ObservedRegion in SUISEI_HELIO1DAY_POSITION for s/c ID = SUISEI: ['Comet']
2026-02-03T14:52:32.831493Z INFO  hpde_io   SX_K0_30F (spase://NASA/NumericalData/SAMPEX/PT30.00S):
2026-02-03T14:52:32.831513Z INFO  hpde_io      Found first ObservedRegion in SX_K0_30F for s/c ID = SX: ['Earth.Magnetosphere']
2026-02-03T14:52:32.831540Z INFO  hpde_io   THA_L1_STATE (spase://NASA/NumericalData/THEMIS/A/Ephemeris/PT01M):
2026-02-03T14:52:32.831558Z INFO  hpde_io      Found first ObservedRegion in THA_L1_STATE for s/c ID = THA: ['Heliosphere.NearEarth', 'Earth.Magnetosphere.Magnetotail', 'Earth.Magnetosphere.Main', 'Earth.Magnetosheath', 'Earth.Magnetosphere', 'Earth.Magnetosphere.RadiationBelt']
2026-02-03T14:52:32.831593Z ERROR hpde_io   THA_L2_FBK (spase://NASA/NumericalData/THEMIS/A/FBK/PT4S):
2026-02-03T14:52:32.831623Z INFO  hpde_io     ObservedRegion for this ID differs from first found value s/c ID = THA
2026-02-03T14:52:32.831644Z ERROR hpde_io       First value = ['Earth.Magnetosheath', 'Earth.Magnetosphere', 'Earth.Magnetosphere.Magnetotail', 'Earth.Magnetosphere.Main', 'Earth.Magnetosphere.RadiationBelt', 'Heliosphere.NearEarth']
2026-02-03T14:52:32.831674Z ERROR hpde_io       This value  = ['Earth.Magnetosheath', 'Earth.Magnetosphere.Magnetotail', 'Earth.Magnetosphere.Main', 'Earth.Magnetosphere.Plasmasphere', 'Earth.Magnetosphere.RadiationBelt', 'Heliosphere.NearEarth', 'Heliosphere.NearEarth']
2026-02-03T14:52:32.831703Z ERROR hpde_io        Combining values.
2026-02-03T14:52:32.831739Z ERROR hpde_io   THA_L2_FFT (spase://NASA/NumericalData/THEMIS/A/FFT/PT0.0556S):
2026-02-03T14:52:32.831765Z INFO  hpde_io     ObservedRegion for this ID differs from first found value s/c ID = THA
2026-02-03T14:52:32.831786Z ERROR hpde_io       First value = ['Earth.Magnetosheath', 'Earth.Magnetosphere', 'Earth.Magnetosphere.Magnetotail', 'Earth.Magnetosphere.Main', 'Earth.Magnetosphere.Plasmasphere', 'Earth.Magnetosphere.RadiationBelt', 'Heliosphere.NearEarth']
2026-02-03T14:52:32.831816Z ERROR hpde_io       This value  = ['Earth.Magnetosheath', 'Earth.Magnetosphere.Magnetotail', 'Earth.Magnetosphere.Main', 'Earth.Magnetosphere.Plasmasphere', 'Earth.Magnetosphere.RadiationBelt', 'Heliosphere.NearEarth', 'Heliosphere.NearEarth']
2026-02-03T14:52:32.831843Z ERROR hpde_io        Combining values.
2026-02-03T14:52:32.831873Z ERROR hpde_io   THA_L2_FGM (spase://DLR/NumericalData/THEMIS/A/FGM/PT0.0078125S):
2026-02-03T14:52:32.831908Z INFO  hpde_io     ObservedRegion for this ID differs from first found value s/c ID = THA
2026-02-03T14:52:32.831927Z ERROR hpde_io       First value = ['Earth.Magnetosheath', 'Earth.Magnetosphere', 'Earth.Magnetosphere.Magnetotail', 'Earth.Magnetosphere.Main', 'Earth.Magnetosphere.Plasmasphere', 'Earth.Magnetosphere.RadiationBelt', 'Heliosphere.NearEarth']
2026-02-03T14:52:32.831963Z ERROR hpde_io       This value  = ['Earth.Magnetosheath', 'Earth.Magnetosphere.Magnetotail', 'Earth.Magnetosphere.Main', 'Heliosphere.NearEarth']
2026-02-03T14:52:32.832009Z ERROR hpde_io        Combining values.
2026-02-03T14:52:32.832048Z ERROR hpde_io   THA_L2_FIT (spase://NASA/NumericalData/THEMIS/A/Fits/PT3S):
2026-02-03T14:52:32.832074Z INFO  hpde_io     ObservedRegion for this ID differs from first found value s/c ID = THA
2026-02-03T14:52:32.832097Z ERROR hpde_io       First value = ['Earth.Magnetosheath', 'Earth.Magnetosphere', 'Earth.Magnetosphere.Magnetotail', 'Earth.Magnetosphere.Main', 'Earth.Magnetosphere.Plasmasphere', 'Earth.Magnetosphere.RadiationBelt', 'Heliosphere.NearEarth']
2026-02-03T14:52:32.832128Z ERROR hpde_io       This value  = ['Earth.Magnetosheath', 'Earth.Magnetosphere', 'Earth.Magnetosphere.Magnetotail', 'Earth.Magnetosphere.Main', 'Earth.Magnetosphere.RadiationBelt', 'Heliosphere.NearEarth']
2026-02-03T14:52:32.832157Z ERROR hpde_io        Combining values.
2026-02-03T14:52:32.832189Z ERROR hpde_io   THA_L2_GMOM (spase://NASA/NumericalData/THEMIS/A/GMOM/PT3S):
2026-02-03T14:52:32.832216Z INFO  hpde_io     ObservedRegion for this ID differs from first found value s/c ID = THA
2026-02-03T14:52:32.832236Z ERROR hpde_io       First value = ['Earth.Magnetosheath', 'Earth.Magnetosphere', 'Earth.Magnetosphere.Magnetotail', 'Earth.Magnetosphere.Main', 'Earth.Magnetosphere.Plasmasphere', 'Earth.Magnetosphere.RadiationBelt', 'Heliosphere.NearEarth']
2026-02-03T14:52:32.832266Z ERROR hpde_io       This value  = ['Earth.Magnetosheath', 'Earth.Magnetosphere.Magnetotail', 'Earth.Magnetosphere.Main', 'Earth.Magnetosphere.Plasmasphere', 'Earth.Magnetosphere.RadiationBelt', 'Heliosphere.NearEarth', 'Heliosphere.NearEarth']
2026-02-03T14:52:32.832291Z ERROR hpde_io        Combining values.
2026-02-03T14:52:32.832322Z ERROR hpde_io   THA_L2_MOM (spase://NASA/NumericalData/THEMIS/A/MOM/PT3S):
2026-02-03T14:52:32.832350Z INFO  hpde_io     ObservedRegion for this ID differs from first found value s/c ID = THA
2026-02-03T14:52:32.832369Z ERROR hpde_io       First value = ['Earth.Magnetosheath', 'Earth.Magnetosphere', 'Earth.Magnetosphere.Magnetotail', 'Earth.Magnetosphere.Main', 'Earth.Magnetosphere.Plasmasphere', 'Earth.Magnetosphere.RadiationBelt', 'Heliosphere.NearEarth']
2026-02-03T14:52:32.832396Z ERROR hpde_io       This value  = ['Earth.Magnetosheath', 'Earth.Magnetosphere', 'Earth.Magnetosphere.Magnetotail', 'Earth.Magnetosphere.Main', 'Earth.Magnetosphere.RadiationBelt', 'Heliosphere.NearEarth']
2026-02-03T14:52:32.832424Z ERROR hpde_io        Combining values.
2026-02-03T14:52:32.832457Z ERROR hpde_io   THA_L2_SCM (spase://NASA/NumericalData/THEMIS/A/SCM/PT0.125S):
2026-02-03T14:52:32.832485Z INFO  hpde_io     ObservedRegion for this ID differs from first found value s/c ID = THA
2026-02-03T14:52:32.832505Z ERROR hpde_io       First value = ['Earth.Magnetosheath', 'Earth.Magnetosphere', 'Earth.Magnetosphere.Magnetotail', 'Earth.Magnetosphere.Main', 'Earth.Magnetosphere.Plasmasphere', 'Earth.Magnetosphere.RadiationBelt', 'Heliosphere.NearEarth']
2026-02-03T14:52:32.832534Z ERROR hpde_io       This value  = ['Earth.Magnetosheath', 'Earth.Magnetosphere', 'Earth.Magnetosphere.Magnetotail', 'Earth.Magnetosphere.Main', 'Earth.Magnetosphere.RadiationBelt', 'Heliosphere.NearEarth']
2026-02-03T14:52:32.832559Z ERROR hpde_io        Combining values.
2026-02-03T14:52:32.832593Z ERROR hpde_io   THA_L2_SST (spase://NASA/NumericalData/THEMIS/A/SST/PT3S):
2026-02-03T14:52:32.832621Z INFO  hpde_io     ObservedRegion for this ID differs from first found value s/c ID = THA
2026-02-03T14:52:32.832642Z ERROR hpde_io       First value = ['Earth.Magnetosheath', 'Earth.Magnetosphere', 'Earth.Magnetosphere.Magnetotail', 'Earth.Magnetosphere.Main', 'Earth.Magnetosphere.Plasmasphere', 'Earth.Magnetosphere.RadiationBelt', 'Heliosphere.NearEarth']
2026-02-03T14:52:32.832670Z ERROR hpde_io       This value  = ['Earth.Magnetosheath', 'Earth.Magnetosphere.Magnetotail', 'Earth.Magnetosphere.Main', 'Earth.Magnetosphere.Plasmasphere', 'Earth.Magnetosphere.RadiationBelt', 'Heliosphere.NearEarth', 'Heliosphere.NearEarth']
2026-02-03T14:52:32.832697Z ERROR hpde_io        Combining values.
2026-02-03T14:52:32.832730Z ERROR hpde_io   THA_OR_SSC (spase://NASA/NumericalData/THEMIS/A/Ephemeris/SSCWeb/PT1M):
2026-02-03T14:52:32.832757Z INFO  hpde_io     ObservedRegion for this ID differs from first found value s/c ID = THA
2026-02-03T14:52:32.832778Z ERROR hpde_io       First value = ['Earth.Magnetosheath', 'Earth.Magnetosphere', 'Earth.Magnetosphere.Magnetotail', 'Earth.Magnetosphere.Main', 'Earth.Magnetosphere.Plasmasphere', 'Earth.Magnetosphere.RadiationBelt', 'Heliosphere.NearEarth']
2026-02-03T14:52:32.832807Z ERROR hpde_io       This value  = ['Earth.Magnetosheath', 'Earth.Magnetosphere.Magnetotail', 'Earth.Magnetosphere.Main', 'Earth.Magnetosphere.Plasmasphere', 'Earth.Magnetosphere.RadiationBelt', 'Heliosphere.NearEarth', 'Heliosphere.NearEarth']
2026-02-03T14:52:32.832835Z ERROR hpde_io        Combining values.
2026-02-03T14:52:32.832875Z INFO  hpde_io   THB_HELIO1DAY_POSITION (spase://NASA/NumericalData/THEMIS/B/HelioWeb/Ephemeris/P1D):
2026-02-03T14:52:32.832895Z INFO  hpde_io      Found first ObservedRegion in THB_HELIO1DAY_POSITION for s/c ID = THB: ['Earth.Moon', 'Earth.Magnetosphere.Plasmasphere', 'Earth.Magnetosphere.RadiationBelt', 'Heliosphere.NearEarth', 'Earth.Magnetosheath', 'Earth.Magnetosphere.Main', 'Earth.Magnetosphere.Magnetotail', 'Heliosphere.NearEarth']
2026-02-03T14:52:32.832924Z ERROR hpde_io   THB_L1_STATE (spase://NASA/NumericalData/THEMIS/B/Ephemeris/PT01M):
2026-02-03T14:52:32.832951Z INFO  hpde_io     ObservedRegion for this ID differs from first found value s/c ID = THB
2026-02-03T14:52:32.832970Z ERROR hpde_io       First value = ['Earth.Magnetosheath', 'Earth.Magnetosphere.Magnetotail', 'Earth.Magnetosphere.Main', 'Earth.Magnetosphere.Plasmasphere', 'Earth.Magnetosphere.RadiationBelt', 'Earth.Moon', 'Heliosphere.NearEarth', 'Heliosphere.NearEarth']
2026-02-03T14:52:32.832999Z ERROR hpde_io       This value  = ['Earth.Magnetosheath', 'Earth.Magnetosphere', 'Earth.Magnetosphere.Magnetotail', 'Earth.Magnetosphere.Main', 'Earth.Magnetosphere.RadiationBelt', 'Heliosphere.NearEarth']
2026-02-03T14:52:32.833027Z ERROR hpde_io        Combining values.
2026-02-03T14:52:32.833058Z ERROR hpde_io   THB_L2_EFI (spase://NASA/NumericalData/THEMIS/B/EFI/PT3S):
2026-02-03T14:52:32.833089Z INFO  hpde_io     ObservedRegion for this ID differs from first found value s/c ID = THB
2026-02-03T14:52:32.833110Z ERROR hpde_io       First value = ['Earth.Magnetosheath', 'Earth.Magnetosphere', 'Earth.Magnetosphere.Magnetotail', 'Earth.Magnetosphere.Main', 'Earth.Magnetosphere.Plasmasphere', 'Earth.Magnetosphere.RadiationBelt', 'Earth.Moon', 'Heliosphere.NearEarth']
2026-02-03T14:52:32.833138Z ERROR hpde_io       This value  = ['Earth.Magnetosheath', 'Earth.Magnetosphere', 'Earth.Magnetosphere.Magnetotail', 'Earth.Magnetosphere.Main', 'Earth.Magnetosphere.RadiationBelt', 'Heliosphere.NearEarth']
2026-02-03T14:52:32.833162Z ERROR hpde_io        Combining values.
2026-02-03T14:52:32.833197Z ERROR hpde_io   THB_L2_ESA (spase://NASA/NumericalData/THEMIS/B/ESA/PT3S):
2026-02-03T14:52:32.833224Z INFO  hpde_io     ObservedRegion for this ID differs from first found value s/c ID = THB
2026-02-03T14:52:32.833245Z ERROR hpde_io       First value = ['Earth.Magnetosheath', 'Earth.Magnetosphere', 'Earth.Magnetosphere.Magnetotail', 'Earth.Magnetosphere.Main', 'Earth.Magnetosphere.Plasmasphere', 'Earth.Magnetosphere.RadiationBelt', 'Earth.Moon', 'Heliosphere.NearEarth']
2026-02-03T14:52:32.833273Z ERROR hpde_io       This value  = ['Earth.Magnetosheath', 'Earth.Magnetosphere', 'Earth.Magnetosphere.Magnetotail', 'Earth.Magnetosphere.Main', 'Earth.Magnetosphere.RadiationBelt', 'Heliosphere.NearEarth']
2026-02-03T14:52:32.833302Z ERROR hpde_io        Combining values.
2026-02-03T14:52:32.833332Z ERROR hpde_io   THB_L2_FBK (spase://NASA/NumericalData/THEMIS/B/FBK/PT4S):
2026-02-03T14:52:32.833359Z INFO  hpde_io     ObservedRegion for this ID differs from first found value s/c ID = THB
2026-02-03T14:52:32.833379Z ERROR hpde_io       First value = ['Earth.Magnetosheath', 'Earth.Magnetosphere', 'Earth.Magnetosphere.Magnetotail', 'Earth.Magnetosphere.Main', 'Earth.Magnetosphere.Plasmasphere', 'Earth.Magnetosphere.RadiationBelt', 'Earth.Moon', 'Heliosphere.NearEarth']
2026-02-03T14:52:32.833408Z ERROR hpde_io       This value  = ['Earth.Magnetosheath', 'Earth.Magnetosphere.Magnetotail', 'Earth.Magnetosphere.Main', 'Earth.Magnetosphere.Plasmasphere', 'Earth.Magnetosphere.RadiationBelt', 'Earth.Moon', 'Heliosphere.NearEarth', 'Heliosphere.NearEarth']
2026-02-03T14:52:32.833435Z ERROR hpde_io        Combining values.
2026-02-03T14:52:32.833464Z ERROR hpde_io   THB_L2_FFT (spase://NASA/NumericalData/THEMIS/B/FFT/PT0.0556S):
2026-02-03T14:52:32.833486Z INFO  hpde_io     ObservedRegion for this ID differs from first found value s/c ID = THB
2026-02-03T14:52:32.833502Z ERROR hpde_io       First value = ['Earth.Magnetosheath', 'Earth.Magnetosphere', 'Earth.Magnetosphere.Magnetotail', 'Earth.Magnetosphere.Main', 'Earth.Magnetosphere.Plasmasphere', 'Earth.Magnetosphere.RadiationBelt', 'Earth.Moon', 'Heliosphere.NearEarth']
2026-02-03T14:52:32.833525Z ERROR hpde_io       This value  = ['Earth.Magnetosheath', 'Earth.Magnetosphere.Magnetotail', 'Earth.Magnetosphere.Main', 'Earth.Magnetosphere.Plasmasphere', 'Earth.Magnetosphere.RadiationBelt', 'Earth.Moon', 'Heliosphere.NearEarth', 'Heliosphere.NearEarth']
2026-02-03T14:52:32.833550Z ERROR hpde_io        Combining values.
2026-02-03T14:52:32.833576Z ERROR hpde_io   THB_L2_FGM (spase://DLR/NumericalData/THEMIS/B/FGM/PT0.0078125S):
2026-02-03T14:52:32.833598Z INFO  hpde_io     ObservedRegion for this ID differs from first found value s/c ID = THB
2026-02-03T14:52:32.833614Z ERROR hpde_io       First value = ['Earth.Magnetosheath', 'Earth.Magnetosphere', 'Earth.Magnetosphere.Magnetotail', 'Earth.Magnetosphere.Main', 'Earth.Magnetosphere.Plasmasphere', 'Earth.Magnetosphere.RadiationBelt', 'Earth.Moon', 'Heliosphere.NearEarth']
2026-02-03T14:52:32.833637Z ERROR hpde_io       This value  = ['Earth.Magnetosheath', 'Earth.Magnetosphere.Magnetotail', 'Earth.Magnetosphere.Main', 'Heliosphere.NearEarth']
2026-02-03T14:52:32.833659Z ERROR hpde_io        Combining values.
2026-02-03T14:52:32.833684Z ERROR hpde_io   THB_L2_FIT (spase://NASA/NumericalData/THEMIS/B/Fits/PT3S):
2026-02-03T14:52:32.833706Z INFO  hpde_io     ObservedRegion for this ID differs from first found value s/c ID = THB
2026-02-03T14:52:32.833723Z ERROR hpde_io       First value = ['Earth.Magnetosheath', 'Earth.Magnetosphere', 'Earth.Magnetosphere.Magnetotail', 'Earth.Magnetosphere.Main', 'Earth.Magnetosphere.Plasmasphere', 'Earth.Magnetosphere.RadiationBelt', 'Earth.Moon', 'Heliosphere.NearEarth']
2026-02-03T14:52:32.833746Z ERROR hpde_io       This value  = ['Earth.Magnetosheath', 'Earth.Magnetosphere', 'Earth.Magnetosphere.Magnetotail', 'Earth.Magnetosphere.Main', 'Earth.Magnetosphere.RadiationBelt', 'Heliosphere.NearEarth']
2026-02-03T14:52:32.833768Z ERROR hpde_io        Combining values.
2026-02-03T14:52:32.833794Z ERROR hpde_io   THB_L2_GMOM (spase://NASA/NumericalData/THEMIS/B/GMOM/PT3S):
2026-02-03T14:52:32.833816Z INFO  hpde_io     ObservedRegion for this ID differs from first found value s/c ID = THB
2026-02-03T14:52:32.833833Z ERROR hpde_io       First value = ['Earth.Magnetosheath', 'Earth.Magnetosphere', 'Earth.Magnetosphere.Magnetotail', 'Earth.Magnetosphere.Main', 'Earth.Magnetosphere.Plasmasphere', 'Earth.Magnetosphere.RadiationBelt', 'Earth.Moon', 'Heliosphere.NearEarth']
2026-02-03T14:52:32.833856Z ERROR hpde_io       This value  = ['Earth.Magnetosheath', 'Earth.Magnetosphere.Magnetotail', 'Earth.Magnetosphere.Main', 'Earth.Magnetosphere.Plasmasphere', 'Earth.Magnetosphere.RadiationBelt', 'Earth.Moon', 'Heliosphere.NearEarth', 'Heliosphere.NearEarth']
2026-02-03T14:52:32.833878Z ERROR hpde_io        Combining values.
2026-02-03T14:52:32.833903Z ERROR hpde_io   THB_L2_MERGED (spase://NASA/NumericalData/THEMIS/B/ESA.FGM/PT96S):
2026-02-03T14:52:32.833927Z INFO  hpde_io     ObservedRegion for this ID differs from first found value s/c ID = THB
2026-02-03T14:52:32.833943Z ERROR hpde_io       First value = ['Earth.Magnetosheath', 'Earth.Magnetosphere', 'Earth.Magnetosphere.Magnetotail', 'Earth.Magnetosphere.Main', 'Earth.Magnetosphere.Plasmasphere', 'Earth.Magnetosphere.RadiationBelt', 'Earth.Moon', 'Heliosphere.NearEarth']
2026-02-03T14:52:32.833966Z ERROR hpde_io       This value  = ['Earth.Magnetosheath', 'Earth.Magnetosphere.Magnetotail', 'Heliosphere.NearEarth']
2026-02-03T14:52:32.833987Z ERROR hpde_io        Combining values.
2026-02-03T14:52:32.834012Z ERROR hpde_io   THB_L2_MOM (spase://NASA/NumericalData/THEMIS/B/MOM/PT3S):
2026-02-03T14:52:32.834034Z INFO  hpde_io     ObservedRegion for this ID differs from first found value s/c ID = THB
2026-02-03T14:52:32.834050Z ERROR hpde_io       First value = ['Earth.Magnetosheath', 'Earth.Magnetosphere', 'Earth.Magnetosphere.Magnetotail', 'Earth.Magnetosphere.Main', 'Earth.Magnetosphere.Plasmasphere', 'Earth.Magnetosphere.RadiationBelt', 'Earth.Moon', 'Heliosphere.NearEarth']
2026-02-03T14:52:32.834073Z ERROR hpde_io       This value  = ['Earth.Magnetosheath', 'Earth.Magnetosphere', 'Earth.Magnetosphere.Magnetotail', 'Earth.Magnetosphere.Main', 'Earth.Magnetosphere.RadiationBelt', 'Heliosphere.NearEarth']
2026-02-03T14:52:32.834094Z ERROR hpde_io        Combining values.
2026-02-03T14:52:32.834120Z ERROR hpde_io   THB_L2_SCM (spase://NASA/NumericalData/THEMIS/B/SCM/PT0.125S):
2026-02-03T14:52:32.834141Z INFO  hpde_io     ObservedRegion for this ID differs from first found value s/c ID = THB
2026-02-03T14:52:32.834157Z ERROR hpde_io       First value = ['Earth.Magnetosheath', 'Earth.Magnetosphere', 'Earth.Magnetosphere.Magnetotail', 'Earth.Magnetosphere.Main', 'Earth.Magnetosphere.Plasmasphere', 'Earth.Magnetosphere.RadiationBelt', 'Earth.Moon', 'Heliosphere.NearEarth']
2026-02-03T14:52:32.834181Z ERROR hpde_io       This value  = ['Earth.Magnetosheath', 'Earth.Magnetosphere', 'Earth.Magnetosphere.Magnetotail', 'Earth.Magnetosphere.Main', 'Earth.Magnetosphere.RadiationBelt', 'Heliosphere.NearEarth']
2026-02-03T14:52:32.834203Z ERROR hpde_io        Combining values.
2026-02-03T14:52:32.834229Z ERROR hpde_io   THB_L2_SST (spase://NASA/NumericalData/THEMIS/B/SST/PT3S):
2026-02-03T14:52:32.834251Z INFO  hpde_io     ObservedRegion for this ID differs from first found value s/c ID = THB
2026-02-03T14:52:32.834267Z ERROR hpde_io       First value = ['Earth.Magnetosheath', 'Earth.Magnetosphere', 'Earth.Magnetosphere.Magnetotail', 'Earth.Magnetosphere.Main', 'Earth.Magnetosphere.Plasmasphere', 'Earth.Magnetosphere.RadiationBelt', 'Earth.Moon', 'Heliosphere.NearEarth']
2026-02-03T14:52:32.834290Z ERROR hpde_io       This value  = ['Earth.Magnetosheath', 'Earth.Magnetosphere.Magnetotail', 'Earth.Magnetosphere.Main', 'Earth.Magnetosphere.Plasmasphere', 'Earth.Magnetosphere.RadiationBelt', 'Earth.Moon', 'Heliosphere.NearEarth', 'Heliosphere.NearEarth']
2026-02-03T14:52:32.834314Z ERROR hpde_io        Combining values.
2026-02-03T14:52:32.834340Z ERROR hpde_io   THB_OR_SSC (spase://NASA/NumericalData/THEMIS/B/Ephemeris/SSCWeb/PT1M):
2026-02-03T14:52:32.834361Z INFO  hpde_io     ObservedRegion for this ID differs from first found value s/c ID = THB
2026-02-03T14:52:32.834378Z ERROR hpde_io       First value = ['Earth.Magnetosheath', 'Earth.Magnetosphere', 'Earth.Magnetosphere.Magnetotail', 'Earth.Magnetosphere.Main', 'Earth.Magnetosphere.Plasmasphere', 'Earth.Magnetosphere.RadiationBelt', 'Earth.Moon', 'Heliosphere.NearEarth']
2026-02-03T14:52:32.834401Z ERROR hpde_io       This value  = ['Earth.Magnetosheath', 'Earth.Magnetosphere.Magnetotail', 'Earth.Magnetosphere.Main', 'Earth.Magnetosphere.Plasmasphere', 'Earth.Magnetosphere.RadiationBelt', 'Earth.Moon', 'Heliosphere.NearEarth', 'Heliosphere.NearEarth']
2026-02-03T14:52:32.834424Z ERROR hpde_io        Combining values.
2026-02-03T14:52:32.834450Z INFO  hpde_io   THC_HELIO1DAY_POSITION (spase://NASA/NumericalData/THEMIS/C/HelioWeb/Ephemeris/P1D):
2026-02-03T14:52:32.834471Z INFO  hpde_io      Found first ObservedRegion in THC_HELIO1DAY_POSITION for s/c ID = THC: ['Earth.Moon', 'Earth.Magnetosphere.Plasmasphere', 'Earth.Magnetosphere.RadiationBelt', 'Heliosphere.NearEarth', 'Earth.Magnetosheath', 'Earth.Magnetosphere.Main', 'Earth.Magnetosphere.Magnetotail', 'Heliosphere.NearEarth']
2026-02-03T14:52:32.834497Z ERROR hpde_io   THC_L1_STATE (spase://NASA/NumericalData/THEMIS/C/Ephemeris/PT01M):
2026-02-03T14:52:32.834519Z INFO  hpde_io     ObservedRegion for this ID differs from first found value s/c ID = THC
2026-02-03T14:52:32.834535Z ERROR hpde_io       First value = ['Earth.Magnetosheath', 'Earth.Magnetosphere.Magnetotail', 'Earth.Magnetosphere.Main', 'Earth.Magnetosphere.Plasmasphere', 'Earth.Magnetosphere.RadiationBelt', 'Earth.Moon', 'Heliosphere.NearEarth', 'Heliosphere.NearEarth']
2026-02-03T14:52:32.834559Z ERROR hpde_io       This value  = ['Earth.Magnetosheath', 'Earth.Magnetosphere', 'Earth.Magnetosphere.Magnetotail', 'Earth.Magnetosphere.Main', 'Earth.Magnetosphere.RadiationBelt', 'Heliosphere.NearEarth']
2026-02-03T14:52:32.834581Z ERROR hpde_io        Combining values.
2026-02-03T14:52:32.834606Z ERROR hpde_io   THC_L2_EFI (spase://NASA/NumericalData/THEMIS/C/EFI/PT3S):
2026-02-03T14:52:32.834630Z INFO  hpde_io     ObservedRegion for this ID differs from first found value s/c ID = THC
2026-02-03T14:52:32.834646Z ERROR hpde_io       First value = ['Earth.Magnetosheath', 'Earth.Magnetosphere', 'Earth.Magnetosphere.Magnetotail', 'Earth.Magnetosphere.Main', 'Earth.Magnetosphere.Plasmasphere', 'Earth.Magnetosphere.RadiationBelt', 'Earth.Moon', 'Heliosphere.NearEarth']
2026-02-03T14:52:32.834670Z ERROR hpde_io       This value  = ['Earth.Magnetosheath', 'Earth.Magnetosphere', 'Earth.Magnetosphere.Magnetotail', 'Earth.Magnetosphere.Main', 'Earth.Magnetosphere.RadiationBelt', 'Heliosphere.NearEarth']
2026-02-03T14:52:32.834692Z ERROR hpde_io        Combining values.
2026-02-03T14:52:32.834721Z ERROR hpde_io   THC_L2_ESA (spase://NASA/NumericalData/THEMIS/C/ESA/PT3S):
2026-02-03T14:52:32.834743Z INFO  hpde_io     ObservedRegion for this ID differs from first found value s/c ID = THC
2026-02-03T14:52:32.834760Z ERROR hpde_io       First value = ['Earth.Magnetosheath', 'Earth.Magnetosphere', 'Earth.Magnetosphere.Magnetotail', 'Earth.Magnetosphere.Main', 'Earth.Magnetosphere.Plasmasphere', 'Earth.Magnetosphere.RadiationBelt', 'Earth.Moon', 'Heliosphere.NearEarth']
2026-02-03T14:52:32.834783Z ERROR hpde_io       This value  = ['Earth.Magnetosheath', 'Earth.Magnetosphere', 'Earth.Magnetosphere.Magnetotail', 'Earth.Magnetosphere.Main', 'Earth.Magnetosphere.RadiationBelt', 'Heliosphere.NearEarth']
2026-02-03T14:52:32.834805Z ERROR hpde_io        Combining values.
2026-02-03T14:52:32.834832Z ERROR hpde_io   THC_L2_FBK (spase://NASA/NumericalData/THEMIS/C/FBK/PT4S):
2026-02-03T14:52:32.834857Z INFO  hpde_io     ObservedRegion for this ID differs from first found value s/c ID = THC
2026-02-03T14:52:32.834874Z ERROR hpde_io       First value = ['Earth.Magnetosheath', 'Earth.Magnetosphere', 'Earth.Magnetosphere.Magnetotail', 'Earth.Magnetosphere.Main', 'Earth.Magnetosphere.Plasmasphere', 'Earth.Magnetosphere.RadiationBelt', 'Earth.Moon', 'Heliosphere.NearEarth']
2026-02-03T14:52:32.834897Z ERROR hpde_io       This value  = ['Earth.Magnetosheath', 'Earth.Magnetosphere.Magnetotail', 'Earth.Magnetosphere.Main', 'Earth.Magnetosphere.Plasmasphere', 'Earth.Magnetosphere.RadiationBelt', 'Earth.Moon', 'Heliosphere.NearEarth', 'Heliosphere.NearEarth']
2026-02-03T14:52:32.834919Z ERROR hpde_io        Combining values.
2026-02-03T14:52:32.834946Z ERROR hpde_io   THC_L2_FFT (spase://NASA/NumericalData/THEMIS/C/FFT/PT0.0556S):
2026-02-03T14:52:32.834970Z INFO  hpde_io     ObservedRegion for this ID differs from first found value s/c ID = THC
2026-02-03T14:52:32.834987Z ERROR hpde_io       First value = ['Earth.Magnetosheath', 'Earth.Magnetosphere', 'Earth.Magnetosphere.Magnetotail', 'Earth.Magnetosphere.Main', 'Earth.Magnetosphere.Plasmasphere', 'Earth.Magnetosphere.RadiationBelt', 'Earth.Moon', 'Heliosphere.NearEarth']
2026-02-03T14:52:32.835010Z ERROR hpde_io       This value  = ['Earth.Magnetosheath', 'Earth.Magnetosphere.Magnetotail', 'Earth.Magnetosphere.Main', 'Earth.Magnetosphere.Plasmasphere', 'Earth.Magnetosphere.RadiationBelt', 'Earth.Moon', 'Heliosphere.NearEarth', 'Heliosphere.NearEarth']
2026-02-03T14:52:32.835032Z ERROR hpde_io        Combining values.
2026-02-03T14:52:32.835058Z ERROR hpde_io   THC_L2_FGM (spase://DLR/NumericalData/THEMIS/C/FGM/PT0.0078125S):
2026-02-03T14:52:32.835082Z INFO  hpde_io     ObservedRegion for this ID differs from first found value s/c ID = THC
2026-02-03T14:52:32.835098Z ERROR hpde_io       First value = ['Earth.Magnetosheath', 'Earth.Magnetosphere', 'Earth.Magnetosphere.Magnetotail', 'Earth.Magnetosphere.Main', 'Earth.Magnetosphere.Plasmasphere', 'Earth.Magnetosphere.RadiationBelt', 'Earth.Moon', 'Heliosphere.NearEarth']
2026-02-03T14:52:32.835121Z ERROR hpde_io       This value  = ['Earth.Magnetosheath', 'Earth.Magnetosphere.Magnetotail', 'Earth.Magnetosphere.Main', 'Heliosphere.NearEarth']
2026-02-03T14:52:32.835143Z ERROR hpde_io        Combining values.
2026-02-03T14:52:32.835171Z ERROR hpde_io   THC_L2_FIT (spase://NASA/NumericalData/THEMIS/C/Fits/PT3S):
2026-02-03T14:52:32.835197Z INFO  hpde_io     ObservedRegion for this ID differs from first found value s/c ID = THC
2026-02-03T14:52:32.835213Z ERROR hpde_io       First value = ['Earth.Magnetosheath', 'Earth.Magnetosphere', 'Earth.Magnetosphere.Magnetotail', 'Earth.Magnetosphere.Main', 'Earth.Magnetosphere.Plasmasphere', 'Earth.Magnetosphere.RadiationBelt', 'Earth.Moon', 'Heliosphere.NearEarth']
2026-02-03T14:52:32.835235Z ERROR hpde_io       This value  = ['Earth.Magnetosheath', 'Earth.Magnetosphere', 'Earth.Magnetosphere.Magnetotail', 'Earth.Magnetosphere.Main', 'Earth.Magnetosphere.RadiationBelt', 'Heliosphere.NearEarth']
2026-02-03T14:52:32.835257Z ERROR hpde_io        Combining values.
2026-02-03T14:52:32.835282Z ERROR hpde_io   THC_L2_GMOM (spase://NASA/NumericalData/THEMIS/C/GMOM/PT3S):
2026-02-03T14:52:32.835303Z INFO  hpde_io     ObservedRegion for this ID differs from first found value s/c ID = THC
2026-02-03T14:52:32.835319Z ERROR hpde_io       First value = ['Earth.Magnetosheath', 'Earth.Magnetosphere', 'Earth.Magnetosphere.Magnetotail', 'Earth.Magnetosphere.Main', 'Earth.Magnetosphere.Plasmasphere', 'Earth.Magnetosphere.RadiationBelt', 'Earth.Moon', 'Heliosphere.NearEarth']
2026-02-03T14:52:32.835342Z ERROR hpde_io       This value  = ['Earth.Magnetosheath', 'Earth.Magnetosphere.Magnetotail', 'Earth.Magnetosphere.Main', 'Earth.Magnetosphere.Plasmasphere', 'Earth.Magnetosphere.RadiationBelt', 'Earth.Moon', 'Heliosphere.NearEarth', 'Heliosphere.NearEarth']
2026-02-03T14:52:32.835363Z ERROR hpde_io        Combining values.
2026-02-03T14:52:32.835388Z ERROR hpde_io   THC_L2_MERGED (spase://NASA/NumericalData/THEMIS/C/ESA.FGM/PT96S):
2026-02-03T14:52:32.835409Z INFO  hpde_io     ObservedRegion for this ID differs from first found value s/c ID = THC
2026-02-03T14:52:32.835425Z ERROR hpde_io       First value = ['Earth.Magnetosheath', 'Earth.Magnetosphere', 'Earth.Magnetosphere.Magnetotail', 'Earth.Magnetosphere.Main', 'Earth.Magnetosphere.Plasmasphere', 'Earth.Magnetosphere.RadiationBelt', 'Earth.Moon', 'Heliosphere.NearEarth']
2026-02-03T14:52:32.835448Z ERROR hpde_io       This value  = ['Earth.Magnetosheath', 'Earth.Magnetosphere', 'Earth.Magnetosphere.Magnetotail', 'Earth.Magnetosphere.Main', 'Earth.Magnetosphere.RadiationBelt', 'Heliosphere.NearEarth']
2026-02-03T14:52:32.835470Z ERROR hpde_io        Combining values.
2026-02-03T14:52:32.835495Z ERROR hpde_io   THC_L2_MOM (spase://NASA/NumericalData/THEMIS/C/MOM/PT3S):
2026-02-03T14:52:32.835516Z INFO  hpde_io     ObservedRegion for this ID differs from first found value s/c ID = THC
2026-02-03T14:52:32.835532Z ERROR hpde_io       First value = ['Earth.Magnetosheath', 'Earth.Magnetosphere', 'Earth.Magnetosphere.Magnetotail', 'Earth.Magnetosphere.Main', 'Earth.Magnetosphere.Plasmasphere', 'Earth.Magnetosphere.RadiationBelt', 'Earth.Moon', 'Heliosphere.NearEarth']
2026-02-03T14:52:32.835555Z ERROR hpde_io       This value  = ['Earth.Magnetosheath', 'Earth.Magnetosphere', 'Earth.Magnetosphere.Magnetotail', 'Earth.Magnetosphere.Main', 'Earth.Magnetosphere.RadiationBelt', 'Heliosphere.NearEarth']
2026-02-03T14:52:32.835577Z ERROR hpde_io        Combining values.
2026-02-03T14:52:32.835603Z ERROR hpde_io   THC_L2_SCM (spase://NASA/NumericalData/THEMIS/C/SCM/PT0.125S):
2026-02-03T14:52:32.835624Z INFO  hpde_io     ObservedRegion for this ID differs from first found value s/c ID = THC
2026-02-03T14:52:32.835640Z ERROR hpde_io       First value = ['Earth.Magnetosheath', 'Earth.Magnetosphere', 'Earth.Magnetosphere.Magnetotail', 'Earth.Magnetosphere.Main', 'Earth.Magnetosphere.Plasmasphere', 'Earth.Magnetosphere.RadiationBelt', 'Earth.Moon', 'Heliosphere.NearEarth']
2026-02-03T14:52:32.835663Z ERROR hpde_io       This value  = ['Earth.Magnetosheath', 'Earth.Magnetosphere', 'Earth.Magnetosphere.Magnetotail', 'Earth.Magnetosphere.Main', 'Earth.Magnetosphere.RadiationBelt', 'Heliosphere.NearEarth']
2026-02-03T14:52:32.835685Z ERROR hpde_io        Combining values.
2026-02-03T14:52:32.835710Z ERROR hpde_io   THC_L2_SST (spase://NASA/NumericalData/THEMIS/C/SST/PT3S):
2026-02-03T14:52:32.835731Z INFO  hpde_io     ObservedRegion for this ID differs from first found value s/c ID = THC
2026-02-03T14:52:32.835748Z ERROR hpde_io       First value = ['Earth.Magnetosheath', 'Earth.Magnetosphere', 'Earth.Magnetosphere.Magnetotail', 'Earth.Magnetosphere.Main', 'Earth.Magnetosphere.Plasmasphere', 'Earth.Magnetosphere.RadiationBelt', 'Earth.Moon', 'Heliosphere.NearEarth']
2026-02-03T14:52:32.835771Z ERROR hpde_io       This value  = ['Earth.Magnetosheath', 'Earth.Magnetosphere.Magnetotail', 'Earth.Magnetosphere.Main', 'Earth.Magnetosphere.Plasmasphere', 'Earth.Magnetosphere.RadiationBelt', 'Earth.Moon', 'Heliosphere.NearEarth', 'Heliosphere.NearEarth']
2026-02-03T14:52:32.835793Z ERROR hpde_io        Combining values.
2026-02-03T14:52:32.835819Z ERROR hpde_io   THC_OR_SSC (spase://NASA/NumericalData/THEMIS/C/Ephemeris/SSCWeb/PT1M):
2026-02-03T14:52:32.835840Z INFO  hpde_io     ObservedRegion for this ID differs from first found value s/c ID = THC
2026-02-03T14:52:32.835856Z ERROR hpde_io       First value = ['Earth.Magnetosheath', 'Earth.Magnetosphere', 'Earth.Magnetosphere.Magnetotail', 'Earth.Magnetosphere.Main', 'Earth.Magnetosphere.Plasmasphere', 'Earth.Magnetosphere.RadiationBelt', 'Earth.Moon', 'Heliosphere.NearEarth']
2026-02-03T14:52:32.835879Z ERROR hpde_io       This value  = ['Earth.Magnetosheath', 'Earth.Magnetosphere.Magnetotail', 'Earth.Magnetosphere.Main', 'Earth.Magnetosphere.Plasmasphere', 'Earth.Magnetosphere.RadiationBelt', 'Earth.Moon', 'Heliosphere.NearEarth', 'Heliosphere.NearEarth']
2026-02-03T14:52:32.835902Z ERROR hpde_io        Combining values.
2026-02-03T14:52:32.835928Z INFO  hpde_io   THD_L1_STATE (spase://NASA/NumericalData/THEMIS/D/Ephemeris/PT01M):
2026-02-03T14:52:32.835944Z INFO  hpde_io      Found first ObservedRegion in THD_L1_STATE for s/c ID = THD: ['Heliosphere.NearEarth', 'Earth.Magnetosphere.Magnetotail', 'Earth.Magnetosphere.Main', 'Earth.Magnetosheath', 'Earth.Magnetosphere', 'Earth.Magnetosphere.RadiationBelt']
2026-02-03T14:52:32.835972Z ERROR hpde_io   THD_L2_FBK (spase://NASA/NumericalData/THEMIS/D/FBK/PT4S):
2026-02-03T14:52:32.835994Z INFO  hpde_io     ObservedRegion for this ID differs from first found value s/c ID = THD
2026-02-03T14:52:32.836011Z ERROR hpde_io       First value = ['Earth.Magnetosheath', 'Earth.Magnetosphere', 'Earth.Magnetosphere.Magnetotail', 'Earth.Magnetosphere.Main', 'Earth.Magnetosphere.RadiationBelt', 'Heliosphere.NearEarth']
2026-02-03T14:52:32.836035Z ERROR hpde_io       This value  = ['Earth.Magnetosheath', 'Earth.Magnetosphere.Magnetotail', 'Earth.Magnetosphere.Main', 'Earth.Magnetosphere.Plasmasphere', 'Earth.Magnetosphere.RadiationBelt', 'Heliosphere.NearEarth', 'Heliosphere.NearEarth']
2026-02-03T14:52:32.836057Z ERROR hpde_io        Combining values.
2026-02-03T14:52:32.836083Z ERROR hpde_io   THD_L2_FFT (spase://NASA/NumericalData/THEMIS/D/FFT/PT0.0556S):
2026-02-03T14:52:32.836110Z INFO  hpde_io     ObservedRegion for this ID differs from first found value s/c ID = THD
2026-02-03T14:52:32.836126Z ERROR hpde_io       First value = ['Earth.Magnetosheath', 'Earth.Magnetosphere', 'Earth.Magnetosphere.Magnetotail', 'Earth.Magnetosphere.Main', 'Earth.Magnetosphere.Plasmasphere', 'Earth.Magnetosphere.RadiationBelt', 'Heliosphere.NearEarth']
2026-02-03T14:52:32.836150Z ERROR hpde_io       This value  = ['Earth.Magnetosheath', 'Earth.Magnetosphere.Magnetotail', 'Earth.Magnetosphere.Main', 'Earth.Magnetosphere.Plasmasphere', 'Earth.Magnetosphere.RadiationBelt', 'Heliosphere.NearEarth', 'Heliosphere.NearEarth']
2026-02-03T14:52:32.836172Z ERROR hpde_io        Combining values.
2026-02-03T14:52:32.836197Z ERROR hpde_io   THD_L2_FGM (spase://DLR/NumericalData/THEMIS/D/FGM/PT0.0078125S):
2026-02-03T14:52:32.836219Z INFO  hpde_io     ObservedRegion for this ID differs from first found value s/c ID = THD
2026-02-03T14:52:32.836236Z ERROR hpde_io       First value = ['Earth.Magnetosheath', 'Earth.Magnetosphere', 'Earth.Magnetosphere.Magnetotail', 'Earth.Magnetosphere.Main', 'Earth.Magnetosphere.Plasmasphere', 'Earth.Magnetosphere.RadiationBelt', 'Heliosphere.NearEarth']
2026-02-03T14:52:32.836260Z ERROR hpde_io       This value  = ['Earth.Magnetosheath', 'Earth.Magnetosphere.Magnetotail', 'Earth.Magnetosphere.Main', 'Heliosphere.NearEarth']
2026-02-03T14:52:32.836282Z ERROR hpde_io        Combining values.
2026-02-03T14:52:32.836308Z ERROR hpde_io   THD_L2_FIT (spase://NASA/NumericalData/THEMIS/D/Fits/PT3S):
2026-02-03T14:52:32.836329Z INFO  hpde_io     ObservedRegion for this ID differs from first found value s/c ID = THD
2026-02-03T14:52:32.836346Z ERROR hpde_io       First value = ['Earth.Magnetosheath', 'Earth.Magnetosphere', 'Earth.Magnetosphere.Magnetotail', 'Earth.Magnetosphere.Main', 'Earth.Magnetosphere.Plasmasphere', 'Earth.Magnetosphere.RadiationBelt', 'Heliosphere.NearEarth']
2026-02-03T14:52:32.836369Z ERROR hpde_io       This value  = ['Earth.Magnetosheath', 'Earth.Magnetosphere', 'Earth.Magnetosphere.Magnetotail', 'Earth.Magnetosphere.Main', 'Earth.Magnetosphere.RadiationBelt', 'Heliosphere.NearEarth']
2026-02-03T14:52:32.836391Z ERROR hpde_io        Combining values.
2026-02-03T14:52:32.836416Z ERROR hpde_io   THD_L2_GMOM (spase://NASA/NumericalData/THEMIS/D/GMOM/PT3S):
2026-02-03T14:52:32.836439Z INFO  hpde_io     ObservedRegion for this ID differs from first found value s/c ID = THD
2026-02-03T14:52:32.836455Z ERROR hpde_io       First value = ['Earth.Magnetosheath', 'Earth.Magnetosphere', 'Earth.Magnetosphere.Magnetotail', 'Earth.Magnetosphere.Main', 'Earth.Magnetosphere.Plasmasphere', 'Earth.Magnetosphere.RadiationBelt', 'Heliosphere.NearEarth']
2026-02-03T14:52:32.836479Z ERROR hpde_io       This value  = ['Earth.Magnetosheath', 'Earth.Magnetosphere.Magnetotail', 'Earth.Magnetosphere.Main', 'Earth.Magnetosphere.Plasmasphere', 'Earth.Magnetosphere.RadiationBelt', 'Heliosphere.NearEarth', 'Heliosphere.NearEarth']
2026-02-03T14:52:32.836502Z ERROR hpde_io        Combining values.
2026-02-03T14:52:32.836528Z ERROR hpde_io   THD_L2_MOM (spase://NASA/NumericalData/THEMIS/D/MOM/PT3S):
2026-02-03T14:52:32.836549Z INFO  hpde_io     ObservedRegion for this ID differs from first found value s/c ID = THD
2026-02-03T14:52:32.836565Z ERROR hpde_io       First value = ['Earth.Magnetosheath', 'Earth.Magnetosphere', 'Earth.Magnetosphere.Magnetotail', 'Earth.Magnetosphere.Main', 'Earth.Magnetosphere.Plasmasphere', 'Earth.Magnetosphere.RadiationBelt', 'Heliosphere.NearEarth']
2026-02-03T14:52:32.836589Z ERROR hpde_io       This value  = ['Earth.Magnetosheath', 'Earth.Magnetosphere', 'Earth.Magnetosphere.Magnetotail', 'Earth.Magnetosphere.Main', 'Earth.Magnetosphere.RadiationBelt', 'Heliosphere.NearEarth']
2026-02-03T14:52:32.836611Z ERROR hpde_io        Combining values.
2026-02-03T14:52:32.836637Z ERROR hpde_io   THD_L2_SCM (spase://NASA/NumericalData/THEMIS/D/SCM/PT0.125S):
2026-02-03T14:52:32.836659Z INFO  hpde_io     ObservedRegion for this ID differs from first found value s/c ID = THD
2026-02-03T14:52:32.836675Z ERROR hpde_io       First value = ['Earth.Magnetosheath', 'Earth.Magnetosphere', 'Earth.Magnetosphere.Magnetotail', 'Earth.Magnetosphere.Main', 'Earth.Magnetosphere.Plasmasphere', 'Earth.Magnetosphere.RadiationBelt', 'Heliosphere.NearEarth']
2026-02-03T14:52:32.836698Z ERROR hpde_io       This value  = ['Earth.Magnetosheath', 'Earth.Magnetosphere', 'Earth.Magnetosphere.Magnetotail', 'Earth.Magnetosphere.Main', 'Earth.Magnetosphere.RadiationBelt', 'Heliosphere.NearEarth']
2026-02-03T14:52:32.836720Z ERROR hpde_io        Combining values.
2026-02-03T14:52:32.836749Z ERROR hpde_io   THD_L2_SST (spase://NASA/NumericalData/THEMIS/D/SST/PT3S):
2026-02-03T14:52:32.836771Z INFO  hpde_io     ObservedRegion for this ID differs from first found value s/c ID = THD
2026-02-03T14:52:32.836787Z ERROR hpde_io       First value = ['Earth.Magnetosheath', 'Earth.Magnetosphere', 'Earth.Magnetosphere.Magnetotail', 'Earth.Magnetosphere.Main', 'Earth.Magnetosphere.Plasmasphere', 'Earth.Magnetosphere.RadiationBelt', 'Heliosphere.NearEarth']
2026-02-03T14:52:32.836810Z ERROR hpde_io       This value  = ['Earth.Magnetosheath', 'Earth.Magnetosphere.Magnetotail', 'Earth.Magnetosphere.Main', 'Earth.Magnetosphere.Plasmasphere', 'Earth.Magnetosphere.RadiationBelt', 'Heliosphere.NearEarth', 'Heliosphere.NearEarth']
2026-02-03T14:52:32.836832Z ERROR hpde_io        Combining values.
2026-02-03T14:52:32.836857Z ERROR hpde_io   THD_OR_SSC (spase://NASA/NumericalData/THEMIS/D/Ephemeris/SSCWeb/PT1M):
2026-02-03T14:52:32.836878Z INFO  hpde_io     ObservedRegion for this ID differs from first found value s/c ID = THD
2026-02-03T14:52:32.836894Z ERROR hpde_io       First value = ['Earth.Magnetosheath', 'Earth.Magnetosphere', 'Earth.Magnetosphere.Magnetotail', 'Earth.Magnetosphere.Main', 'Earth.Magnetosphere.Plasmasphere', 'Earth.Magnetosphere.RadiationBelt', 'Heliosphere.NearEarth']
2026-02-03T14:52:32.836927Z ERROR hpde_io       This value  = ['Earth.Magnetosheath', 'Earth.Magnetosphere.Magnetotail', 'Earth.Magnetosphere.Main', 'Earth.Magnetosphere.Plasmasphere', 'Earth.Magnetosphere.RadiationBelt', 'Heliosphere.NearEarth', 'Heliosphere.NearEarth']
2026-02-03T14:52:32.836948Z ERROR hpde_io        Combining values.
2026-02-03T14:52:32.836974Z INFO  hpde_io   THE_L1_STATE (spase://NASA/NumericalData/THEMIS/E/Ephemeris/PT01M):
2026-02-03T14:52:32.836990Z INFO  hpde_io      Found first ObservedRegion in THE_L1_STATE for s/c ID = THE: ['Heliosphere.NearEarth', 'Earth.Magnetosphere.Magnetotail', 'Earth.Magnetosphere.Main', 'Earth.Magnetosheath', 'Earth.Magnetosphere', 'Earth.Magnetosphere.RadiationBelt']
2026-02-03T14:52:32.837017Z ERROR hpde_io   THE_L2_FBK (spase://NASA/NumericalData/THEMIS/E/FBK/PT4S):
2026-02-03T14:52:32.837038Z INFO  hpde_io     ObservedRegion for this ID differs from first found value s/c ID = THE
2026-02-03T14:52:32.837054Z ERROR hpde_io       First value = ['Earth.Magnetosheath', 'Earth.Magnetosphere', 'Earth.Magnetosphere.Magnetotail', 'Earth.Magnetosphere.Main', 'Earth.Magnetosphere.RadiationBelt', 'Heliosphere.NearEarth']
2026-02-03T14:52:32.837077Z ERROR hpde_io       This value  = ['Earth.Magnetosheath', 'Earth.Magnetosphere.Magnetotail', 'Earth.Magnetosphere.Main', 'Earth.Magnetosphere.Plasmasphere', 'Earth.Magnetosphere.RadiationBelt', 'Heliosphere.NearEarth', 'Heliosphere.NearEarth']
2026-02-03T14:52:32.837099Z ERROR hpde_io        Combining values.
2026-02-03T14:52:32.837125Z ERROR hpde_io   THE_L2_FFT (spase://NASA/NumericalData/THEMIS/E/FFT/PT0.0556S):
2026-02-03T14:52:32.837146Z INFO  hpde_io     ObservedRegion for this ID differs from first found value s/c ID = THE
2026-02-03T14:52:32.837163Z ERROR hpde_io       First value = ['Earth.Magnetosheath', 'Earth.Magnetosphere', 'Earth.Magnetosphere.Magnetotail', 'Earth.Magnetosphere.Main', 'Earth.Magnetosphere.Plasmasphere', 'Earth.Magnetosphere.RadiationBelt', 'Heliosphere.NearEarth']
2026-02-03T14:52:32.837186Z ERROR hpde_io       This value  = ['Earth.Magnetosheath', 'Earth.Magnetosphere.Magnetotail', 'Earth.Magnetosphere.Main', 'Earth.Magnetosphere.Plasmasphere', 'Earth.Magnetosphere.RadiationBelt', 'Heliosphere.NearEarth', 'Heliosphere.NearEarth']
2026-02-03T14:52:32.837208Z ERROR hpde_io        Combining values.
2026-02-03T14:52:32.837235Z ERROR hpde_io   THE_L2_FGM (spase://DLR/NumericalData/THEMIS/E/FGM/PT0.0078125S):
2026-02-03T14:52:32.837256Z INFO  hpde_io     ObservedRegion for this ID differs from first found value s/c ID = THE
2026-02-03T14:52:32.837273Z ERROR hpde_io       First value = ['Earth.Magnetosheath', 'Earth.Magnetosphere', 'Earth.Magnetosphere.Magnetotail', 'Earth.Magnetosphere.Main', 'Earth.Magnetosphere.Plasmasphere', 'Earth.Magnetosphere.RadiationBelt', 'Heliosphere.NearEarth']
2026-02-03T14:52:32.837295Z ERROR hpde_io       This value  = ['Earth.Magnetosheath', 'Earth.Magnetosphere.Magnetotail', 'Earth.Magnetosphere.Main', 'Heliosphere.NearEarth']
2026-02-03T14:52:32.837317Z ERROR hpde_io        Combining values.
2026-02-03T14:52:32.837343Z ERROR hpde_io   THE_L2_FIT (spase://NASA/NumericalData/THEMIS/E/Fits/PT3S):
2026-02-03T14:52:32.837364Z INFO  hpde_io     ObservedRegion for this ID differs from first found value s/c ID = THE
2026-02-03T14:52:32.837381Z ERROR hpde_io       First value = ['Earth.Magnetosheath', 'Earth.Magnetosphere', 'Earth.Magnetosphere.Magnetotail', 'Earth.Magnetosphere.Main', 'Earth.Magnetosphere.Plasmasphere', 'Earth.Magnetosphere.RadiationBelt', 'Heliosphere.NearEarth']
2026-02-03T14:52:32.837435Z ERROR hpde_io       This value  = ['Earth.Magnetosheath', 'Earth.Magnetosphere', 'Earth.Magnetosphere.Magnetotail', 'Earth.Magnetosphere.Main', 'Earth.Magnetosphere.RadiationBelt', 'Heliosphere.NearEarth']
2026-02-03T14:52:32.837469Z ERROR hpde_io        Combining values.
2026-02-03T14:52:32.837509Z ERROR hpde_io   THE_L2_GMOM (spase://NASA/NumericalData/THEMIS/E/GMOM/PT3S):
2026-02-03T14:52:32.837538Z INFO  hpde_io     ObservedRegion for this ID differs from first found value s/c ID = THE
2026-02-03T14:52:32.837560Z ERROR hpde_io       First value = ['Earth.Magnetosheath', 'Earth.Magnetosphere', 'Earth.Magnetosphere.Magnetotail', 'Earth.Magnetosphere.Main', 'Earth.Magnetosphere.Plasmasphere', 'Earth.Magnetosphere.RadiationBelt', 'Heliosphere.NearEarth']
2026-02-03T14:52:32.837588Z ERROR hpde_io       This value  = ['Earth.Magnetosheath', 'Earth.Magnetosphere.Magnetotail', 'Earth.Magnetosphere.Main', 'Earth.Magnetosphere.Plasmasphere', 'Earth.Magnetosphere.RadiationBelt', 'Heliosphere.NearEarth', 'Heliosphere.NearEarth']
2026-02-03T14:52:32.837616Z ERROR hpde_io        Combining values.
2026-02-03T14:52:32.837649Z ERROR hpde_io   THE_L2_MOM (spase://NASA/NumericalData/THEMIS/E/MOM/PT3S):
2026-02-03T14:52:32.837676Z INFO  hpde_io     ObservedRegion for this ID differs from first found value s/c ID = THE
2026-02-03T14:52:32.837695Z ERROR hpde_io       First value = ['Earth.Magnetosheath', 'Earth.Magnetosphere', 'Earth.Magnetosphere.Magnetotail', 'Earth.Magnetosphere.Main', 'Earth.Magnetosphere.Plasmasphere', 'Earth.Magnetosphere.RadiationBelt', 'Heliosphere.NearEarth']
2026-02-03T14:52:32.837720Z ERROR hpde_io       This value  = ['Earth.Magnetosheath', 'Earth.Magnetosphere', 'Earth.Magnetosphere.Magnetotail', 'Earth.Magnetosphere.Main', 'Earth.Magnetosphere.RadiationBelt', 'Heliosphere.NearEarth']
2026-02-03T14:52:32.837751Z ERROR hpde_io        Combining values.
2026-02-03T14:52:32.837783Z ERROR hpde_io   THE_L2_SCM (spase://NASA/NumericalData/THEMIS/E/SCM/PT0.125S):
2026-02-03T14:52:32.837809Z INFO  hpde_io     ObservedRegion for this ID differs from first found value s/c ID = THE
2026-02-03T14:52:32.837828Z ERROR hpde_io       First value = ['Earth.Magnetosheath', 'Earth.Magnetosphere', 'Earth.Magnetosphere.Magnetotail', 'Earth.Magnetosphere.Main', 'Earth.Magnetosphere.Plasmasphere', 'Earth.Magnetosphere.RadiationBelt', 'Heliosphere.NearEarth']
2026-02-03T14:52:32.837857Z ERROR hpde_io       This value  = ['Earth.Magnetosheath', 'Earth.Magnetosphere', 'Earth.Magnetosphere.Magnetotail', 'Earth.Magnetosphere.Main', 'Earth.Magnetosphere.RadiationBelt', 'Heliosphere.NearEarth']
2026-02-03T14:52:32.837882Z ERROR hpde_io        Combining values.
2026-02-03T14:52:32.837920Z ERROR hpde_io   THE_L2_SST (spase://NASA/NumericalData/THEMIS/E/SST/PT3S):
2026-02-03T14:52:32.837948Z INFO  hpde_io     ObservedRegion for this ID differs from first found value s/c ID = THE
2026-02-03T14:52:32.837971Z ERROR hpde_io       First value = ['Earth.Magnetosheath', 'Earth.Magnetosphere', 'Earth.Magnetosphere.Magnetotail', 'Earth.Magnetosphere.Main', 'Earth.Magnetosphere.Plasmasphere', 'Earth.Magnetosphere.RadiationBelt', 'Heliosphere.NearEarth']
2026-02-03T14:52:32.838001Z ERROR hpde_io       This value  = ['Earth.Magnetosheath', 'Earth.Magnetosphere.Magnetotail', 'Earth.Magnetosphere.Main', 'Earth.Magnetosphere.Plasmasphere', 'Earth.Magnetosphere.RadiationBelt', 'Heliosphere.NearEarth', 'Heliosphere.NearEarth']
2026-02-03T14:52:32.838045Z ERROR hpde_io        Combining values.
2026-02-03T14:52:32.838080Z ERROR hpde_io   THE_OR_SSC (spase://NASA/NumericalData/THEMIS/E/Ephemeris/SSCWeb/PT1M):
2026-02-03T14:52:32.838108Z INFO  hpde_io     ObservedRegion for this ID differs from first found value s/c ID = THE
2026-02-03T14:52:32.838129Z ERROR hpde_io       First value = ['Earth.Magnetosheath', 'Earth.Magnetosphere', 'Earth.Magnetosphere.Magnetotail', 'Earth.Magnetosphere.Main', 'Earth.Magnetosphere.Plasmasphere', 'Earth.Magnetosphere.RadiationBelt', 'Heliosphere.NearEarth']
2026-02-03T14:52:32.838157Z ERROR hpde_io       This value  = ['Earth.Magnetosheath', 'Earth.Magnetosphere.Magnetotail', 'Earth.Magnetosphere.Main', 'Earth.Magnetosphere.Plasmasphere', 'Earth.Magnetosphere.RadiationBelt', 'Heliosphere.NearEarth', 'Heliosphere.NearEarth']
2026-02-03T14:52:32.838184Z ERROR hpde_io        Combining values.
2026-02-03T14:52:32.838214Z INFO  hpde_io   THG_L1_ASK (spase://NASA/NumericalData/THEMIS/Ground/ASK/PT3S):
2026-02-03T14:52:32.838234Z INFO  hpde_io      Found first ObservedRegion in THG_L1_ASK for s/c ID = THG: ['Earth.NearSurface.Ionosphere', 'Earth.Surface']
2026-02-03T14:52:32.838795Z INFO  hpde_io   TIMED_EDP_GUVI (spase://NASA/NumericalData/TIMED/GUVI/Electron_Density_Product):
2026-02-03T14:52:32.838830Z INFO  hpde_io      Found first ObservedRegion in TIMED_EDP_GUVI for s/c ID = TIMED: ['Earth.NearSurface', 'Earth.NearSurface.Atmosphere', 'Earth.NearSurface.AuroralRegion', 'Earth.NearSurface.EquatorialRegion', 'Earth.NearSurface.Mesosphere', 'Earth.NearSurface.PolarCap', 'Earth.NearSurface.Stratosphere', 'Earth.NearSurface.Thermosphere', 'Earth.NearSurface.Ionosphere']
2026-02-03T14:52:32.838857Z ERROR hpde_io   TIMED_L1BV20_SABER (spase://NASA/NumericalData/TIMED/SABER/L1B/V20/PT42S):
2026-02-03T14:52:32.838886Z INFO  hpde_io     ObservedRegion for this ID differs from first found value s/c ID = TIMED
2026-02-03T14:52:32.838907Z ERROR hpde_io       First value = ['Earth.NearSurface', 'Earth.NearSurface.Atmosphere', 'Earth.NearSurface.AuroralRegion', 'Earth.NearSurface.EquatorialRegion', 'Earth.NearSurface.Ionosphere', 'Earth.NearSurface.Mesosphere', 'Earth.NearSurface.PolarCap', 'Earth.NearSurface.Stratosphere', 'Earth.NearSurface.Thermosphere']
2026-02-03T14:52:32.838934Z ERROR hpde_io       This value  = ['Earth.NearSurface.Mesosphere', 'Earth.NearSurface.Thermosphere']
2026-02-03T14:52:32.838965Z ERROR hpde_io        Combining values.
2026-02-03T14:52:32.839002Z ERROR hpde_io   TIMED_L3A_SEE (spase://NASA/NumericalData/TIMED/SEE/L3A):
2026-02-03T14:52:32.839027Z INFO  hpde_io     ObservedRegion for this ID differs from first found value s/c ID = TIMED
2026-02-03T14:52:32.839047Z ERROR hpde_io       First value = ['Earth.NearSurface', 'Earth.NearSurface.Atmosphere', 'Earth.NearSurface.AuroralRegion', 'Earth.NearSurface.EquatorialRegion', 'Earth.NearSurface.Ionosphere', 'Earth.NearSurface.Mesosphere', 'Earth.NearSurface.PolarCap', 'Earth.NearSurface.Stratosphere', 'Earth.NearSurface.Thermosphere']
2026-02-03T14:52:32.839077Z ERROR hpde_io       This value  = ['Sun']
2026-02-03T14:52:32.839105Z ERROR hpde_io        Combining values.
2026-02-03T14:52:32.839139Z ERROR hpde_io   TIMED_WINDVECTORSNCAR_TIDI (spase://NASA/NumericalData/TIMED/TIDI/WindVectors/PT82.28S):
2026-02-03T14:52:32.839164Z INFO  hpde_io     ObservedRegion for this ID differs from first found value s/c ID = TIMED
2026-02-03T14:52:32.839184Z ERROR hpde_io       First value = ['Earth.NearSurface', 'Earth.NearSurface.Atmosphere', 'Earth.NearSurface.AuroralRegion', 'Earth.NearSurface.EquatorialRegion', 'Earth.NearSurface.Ionosphere', 'Earth.NearSurface.Mesosphere', 'Earth.NearSurface.PolarCap', 'Earth.NearSurface.Stratosphere', 'Earth.NearSurface.Thermosphere', 'Sun']
2026-02-03T14:52:32.839215Z ERROR hpde_io       This value  = ['Earth.NearSurface', 'Earth.NearSurface.Atmosphere', 'Earth.NearSurface.AuroralRegion', 'Earth.NearSurface.EquatorialRegion', 'Earth.NearSurface.Ionosphere', 'Earth.NearSurface.Mesosphere', 'Earth.NearSurface.PolarCap', 'Earth.NearSurface.Stratosphere', 'Earth.NearSurface.Thermosphere']
2026-02-03T14:52:32.839240Z ERROR hpde_io        Combining values.
2026-02-03T14:52:32.839449Z INFO  hpde_io   TWINS1_AT_DEF (spase://NASA/NumericalData/TWINS1/Ephemeris/Attitude/Definitive/PT0.512S):
2026-02-03T14:52:32.839469Z INFO  hpde_io      Found first ObservedRegion in TWINS1_AT_DEF for s/c ID = TWINS1: ['Earth.Magnetosphere', 'Earth.Magnetosphere.Magnetotail', 'Earth.Magnetosphere.Main', 'Earth.Magnetosphere.RadiationBelt', 'Earth.Magnetosheath']
2026-02-03T14:52:32.839493Z ERROR hpde_io   TWINS1_L1_IMAGER (spase://NASA/NumericalData/TWINS1/ENA/L1/PT15M):
2026-02-03T14:52:32.839518Z INFO  hpde_io     ObservedRegion for this ID differs from first found value s/c ID = TWINS1
2026-02-03T14:52:32.839538Z ERROR hpde_io       First value = ['Earth.Magnetosheath', 'Earth.Magnetosphere', 'Earth.Magnetosphere.Magnetotail', 'Earth.Magnetosphere.Main', 'Earth.Magnetosphere.RadiationBelt']
2026-02-03T14:52:32.839566Z ERROR hpde_io       This value  = ['Earth.Magnetosphere']
2026-02-03T14:52:32.839590Z ERROR hpde_io        Combining values.
2026-02-03T14:52:32.839631Z INFO  hpde_io   TWINS2_AT_DEF (spase://NASA/NumericalData/TWINS2/Ephemeris/Attitude/Definitive/PT0.512S):
2026-02-03T14:52:32.839655Z INFO  hpde_io      Found first ObservedRegion in TWINS2_AT_DEF for s/c ID = TWINS2: ['Earth.Magnetosphere', 'Earth.Magnetosphere.Magnetotail', 'Earth.Magnetosphere.Main', 'Earth.Magnetosphere.RadiationBelt', 'Earth.Magnetosheath']
2026-02-03T14:52:32.839677Z ERROR hpde_io   TWINS2_L1_IMAGER (spase://NASA/NumericalData/TWINS2/ENA/L1/PT15M):
2026-02-03T14:52:32.839702Z INFO  hpde_io     ObservedRegion for this ID differs from first found value s/c ID = TWINS2
2026-02-03T14:52:32.839720Z ERROR hpde_io       First value = ['Earth.Magnetosheath', 'Earth.Magnetosphere', 'Earth.Magnetosphere.Magnetotail', 'Earth.Magnetosphere.Main', 'Earth.Magnetosphere.RadiationBelt']
2026-02-03T14:52:32.839748Z ERROR hpde_io       This value  = ['Earth.Magnetosphere']
2026-02-03T14:52:32.839779Z ERROR hpde_io        Combining values.
2026-02-03T14:52:32.839821Z INFO  hpde_io   TWINS_M2_ENA (spase://NASA/NumericalData/TWINS/ENA/MagnetosphericIonTemperatures/ModifiedData/PT10M):
2026-02-03T14:52:32.839841Z INFO  hpde_io      Found first ObservedRegion in TWINS_M2_ENA for s/c ID = TWINS: ['Earth.Magnetosphere.Main', 'Earth.Magnetosphere.RadiationBelt', 'Earth.Magnetosphere', 'Earth.Magnetosphere.Plasmasphere']
2026-02-03T14:52:32.839865Z INFO  hpde_io   ULYSSES_HELIO1DAY_POSITION (spase://NASA/NumericalData/Ulysses/HelioWeb/Ephemeris/P1D):
2026-02-03T14:52:32.839884Z INFO  hpde_io      Found first ObservedRegion in ULYSSES_HELIO1DAY_POSITION for s/c ID = ULYSSES: ['Jupiter.Magnetosphere', 'Heliosphere.NearEarth', 'Heliosphere.Outer', 'Heliosphere.Inner']
2026-02-03T14:52:32.839909Z INFO  hpde_io   URANUS_HELIO1DAY_POSITION (spase://NASA/NumericalData/Planet/Uranus/HelioWeb/Ephemeris/P1D):
2026-02-03T14:52:32.839927Z INFO  hpde_io      Found first ObservedRegion in URANUS_HELIO1DAY_POSITION for s/c ID = URANUS: ['Uranus']
2026-02-03T14:52:32.839954Z INFO  hpde_io   UY_1MIN_VHM (spase://NASA/NumericalData/Ulysses/FGM/GSFC/SPDF/PT1M):
2026-02-03T14:52:32.839972Z INFO  hpde_io      Found first ObservedRegion in UY_1MIN_VHM for s/c ID = UY: ['Heliosphere.Inner', 'Heliosphere.Outer', 'Heliosphere.NearEarth']
2026-02-03T14:52:32.840000Z ERROR hpde_io   UY_ALPHA-DISTRIBUTIONS_SWOOPS (spase://NASA/NumericalData/Ulysses/SWOOPS/AlphaParticle/FitParameters/PT4M):
2026-02-03T14:52:32.840041Z INFO  hpde_io     ObservedRegion for this ID differs from first found value s/c ID = UY
2026-02-03T14:52:32.840070Z ERROR hpde_io       First value = ['Heliosphere.Inner', 'Heliosphere.NearEarth', 'Heliosphere.Outer']
2026-02-03T14:52:32.840106Z ERROR hpde_io       This value  = ['Heliosphere', 'Heliosphere.Inner', 'Heliosphere.NearEarth', 'Heliosphere.Outer', 'Jupiter', 'Sun.Corona']
2026-02-03T14:52:32.840137Z ERROR hpde_io        Combining values.
2026-02-03T14:52:32.840175Z ERROR hpde_io   UY_ALPHA-FIT-PARAMETERS_SWOOPS (spase://NASA/NumericalData/Ulysses/SWOOPS/AlphaParticle/ParticleDistributions/PT4M):
2026-02-03T14:52:32.840203Z INFO  hpde_io     ObservedRegion for this ID differs from first found value s/c ID = UY
2026-02-03T14:52:32.840224Z ERROR hpde_io       First value = ['Heliosphere', 'Heliosphere.Inner', 'Heliosphere.NearEarth', 'Heliosphere.Outer', 'Jupiter', 'Sun.Corona']
2026-02-03T14:52:32.840256Z ERROR hpde_io       This value  = ['Heliosphere', 'Heliosphere.Inner', 'Heliosphere.NearEarth', 'Heliosphere.Outer']
2026-02-03T14:52:32.840284Z ERROR hpde_io        Combining values.
2026-02-03T14:52:32.840321Z ERROR hpde_io   UY_COHO1HR_MERGED_MAG_PLASMA (spase://NASA/NumericalData/Ulysses/MAGandPLS/PT1H):
2026-02-03T14:52:32.840346Z INFO  hpde_io     ObservedRegion for this ID differs from first found value s/c ID = UY
2026-02-03T14:52:32.840367Z ERROR hpde_io       First value = ['Heliosphere', 'Heliosphere.Inner', 'Heliosphere.NearEarth', 'Heliosphere.Outer', 'Jupiter', 'Sun.Corona']
2026-02-03T14:52:32.840396Z ERROR hpde_io       This value  = ['Heliosphere.Outer']
2026-02-03T14:52:32.840419Z ERROR hpde_io        Combining values.
2026-02-03T14:52:32.840465Z ERROR hpde_io   UY_M0_GRB (spase://NASA/NumericalData/Ulysses/SWICS/GSFC/SPDF/GRB/PT5M):
2026-02-03T14:52:32.840490Z INFO  hpde_io     ObservedRegion for this ID differs from first found value s/c ID = UY
2026-02-03T14:52:32.840510Z ERROR hpde_io       First value = ['Heliosphere', 'Heliosphere.Inner', 'Heliosphere.NearEarth', 'Heliosphere.Outer', 'Jupiter', 'Sun.Corona']
2026-02-03T14:52:32.840535Z ERROR hpde_io       This value  = ['Heliosphere.Outer']
2026-02-03T14:52:32.840561Z ERROR hpde_io        Combining values.
2026-02-03T14:52:32.840599Z ERROR hpde_io   UY_M0_PFRA (spase://NASA/NumericalData/Ulysses/URAP/GSFC/SPDF/PFRA/PT10M):
2026-02-03T14:52:32.840623Z INFO  hpde_io     ObservedRegion for this ID differs from first found value s/c ID = UY
2026-02-03T14:52:32.840643Z ERROR hpde_io       First value = ['Heliosphere', 'Heliosphere.Inner', 'Heliosphere.NearEarth', 'Heliosphere.Outer', 'Jupiter', 'Sun.Corona']
2026-02-03T14:52:32.840676Z ERROR hpde_io       This value  = ['Heliosphere.Outer']
2026-02-03T14:52:32.840703Z ERROR hpde_io        Combining values.
2026-02-03T14:52:32.840733Z ERROR hpde_io   UY_M0_PFRP (spase://NASA/NumericalData/Ulysses/URAP/GSFC/SPDF/PFRP/PT10M):
2026-02-03T14:52:32.840767Z INFO  hpde_io     ObservedRegion for this ID differs from first found value s/c ID = UY
2026-02-03T14:52:32.840787Z ERROR hpde_io       First value = ['Heliosphere', 'Heliosphere.Inner', 'Heliosphere.NearEarth', 'Heliosphere.Outer', 'Jupiter', 'Sun.Corona']
2026-02-03T14:52:32.840813Z ERROR hpde_io       This value  = ['Heliosphere.Outer']
2026-02-03T14:52:32.840835Z ERROR hpde_io        Combining values.
2026-02-03T14:52:32.840873Z ERROR hpde_io   UY_M0_WFBA (spase://NASA/NumericalData/Ulysses/URAP/GSFC/SPDF/WFBA/PT10M):
2026-02-03T14:52:32.840899Z INFO  hpde_io     ObservedRegion for this ID differs from first found value s/c ID = UY
2026-02-03T14:52:32.840917Z ERROR hpde_io       First value = ['Heliosphere', 'Heliosphere.Inner', 'Heliosphere.NearEarth', 'Heliosphere.Outer', 'Jupiter', 'Sun.Corona']
2026-02-03T14:52:32.840942Z ERROR hpde_io       This value  = ['Heliosphere.Outer']
2026-02-03T14:52:32.840967Z ERROR hpde_io        Combining values.
2026-02-03T14:52:32.840998Z ERROR hpde_io   UY_M0_WFBP (spase://NASA/NumericalData/Ulysses/URAP/GSFC/SPDF/WFBP/PT10M):
2026-02-03T14:52:32.841024Z INFO  hpde_io     ObservedRegion for this ID differs from first found value s/c ID = UY
2026-02-03T14:52:32.841042Z ERROR hpde_io       First value = ['Heliosphere', 'Heliosphere.Inner', 'Heliosphere.NearEarth', 'Heliosphere.Outer', 'Jupiter', 'Sun.Corona']
2026-02-03T14:52:32.841085Z ERROR hpde_io       This value  = ['Heliosphere.Outer']
2026-02-03T14:52:32.841122Z ERROR hpde_io        Combining values.
2026-02-03T14:52:32.841164Z ERROR hpde_io   UY_M1_BAI (spase://NASA/NumericalData/Ulysses/SWOOPS/IonParams/CDF/PT1H):
2026-02-03T14:52:32.841191Z INFO  hpde_io     ObservedRegion for this ID differs from first found value s/c ID = UY
2026-02-03T14:52:32.841211Z ERROR hpde_io       First value = ['Heliosphere', 'Heliosphere.Inner', 'Heliosphere.NearEarth', 'Heliosphere.Outer', 'Jupiter', 'Sun.Corona']
2026-02-03T14:52:32.841240Z ERROR hpde_io       This value  = ['Heliosphere', 'Heliosphere.Inner', 'Heliosphere.NearEarth', 'Heliosphere.Outer']
2026-02-03T14:52:32.841263Z ERROR hpde_io        Combining values.
2026-02-03T14:52:32.841297Z ERROR hpde_io   UY_M1_EPA (spase://NASA/NumericalData/Ulysses/EPAC/GSFC/SPDF/PT3600.00S):
2026-02-03T14:52:32.841322Z INFO  hpde_io     ObservedRegion for this ID differs from first found value s/c ID = UY
2026-02-03T14:52:32.841342Z ERROR hpde_io       First value = ['Heliosphere', 'Heliosphere.Inner', 'Heliosphere.NearEarth', 'Heliosphere.Outer', 'Jupiter', 'Sun.Corona']
2026-02-03T14:52:32.841371Z ERROR hpde_io       This value  = ['Heliosphere.Outer']
2026-02-03T14:52:32.841397Z ERROR hpde_io        Combining values.
2026-02-03T14:52:32.841431Z ERROR hpde_io   UY_M1_LF60 (spase://NASA/NumericalData/Ulysses/HISCALE/GSFC/SPFD/ELECTRON60_COUNTS/PT2M):
2026-02-03T14:52:32.841458Z INFO  hpde_io     ObservedRegion for this ID differs from first found value s/c ID = UY
2026-02-03T14:52:32.841478Z ERROR hpde_io       First value = ['Heliosphere', 'Heliosphere.Inner', 'Heliosphere.NearEarth', 'Heliosphere.Outer', 'Jupiter', 'Sun.Corona']
2026-02-03T14:52:32.841508Z ERROR hpde_io       This value  = ['Heliosphere.Outer']
2026-02-03T14:52:32.841530Z ERROR hpde_io        Combining values.
2026-02-03T14:52:32.841563Z ERROR hpde_io   UY_M1_LM12 (spase://NASA/NumericalData/Ulysses/HISCALE/GSFC/SPFD/ELECTRON120_COUNTS/PT2M):
2026-02-03T14:52:32.841589Z INFO  hpde_io     ObservedRegion for this ID differs from first found value s/c ID = UY
2026-02-03T14:52:32.841608Z ERROR hpde_io       First value = ['Heliosphere', 'Heliosphere.Inner', 'Heliosphere.NearEarth', 'Heliosphere.Outer', 'Jupiter', 'Sun.Corona']
2026-02-03T14:52:32.841632Z ERROR hpde_io       This value  = ['Heliosphere.Outer']
2026-02-03T14:52:32.841657Z ERROR hpde_io        Combining values.
2026-02-03T14:52:32.841706Z ERROR hpde_io   UY_M1_LMDE (spase://NASA/NumericalData/Ulysses/HISCALE/GSFC/SPFD/ELECTRON30D_COUNTS/PT2M):
2026-02-03T14:52:32.841737Z INFO  hpde_io     ObservedRegion for this ID differs from first found value s/c ID = UY
2026-02-03T14:52:32.841757Z ERROR hpde_io       First value = ['Heliosphere', 'Heliosphere.Inner', 'Heliosphere.NearEarth', 'Heliosphere.Outer', 'Jupiter', 'Sun.Corona']
2026-02-03T14:52:32.841794Z ERROR hpde_io       This value  = ['Heliosphere.Outer']
2026-02-03T14:52:32.841821Z ERROR hpde_io        Combining values.
2026-02-03T14:52:32.841853Z ERROR hpde_io   UY_M1_SCS (spase://NASA/NumericalData/Ulysses/SWICS/GSFC/SPDF/ChargeStates/PT3H30M):
2026-02-03T14:52:32.841879Z INFO  hpde_io     ObservedRegion for this ID differs from first found value s/c ID = UY
2026-02-03T14:52:32.841900Z ERROR hpde_io       First value = ['Heliosphere', 'Heliosphere.Inner', 'Heliosphere.NearEarth', 'Heliosphere.Outer', 'Jupiter', 'Sun.Corona']
2026-02-03T14:52:32.841928Z ERROR hpde_io       This value  = ['Heliosphere', 'Heliosphere.Inner', 'Heliosphere.NearEarth', 'Heliosphere.Outer']
2026-02-03T14:52:32.841954Z ERROR hpde_io        Combining values.
2026-02-03T14:52:32.841983Z ERROR hpde_io   UY_M1_SWI (spase://NASA/NumericalData/Ulysses/SWICS/GSFC/SPDF/PT3H):
2026-02-03T14:52:32.842008Z INFO  hpde_io     ObservedRegion for this ID differs from first found value s/c ID = UY
2026-02-03T14:52:32.842028Z ERROR hpde_io       First value = ['Heliosphere', 'Heliosphere.Inner', 'Heliosphere.NearEarth', 'Heliosphere.Outer', 'Jupiter', 'Sun.Corona']
2026-02-03T14:52:32.842055Z ERROR hpde_io       This value  = ['Heliosphere.Outer']
2026-02-03T14:52:32.842078Z ERROR hpde_io        Combining values.
2026-02-03T14:52:32.842107Z ERROR hpde_io   UY_M1_VHM (spase://NASA/NumericalData/Ulysses/FGM/GSFC/SPDF/PT3600S):
2026-02-03T14:52:32.842133Z INFO  hpde_io     ObservedRegion for this ID differs from first found value s/c ID = UY
2026-02-03T14:52:32.842151Z ERROR hpde_io       First value = ['Heliosphere', 'Heliosphere.Inner', 'Heliosphere.NearEarth', 'Heliosphere.Outer', 'Jupiter', 'Sun.Corona']
2026-02-03T14:52:32.842178Z ERROR hpde_io       This value  = ['Heliosphere.Inner', 'Heliosphere.NearEarth', 'Heliosphere.Outer']
2026-02-03T14:52:32.842203Z ERROR hpde_io        Combining values.
2026-02-03T14:52:32.842236Z ERROR hpde_io   UY_M1_WRTD (spase://NASA/NumericalData/Ulysses/HISCALE/GSFC/SPFD/ION60_COUNTS/PT2M):
2026-02-03T14:52:32.842261Z INFO  hpde_io     ObservedRegion for this ID differs from first found value s/c ID = UY
2026-02-03T14:52:32.842280Z ERROR hpde_io       First value = ['Heliosphere', 'Heliosphere.Inner', 'Heliosphere.NearEarth', 'Heliosphere.Outer', 'Jupiter', 'Sun.Corona']
2026-02-03T14:52:32.842323Z ERROR hpde_io       This value  = ['Heliosphere.Outer']
2026-02-03T14:52:32.842354Z ERROR hpde_io        Combining values.
2026-02-03T14:52:32.842389Z ERROR hpde_io   UY_PROTON-FIT-PARAMETERS_SWOOPS (spase://NASA/NumericalData/Ulysses/SWOOPS/Proton/FitParameters/PT4M):
2026-02-03T14:52:32.842415Z INFO  hpde_io     ObservedRegion for this ID differs from first found value s/c ID = UY
2026-02-03T14:52:32.842434Z ERROR hpde_io       First value = ['Heliosphere', 'Heliosphere.Inner', 'Heliosphere.NearEarth', 'Heliosphere.Outer', 'Jupiter', 'Sun.Corona']
2026-02-03T14:52:32.842477Z ERROR hpde_io       This value  = ['Heliosphere', 'Heliosphere.Inner', 'Heliosphere.NearEarth', 'Heliosphere.Outer']
2026-02-03T14:52:32.842506Z ERROR hpde_io        Combining values.
2026-02-03T14:52:32.842542Z ERROR hpde_io   UY_PROTON-MOMENTS_SWOOPS (spase://NASA/NumericalData/Ulysses/SWOOPS/Proton/Moments/PT4M):
2026-02-03T14:52:32.842568Z INFO  hpde_io     ObservedRegion for this ID differs from first found value s/c ID = UY
2026-02-03T14:52:32.842588Z ERROR hpde_io       First value = ['Heliosphere', 'Heliosphere.Inner', 'Heliosphere.NearEarth', 'Heliosphere.Outer', 'Jupiter', 'Sun.Corona']
2026-02-03T14:52:32.842616Z ERROR hpde_io       This value  = ['Heliosphere', 'Heliosphere.Inner', 'Heliosphere.NearEarth', 'Heliosphere.Outer']
2026-02-03T14:52:32.842638Z ERROR hpde_io        Combining values.
2026-02-03T14:52:32.842671Z INFO  hpde_io   VENUS_HELIO1DAY_POSITION (spase://NASA/NumericalData/Planet/Venus/HelioWeb/Ephemeris/P1D):
2026-02-03T14:52:32.842690Z INFO  hpde_io      Found first ObservedRegion in VENUS_HELIO1DAY_POSITION for s/c ID = VENUS: ['Venus']
2026-02-03T14:52:32.842719Z INFO  hpde_io   VG1_PWS_LR (spase://NASA/NumericalData/Voyager1/PWS/CDF/PT4S):
2026-02-03T14:52:32.842739Z INFO  hpde_io      Found first ObservedRegion in VG1_PWS_LR for s/c ID = VG1: ['Heliosphere', 'Heliosphere.NearEarth', 'Heliosphere.Outer']
2026-02-03T14:52:32.842764Z ERROR hpde_io   VG1_PWS_WF (spase://NASA/NumericalData/Voyager1/PWS/Waveform-CDF/PT0.00003472S):
2026-02-03T14:52:32.842794Z INFO  hpde_io     ObservedRegion for this ID differs from first found value s/c ID = VG1
2026-02-03T14:52:32.842813Z ERROR hpde_io       First value = ['Heliosphere', 'Heliosphere.NearEarth', 'Heliosphere.Outer']
2026-02-03T14:52:32.842843Z ERROR hpde_io       This value  = ['Heliosphere.Heliosheath', 'Heliosphere.Heliosheath', 'Heliosphere.Outer', 'Jupiter', 'Jupiter.Callisto', 'Jupiter.Europa', 'Jupiter.Ganymede', 'Jupiter.Io', 'Jupiter.Magnetosphere', 'Saturn', 'Saturn.Magnetosphere', 'Saturn.Mimas', 'Saturn.Rhea', 'Saturn.Tethys', 'Saturn.Titan']
2026-02-03T14:52:32.842873Z ERROR hpde_io        Combining values.
2026-02-03T14:52:32.842906Z INFO  hpde_io   VG2_PWS_LR (spase://NASA/NumericalData/Voyager2/PWS/CDF/PT4S):
2026-02-03T14:52:32.842925Z INFO  hpde_io      Found first ObservedRegion in VG2_PWS_LR for s/c ID = VG2: ['Heliosphere', 'Heliosphere.NearEarth', 'Heliosphere.Outer']
2026-02-03T14:52:32.842949Z ERROR hpde_io   VG2_PWS_WF (spase://NASA/NumericalData/Voyager2/PWS/Waveform-CDF/PT0.00003472S):
2026-02-03T14:52:32.842979Z INFO  hpde_io     ObservedRegion for this ID differs from first found value s/c ID = VG2
2026-02-03T14:52:32.843002Z ERROR hpde_io       First value = ['Heliosphere', 'Heliosphere.NearEarth', 'Heliosphere.Outer']
2026-02-03T14:52:32.843036Z ERROR hpde_io       This value  = ['Heliosphere.Heliosheath', 'Heliosphere.Heliosheath', 'Heliosphere.Outer', 'Jupiter', 'Jupiter.Callisto', 'Jupiter.Europa', 'Jupiter.Ganymede', 'Jupiter.Io', 'Jupiter.Magnetosphere', 'Neptune', 'Neptune.Magnetosphere', 'Neptune.Proteus', 'Neptune.Triton', 'Saturn', 'Saturn.Dione', 'Saturn.Enceladus', 'Saturn.Iapetus', 'Saturn.Magnetosphere', 'Saturn.Mimas', 'Saturn.Rhea', 'Saturn.Tethys', 'Saturn.Titan', 'Uranus', 'Uranus.Ariel', 'Uranus.Magnetosphere', 'Uranus.Miranda', 'Uranus.Oberon', 'Uranus.Titania', 'Uranus.Umbriel']
2026-02-03T14:52:32.843065Z ERROR hpde_io        Combining values.
2026-02-03T14:52:32.843099Z INFO  hpde_io   VOYAGER-1_LECP_ELEC-BGND-COR-1D (spase://NASA/NumericalData/Voyager1/LECP/Flux/Electron/BackgroundCorrectedDifferential/CDF/P1D):
2026-02-03T14:52:32.843120Z INFO  hpde_io      Found first ObservedRegion in VOYAGER-1_LECP_ELEC-BGND-COR-1D for s/c ID = VOYAGER-1: ['Heliosphere.Outer', 'Heliosphere.Heliosheath']
2026-02-03T14:52:32.843148Z INFO  hpde_io   VOYAGER-2_LECP_ELEC-BGND-COR-1D (spase://NASA/NumericalData/Voyager2/LECP/Flux/Electron/BackgroundCorrectedDifferential/CDF/P1D):
2026-02-03T14:52:32.843168Z INFO  hpde_io      Found first ObservedRegion in VOYAGER-2_LECP_ELEC-BGND-COR-1D for s/c ID = VOYAGER-2: ['Heliosphere.Outer', 'Heliosphere.Heliosheath']
2026-02-03T14:52:32.843193Z INFO  hpde_io   VOYAGER1_10S_MAG (spase://NASA/NumericalData/Voyager1/MAG/CDF/PT9.6S):
2026-02-03T14:52:32.843210Z INFO  hpde_io      Found first ObservedRegion in VOYAGER1_10S_MAG for s/c ID = VOYAGER1: ['Heliosphere', 'Heliosphere.Outer', 'Heliosphere.Heliosheath']
2026-02-03T14:52:32.843235Z ERROR hpde_io   VOYAGER1_2S_MAG (spase://NASA/NumericalData/Voyager1/MAG/CDF/PT1.92S):
2026-02-03T14:52:32.843258Z INFO  hpde_io     ObservedRegion for this ID differs from first found value s/c ID = VOYAGER1
2026-02-03T14:52:32.843277Z ERROR hpde_io       First value = ['Heliosphere', 'Heliosphere.Heliosheath', 'Heliosphere.Outer']
2026-02-03T14:52:32.843309Z ERROR hpde_io       This value  = ['Heliosphere', 'Heliosphere.Heliosheath', 'Heliosphere.NearEarth', 'Heliosphere.Outer']
2026-02-03T14:52:32.843337Z ERROR hpde_io        Combining values.
2026-02-03T14:52:32.843365Z ERROR hpde_io   VOYAGER1_48S_MAG (spase://NASA/NumericalData/Voyager1/MAG/CDF/PT48S):
2026-02-03T14:52:32.843391Z INFO  hpde_io     ObservedRegion for this ID differs from first found value s/c ID = VOYAGER1
2026-02-03T14:52:32.843411Z ERROR hpde_io       First value = ['Heliosphere', 'Heliosphere.Heliosheath', 'Heliosphere.NearEarth', 'Heliosphere.Outer']
2026-02-03T14:52:32.843444Z ERROR hpde_io       This value  = ['Heliosphere.Heliosheath', 'Heliosphere.Outer']
2026-02-03T14:52:32.843464Z ERROR hpde_io        Combining values.
2026-02-03T14:52:32.843494Z ERROR hpde_io   VOYAGER1_48S_MAG-VIM (spase://NASA/NumericalData/Voyager1/MAG/VIM/CDF/PT48S):
2026-02-03T14:52:32.843519Z INFO  hpde_io     ObservedRegion for this ID differs from first found value s/c ID = VOYAGER1
2026-02-03T14:52:32.843539Z ERROR hpde_io       First value = ['Heliosphere', 'Heliosphere.Heliosheath', 'Heliosphere.NearEarth', 'Heliosphere.Outer']
2026-02-03T14:52:32.843561Z ERROR hpde_io       This value  = ['Heliosphere.Heliosheath', 'Heliosphere.Outer']
2026-02-03T14:52:32.843585Z ERROR hpde_io        Combining values.
2026-02-03T14:52:32.843618Z ERROR hpde_io   VOYAGER1_COHO1HR_MERGED_MAG_PLASMA (spase://NASA/NumericalData/Voyager1/MAGandPLS/PT1H):
2026-02-03T14:52:32.843645Z INFO  hpde_io     ObservedRegion for this ID differs from first found value s/c ID = VOYAGER1
2026-02-03T14:52:32.843665Z ERROR hpde_io       First value = ['Heliosphere', 'Heliosphere.Heliosheath', 'Heliosphere.NearEarth', 'Heliosphere.Outer']
2026-02-03T14:52:32.843693Z ERROR hpde_io       This value  = ['Heliosphere.Heliosheath', 'Heliosphere.Outer']
2026-02-03T14:52:32.843719Z ERROR hpde_io        Combining values.
2026-02-03T14:52:32.843751Z ERROR hpde_io   VOYAGER1_CRS_DAILY_FLUX (spase://NASA/NumericalData/Voyager1/CRS/Flux/EnergyFlux/HydrogenHelium/LevelH3/CDF/P1D):
2026-02-03T14:52:32.843778Z INFO  hpde_io     ObservedRegion for this ID differs from first found value s/c ID = VOYAGER1
2026-02-03T14:52:32.843798Z ERROR hpde_io       First value = ['Heliosphere', 'Heliosphere.Heliosheath', 'Heliosphere.NearEarth', 'Heliosphere.Outer']
2026-02-03T14:52:32.843828Z ERROR hpde_io       This value  = ['Heliosphere.Heliosheath', 'Heliosphere.Heliosheath', 'Heliosphere.Outer', 'Jupiter', 'Jupiter.Callisto', 'Jupiter.Europa', 'Jupiter.Ganymede', 'Jupiter.Io', 'Jupiter.Magnetosphere', 'Saturn', 'Saturn.Magnetosphere', 'Saturn.Mimas', 'Saturn.Rhea', 'Saturn.Tethys', 'Saturn.Titan']
2026-02-03T14:52:32.843856Z ERROR hpde_io        Combining values.
2026-02-03T14:52:32.843889Z INFO  hpde_io   VOYAGER1_PLS_COMPOSITION (spase://NASA/NumericalData/Voyager1/PLS/Jupiter/Composition/VIPER/PT96S):
2026-02-03T14:52:32.843910Z INFO  hpde_io     Not merging ObservedRegion for s/c ID = VOYAGER1_PLS_COMPOSITION
2026-02-03T14:52:32.843935Z INFO  hpde_io   VOYAGER1_PLS_ELECTRONS_E1 (spase://NASA/NumericalData/Voyager1/PLS/Jupiter/Electron/CurrentSpectra/LowEnergy/PT96S):
2026-02-03T14:52:32.843954Z INFO  hpde_io     Not merging ObservedRegion for s/c ID = VOYAGER1_PLS_ELECTRONS_E1
2026-02-03T14:52:32.843977Z INFO  hpde_io   VOYAGER1_PLS_ELECTRONS_E2 (spase://NASA/NumericalData/Voyager1/PLS/Jupiter/Electron/CurrentSpectra/HighEnergy/PT96S):
2026-02-03T14:52:32.843992Z INFO  hpde_io     Not merging ObservedRegion for s/c ID = VOYAGER1_PLS_ELECTRONS_E2
2026-02-03T14:52:32.844016Z INFO  hpde_io   VOYAGER1_PLS_HIRES_PLASMA_DATA (spase://NASA/NumericalData/Voyager1/PLS/HIRES/CDF/PT12S):
2026-02-03T14:52:32.844033Z INFO  hpde_io     Not merging ObservedRegion for s/c ID = VOYAGER1_PLS_HIRES_PLASMA_DATA
2026-02-03T14:52:32.844068Z INFO  hpde_io   VOYAGER1_PLS_IONS_L (spase://NASA/NumericalData/Voyager1/PLS/Jupiter/Ion/CurrentSpectra/LowEnergyResolution/PT96S):
2026-02-03T14:52:32.844089Z INFO  hpde_io     Not merging ObservedRegion for s/c ID = VOYAGER1_PLS_IONS_L
2026-02-03T14:52:32.844115Z INFO  hpde_io   VOYAGER1_PLS_IONS_M (spase://NASA/NumericalData/Voyager1/PLS/Jupiter/Ion/CurrentSpectra/HighEnergyResolution/PT96S):
2026-02-03T14:52:32.844135Z INFO  hpde_io     Not merging ObservedRegion for s/c ID = VOYAGER1_PLS_IONS_M
2026-02-03T14:52:32.844164Z INFO  hpde_io   VOYAGER2_10S_MAG (spase://NASA/NumericalData/Voyager2/MAG/CDF/PT9.6S):
2026-02-03T14:52:32.844190Z INFO  hpde_io      Found first ObservedRegion in VOYAGER2_10S_MAG for s/c ID = VOYAGER2: ['Heliosphere', 'Heliosphere.Outer', 'Heliosphere.Heliosheath']
2026-02-03T14:52:32.844221Z ERROR hpde_io   VOYAGER2_48S_MAG (spase://NASA/NumericalData/Voyager2/MAG/CDF/PT48S):
2026-02-03T14:52:32.844250Z INFO  hpde_io     ObservedRegion for this ID differs from first found value s/c ID = VOYAGER2
2026-02-03T14:52:32.844270Z ERROR hpde_io       First value = ['Heliosphere', 'Heliosphere.Heliosheath', 'Heliosphere.Outer']
2026-02-03T14:52:32.844299Z ERROR hpde_io       This value  = ['Heliosphere.Heliosheath', 'Heliosphere.Outer']
2026-02-03T14:52:32.844325Z ERROR hpde_io        Combining values.
2026-02-03T14:52:32.844367Z ERROR hpde_io   VOYAGER2_48S_MAG-VIM (spase://NASA/NumericalData/Voyager2/MAG/VIM/CDF/PT48S):
2026-02-03T14:52:32.844402Z INFO  hpde_io     ObservedRegion for this ID differs from first found value s/c ID = VOYAGER2
2026-02-03T14:52:32.844422Z ERROR hpde_io       First value = ['Heliosphere', 'Heliosphere.Heliosheath', 'Heliosphere.Outer']
2026-02-03T14:52:32.844461Z ERROR hpde_io       This value  = ['Heliosphere.Heliosheath', 'Heliosphere.Outer']
2026-02-03T14:52:32.844491Z ERROR hpde_io        Combining values.
2026-02-03T14:52:32.844525Z ERROR hpde_io   VOYAGER2_COHO1HR_MERGED_MAG_PLASMA (spase://NASA/NumericalData/Voyager2/MAGandPLS/PT1H):
2026-02-03T14:52:32.844553Z INFO  hpde_io     ObservedRegion for this ID differs from first found value s/c ID = VOYAGER2
2026-02-03T14:52:32.844573Z ERROR hpde_io       First value = ['Heliosphere', 'Heliosphere.Heliosheath', 'Heliosphere.Outer']
2026-02-03T14:52:32.844601Z ERROR hpde_io       This value  = ['Heliosphere.Heliosheath', 'Heliosphere.Outer']
2026-02-03T14:52:32.844627Z ERROR hpde_io        Combining values.
2026-02-03T14:52:32.844661Z INFO  hpde_io   VOYAGER2_PLS_COMPOSITION (spase://NASA/NumericalData/Voyager2/PLS/Jupiter/Composition/VIPER/PT96S):
2026-02-03T14:52:32.844680Z INFO  hpde_io     Not merging ObservedRegion for s/c ID = VOYAGER2_PLS_COMPOSITION
2026-02-03T14:52:32.844715Z INFO  hpde_io   VOYAGER2_PLS_ELECTRONS_E1 (spase://NASA/NumericalData/Voyager2/PLS/Jupiter/Electron/CurrentSpectra/LowEnergy/PT96S):
2026-02-03T14:52:32.844741Z INFO  hpde_io     Not merging ObservedRegion for s/c ID = VOYAGER2_PLS_ELECTRONS_E1
2026-02-03T14:52:32.844766Z INFO  hpde_io   VOYAGER2_PLS_ELECTRONS_E2 (spase://NASA/NumericalData/Voyager2/PLS/Jupiter/Electron/CurrentSpectra/HighEnergy/PT96S):
2026-02-03T14:52:32.844784Z INFO  hpde_io     Not merging ObservedRegion for s/c ID = VOYAGER2_PLS_ELECTRONS_E2
2026-02-03T14:52:32.844804Z INFO  hpde_io   VOYAGER2_PLS_HIRES_PLASMA_DATA (spase://NASA/NumericalData/Voyager2/PLS/HIRES/CDF/PT12S):
2026-02-03T14:52:32.844820Z INFO  hpde_io     Not merging ObservedRegion for s/c ID = VOYAGER2_PLS_HIRES_PLASMA_DATA
2026-02-03T14:52:32.844842Z INFO  hpde_io   VOYAGER2_PLS_IONS_L (spase://NASA/NumericalData/Voyager2/PLS/Jupiter/Ion/CurrentSpectra/LowEnergyResolution/PT96S):
2026-02-03T14:52:32.844863Z INFO  hpde_io     Not merging ObservedRegion for s/c ID = VOYAGER2_PLS_IONS_L
2026-02-03T14:52:32.844889Z INFO  hpde_io   VOYAGER2_PLS_IONS_M (spase://NASA/NumericalData/Voyager2/PLS/Jupiter/Ion/CurrentSpectra/HighEnergyResolution/PT96S):
2026-02-03T14:52:32.844909Z INFO  hpde_io     Not merging ObservedRegion for s/c ID = VOYAGER2_PLS_IONS_M
2026-02-03T14:52:32.844927Z INFO  hpde_io   WILD2_HELIO1DAY_POSITION (spase://NASA/NumericalData/Comet/Wild2/HelioWeb/Ephemeris/P1D):
2026-02-03T14:52:32.844943Z INFO  hpde_io      Found first ObservedRegion in WILD2_HELIO1DAY_POSITION for s/c ID = WILD2: ['Comet']
2026-02-03T14:52:32.844973Z INFO  hpde_io   WIND_3DP_ECHSFITS_E0-YR (spase://NASA/NumericalData/Wind/3DP/ECHSFITS_E0-YR/PT96S):
2026-02-03T14:52:32.844993Z INFO  hpde_io      Found first ObservedRegion in WIND_3DP_ECHSFITS_E0-YR for s/c ID = WIND: ['Earth.Magnetosphere', 'Earth.Magnetosheath', 'Earth.Magnetosphere.Magnetotail', 'Heliosphere.NearEarth']
2026-02-03T14:52:32.845020Z INFO  hpde_io   WI_AT_DEF (spase://NASA/NumericalData/Wind/Attitude/Definitive/PT10M):
2026-02-03T14:52:32.845046Z INFO  hpde_io      Found first ObservedRegion in WI_AT_DEF for s/c ID = WI: ['Heliosphere', 'Heliosphere.NearEarth', 'Heliosphere.Inner']
2026-02-03T14:52:32.845111Z ERROR hpde_io   WI_AT_PRE (spase://NASA/NumericalData/Wind/Attitude/Predicted/PT10M):
2026-02-03T14:52:32.845151Z INFO  hpde_io     ObservedRegion for this ID differs from first found value s/c ID = WI
2026-02-03T14:52:32.845172Z ERROR hpde_io       First value = ['Heliosphere', 'Heliosphere.Inner', 'Heliosphere.NearEarth']
2026-02-03T14:52:32.845201Z ERROR hpde_io       This value  = ['Earth.Magnetosheath', 'Earth.Magnetosphere', 'Earth.Magnetosphere.Magnetotail', 'Earth.Magnetosphere.Main', 'Earth.NearSurface.Plasmasphere', 'Heliosphere', 'Heliosphere.Inner', 'Heliosphere.NearEarth']
2026-02-03T14:52:32.845228Z ERROR hpde_io        Combining values.
2026-02-03T14:52:32.845265Z ERROR hpde_io   WI_EHSP_3DP (spase://NASA/NumericalData/Wind/3DP/EESA_HIGH/SP/PT24S):
2026-02-03T14:52:32.845288Z INFO  hpde_io     ObservedRegion for this ID differs from first found value s/c ID = WI
2026-02-03T14:52:32.845308Z ERROR hpde_io       First value = ['Earth.Magnetosheath', 'Earth.Magnetosphere', 'Earth.Magnetosphere.Magnetotail', 'Earth.Magnetosphere.Main', 'Earth.NearSurface.Plasmasphere', 'Heliosphere', 'Heliosphere.Inner', 'Heliosphere.NearEarth']
2026-02-03T14:52:32.845337Z ERROR hpde_io       This value  = ['Heliosphere.NearEarth']
2026-02-03T14:52:32.845363Z ERROR hpde_io        Combining values.
2026-02-03T14:52:32.845395Z ERROR hpde_io   WI_ELM2_3DP (spase://NASA/NumericalData/Wind/3DP/EESA_LOW/Moments):
2026-02-03T14:52:32.845420Z INFO  hpde_io     ObservedRegion for this ID differs from first found value s/c ID = WI
2026-02-03T14:52:32.845447Z ERROR hpde_io       First value = ['Earth.Magnetosheath', 'Earth.Magnetosphere', 'Earth.Magnetosphere.Magnetotail', 'Earth.Magnetosphere.Main', 'Earth.NearSurface.Plasmasphere', 'Heliosphere', 'Heliosphere.Inner', 'Heliosphere.NearEarth']
2026-02-03T14:52:32.845478Z ERROR hpde_io       This value  = ['Heliosphere.NearEarth']
2026-02-03T14:52:32.845503Z ERROR hpde_io        Combining values.
2026-02-03T14:52:32.845534Z ERROR hpde_io   WI_EMFITS_E0_3DP (spase://NASA/NumericalData/Wind/3DP/EMFITS/PT100S):
2026-02-03T14:52:32.845556Z INFO  hpde_io     ObservedRegion for this ID differs from first found value s/c ID = WI
2026-02-03T14:52:32.845574Z ERROR hpde_io       First value = ['Earth.Magnetosheath', 'Earth.Magnetosphere', 'Earth.Magnetosphere.Magnetotail', 'Earth.Magnetosphere.Main', 'Earth.NearSurface.Plasmasphere', 'Heliosphere', 'Heliosphere.Inner', 'Heliosphere.NearEarth']
2026-02-03T14:52:32.845604Z ERROR hpde_io       This value  = ['Heliosphere', 'Heliosphere.Inner', 'Heliosphere.NearEarth']
2026-02-03T14:52:32.845627Z ERROR hpde_io        Combining values.
2026-02-03T14:52:32.845660Z ERROR hpde_io   WI_EPACT_STEP-DIFFERENTIAL-ION-FLUX-1HR (spase://NASA/NumericalData/Wind/EPACT/STEP/DifferentialFlux/Ion/PT1H):
2026-02-03T14:52:32.845684Z INFO  hpde_io     ObservedRegion for this ID differs from first found value s/c ID = WI
2026-02-03T14:52:32.845704Z ERROR hpde_io       First value = ['Earth.Magnetosheath', 'Earth.Magnetosphere', 'Earth.Magnetosphere.Magnetotail', 'Earth.Magnetosphere.Main', 'Earth.NearSurface.Plasmasphere', 'Heliosphere', 'Heliosphere.Inner', 'Heliosphere.NearEarth']
2026-02-03T14:52:32.845732Z ERROR hpde_io       This value  = ['Heliosphere', 'Heliosphere.Inner', 'Heliosphere.NearEarth']
2026-02-03T14:52:32.845753Z ERROR hpde_io        Combining values.
2026-02-03T14:52:32.845778Z ERROR hpde_io   WI_EPACT_STEP-DIRECTIONAL-DIFF-CNO-FLUX-10MIN (spase://NASA/NumericalData/Wind/EPACT/STEP/Directional/DifferentialFlux/CNO/PT10M):
2026-02-03T14:52:32.845801Z INFO  hpde_io     ObservedRegion for this ID differs from first found value s/c ID = WI
2026-02-03T14:52:32.845818Z ERROR hpde_io       First value = ['Earth.Magnetosheath', 'Earth.Magnetosphere', 'Earth.Magnetosphere.Magnetotail', 'Earth.Magnetosphere.Main', 'Earth.NearSurface.Plasmasphere', 'Heliosphere', 'Heliosphere.Inner', 'Heliosphere.NearEarth']
2026-02-03T14:52:32.845843Z ERROR hpde_io       This value  = ['Heliosphere', 'Heliosphere.Inner', 'Heliosphere.NearEarth']
2026-02-03T14:52:32.845870Z ERROR hpde_io        Combining values.
2026-02-03T14:52:32.845899Z ERROR hpde_io   WI_EPACT_STEP-DIRECTIONAL-DIFF-FE-FLUX-10MIN (spase://NASA/NumericalData/Wind/EPACT/STEP/Directional/DifferentialFlux/Iron/PT10M):
2026-02-03T14:52:32.845920Z INFO  hpde_io     ObservedRegion for this ID differs from first found value s/c ID = WI
2026-02-03T14:52:32.845937Z ERROR hpde_io       First value = ['Earth.Magnetosheath', 'Earth.Magnetosphere', 'Earth.Magnetosphere.Magnetotail', 'Earth.Magnetosphere.Main', 'Earth.NearSurface.Plasmasphere', 'Heliosphere', 'Heliosphere.Inner', 'Heliosphere.NearEarth']
2026-02-03T14:52:32.845962Z ERROR hpde_io       This value  = ['Heliosphere', 'Heliosphere.Inner', 'Heliosphere.NearEarth']
2026-02-03T14:52:32.845985Z ERROR hpde_io        Combining values.
2026-02-03T14:52:32.846011Z ERROR hpde_io   WI_EPACT_STEP-DIRECTIONAL-DIFF-H-FLUX-10MIN (spase://NASA/NumericalData/Wind/EPACT/STEP/Directional/DifferentialFlux/Hydrogen/PT10M):
2026-02-03T14:52:32.846032Z INFO  hpde_io     ObservedRegion for this ID differs from first found value s/c ID = WI
2026-02-03T14:52:32.846049Z ERROR hpde_io       First value = ['Earth.Magnetosheath', 'Earth.Magnetosphere', 'Earth.Magnetosphere.Magnetotail', 'Earth.Magnetosphere.Main', 'Earth.NearSurface.Plasmasphere', 'Heliosphere', 'Heliosphere.Inner', 'Heliosphere.NearEarth']
2026-02-03T14:52:32.846082Z ERROR hpde_io       This value  = ['Heliosphere', 'Heliosphere.Inner', 'Heliosphere.NearEarth']
2026-02-03T14:52:32.846104Z ERROR hpde_io        Combining values.
2026-02-03T14:52:32.846130Z ERROR hpde_io   WI_EPACT_STEP-DIRECTIONAL-DIFF-HE-FLUX-10MIN (spase://NASA/NumericalData/Wind/EPACT/STEP/Directional/DifferentialFlux/Helium/PT10M):
2026-02-03T14:52:32.846152Z INFO  hpde_io     ObservedRegion for this ID differs from first found value s/c ID = WI
2026-02-03T14:52:32.846169Z ERROR hpde_io       First value = ['Earth.Magnetosheath', 'Earth.Magnetosphere', 'Earth.Magnetosphere.Magnetotail', 'Earth.Magnetosphere.Main', 'Earth.NearSurface.Plasmasphere', 'Heliosphere', 'Heliosphere.Inner', 'Heliosphere.NearEarth']
2026-02-03T14:52:32.846192Z ERROR hpde_io       This value  = ['Heliosphere', 'Heliosphere.Inner', 'Heliosphere.NearEarth']
2026-02-03T14:52:32.846218Z ERROR hpde_io        Combining values.
2026-02-03T14:52:32.846249Z ERROR hpde_io   WI_H0_MFI (spase://NASA/NumericalData/Wind/MFI/PT03S):
2026-02-03T14:52:32.846274Z INFO  hpde_io     ObservedRegion for this ID differs from first found value s/c ID = WI
2026-02-03T14:52:32.846292Z ERROR hpde_io       First value = ['Earth.Magnetosheath', 'Earth.Magnetosphere', 'Earth.Magnetosphere.Magnetotail', 'Earth.Magnetosphere.Main', 'Earth.NearSurface.Plasmasphere', 'Heliosphere', 'Heliosphere.Inner', 'Heliosphere.NearEarth']
2026-02-03T14:52:32.846318Z ERROR hpde_io       This value  = ['Earth.Magnetosheath', 'Earth.Magnetosphere', 'Earth.Magnetosphere.Magnetotail', 'Earth.Magnetosphere.Main', 'Heliosphere.NearEarth']
2026-02-03T14:52:32.846341Z ERROR hpde_io        Combining values.
2026-02-03T14:52:32.846371Z ERROR hpde_io   WI_H1_SWE (spase://NASA/NumericalData/Wind/SWE/Definitive/PT92S):
2026-02-03T14:52:32.846392Z INFO  hpde_io     ObservedRegion for this ID differs from first found value s/c ID = WI
2026-02-03T14:52:32.846409Z ERROR hpde_io       First value = ['Earth.Magnetosheath', 'Earth.Magnetosphere', 'Earth.Magnetosphere.Magnetotail', 'Earth.Magnetosphere.Main', 'Earth.NearSurface.Plasmasphere', 'Heliosphere', 'Heliosphere.Inner', 'Heliosphere.NearEarth']
2026-02-03T14:52:32.846433Z ERROR hpde_io       This value  = ['Heliosphere.NearEarth']
2026-02-03T14:52:32.846456Z ERROR hpde_io        Combining values.
2026-02-03T14:52:32.846487Z ERROR hpde_io   WI_H1_WAV (spase://NASA/NumericalData/Wind/WAVES/DS/PT1M):
2026-02-03T14:52:32.846511Z INFO  hpde_io     ObservedRegion for this ID differs from first found value s/c ID = WI
2026-02-03T14:52:32.846529Z ERROR hpde_io       First value = ['Earth.Magnetosheath', 'Earth.Magnetosphere', 'Earth.Magnetosphere.Magnetotail', 'Earth.Magnetosphere.Main', 'Earth.NearSurface.Plasmasphere', 'Heliosphere', 'Heliosphere.Inner', 'Heliosphere.NearEarth']
2026-02-03T14:52:32.846555Z ERROR hpde_io       This value  = ['Earth.Magnetosphere', 'Earth.NearSurface.AuroralRegion', 'Earth.NearSurface.Plasmasphere', 'Earth.NearSurface.PolarCap', 'Heliosphere.Inner']
2026-02-03T14:52:32.846579Z ERROR hpde_io        Combining values.
2026-02-03T14:52:32.846605Z ERROR hpde_io   WI_H2_MFI (spase://NASA/NumericalData/Wind/MFI/PT0.092S):
2026-02-03T14:52:32.846626Z INFO  hpde_io     ObservedRegion for this ID differs from first found value s/c ID = WI
2026-02-03T14:52:32.846645Z ERROR hpde_io       First value = ['Earth.Magnetosheath', 'Earth.Magnetosphere', 'Earth.Magnetosphere.Magnetotail', 'Earth.Magnetosphere.Main', 'Earth.NearSurface.AuroralRegion', 'Earth.NearSurface.Plasmasphere', 'Earth.NearSurface.PolarCap', 'Heliosphere', 'Heliosphere.Inner', 'Heliosphere.NearEarth']
2026-02-03T14:52:32.846676Z ERROR hpde_io       This value  = ['Earth.Magnetosheath', 'Earth.Magnetosphere', 'Earth.Magnetosphere.Magnetotail', 'Earth.Magnetosphere.Main', 'Earth.NearSurface.Plasmasphere', 'Heliosphere', 'Heliosphere.Inner', 'Heliosphere.NearEarth']
2026-02-03T14:52:32.846698Z ERROR hpde_io        Combining values.
2026-02-03T14:52:32.846735Z ERROR hpde_io   WI_H3-RTN_MFI (spase://NASA/NumericalData/Wind/MFI/RTN/PT03S):
2026-02-03T14:52:32.846757Z INFO  hpde_io     ObservedRegion for this ID differs from first found value s/c ID = WI
2026-02-03T14:52:32.846773Z ERROR hpde_io       First value = ['Earth.Magnetosheath', 'Earth.Magnetosphere', 'Earth.Magnetosphere.Magnetotail', 'Earth.Magnetosphere.Main', 'Earth.NearSurface.AuroralRegion', 'Earth.NearSurface.Plasmasphere', 'Earth.NearSurface.PolarCap', 'Heliosphere', 'Heliosphere.Inner', 'Heliosphere.NearEarth']
2026-02-03T14:52:32.846795Z ERROR hpde_io       This value  = ['Earth.Magnetosheath', 'Earth.Magnetosphere', 'Earth.Magnetosphere.Magnetotail', 'Earth.Magnetosphere.Main', 'Heliosphere.NearEarth']
2026-02-03T14:52:32.846818Z ERROR hpde_io        Combining values.
2026-02-03T14:52:32.846846Z ERROR hpde_io   WI_H3_SWE (spase://NASA/NumericalData/Wind/SWE/H3/PT12S):
2026-02-03T14:52:32.846873Z INFO  hpde_io     ObservedRegion for this ID differs from first found value s/c ID = WI
2026-02-03T14:52:32.846889Z ERROR hpde_io       First value = ['Earth.Magnetosheath', 'Earth.Magnetosphere', 'Earth.Magnetosphere.Magnetotail', 'Earth.Magnetosphere.Main', 'Earth.NearSurface.AuroralRegion', 'Earth.NearSurface.Plasmasphere', 'Earth.NearSurface.PolarCap', 'Heliosphere', 'Heliosphere.Inner', 'Heliosphere.NearEarth']
2026-02-03T14:52:32.846913Z ERROR hpde_io       This value  = ['Earth.Magnetosheath', 'Earth.Magnetosphere', 'Earth.Magnetosphere.Magnetotail', 'Earth.Magnetosphere.Main', 'Earth.NearSurface.Plasmasphere', 'Heliosphere', 'Heliosphere.Inner', 'Heliosphere.NearEarth']
2026-02-03T14:52:32.846937Z ERROR hpde_io        Combining values.
2026-02-03T14:52:32.846964Z ERROR hpde_io   WI_H4-RTN_MFI (spase://NASA/NumericalData/Wind/MFI/RTN/PT0.092S):
2026-02-03T14:52:32.846991Z INFO  hpde_io     ObservedRegion for this ID differs from first found value s/c ID = WI
2026-02-03T14:52:32.847012Z ERROR hpde_io       First value = ['Earth.Magnetosheath', 'Earth.Magnetosphere', 'Earth.Magnetosphere.Magnetotail', 'Earth.Magnetosphere.Main', 'Earth.NearSurface.AuroralRegion', 'Earth.NearSurface.Plasmasphere', 'Earth.NearSurface.PolarCap', 'Heliosphere', 'Heliosphere.Inner', 'Heliosphere.NearEarth']
2026-02-03T14:52:32.847038Z ERROR hpde_io       This value  = ['Earth.Magnetosheath', 'Earth.Magnetosphere', 'Earth.Magnetosphere.Magnetotail', 'Earth.Magnetosphere.Main', 'Heliosphere.NearEarth']
2026-02-03T14:52:32.847065Z ERROR hpde_io        Combining values.
2026-02-03T14:52:32.847094Z ERROR hpde_io   WI_H4_SWE (spase://NASA/NumericalData/Wind/SWE/H4/PT06S):
2026-02-03T14:52:32.847119Z INFO  hpde_io     ObservedRegion for this ID differs from first found value s/c ID = WI
2026-02-03T14:52:32.847136Z ERROR hpde_io       First value = ['Earth.Magnetosheath', 'Earth.Magnetosphere', 'Earth.Magnetosphere.Magnetotail', 'Earth.Magnetosphere.Main', 'Earth.NearSurface.AuroralRegion', 'Earth.NearSurface.Plasmasphere', 'Earth.NearSurface.PolarCap', 'Heliosphere', 'Heliosphere.Inner', 'Heliosphere.NearEarth']
2026-02-03T14:52:32.847163Z ERROR hpde_io       This value  = ['Earth.Magnetosheath', 'Earth.Magnetosphere.Magnetotail', 'Heliosphere.Inner', 'Heliosphere.NearEarth']
2026-02-03T14:52:32.847186Z ERROR hpde_io        Combining values.
2026-02-03T14:52:32.847211Z ERROR hpde_io   WI_H5_SWE (spase://NASA/NumericalData/Wind/SWE/H5/PT12S):
2026-02-03T14:52:32.847231Z INFO  hpde_io     ObservedRegion for this ID differs from first found value s/c ID = WI
2026-02-03T14:52:32.847247Z ERROR hpde_io       First value = ['Earth.Magnetosheath', 'Earth.Magnetosphere', 'Earth.Magnetosphere.Magnetotail', 'Earth.Magnetosphere.Main', 'Earth.NearSurface.AuroralRegion', 'Earth.NearSurface.Plasmasphere', 'Earth.NearSurface.PolarCap', 'Heliosphere', 'Heliosphere.Inner', 'Heliosphere.NearEarth']
2026-02-03T14:52:32.847271Z ERROR hpde_io       This value  = ['Earth.Magnetosheath', 'Earth.Magnetosphere.Magnetotail', 'Heliosphere.Inner', 'Heliosphere.NearEarth']
2026-02-03T14:52:32.847296Z ERROR hpde_io        Combining values.
2026-02-03T14:52:32.847323Z ERROR hpde_io   WI_K0_3DP (spase://NASA/NumericalData/Wind/3DP/KP/PT92S):
2026-02-03T14:52:32.847344Z INFO  hpde_io     ObservedRegion for this ID differs from first found value s/c ID = WI
2026-02-03T14:52:32.847363Z ERROR hpde_io       First value = ['Earth.Magnetosheath', 'Earth.Magnetosphere', 'Earth.Magnetosphere.Magnetotail', 'Earth.Magnetosphere.Main', 'Earth.NearSurface.AuroralRegion', 'Earth.NearSurface.Plasmasphere', 'Earth.NearSurface.PolarCap', 'Heliosphere', 'Heliosphere.Inner', 'Heliosphere.NearEarth']
2026-02-03T14:52:32.847391Z ERROR hpde_io       This value  = ['Heliosphere.NearEarth']
2026-02-03T14:52:32.847416Z ERROR hpde_io        Combining values.
2026-02-03T14:52:32.847444Z ERROR hpde_io   WI_K0_EPA (spase://NASA/NumericalData/Wind/EPACT/PT92S):
2026-02-03T14:52:32.847465Z INFO  hpde_io     ObservedRegion for this ID differs from first found value s/c ID = WI
2026-02-03T14:52:32.847483Z ERROR hpde_io       First value = ['Earth.Magnetosheath', 'Earth.Magnetosphere', 'Earth.Magnetosphere.Magnetotail', 'Earth.Magnetosphere.Main', 'Earth.NearSurface.AuroralRegion', 'Earth.NearSurface.Plasmasphere', 'Earth.NearSurface.PolarCap', 'Heliosphere', 'Heliosphere.Inner', 'Heliosphere.NearEarth']
2026-02-03T14:52:32.847510Z ERROR hpde_io       This value  = ['Heliosphere.NearEarth']
2026-02-03T14:52:32.847535Z ERROR hpde_io        Combining values.
2026-02-03T14:52:32.847564Z ERROR hpde_io   WI_K0_MFI (spase://NASA/NumericalData/Wind/MFI/KeyParameter/PT92S):
2026-02-03T14:52:32.847584Z INFO  hpde_io     ObservedRegion for this ID differs from first found value s/c ID = WI
2026-02-03T14:52:32.847601Z ERROR hpde_io       First value = ['Earth.Magnetosheath', 'Earth.Magnetosphere', 'Earth.Magnetosphere.Magnetotail', 'Earth.Magnetosphere.Main', 'Earth.NearSurface.AuroralRegion', 'Earth.NearSurface.Plasmasphere', 'Earth.NearSurface.PolarCap', 'Heliosphere', 'Heliosphere.Inner', 'Heliosphere.NearEarth']
2026-02-03T14:52:32.847623Z ERROR hpde_io       This value  = ['Heliosphere', 'Heliosphere.Inner', 'Heliosphere.NearEarth']
2026-02-03T14:52:32.847649Z ERROR hpde_io        Combining values.
2026-02-03T14:52:32.847677Z ERROR hpde_io   WI_K0_SMS (spase://NASA/NumericalData/Wind/SMS/KP/PT4H):
2026-02-03T14:52:32.847703Z INFO  hpde_io     ObservedRegion for this ID differs from first found value s/c ID = WI
2026-02-03T14:52:32.847721Z ERROR hpde_io       First value = ['Earth.Magnetosheath', 'Earth.Magnetosphere', 'Earth.Magnetosphere.Magnetotail', 'Earth.Magnetosphere.Main', 'Earth.NearSurface.AuroralRegion', 'Earth.NearSurface.Plasmasphere', 'Earth.NearSurface.PolarCap', 'Heliosphere', 'Heliosphere.Inner', 'Heliosphere.NearEarth']
2026-02-03T14:52:32.847749Z ERROR hpde_io       This value  = ['Heliosphere.NearEarth']
2026-02-03T14:52:32.847772Z ERROR hpde_io        Combining values.
2026-02-03T14:52:32.847804Z ERROR hpde_io   WI_K0_SPHA (spase://NASA/NumericalData/Wind/Ephemeris/SpinPhase/KeyParameter/PT92S):
2026-02-03T14:52:32.847832Z INFO  hpde_io     ObservedRegion for this ID differs from first found value s/c ID = WI
2026-02-03T14:52:32.847852Z ERROR hpde_io       First value = ['Earth.Magnetosheath', 'Earth.Magnetosphere', 'Earth.Magnetosphere.Magnetotail', 'Earth.Magnetosphere.Main', 'Earth.NearSurface.AuroralRegion', 'Earth.NearSurface.Plasmasphere', 'Earth.NearSurface.PolarCap', 'Heliosphere', 'Heliosphere.Inner', 'Heliosphere.NearEarth']
2026-02-03T14:52:32.847881Z ERROR hpde_io       This value  = ['Earth.Magnetosheath', 'Earth.Magnetosphere', 'Earth.Magnetosphere.Magnetotail', 'Earth.Magnetosphere.Main', 'Earth.NearSurface.Plasmasphere', 'Heliosphere', 'Heliosphere.Inner', 'Heliosphere.NearEarth']
2026-02-03T14:52:32.847910Z ERROR hpde_io        Combining values.
2026-02-03T14:52:32.847941Z ERROR hpde_io   WI_K0_SWE (spase://NASA/NumericalData/Wind/SWE/IonMoments/KeyParameter/PT99S):
2026-02-03T14:52:32.847962Z INFO  hpde_io     ObservedRegion for this ID differs from first found value s/c ID = WI
2026-02-03T14:52:32.847978Z ERROR hpde_io       First value = ['Earth.Magnetosheath', 'Earth.Magnetosphere', 'Earth.Magnetosphere.Magnetotail', 'Earth.Magnetosphere.Main', 'Earth.NearSurface.AuroralRegion', 'Earth.NearSurface.Plasmasphere', 'Earth.NearSurface.PolarCap', 'Heliosphere', 'Heliosphere.Inner', 'Heliosphere.NearEarth']
2026-02-03T14:52:32.848005Z ERROR hpde_io       This value  = ['Earth.Magnetosheath', 'Earth.Magnetosphere', 'Earth.Magnetosphere.Magnetotail', 'Earth.Magnetosphere.Main', 'Earth.NearSurface.Plasmasphere', 'Heliosphere', 'Heliosphere.Inner', 'Heliosphere.NearEarth']
2026-02-03T14:52:32.848031Z ERROR hpde_io        Combining values.
2026-02-03T14:52:32.848060Z ERROR hpde_io   WI_K0_WAV (spase://NASA/NumericalData/Wind/WAVES/ElectricFieldIntensity/KeyParameter/PT3M):
2026-02-03T14:52:32.848086Z INFO  hpde_io     ObservedRegion for this ID differs from first found value s/c ID = WI
2026-02-03T14:52:32.848106Z ERROR hpde_io       First value = ['Earth.Magnetosheath', 'Earth.Magnetosphere', 'Earth.Magnetosphere.Magnetotail', 'Earth.Magnetosphere.Main', 'Earth.NearSurface.AuroralRegion', 'Earth.NearSurface.Plasmasphere', 'Earth.NearSurface.PolarCap', 'Heliosphere', 'Heliosphere.Inner', 'Heliosphere.NearEarth']
2026-02-03T14:52:32.848134Z ERROR hpde_io       This value  = ['Earth.Magnetosheath', 'Earth.Magnetosphere', 'Earth.Magnetosphere.Magnetotail', 'Earth.Magnetosphere.Main', 'Earth.NearSurface.Plasmasphere', 'Heliosphere', 'Heliosphere.Inner', 'Heliosphere.NearEarth']
2026-02-03T14:52:32.848156Z ERROR hpde_io        Combining values.
2026-02-03T14:52:32.848185Z ERROR hpde_io   WI_L2-1HOUR-SEP_EPACT-APE_B (spase://NASA/NumericalData/Wind/EPACT/SEP/PT1H):
2026-02-03T14:52:32.848211Z INFO  hpde_io     ObservedRegion for this ID differs from first found value s/c ID = WI
2026-02-03T14:52:32.848230Z ERROR hpde_io       First value = ['Earth.Magnetosheath', 'Earth.Magnetosphere', 'Earth.Magnetosphere.Magnetotail', 'Earth.Magnetosphere.Main', 'Earth.NearSurface.AuroralRegion', 'Earth.NearSurface.Plasmasphere', 'Earth.NearSurface.PolarCap', 'Heliosphere', 'Heliosphere.Inner', 'Heliosphere.NearEarth']
2026-02-03T14:52:32.848258Z ERROR hpde_io       This value  = ['Heliosphere', 'Heliosphere.Inner', 'Heliosphere.NearEarth']
2026-02-03T14:52:32.848281Z ERROR hpde_io        Combining values.
2026-02-03T14:52:32.848309Z ERROR hpde_io   WI_L2-1HOUR-SEP_EPACT-LEMT (spase://NASA/NumericalData/Wind/EPACT/LEMT/L2/PT1H):
2026-02-03T14:52:32.848335Z INFO  hpde_io     ObservedRegion for this ID differs from first found value s/c ID = WI
2026-02-03T14:52:32.848352Z ERROR hpde_io       First value = ['Earth.Magnetosheath', 'Earth.Magnetosphere', 'Earth.Magnetosphere.Magnetotail', 'Earth.Magnetosphere.Main', 'Earth.NearSurface.AuroralRegion', 'Earth.NearSurface.Plasmasphere', 'Earth.NearSurface.PolarCap', 'Heliosphere', 'Heliosphere.Inner', 'Heliosphere.NearEarth']
2026-02-03T14:52:32.848373Z ERROR hpde_io       This value  = ['Heliosphere.NearEarth']
2026-02-03T14:52:32.848398Z ERROR hpde_io        Combining values.
2026-02-03T14:52:32.848427Z ERROR hpde_io   WI_L2-30MIN_SMS-STICS-AFM-MAGNETOSPHERE (spase://NASA/NumericalData/Wind/SMS/STICS/AngularFluxMap/Level2/Magnetosphere/PT30M):
2026-02-03T14:52:32.848448Z INFO  hpde_io     ObservedRegion for this ID differs from first found value s/c ID = WI
2026-02-03T14:52:32.848466Z ERROR hpde_io       First value = ['Earth.Magnetosheath', 'Earth.Magnetosphere', 'Earth.Magnetosphere.Magnetotail', 'Earth.Magnetosphere.Main', 'Earth.NearSurface.AuroralRegion', 'Earth.NearSurface.Plasmasphere', 'Earth.NearSurface.PolarCap', 'Heliosphere', 'Heliosphere.Inner', 'Heliosphere.NearEarth']
2026-02-03T14:52:32.848490Z ERROR hpde_io       This value  = ['Earth.Magnetosphere']
2026-02-03T14:52:32.848511Z ERROR hpde_io        Combining values.
2026-02-03T14:52:32.848538Z ERROR hpde_io   WI_L2-30MIN_SMS-STICS-AFM-SOLARWIND (spase://NASA/NumericalData/Wind/SMS/STICS/AngularFluxMap/Level2/SolarWind/PT30M):
2026-02-03T14:52:32.848564Z INFO  hpde_io     ObservedRegion for this ID differs from first found value s/c ID = WI
2026-02-03T14:52:32.848580Z ERROR hpde_io       First value = ['Earth.Magnetosheath', 'Earth.Magnetosphere', 'Earth.Magnetosphere.Magnetotail', 'Earth.Magnetosphere.Main', 'Earth.NearSurface.AuroralRegion', 'Earth.NearSurface.Plasmasphere', 'Earth.NearSurface.PolarCap', 'Heliosphere', 'Heliosphere.Inner', 'Heliosphere.NearEarth']
2026-02-03T14:52:32.848604Z ERROR hpde_io       This value  = ['Heliosphere', 'Heliosphere.Inner', 'Heliosphere.NearEarth']
2026-02-03T14:52:32.848629Z ERROR hpde_io        Combining values.
2026-02-03T14:52:32.848653Z ERROR hpde_io   WI_L2-30MIN_SMS-STICS-ERPA-MAGNETOSPHERE (spase://NASA/NumericalData/Wind/SMS/STICS/EnergyResolvedPitchAngleDistribution/Level2/Magnetosphere/PT30M):
2026-02-03T14:52:32.848674Z INFO  hpde_io     ObservedRegion for this ID differs from first found value s/c ID = WI
2026-02-03T14:52:32.848692Z ERROR hpde_io       First value = ['Earth.Magnetosheath', 'Earth.Magnetosphere', 'Earth.Magnetosphere.Magnetotail', 'Earth.Magnetosphere.Main', 'Earth.NearSurface.AuroralRegion', 'Earth.NearSurface.Plasmasphere', 'Earth.NearSurface.PolarCap', 'Heliosphere', 'Heliosphere.Inner', 'Heliosphere.NearEarth']
2026-02-03T14:52:32.848720Z ERROR hpde_io       This value  = ['Earth.Magnetosphere']
2026-02-03T14:52:32.848744Z ERROR hpde_io        Combining values.
2026-02-03T14:52:32.848773Z ERROR hpde_io   WI_L2-30MIN_SMS-STICS-ERPA-SOLARWIND (spase://NASA/NumericalData/Wind/SMS/STICS/EnergyResolvedPitchAngleDistribution/Level2/SolarWind/PT30M):
2026-02-03T14:52:32.848798Z INFO  hpde_io     ObservedRegion for this ID differs from first found value s/c ID = WI
2026-02-03T14:52:32.848819Z ERROR hpde_io       First value = ['Earth.Magnetosheath', 'Earth.Magnetosphere', 'Earth.Magnetosphere.Magnetotail', 'Earth.Magnetosphere.Main', 'Earth.NearSurface.AuroralRegion', 'Earth.NearSurface.Plasmasphere', 'Earth.NearSurface.PolarCap', 'Heliosphere', 'Heliosphere.Inner', 'Heliosphere.NearEarth']
2026-02-03T14:52:32.848841Z ERROR hpde_io       This value  = ['Heliosphere', 'Heliosphere.Inner', 'Heliosphere.NearEarth']
2026-02-03T14:52:32.848862Z ERROR hpde_io        Combining values.
2026-02-03T14:52:32.848889Z ERROR hpde_io   WI_L2-3MIN_SMS-STICS-VDF-MAGNETOSPHERE (spase://NASA/NumericalData/Wind/SMS/STICS/DistributionFunction/Level2/Magnetosphere/PT3M):
2026-02-03T14:52:32.848911Z INFO  hpde_io     ObservedRegion for this ID differs from first found value s/c ID = WI
2026-02-03T14:52:32.848927Z ERROR hpde_io       First value = ['Earth.Magnetosheath', 'Earth.Magnetosphere', 'Earth.Magnetosphere.Magnetotail', 'Earth.Magnetosphere.Main', 'Earth.NearSurface.AuroralRegion', 'Earth.NearSurface.Plasmasphere', 'Earth.NearSurface.PolarCap', 'Heliosphere', 'Heliosphere.Inner', 'Heliosphere.NearEarth']
2026-02-03T14:52:32.848949Z ERROR hpde_io       This value  = ['Earth.Magnetosphere']
2026-02-03T14:52:32.848975Z ERROR hpde_io        Combining values.
2026-02-03T14:52:32.849007Z ERROR hpde_io   WI_L2-3MIN_SMS-STICS-VDF-SOLARWIND (spase://NASA/NumericalData/Wind/SMS/STICS/DistributionFunction/Level2/SolarWind/PT3M):
2026-02-03T14:52:32.849029Z INFO  hpde_io     ObservedRegion for this ID differs from first found value s/c ID = WI
2026-02-03T14:52:32.849047Z ERROR hpde_io       First value = ['Earth.Magnetosheath', 'Earth.Magnetosphere', 'Earth.Magnetosphere.Magnetotail', 'Earth.Magnetosphere.Main', 'Earth.NearSurface.AuroralRegion', 'Earth.NearSurface.Plasmasphere', 'Earth.NearSurface.PolarCap', 'Heliosphere', 'Heliosphere.Inner', 'Heliosphere.NearEarth']
2026-02-03T14:52:32.849075Z ERROR hpde_io       This value  = ['Heliosphere', 'Heliosphere.Inner', 'Heliosphere.NearEarth']
2026-02-03T14:52:32.849097Z ERROR hpde_io        Combining values.
2026-02-03T14:52:32.849127Z ERROR hpde_io   WI_L2-5MIN-SEP_EPACT-LEMT (spase://NASA/NumericalData/Wind/EPACT/LEMT/L2/PT5M):
2026-02-03T14:52:32.849152Z INFO  hpde_io     ObservedRegion for this ID differs from first found value s/c ID = WI
2026-02-03T14:52:32.849168Z ERROR hpde_io       First value = ['Earth.Magnetosheath', 'Earth.Magnetosphere', 'Earth.Magnetosphere.Magnetotail', 'Earth.Magnetosphere.Main', 'Earth.NearSurface.AuroralRegion', 'Earth.NearSurface.Plasmasphere', 'Earth.NearSurface.PolarCap', 'Heliosphere', 'Heliosphere.Inner', 'Heliosphere.NearEarth']
2026-02-03T14:52:32.849195Z ERROR hpde_io       This value  = ['Earth.Magnetosheath', 'Earth.Magnetosphere', 'Earth.Magnetosphere.Magnetotail', 'Earth.Magnetosphere.Main', 'Earth.NearSurface.Plasmasphere', 'Heliosphere', 'Heliosphere.Inner', 'Heliosphere.NearEarth']
2026-02-03T14:52:32.849220Z ERROR hpde_io        Combining values.
2026-02-03T14:52:32.849249Z ERROR hpde_io   WI_L2_3MIN_SMS-STICS-NVT-MAGNETOSPHERE (spase://NASA/NumericalData/Wind/SMS/STICS/Moments/Level2/Magnetosphere/PT3M):
2026-02-03T14:52:32.849275Z INFO  hpde_io     ObservedRegion for this ID differs from first found value s/c ID = WI
2026-02-03T14:52:32.849296Z ERROR hpde_io       First value = ['Earth.Magnetosheath', 'Earth.Magnetosphere', 'Earth.Magnetosphere.Magnetotail', 'Earth.Magnetosphere.Main', 'Earth.NearSurface.AuroralRegion', 'Earth.NearSurface.Plasmasphere', 'Earth.NearSurface.PolarCap', 'Heliosphere', 'Heliosphere.Inner', 'Heliosphere.NearEarth']
2026-02-03T14:52:32.849319Z ERROR hpde_io       This value  = ['Earth.Magnetosphere']
2026-02-03T14:52:32.849345Z ERROR hpde_io        Combining values.
2026-02-03T14:52:32.849372Z ERROR hpde_io   WI_L2_3MIN_SMS-STICS-NVT-SOLARWIND (spase://NASA/NumericalData/Wind/SMS/STICS/Moments/Level2/SolarWind/PT3M):
2026-02-03T14:52:32.849394Z INFO  hpde_io     ObservedRegion for this ID differs from first found value s/c ID = WI
2026-02-03T14:52:32.849411Z ERROR hpde_io       First value = ['Earth.Magnetosheath', 'Earth.Magnetosphere', 'Earth.Magnetosphere.Magnetotail', 'Earth.Magnetosphere.Main', 'Earth.NearSurface.AuroralRegion', 'Earth.NearSurface.Plasmasphere', 'Earth.NearSurface.PolarCap', 'Heliosphere', 'Heliosphere.Inner', 'Heliosphere.NearEarth']
2026-02-03T14:52:32.849434Z ERROR hpde_io       This value  = ['Heliosphere', 'Heliosphere.Inner', 'Heliosphere.NearEarth']
2026-02-03T14:52:32.849458Z ERROR hpde_io        Combining values.
2026-02-03T14:52:32.849484Z ERROR hpde_io   WI_L2_WAV_RAD1 (spase://NASA/NumericalData/Wind/WAVES/RAD2/L2/PT16S):
2026-02-03T14:52:32.849506Z INFO  hpde_io     ObservedRegion for this ID differs from first found value s/c ID = WI
2026-02-03T14:52:32.849522Z ERROR hpde_io       First value = ['Earth.Magnetosheath', 'Earth.Magnetosphere', 'Earth.Magnetosphere.Magnetotail', 'Earth.Magnetosphere.Main', 'Earth.NearSurface.AuroralRegion', 'Earth.NearSurface.Plasmasphere', 'Earth.NearSurface.PolarCap', 'Heliosphere', 'Heliosphere.Inner', 'Heliosphere.NearEarth']
2026-02-03T14:52:32.849543Z ERROR hpde_io       This value  = ['Earth.Magnetosphere', 'Earth.NearSurface.AuroralRegion', 'Earth.NearSurface.Plasmasphere', 'Heliosphere.Inner']
2026-02-03T14:52:32.849570Z ERROR hpde_io        Combining values.
2026-02-03T14:52:32.849601Z ERROR hpde_io   WI_L3-DUSTIMPACT_WAVES (spase://NASA/NumericalData/Wind/WAVES/DustImpact/PT1S):
2026-02-03T14:52:32.849627Z INFO  hpde_io     ObservedRegion for this ID differs from first found value s/c ID = WI
2026-02-03T14:52:32.849646Z ERROR hpde_io       First value = ['Earth.Magnetosheath', 'Earth.Magnetosphere', 'Earth.Magnetosphere.Magnetotail', 'Earth.Magnetosphere.Main', 'Earth.NearSurface.AuroralRegion', 'Earth.NearSurface.Plasmasphere', 'Earth.NearSurface.PolarCap', 'Heliosphere', 'Heliosphere.Inner', 'Heliosphere.NearEarth']
2026-02-03T14:52:32.849674Z ERROR hpde_io       This value  = ['Heliosphere', 'Heliosphere.Inner', 'Heliosphere.NearEarth']
2026-02-03T14:52:32.849697Z ERROR hpde_io        Combining values.
2026-02-03T14:52:32.849725Z ERROR hpde_io   WI_M0_SWE (spase://NASA/NumericalData/Wind/SWE/M0/PT12S):
2026-02-03T14:52:32.849751Z INFO  hpde_io     ObservedRegion for this ID differs from first found value s/c ID = WI
2026-02-03T14:52:32.849769Z ERROR hpde_io       First value = ['Earth.Magnetosheath', 'Earth.Magnetosphere', 'Earth.Magnetosphere.Magnetotail', 'Earth.Magnetosphere.Main', 'Earth.NearSurface.AuroralRegion', 'Earth.NearSurface.Plasmasphere', 'Earth.NearSurface.PolarCap', 'Heliosphere', 'Heliosphere.Inner', 'Heliosphere.NearEarth']
2026-02-03T14:52:32.849794Z ERROR hpde_io       This value  = ['Earth.Magnetosheath', 'Earth.Magnetosphere', 'Earth.Magnetosphere.Magnetotail', 'Earth.Magnetosphere.Main', 'Earth.NearSurface.Plasmasphere', 'Heliosphere', 'Heliosphere.Inner', 'Heliosphere.NearEarth']
2026-02-03T14:52:32.849821Z ERROR hpde_io        Combining values.
2026-02-03T14:52:32.849846Z ERROR hpde_io   WI_M2_SWE (spase://NASA/NumericalData/Wind/SWE/M2/PT06S):
2026-02-03T14:52:32.849868Z INFO  hpde_io     ObservedRegion for this ID differs from first found value s/c ID = WI
2026-02-03T14:52:32.849885Z ERROR hpde_io       First value = ['Earth.Magnetosheath', 'Earth.Magnetosphere', 'Earth.Magnetosphere.Magnetotail', 'Earth.Magnetosphere.Main', 'Earth.NearSurface.AuroralRegion', 'Earth.NearSurface.Plasmasphere', 'Earth.NearSurface.PolarCap', 'Heliosphere', 'Heliosphere.Inner', 'Heliosphere.NearEarth']
2026-02-03T14:52:32.849905Z ERROR hpde_io       This value  = ['Earth.Magnetosheath', 'Earth.Magnetosphere.Magnetotail', 'Heliosphere.Inner', 'Heliosphere.NearEarth']
2026-02-03T14:52:32.849926Z ERROR hpde_io        Combining values.
2026-02-03T14:52:32.849951Z ERROR hpde_io   WI_OR_DEF (spase://NASA/NumericalData/Wind/Ephemeris/definitive/PT10M):
2026-02-03T14:52:32.849971Z INFO  hpde_io     ObservedRegion for this ID differs from first found value s/c ID = WI
2026-02-03T14:52:32.849987Z ERROR hpde_io       First value = ['Earth.Magnetosheath', 'Earth.Magnetosphere', 'Earth.Magnetosphere.Magnetotail', 'Earth.Magnetosphere.Main', 'Earth.NearSurface.AuroralRegion', 'Earth.NearSurface.Plasmasphere', 'Earth.NearSurface.PolarCap', 'Heliosphere', 'Heliosphere.Inner', 'Heliosphere.NearEarth']
2026-02-03T14:52:32.850008Z ERROR hpde_io       This value  = ['Earth.Magnetosheath', 'Earth.Magnetosphere', 'Earth.Magnetosphere.Magnetotail', 'Earth.Magnetosphere.Main', 'Earth.NearSurface.Plasmasphere', 'Heliosphere', 'Heliosphere.Inner', 'Heliosphere.NearEarth']
2026-02-03T14:52:32.850030Z ERROR hpde_io        Combining values.
2026-02-03T14:52:32.850055Z ERROR hpde_io   WI_OR_PRE (spase://NASA/NumericalData/Wind/Ephemeris/predicted/PT10M):
2026-02-03T14:52:32.850076Z INFO  hpde_io     ObservedRegion for this ID differs from first found value s/c ID = WI
2026-02-03T14:52:32.850092Z ERROR hpde_io       First value = ['Earth.Magnetosheath', 'Earth.Magnetosphere', 'Earth.Magnetosphere.Magnetotail', 'Earth.Magnetosphere.Main', 'Earth.NearSurface.AuroralRegion', 'Earth.NearSurface.Plasmasphere', 'Earth.NearSurface.PolarCap', 'Heliosphere', 'Heliosphere.Inner', 'Heliosphere.NearEarth']
2026-02-03T14:52:32.850113Z ERROR hpde_io       This value  = ['Heliosphere.NearEarth']
2026-02-03T14:52:32.850134Z ERROR hpde_io        Combining values.
2026-02-03T14:52:32.850159Z ERROR hpde_io   WI_PLSP_3DP (spase://NASA/NumericalData/Wind/3DP/PLSP/PT24S):
2026-02-03T14:52:32.850180Z INFO  hpde_io     ObservedRegion for this ID differs from first found value s/c ID = WI
2026-02-03T14:52:32.850196Z ERROR hpde_io       First value = ['Earth.Magnetosheath', 'Earth.Magnetosphere', 'Earth.Magnetosphere.Magnetotail', 'Earth.Magnetosphere.Main', 'Earth.NearSurface.AuroralRegion', 'Earth.NearSurface.Plasmasphere', 'Earth.NearSurface.PolarCap', 'Heliosphere', 'Heliosphere.Inner', 'Heliosphere.NearEarth']
2026-02-03T14:52:32.850217Z ERROR hpde_io       This value  = ['Earth.Magnetosheath', 'Earth.Magnetosphere', 'Earth.Magnetosphere.Magnetotail', 'Earth.Magnetosphere.Main', 'Earth.NearSurface.Plasmasphere', 'Heliosphere', 'Heliosphere.Inner', 'Heliosphere.NearEarth']
2026-02-03T14:52:32.850239Z ERROR hpde_io        Combining values.
2026-02-03T14:52:32.850264Z ERROR hpde_io   WI_PM_3DP (spase://NASA/NumericalData/Wind/3DP/PM/PT03S):
2026-02-03T14:52:32.850285Z INFO  hpde_io     ObservedRegion for this ID differs from first found value s/c ID = WI
2026-02-03T14:52:32.850301Z ERROR hpde_io       First value = ['Earth.Magnetosheath', 'Earth.Magnetosphere', 'Earth.Magnetosphere.Magnetotail', 'Earth.Magnetosphere.Main', 'Earth.NearSurface.AuroralRegion', 'Earth.NearSurface.Plasmasphere', 'Earth.NearSurface.PolarCap', 'Heliosphere', 'Heliosphere.Inner', 'Heliosphere.NearEarth']
2026-02-03T14:52:32.850322Z ERROR hpde_io       This value  = ['Earth.Magnetosheath', 'Earth.Magnetosphere', 'Earth.Magnetosphere.Magnetotail', 'Earth.Magnetosphere.Main', 'Earth.NearSurface.Plasmasphere', 'Heliosphere', 'Heliosphere.Inner', 'Heliosphere.NearEarth']
2026-02-03T14:52:32.850344Z ERROR hpde_io        Combining values.
2026-02-03T14:52:32.850368Z ERROR hpde_io   WI_SFPD_3DP (spase://NASA/NumericalData/Wind/3DP/SST_Foil/PD/PT24S):
2026-02-03T14:52:32.850390Z INFO  hpde_io     ObservedRegion for this ID differs from first found value s/c ID = WI
2026-02-03T14:52:32.850406Z ERROR hpde_io       First value = ['Earth.Magnetosheath', 'Earth.Magnetosphere', 'Earth.Magnetosphere.Magnetotail', 'Earth.Magnetosphere.Main', 'Earth.NearSurface.AuroralRegion', 'Earth.NearSurface.Plasmasphere', 'Earth.NearSurface.PolarCap', 'Heliosphere', 'Heliosphere.Inner', 'Heliosphere.NearEarth']
2026-02-03T14:52:32.850427Z ERROR hpde_io       This value  = ['Heliosphere.NearEarth']
2026-02-03T14:52:32.850448Z ERROR hpde_io        Combining values.
2026-02-03T14:52:32.850473Z ERROR hpde_io   WI_SFSP_3DP (spase://NASA/NumericalData/Wind/3DP/SST_Foil/SP/PT24S):
2026-02-03T14:52:32.850494Z INFO  hpde_io     ObservedRegion for this ID differs from first found value s/c ID = WI
2026-02-03T14:52:32.850511Z ERROR hpde_io       First value = ['Earth.Magnetosheath', 'Earth.Magnetosphere', 'Earth.Magnetosphere.Magnetotail', 'Earth.Magnetosphere.Main', 'Earth.NearSurface.AuroralRegion', 'Earth.NearSurface.Plasmasphere', 'Earth.NearSurface.PolarCap', 'Heliosphere', 'Heliosphere.Inner', 'Heliosphere.NearEarth']
2026-02-03T14:52:32.850532Z ERROR hpde_io       This value  = ['Earth.Magnetosheath', 'Earth.Magnetosphere', 'Earth.Magnetosphere.Magnetotail', 'Earth.Magnetosphere.Main', 'Earth.NearSurface.Plasmasphere', 'Heliosphere', 'Heliosphere.Inner', 'Heliosphere.NearEarth']
2026-02-03T14:52:32.850554Z ERROR hpde_io        Combining values.
2026-02-03T14:52:32.850579Z ERROR hpde_io   WI_SOPD_3DP (spase://NASA/NumericalData/Wind/3DP/SST_Open/PD/PT24S):
2026-02-03T14:52:32.850600Z INFO  hpde_io     ObservedRegion for this ID differs from first found value s/c ID = WI
2026-02-03T14:52:32.850616Z ERROR hpde_io       First value = ['Earth.Magnetosheath', 'Earth.Magnetosphere', 'Earth.Magnetosphere.Magnetotail', 'Earth.Magnetosphere.Main', 'Earth.NearSurface.AuroralRegion', 'Earth.NearSurface.Plasmasphere', 'Earth.NearSurface.PolarCap', 'Heliosphere', 'Heliosphere.Inner', 'Heliosphere.NearEarth']
2026-02-03T14:52:32.850636Z ERROR hpde_io       This value  = ['Heliosphere.NearEarth']
2026-02-03T14:52:32.850657Z ERROR hpde_io        Combining values.
2026-02-03T14:52:32.850681Z ERROR hpde_io   WI_SOSP_3DP (spase://NASA/NumericalData/Wind/3DP/SST_Open/SP/PT24S):
2026-02-03T14:52:32.850702Z INFO  hpde_io     ObservedRegion for this ID differs from first found value s/c ID = WI
2026-02-03T14:52:32.850720Z ERROR hpde_io       First value = ['Earth.Magnetosheath', 'Earth.Magnetosphere', 'Earth.Magnetosphere.Magnetotail', 'Earth.Magnetosphere.Main', 'Earth.NearSurface.AuroralRegion', 'Earth.NearSurface.Plasmasphere', 'Earth.NearSurface.PolarCap', 'Heliosphere', 'Heliosphere.Inner', 'Heliosphere.NearEarth']
2026-02-03T14:52:32.850743Z ERROR hpde_io       This value  = ['Earth.Magnetosheath', 'Earth.Magnetosphere', 'Earth.Magnetosphere.Magnetotail', 'Earth.Magnetosphere.Main', 'Earth.NearSurface.Plasmasphere', 'Heliosphere', 'Heliosphere.Inner', 'Heliosphere.NearEarth']
2026-02-03T14:52:32.850765Z ERROR hpde_io        Combining values.
2026-02-03T14:52:32.850791Z ERROR hpde_io   WI_STRAHL0_SWE (spase://NASA/NumericalData/Wind/SWE/Strahl/PT12S):
2026-02-03T14:52:32.850811Z INFO  hpde_io     ObservedRegion for this ID differs from first found value s/c ID = WI
2026-02-03T14:52:32.850828Z ERROR hpde_io       First value = ['Earth.Magnetosheath', 'Earth.Magnetosphere', 'Earth.Magnetosphere.Magnetotail', 'Earth.Magnetosphere.Main', 'Earth.NearSurface.AuroralRegion', 'Earth.NearSurface.Plasmasphere', 'Earth.NearSurface.PolarCap', 'Heliosphere', 'Heliosphere.Inner', 'Heliosphere.NearEarth']
2026-02-03T14:52:32.850849Z ERROR hpde_io       This value  = ['Heliosphere', 'Heliosphere.Inner', 'Heliosphere.NearEarth']
2026-02-03T14:52:32.850870Z ERROR hpde_io        Combining values.
2026-02-03T14:52:32.850894Z ERROR hpde_io   WI_SW-ION-DIST_SWE-FARADAY (spase://NASA/NumericalData/Wind/SWE/FaradayCup/IonDistribution/PT92S):
2026-02-03T14:52:32.850916Z INFO  hpde_io     ObservedRegion for this ID differs from first found value s/c ID = WI
2026-02-03T14:52:32.850932Z ERROR hpde_io       First value = ['Earth.Magnetosheath', 'Earth.Magnetosphere', 'Earth.Magnetosphere.Magnetotail', 'Earth.Magnetosphere.Main', 'Earth.NearSurface.AuroralRegion', 'Earth.NearSurface.Plasmasphere', 'Earth.NearSurface.PolarCap', 'Heliosphere', 'Heliosphere.Inner', 'Heliosphere.NearEarth']
2026-02-03T14:52:32.850955Z ERROR hpde_io       This value  = ['Earth.Magnetosheath', 'Earth.Magnetosphere', 'Earth.Magnetosphere.Magnetotail', 'Earth.Magnetosphere.Main', 'Earth.NearSurface.Plasmasphere', 'Heliosphere', 'Heliosphere.Inner', 'Heliosphere.NearEarth']
2026-02-03T14:52:32.850976Z ERROR hpde_io        Combining values.
2026-02-03T14:52:32.873496Z INFO  hpde_io Writing ./data/cdawmeta-spase/ObservedRegion.json
2026-02-03T14:52:32.875891Z INFO  hpde_io Writing ./data/cdawmeta-spase/InstrumentID.json
2026-02-03T14:52:32.877686Z INFO  hpde_io Writing ./data/cdawmeta-spase/MeasurementType.json
2026-02-03T14:52:32.879739Z INFO  hpde_io Writing ./data/cdawmeta-spase/DOI.json
2026-02-03T14:52:32.880915Z INFO  hpde_io Writing ./data/cdawmeta-spase/InformationURL.json
2026-02-03T14:52:32.884838Z INFO  hpde_io Writing ./data/cdawmeta-spase/ResourceID.json
2026-02-03T14:52:32.886464Z INFO  hpde_io Number of CDAWeb datasets:  2863
2026-02-03T14:52:32.886488Z INFO  hpde_io Number found in hpde.io:    1961
2026-02-03T14:52:32.886511Z INFO  hpde_io Number of SPASE records with a Parameter node: 1851
2026-02-03T14:52:32.886534Z INFO  hpde_io Found ObservedRegion in 1924 of 1961 SPASE records.
2026-02-03T14:52:32.886555Z INFO  hpde_io Found InstrumentID in 1925 of 1961 SPASE records.
2026-02-03T14:52:32.886575Z INFO  hpde_io Found MeasurementType in 1961 of 1961 SPASE records.
2026-02-03T14:52:32.886592Z INFO  hpde_io Found DOI in 1621 of 1961 SPASE records.
2026-02-03T14:52:32.886609Z INFO  hpde_io Found InformationURL in 1816 of 1961 SPASE records.
2026-02-03T14:52:32.886629Z INFO  hpde_io Found ResourceID in 1961 of 1961 SPASE records.
