2026-02-02T16:45:16.877552Z ERROR hpde_io       Duplicate AccessURL/Name = 'CDAWeb' in http://hpde.io/NASA/NumericalData/Ulysses/COSPIN/AT/Ion/Fluxes/SpinAveraged/PT10M
2026-02-02T16:45:17.905639Z ERROR hpde_io No ResourceID in data/hpde.io/NASA/NumericalData/ParkerSolarProbe/WISPR/MPEG/PT30m.json
2026-02-02T16:45:17.906052Z ERROR hpde_io No ResourceID in data/hpde.io/NASA/NumericalData/ParkerSolarProbe/WISPR/PNG/PT30m.json
2026-02-02T16:45:19.021220Z ERROR hpde_io       Duplicate AccessURL/Name = 'CDAWeb' in http://hpde.io/NASA/NumericalData/IMAGE/HK/CDAWeb/PT24H
2026-02-02T16:45:19.021305Z ERROR hpde_io       Duplicate AccessURL/Name = 'CDAWeb' in http://hpde.io/NASA/NumericalData/IMAGE/HK/CDAWeb/PT24H
2026-02-02T16:45:19.021339Z ERROR hpde_io       Duplicate AccessURL/Name = 'CDAWeb' in http://hpde.io/NASA/NumericalData/IMAGE/HK/CDAWeb/PT24H
2026-02-02T16:45:19.021370Z ERROR hpde_io       Duplicate AccessURL/Name = 'CDAWeb' in http://hpde.io/NASA/NumericalData/IMAGE/HK/CDAWeb/PT24H
2026-02-02T16:45:19.021397Z ERROR hpde_io       Duplicate AccessURL/Name = 'CDAWeb' in http://hpde.io/NASA/NumericalData/IMAGE/HK/CDAWeb/PT24H
2026-02-02T16:45:21.464209Z ERROR hpde_io       ProductKey.strip() = '' in AccessURL with Name 'CDAWeb' in http://hpde.io/ViRBO/NumericalData//PT6S/PT6S
2026-02-02T16:45:21.470370Z ERROR hpde_io       Duplicate AccessURL/Name = 'CDAWeb' in http://hpde.io/ViRBO/NumericalData/RBSP/A/EMFISIS/HFR-SPECTRA-MERGED/L2/PT6S
2026-02-02T16:45:21.471501Z ERROR hpde_io       Duplicate AccessURL/Name = 'CDAWeb' in http://hpde.io/ViRBO/NumericalData/RBSP/A/EMFISIS/HOUSEKEEPING/L2/PT1S
2026-02-02T16:45:21.473319Z ERROR hpde_io       Duplicate AccessURL/Name = 'CDAWeb' in http://hpde.io/ViRBO/NumericalData/RBSP/A/EMFISIS/WFR-WAVEFORM/QUICK-LOOK/PT6S
2026-02-02T16:45:21.473891Z ERROR hpde_io       Duplicate AccessURL/Name = 'CDAWeb' in http://hpde.io/ViRBO/NumericalData/RBSP/A/EMFISIS/HFR-SPECTRA-BURST/L2/PT6S
2026-02-02T16:45:21.474570Z ERROR hpde_io       Duplicate AccessURL/Name = 'CDAWeb' in http://hpde.io/ViRBO/NumericalData/RBSP/A/EMFISIS/WFR-SPECTRAL-MATRIX-DIAGONAL-MERGED/L2/PT6S
2026-02-02T16:45:21.475124Z ERROR hpde_io       Duplicate AccessURL/Name = 'CDAWeb' in http://hpde.io/ViRBO/NumericalData/RBSP/A/EMFISIS/HFR-SPECTRA/L2/PT6S
2026-02-02T16:45:21.475829Z ERROR hpde_io       Duplicate AccessURL/Name = 'CDAWeb' in http://hpde.io/ViRBO/NumericalData/RBSP/A/EMFISIS/WFR-SPECTRAL-MATRIX-DIAGONAL/L2/PT6S
2026-02-02T16:45:21.476401Z ERROR hpde_io       Duplicate AccessURL/Name = 'CDAWeb' in http://hpde.io/ViRBO/NumericalData/RBSP/A/EMFISIS/MAGNETOMETER/HIRES-SM/L3/PT1S
2026-02-02T16:45:21.477063Z ERROR hpde_io       Duplicate AccessURL/Name = 'CDAWeb' in http://hpde.io/ViRBO/NumericalData/RBSP/A/EMFISIS/MAGNETOMETER/1SEC-GSM/L3/PT1S
2026-02-02T16:45:21.477617Z ERROR hpde_io       Duplicate AccessURL/Name = 'CDAWeb' in http://hpde.io/ViRBO/NumericalData/RBSP/A/EMFISIS/MAGNETOMETER/1SEC-GSE/L3/PT1S
2026-02-02T16:45:21.478196Z ERROR hpde_io       Duplicate AccessURL/Name = 'CDAWeb' in http://hpde.io/ViRBO/NumericalData/RBSP/A/EMFISIS/MAGNETOMETER/4SEC-GEI/L3/PT.0015625S
2026-02-02T16:45:21.479237Z ERROR hpde_io       Duplicate AccessURL/Name = 'CDAWeb' in http://hpde.io/ViRBO/NumericalData/RBSP/A/EMFISIS/MAGNETOMETER/1SEC-GEI/L3/PT1S
2026-02-02T16:45:21.480336Z ERROR hpde_io       Duplicate AccessURL/Name = 'CDAWeb' in http://hpde.io/ViRBO/NumericalData/RBSP/A/EMFISIS/MAGNETOMETER/4SEC-SM/L3/PT.0015625S
2026-02-02T16:45:21.480938Z ERROR hpde_io       Duplicate AccessURL/Name = 'CDAWeb' in http://hpde.io/ViRBO/NumericalData/RBSP/A/EMFISIS/MAGNETOMETER/4SEC-GSE/L3/PT.0015625S
2026-02-02T16:45:21.481478Z ERROR hpde_io       Duplicate AccessURL/Name = 'CDAWeb' in http://hpde.io/ViRBO/NumericalData/RBSP/A/EMFISIS/MAGNETOMETER/1SEC-SM/L3/PT1S
2026-02-02T16:45:21.482043Z ERROR hpde_io       Duplicate AccessURL/Name = 'CDAWeb' in http://hpde.io/ViRBO/NumericalData/RBSP/A/EMFISIS/HFR-WAVEFORM/QUICK-LOOK/variable
2026-02-02T16:45:21.482735Z ERROR hpde_io       Duplicate AccessURL/Name = 'CDAWeb' in http://hpde.io/ViRBO/NumericalData/RBSP/A/EMFISIS/WFR-WAVEFORM-CONTINUOUS-BURST/L2/PT6S
2026-02-02T16:45:21.483071Z ERROR hpde_io       ProductKey.strip() = '' in AccessURL with Name 'CDAWeb' in http://hpde.io/ViRBO/NumericalData/RBSP/A/EMFISIS/WFR-SPECTRAL-MATRIX/L2/PT6S
2026-02-02T16:45:21.483106Z ERROR hpde_io       Duplicate AccessURL/Name = 'CDAWeb' in http://hpde.io/ViRBO/NumericalData/RBSP/A/EMFISIS/WFR-SPECTRAL-MATRIX/L2/PT6S
2026-02-02T16:45:21.485201Z ERROR hpde_io       Duplicate AccessURL/Name = 'CDAWeb' in http://hpde.io/ViRBO/NumericalData/RBSP/A/ECT/RELPT24S
2026-02-02T16:45:21.488349Z ERROR hpde_io       Duplicate AccessURL/Name = 'CDAWeb' in http://hpde.io/ViRBO/NumericalData/RBSP/A/ECT/HOPE-SCI-L2/PT24S
2026-02-02T16:45:21.489773Z ERROR hpde_io       Duplicate AccessURL/Name = 'CDAWeb' in http://hpde.io/ViRBO/NumericalData/RBSP/A/ECT/HOPE-SCI-L2SA/PT24S
2026-02-02T16:45:21.491092Z ERROR hpde_io       Duplicate AccessURL/Name = 'CDAWeb' in http://hpde.io/ViRBO/NumericalData/RBSP/A/ECT/MAGEIS-L2/
2026-02-02T16:45:21.492898Z ERROR hpde_io       Duplicate AccessURL/Name = 'CDAWeb' in http://hpde.io/ViRBO/NumericalData/RBSP/A/ECT/PRE/HOPE-SCI-L2/PT24S
2026-02-02T16:45:21.493292Z ERROR hpde_io       ProductKey.strip() = '' in AccessURL with Name 'CDAWeb' in http://hpde.io/ViRBO/NumericalData/RBSP/A/ECT/PRE/REPT-SCI-L2/PT.001S
2026-02-02T16:45:21.493328Z ERROR hpde_io       Duplicate AccessURL/Name = 'CDAWeb' in http://hpde.io/ViRBO/NumericalData/RBSP/A/ECT/PRE/REPT-SCI-L2/PT.001S
2026-02-02T16:45:21.495026Z ERROR hpde_io       Duplicate AccessURL/Name = 'CDAWeb' in http://hpde.io/ViRBO/NumericalData/RBSP/A/ECT/PRE/MAGEISM35-L2/
2026-02-02T16:45:21.496693Z ERROR hpde_io       Duplicate AccessURL/Name = 'CDAWeb' in http://hpde.io/ViRBO/NumericalData/RBSP/A/ECT/PRE/MAGEISLOW-L2/
2026-02-02T16:45:21.497295Z ERROR hpde_io       Duplicate AccessURL/Name = 'CDAWeb' in http://hpde.io/ViRBO/NumericalData/RBSP/A/EFW/L2/VSVY-HIRES/
2026-02-02T16:45:21.498873Z ERROR hpde_io       Duplicate AccessURL/Name = 'CDAWeb' in http://hpde.io/ViRBO/NumericalData/RBSP/A/EFW/L2/SPEC/UTC
2026-02-02T16:45:21.499660Z ERROR hpde_io       Duplicate AccessURL/Name = 'CDAWeb' in http://hpde.io/ViRBO/NumericalData/RBSP/A/EFW/L2/E-HIRES-UVW/UTC
2026-02-02T16:45:21.500329Z ERROR hpde_io       Duplicate AccessURL/Name = 'CDAWeb' in http://hpde.io/ViRBO/NumericalData/RBSPA_EFW-L2/UTC
2026-02-02T16:45:21.502350Z ERROR hpde_io       Duplicate AccessURL/Name = 'CDAWeb' in http://hpde.io/ViRBO/NumericalData/RBSP/B/EMFISIS/HK_EMFISIS__V1/PT1S/PT1S
2026-02-02T16:45:21.503300Z ERROR hpde_io       ProductKey.strip() = '' in AccessURL with Name 'CDAWeb' in http://hpde.io/ViRBO/NumericalData/RBSP/B/RBSPICE/LEV-2/TOFXEION/sub spin resolution
2026-02-02T16:45:21.520833Z ERROR hpde_io       Duplicate AccessURL/Name = 'CDAWeb' in http://hpde.io/ViRBO/NumericalData/RBSP/B/EMFISIS/HFR-SPECTRA-MERGED/QUICK-LOOK/PT6S
2026-02-02T16:45:21.521562Z ERROR hpde_io       Duplicate AccessURL/Name = 'CDAWeb' in http://hpde.io/ViRBO/NumericalData/RBSP/B/EMFISIS/WFR-WAVEFORM/L2/PT6S
2026-02-02T16:45:21.522136Z ERROR hpde_io       Duplicate AccessURL/Name = 'CDAWeb' in http://hpde.io/ViRBO/NumericalData/RBSP/B/EMFISIS/HFR-SPECTRA-BURST/L2/PT6S
2026-02-02T16:45:21.522825Z ERROR hpde_io       Duplicate AccessURL/Name = 'CDAWeb' in http://hpde.io/ViRBO/NumericalData/RBSP/B/EMFISIS/WFR-SPECTRAL-MATRIX-DIAGONAL-MERGED/L2/PT6S
2026-02-02T16:45:21.523401Z ERROR hpde_io       Duplicate AccessURL/Name = 'CDAWeb' in http://hpde.io/ViRBO/NumericalData/RBSP/B/EMFISIS/HFR-SPECTRA/L2/PT6S
2026-02-02T16:45:21.524107Z ERROR hpde_io       Duplicate AccessURL/Name = 'CDAWeb' in http://hpde.io/ViRBO/NumericalData/RBSP/B/EMFISIS/WFR-SPECTRAL-MATRIX-DIAGONAL/L2/PT6S
2026-02-02T16:45:21.524699Z ERROR hpde_io       Duplicate AccessURL/Name = 'CDAWeb' in http://hpde.io/ViRBO/NumericalData/RBSP/B/EMFISIS/MAGNETOMETER/HIRES-SM/L3/PT1S
2026-02-02T16:45:21.525289Z ERROR hpde_io       Duplicate AccessURL/Name = 'CDAWeb' in http://hpde.io/ViRBO/NumericalData/RBSP/B/EMFISIS/MAGNETOMETER/1SEC-GSM/L3/PT1S
2026-02-02T16:45:21.525851Z ERROR hpde_io       Duplicate AccessURL/Name = 'CDAWeb' in http://hpde.io/ViRBO/NumericalData/RBSP/B/EMFISIS/MAGNETOMETER/1SEC-GSE/L3/PT1S
2026-02-02T16:45:21.526449Z ERROR hpde_io       Duplicate AccessURL/Name = 'CDAWeb' in http://hpde.io/ViRBO/NumericalData/RBSP/B/EMFISIS/MAGNETOMETER/4SEC-GEI/L3/PT.0015625S
2026-02-02T16:45:21.527047Z ERROR hpde_io       Duplicate AccessURL/Name = 'CDAWeb' in http://hpde.io/ViRBO/NumericalData/RBSP/B/EMFISIS/MAGNETOMETER/1SEC-GEI/L3/PT1S
2026-02-02T16:45:21.527614Z ERROR hpde_io       Duplicate AccessURL/Name = 'CDAWeb' in http://hpde.io/ViRBO/NumericalData/RBSP/B/EMFISIS/MAGNETOMETER/4SEC-SM/L3/PT.0015625S
2026-02-02T16:45:21.528278Z ERROR hpde_io       Duplicate AccessURL/Name = 'CDAWeb' in http://hpde.io/ViRBO/NumericalData/RBSP/B/EMFISIS/MAGNETOMETER/4SEC-GSE/L3/PT.0015625S
2026-02-02T16:45:21.528922Z ERROR hpde_io       Duplicate AccessURL/Name = 'CDAWeb' in http://hpde.io/ViRBO/NumericalData/RBSP/B/EMFISIS/MAGNETOMETER/1SEC-SM/L3/PT1S
2026-02-02T16:45:21.529481Z ERROR hpde_io       Duplicate AccessURL/Name = 'CDAWeb' in http://hpde.io/ViRBO/NumericalData/RBSP/B/EMFISIS/HFR-WAVEFORM/QUICK-LOOK/variable
2026-02-02T16:45:21.530227Z ERROR hpde_io       Duplicate AccessURL/Name = 'CDAWeb' in http://hpde.io/ViRBO/NumericalData/RBSP/B/EMFISIS/WFR-WAVEFORM-CONTINUOUS-BURST/QUICK-LOOK/PT6S
2026-02-02T16:45:21.531152Z ERROR hpde_io       Duplicate AccessURL/Name = 'CDAWeb' in http://hpde.io/ViRBO/NumericalData/RBSP/B/EMFISIS/WFR-SPECTRAL-MATRIX/QUICK-LOOK/PT6S
2026-02-02T16:45:21.531964Z ERROR hpde_io       Duplicate AccessURL/Name = 'CDAWeb' in http://hpde.io/ViRBO/NumericalData/RBSP/B/ECT/REPT-SW-L2/PT.001S
2026-02-02T16:45:21.532999Z ERROR hpde_io       Duplicate AccessURL/Name = 'CDAWeb' in http://hpde.io/ViRBO/NumericalData/RBSP/B/ECT/REPT-SCI-L3/PT.001S
2026-02-02T16:45:21.534105Z ERROR hpde_io       Duplicate AccessURL/Name = 'CDAWeb' in http://hpde.io/ViRBO/NumericalData/RBSP/B/ECT/REPT-SCI-L2/PT.001S
2026-02-02T16:45:21.534923Z ERROR hpde_io       Duplicate AccessURL/Name = 'CDAWeb' in http://hpde.io/ViRBO/NumericalData/RBSP/B/ECT/PRE/REPT-SW-L2/PT.001S
2026-02-02T16:45:21.536430Z ERROR hpde_io       Duplicate AccessURL/Name = 'CDAWeb' in http://hpde.io/ViRBO/NumericalData/RBSP/B/ECT/PRE/REPT-SCI-L3/PT.001S
2026-02-02T16:45:21.538008Z ERROR hpde_io       Duplicate AccessURL/Name = 'CDAWeb' in http://hpde.io/ViRBO/NumericalData/RBSP/B/ECT/PRE/MAGEIS-L2/
2026-02-02T16:45:21.539668Z ERROR hpde_io       Duplicate AccessURL/Name = 'CDAWeb' in http://hpde.io/ViRBO/NumericalData/RBSP/B/ECT/PRE/MAGEISM75-L2/
2026-02-02T16:45:21.541648Z ERROR hpde_io       Duplicate AccessURL/Name = 'CDAWeb' in http://hpde.io/ViRBO/NumericalData/RBSP/B/ECT/PRE/MAGEISHIGH-L2/
2026-02-02T16:45:21.542792Z ERROR hpde_io       Duplicate AccessURL/Name = 'CDAWeb' in http://hpde.io/ViRBO/NumericalData/RBSP/B/EFW/L2/FBK/UTC
2026-02-02T16:45:21.543453Z ERROR hpde_io       Duplicate AccessURL/Name = 'CDAWeb' in http://hpde.io/ViRBO/NumericalData/RBSP/B/EFW/L2/E-SPINFIT-MGSE/UTC
2026-02-02T16:45:21.544059Z ERROR hpde_io       Duplicate AccessURL/Name = 'CDAWeb' in http://hpde.io/ViRBO/NumericalData/RBSPB_EFW-L2/
2026-02-02T16:45:21.544687Z ERROR hpde_io       Duplicate AccessURL/Name = 'CDAWeb' in http://hpde.io/ViRBO/NumericalData/RBSPA_EFW-L2/UTC
2026-02-02T16:45:21.545298Z ERROR hpde_io       Duplicate AccessURL/Name = 'CDAWeb' in http://hpde.io/ViRBO/NumericalData/RBSP/B/EMFISIS/MAGNETOMETER_1SEC-SM_EMFISIS-L3/PT1S
2026-02-02T16:45:21.545905Z ERROR hpde_io       Duplicate AccessURL/Name = 'CDAWeb' in http://hpde.io/ViRBO/NumericalData/RBSP/B/EMFISIS/MAGNETOMETER_1SEC-GEI_EMFISIS-L3/PT1S
2026-02-02T16:45:21.546530Z ERROR hpde_io       Duplicate AccessURL/Name = 'CDAWeb' in http://hpde.io/ViRBO/NumericalData/RBSP/B/EMFISIS/MAGNETOMETER_1SEC-GSM_EMFISIS-L3/PT1S
2026-02-02T16:45:21.547157Z ERROR hpde_io       Duplicate AccessURL/Name = 'CDAWeb' in http://hpde.io/ViRBO/NumericalData/RBSP/B/EMFISIS/MAGNETOMETER_4SEC-GEO_EMFISIS-L3/PT.015625S
2026-02-02T16:45:21.547746Z ERROR hpde_io       Duplicate AccessURL/Name = 'CDAWeb' in http://hpde.io/ViRBO/NumericalData/RBSP/B/EMFISIS/MAGNETOMETER_4SEC-GSE_EMFISIS-L3/PT.015625S
2026-02-02T16:45:21.548334Z ERROR hpde_io       Duplicate AccessURL/Name = 'CDAWeb' in http://hpde.io/ViRBO/NumericalData/RBSP/B/EMFISIS/MAGNETOMETER_HIRES-SM_EMFISIS-L3/PT1S
2026-02-02T16:45:21.548942Z ERROR hpde_io       Duplicate AccessURL/Name = 'CDAWeb' in http://hpde.io/ViRBO/NumericalData/RBSP/B/EMFISIS/MAGNETOMETER_HIRES-GEI_EMFISIS-L3/PT1S
2026-02-02T16:45:21.549570Z ERROR hpde_io       Duplicate AccessURL/Name = 'CDAWeb' in http://hpde.io/ViRBO/NumericalData/RBSP/B/EMFISIS/MAGNETOMETER_HIRES-GSM_EMFISIS-L3/PT1S
2026-02-02T16:45:21.550167Z ERROR hpde_io       Duplicate AccessURL/Name = 'CDAWeb' in http://hpde.io/ViRBO/NumericalData/RBSP/B/EMFISIS/HFR-SPECTRA_EMFISIS-L2/PT6S
2026-02-02T16:45:21.551137Z ERROR hpde_io       Duplicate AccessURL/Name = 'CDAWeb' in http://hpde.io/ViRBO/NumericalData/RBSP/B/EMFISIS/HFR-SPECTRA-BURST_EMFISIS-QUICK-LOOK/PT6S/PT6S
2026-02-02T16:45:21.552138Z ERROR hpde_io       Duplicate AccessURL/Name = 'CDAWeb' in http://hpde.io/ViRBO/NumericalData/RBSP/B/EMFISIS/HFR-SPECTRA-MERGED_EMFISIS-L2/PT6S
2026-02-02T16:45:21.552818Z ERROR hpde_io       Duplicate AccessURL/Name = 'CDAWeb' in http://hpde.io/ViRBO/NumericalData/RBSP/B/EMFISIS/HFR-WAVEFORM_EMFISIS-L2/variable
2026-02-02T16:45:21.553720Z ERROR hpde_io       Duplicate AccessURL/Name = 'CDAWeb' in http://hpde.io/ViRBO/NumericalData/RBSP/B/EMFISIS/WFR-SPECTRAL-MATRIX_EMFISIS-L2/PT6S
2026-02-02T16:45:21.554406Z ERROR hpde_io       Duplicate AccessURL/Name = 'CDAWeb' in http://hpde.io/ViRBO/NumericalData/RBSP/B/EMFISIS/WFR-SPECTRAL-MATRIX-DIAGONAL-MERGED_EMFISIS-L2/PT6S
2026-02-02T16:45:21.555224Z ERROR hpde_io       Duplicate AccessURL/Name = 'CDAWeb' in http://hpde.io/ViRBO/NumericalData/RBSP/B/EMFISIS/WFR-WAVEFORM_EMFISIS-L2/PT6S
2026-02-02T16:45:21.555975Z ERROR hpde_io       Duplicate AccessURL/Name = 'CDAWeb' in http://hpde.io/ViRBO/NumericalData/RBSP/B/EMFISIS/WFR-WAVEFORM-CONTINUOUS-BURST_EMFISIS-L2/PT6S
2026-02-02T16:45:21.559310Z ERROR hpde_io       Duplicate AccessURL/Name = 'CDAWeb' in http://hpde.io/ViRBO/NumericalData/BAR/1A/L2/EPHM/2/PT4S
2026-02-02T16:45:21.559874Z ERROR hpde_io       Duplicate AccessURL/Name = 'CDAWeb' in http://hpde.io/ViRBO/NumericalData/BAR/1A/L2/MAGN/2/PT.25S
2026-02-02T16:45:21.560509Z ERROR hpde_io       Duplicate AccessURL/Name = 'CDAWeb' in http://hpde.io/ViRBO/NumericalData/BAR/1A/L2/FSPC//PT.05S
2026-02-02T16:45:23.483595Z ERROR hpde_io       Duplicate AccessURL/Name = 'CDAWeb' in http://hpde.io/VMO/NumericalData/THEMIS/E/SCM/PT0.125S
2026-02-02T16:45:23.649761Z ERROR hpde_io       Duplicate AccessURL/Name = 'CDAWeb' in http://hpde.io/VEPO/NumericalData/Ulysses/COSPIN/AT/Fluxes/PT10M
2026-02-02T16:45:24.574672Z ERROR hpde_io   AC_H0_MFI (spase://NASA/NumericalData/ACE/MAG/L2/PT16S):
2026-02-02T16:45:24.574727Z ERROR hpde_io       First value = ['Heliosphere', 'Heliosphere.Inner', 'Heliosphere.NearEarth']
2026-02-02T16:45:24.574752Z ERROR hpde_io       This value  = ['Heliosphere.NearEarth']
2026-02-02T16:45:24.574779Z ERROR hpde_io        Combining values.
2026-02-02T16:45:24.574813Z ERROR hpde_io   AC_H0_SWE (spase://NASA/NumericalData/ACE/SWEPAM/L2/PT64S):
2026-02-02T16:45:24.574858Z ERROR hpde_io       First value = ['Heliosphere', 'Heliosphere.Inner', 'Heliosphere.NearEarth']
2026-02-02T16:45:24.574885Z ERROR hpde_io       This value  = ['Heliosphere.NearEarth']
2026-02-02T16:45:24.574912Z ERROR hpde_io        Combining values.
2026-02-02T16:45:24.574945Z ERROR hpde_io   AC_H1_EPM (spase://NASA/NumericalData/ACE/EPAM/L2/PT5M):
2026-02-02T16:45:24.574993Z ERROR hpde_io       First value = ['Heliosphere', 'Heliosphere.Inner', 'Heliosphere.NearEarth']
2026-02-02T16:45:24.575022Z ERROR hpde_io       This value  = ['Heliosphere.NearEarth']
2026-02-02T16:45:24.575046Z ERROR hpde_io        Combining values.
2026-02-02T16:45:24.575082Z ERROR hpde_io   AC_H1_SIS (spase://VHO/NumericalData/ACE/SIS/L2_PT256S):
2026-02-02T16:45:24.575124Z ERROR hpde_io       First value = ['Heliosphere', 'Heliosphere.Inner', 'Heliosphere.NearEarth']
2026-02-02T16:45:24.575164Z ERROR hpde_io       This value  = ['Heliosphere.NearEarth']
2026-02-02T16:45:24.575191Z ERROR hpde_io        Combining values.
2026-02-02T16:45:24.575222Z ERROR hpde_io   AC_H2_CRIS (spase://NASA/NumericalData/ACE/CRIS/L2/PT1H):
2026-02-02T16:45:24.575269Z ERROR hpde_io       First value = ['Heliosphere', 'Heliosphere.Inner', 'Heliosphere.NearEarth']
2026-02-02T16:45:24.575295Z ERROR hpde_io       This value  = ['Heliosphere.NearEarth']
2026-02-02T16:45:24.575321Z ERROR hpde_io        Combining values.
2026-02-02T16:45:24.575353Z ERROR hpde_io   AC_H2_EPM (spase://VSPO/NumericalData/ACE/EPAM/L2/PT1H):
2026-02-02T16:45:24.575395Z ERROR hpde_io       First value = ['Heliosphere', 'Heliosphere.Inner', 'Heliosphere.NearEarth']
2026-02-02T16:45:24.575421Z ERROR hpde_io       This value  = ['Heliosphere.NearEarth']
2026-02-02T16:45:24.575446Z ERROR hpde_io        Combining values.
2026-02-02T16:45:24.575481Z ERROR hpde_io   AC_H2_SIS (spase://VSPO/NumericalData/ACE/SIS/L2/PT1H):
2026-02-02T16:45:24.575521Z ERROR hpde_io       First value = ['Heliosphere', 'Heliosphere.Inner', 'Heliosphere.NearEarth']
2026-02-02T16:45:24.575546Z ERROR hpde_io       This value  = ['Heliosphere.NearEarth']
2026-02-02T16:45:24.575571Z ERROR hpde_io        Combining values.
2026-02-02T16:45:24.575609Z ERROR hpde_io   AC_H2_ULE (spase://NASA/NumericalData/ACE/ULEIS/Ion/Fluxes/L2/PT1H):
2026-02-02T16:45:24.575654Z ERROR hpde_io       First value = ['Heliosphere', 'Heliosphere.Inner', 'Heliosphere.NearEarth']
2026-02-02T16:45:24.575679Z ERROR hpde_io       This value  = ['Heliosphere.NearEarth']
2026-02-02T16:45:24.575706Z ERROR hpde_io        Combining values.
2026-02-02T16:45:24.575735Z ERROR hpde_io   AC_H3_CRIS (spase://VSPO/NumericalData/ACE/CRIS/L2/P1D):
2026-02-02T16:45:24.575777Z ERROR hpde_io       First value = ['Heliosphere', 'Heliosphere.Inner', 'Heliosphere.NearEarth']
2026-02-02T16:45:24.575804Z ERROR hpde_io       This value  = ['Heliosphere.NearEarth']
2026-02-02T16:45:24.575830Z ERROR hpde_io        Combining values.
2026-02-02T16:45:24.575859Z ERROR hpde_io   AC_H3_EPM (spase://NASA/NumericalData/ACE/EPAM/L2_PT12S):
2026-02-02T16:45:24.575905Z ERROR hpde_io       First value = ['Heliosphere', 'Heliosphere.Inner', 'Heliosphere.NearEarth']
2026-02-02T16:45:24.575931Z ERROR hpde_io       This value  = ['Heliosphere.NearEarth']
2026-02-02T16:45:24.575957Z ERROR hpde_io        Combining values.
2026-02-02T16:45:24.575990Z ERROR hpde_io   AC_H3_SW2 (spase://VSPO/NumericalData/ACE/SWICS/L2/PT2H):
2026-02-02T16:45:24.576034Z ERROR hpde_io       First value = ['Heliosphere', 'Heliosphere.Inner', 'Heliosphere.NearEarth']
2026-02-02T16:45:24.576057Z ERROR hpde_io       This value  = ['Heliosphere.NearEarth']
2026-02-02T16:45:24.576082Z ERROR hpde_io        Combining values.
2026-02-02T16:45:24.576120Z ERROR hpde_io   AC_H6_SWI (spase://NASA/NumericalData/ACE/SWICS/L2/PT12M):
2026-02-02T16:45:24.576164Z ERROR hpde_io       First value = ['Heliosphere', 'Heliosphere.Inner', 'Heliosphere.NearEarth']
2026-02-02T16:45:24.576190Z ERROR hpde_io       This value  = ['Heliosphere.NearEarth']
2026-02-02T16:45:24.576215Z ERROR hpde_io        Combining values.
2026-02-02T16:45:24.576251Z ERROR hpde_io   AC_K0_SIS (spase://VSPO/NumericalData/ACE/SIS/L2/KP/PT1H):
2026-02-02T16:45:24.576295Z ERROR hpde_io       First value = ['Heliosphere', 'Heliosphere.Inner', 'Heliosphere.NearEarth']
2026-02-02T16:45:24.576321Z ERROR hpde_io       This value  = ['Heliosphere.NearEarth']
2026-02-02T16:45:24.576345Z ERROR hpde_io        Combining values.
2026-02-02T16:45:24.576532Z ERROR hpde_io   ALOUETTE2_NEPROF_TOPS (spase://VSPO/NumericalData/Alouette2/SFS/PT32S):
2026-02-02T16:45:24.576572Z ERROR hpde_io       First value = ['Earth.Magnetosphere', 'Earth.Magnetosphere.Polar', 'Earth.NearSurface', 'Earth.NearSurface.AuroralRegion', 'Earth.NearSurface.EquatorialRegion', 'Earth.NearSurface.Ionosphere', 'Earth.NearSurface.PolarCap']
2026-02-02T16:45:24.576595Z ERROR hpde_io       This value  = ['Earth.NearSurface.Ionosphere']
2026-02-02T16:45:24.576620Z ERROR hpde_io        Combining values.
2026-02-02T16:45:24.577897Z ERROR hpde_io   C1_WAVEFORM_WBD_BM2 (spase://NASA/NumericalData/Cluster-Rumba/WBD/BM2/PT0.0000046S):
2026-02-02T16:45:24.577937Z ERROR hpde_io       First value = ['Earth.Magnetosheath', 'Earth.Magnetosphere', 'Earth.Magnetosphere.Magnetotail', 'Earth.Magnetosphere.Main', 'Earth.Magnetosphere.Polar', 'Earth.Magnetosphere.RadiationBelt', 'Earth.NearSurface.AuroralRegion', 'Earth.NearSurface.Ionosphere', 'Earth.NearSurface.Plasmasphere', 'Earth.NearSurface.PolarCap', 'Heliosphere.NearEarth']
2026-02-02T16:45:24.577962Z ERROR hpde_io       This value  = ['Earth.Magnetosheath', 'Earth.Magnetosphere', 'Earth.Magnetosphere.Magnetotail', 'Earth.Magnetosphere.Main', 'Earth.Magnetosphere.Polar', 'Earth.Magnetosphere.RadiationBelt', 'Earth.NearSurface.AuroralRegion', 'Earth.NearSurface.Ionosphere', 'Earth.NearSurface.Plasmasphere', 'Earth.NearSurface.PolarCap', 'Heliosphere.Inner', 'Heliosphere.NearEarth']
2026-02-02T16:45:24.577984Z ERROR hpde_io        Combining values.
2026-02-02T16:45:24.578093Z ERROR hpde_io   C2_WAVEFORM_WBD (spase://NASA/NumericalData/Cluster-Salsa/WBD/PT0.0000046S):
2026-02-02T16:45:24.578131Z ERROR hpde_io       First value = ['Earth.Magnetosheath', 'Earth.Magnetosphere', 'Earth.Magnetosphere.Magnetotail', 'Earth.Magnetosphere.Main', 'Earth.Magnetosphere.Polar', 'Earth.Magnetosphere.RadiationBelt', 'Earth.NearSurface.AuroralRegion', 'Earth.NearSurface.Ionosphere', 'Earth.NearSurface.Plasmasphere', 'Earth.NearSurface.PolarCap', 'Heliosphere.NearEarth']
2026-02-02T16:45:24.578155Z ERROR hpde_io       This value  = ['Earth.Magnetosheath', 'Earth.Magnetosphere', 'Earth.NearSurface.AuroralRegion', 'Earth.NearSurface.Ionosphere', 'Earth.NearSurface.Plasmasphere', 'Earth.NearSurface.PolarCap', 'Heliosphere.Inner']
2026-02-02T16:45:24.578177Z ERROR hpde_io        Combining values.
2026-02-02T16:45:24.578203Z ERROR hpde_io   C2_WAVEFORM_WBD_BM2 (spase://VWO/NumericalData/Cluster-Salsa/WBD_BM2/PT0.0000046S):
2026-02-02T16:45:24.578241Z ERROR hpde_io       First value = ['Earth.Magnetosheath', 'Earth.Magnetosphere', 'Earth.Magnetosphere.Magnetotail', 'Earth.Magnetosphere.Main', 'Earth.Magnetosphere.Polar', 'Earth.Magnetosphere.RadiationBelt', 'Earth.NearSurface.AuroralRegion', 'Earth.NearSurface.Ionosphere', 'Earth.NearSurface.Plasmasphere', 'Earth.NearSurface.PolarCap', 'Heliosphere.Inner', 'Heliosphere.NearEarth']
2026-02-02T16:45:24.578264Z ERROR hpde_io       This value  = ['Earth.Magnetosheath', 'Earth.Magnetosphere', 'Earth.NearSurface.AuroralRegion', 'Earth.NearSurface.Ionosphere', 'Earth.NearSurface.Plasmasphere', 'Earth.NearSurface.PolarCap', 'Heliosphere.Inner']
2026-02-02T16:45:24.578285Z ERROR hpde_io        Combining values.
2026-02-02T16:45:24.578409Z ERROR hpde_io   C3_WAVEFORM_WBD (spase://NASA/NumericalData/Cluster-Samba/WBD/PT0.0000046S):
2026-02-02T16:45:24.578448Z ERROR hpde_io       First value = ['Earth.Magnetosheath', 'Earth.Magnetosphere', 'Earth.Magnetosphere.Magnetotail', 'Earth.Magnetosphere.Main', 'Earth.Magnetosphere.Polar', 'Earth.Magnetosphere.RadiationBelt', 'Earth.NearSurface.AuroralRegion', 'Earth.NearSurface.Ionosphere', 'Earth.NearSurface.Plasmasphere', 'Earth.NearSurface.PolarCap', 'Heliosphere.NearEarth']
2026-02-02T16:45:24.578472Z ERROR hpde_io       This value  = ['Earth.Magnetosheath', 'Earth.Magnetosphere', 'Earth.NearSurface.AuroralRegion', 'Earth.NearSurface.Ionosphere', 'Earth.NearSurface.Plasmasphere', 'Earth.NearSurface.PolarCap', 'Heliosphere.Inner']
2026-02-02T16:45:24.578494Z ERROR hpde_io        Combining values.
2026-02-02T16:45:24.578615Z ERROR hpde_io   C4_WAVEFORM_WBD (spase://NASA/NumericalData/Cluster-Tango/WBD/PT0.0000046S):
2026-02-02T16:45:24.578653Z ERROR hpde_io       First value = ['Earth.Magnetosheath', 'Earth.Magnetosphere', 'Earth.Magnetosphere.Magnetotail', 'Earth.Magnetosphere.Main', 'Earth.Magnetosphere.Polar', 'Earth.Magnetosphere.RadiationBelt', 'Earth.NearSurface.AuroralRegion', 'Earth.NearSurface.Ionosphere', 'Earth.NearSurface.Plasmasphere', 'Earth.NearSurface.PolarCap', 'Heliosphere.NearEarth']
2026-02-02T16:45:24.578680Z ERROR hpde_io       This value  = ['Earth.Magnetosheath', 'Earth.Magnetosphere', 'Earth.NearSurface.AuroralRegion', 'Earth.NearSurface.Ionosphere', 'Earth.NearSurface.Plasmasphere', 'Earth.NearSurface.PolarCap', 'Heliosphere.Inner']
2026-02-02T16:45:24.578702Z ERROR hpde_io        Combining values.
2026-02-02T16:45:24.578728Z ERROR hpde_io   C4_WAVEFORM_WBD_BM2 (spase://VWO/NumericalData/Cluster-Tango/WBD_BM2/PT0.0000046S):
2026-02-02T16:45:24.578767Z ERROR hpde_io       First value = ['Earth.Magnetosheath', 'Earth.Magnetosphere', 'Earth.Magnetosphere.Magnetotail', 'Earth.Magnetosphere.Main', 'Earth.Magnetosphere.Polar', 'Earth.Magnetosphere.RadiationBelt', 'Earth.NearSurface.AuroralRegion', 'Earth.NearSurface.Ionosphere', 'Earth.NearSurface.Plasmasphere', 'Earth.NearSurface.PolarCap', 'Heliosphere.Inner', 'Heliosphere.NearEarth']
2026-02-02T16:45:24.578791Z ERROR hpde_io       This value  = ['Earth.Magnetosheath', 'Earth.Magnetosphere', 'Earth.NearSurface.AuroralRegion', 'Earth.NearSurface.Ionosphere', 'Earth.NearSurface.Plasmasphere', 'Earth.NearSurface.PolarCap', 'Heliosphere.Inner']
2026-02-02T16:45:24.578812Z ERROR hpde_io        Combining values.
2026-02-02T16:45:24.578918Z ERROR hpde_io   CL_SP_AUX (spase://ESA/NumericalData/Cluster/Ephemeris/SummaryParameter/PT60S):
2026-02-02T16:45:24.578956Z ERROR hpde_io       First value = ['Earth.Magnetosheath', 'Earth.Magnetosphere', 'Earth.Magnetosphere.Magnetotail', 'Earth.Magnetosphere.Main', 'Earth.Magnetosphere.RadiationBelt', 'Heliosphere.NearEarth']
2026-02-02T16:45:24.578980Z ERROR hpde_io       This value  = ['Earth.Magnetosheath', 'Earth.Magnetosphere', 'Earth.Magnetosphere.Magnetotail', 'Earth.Magnetosphere.Main', 'Earth.Magnetosphere.Polar', 'Earth.Magnetosphere.RadiationBelt', 'Earth.NearSurface.AuroralRegion', 'Earth.NearSurface.Ionosphere', 'Earth.NearSurface.Plasmasphere', 'Earth.NearSurface.PolarCap', 'Heliosphere.NearEarth']
2026-02-02T16:45:24.579003Z ERROR hpde_io        Combining values.
2026-02-02T16:45:24.579061Z ERROR hpde_io   CNOFS_PLP_PLASMA_1SEC (spase://VSPO/NumericalData/CNOFS/PLP/PT1S):
2026-02-02T16:45:24.579097Z ERROR hpde_io       First value = ['Earth.NearSurface']
2026-02-02T16:45:24.579119Z ERROR hpde_io       This value  = ['Earth.NearSurface.Ionosphere']
2026-02-02T16:45:24.579140Z ERROR hpde_io        Combining values.
2026-02-02T16:45:24.579165Z ERROR hpde_io   CNOFS_VEFI_BFIELD_1SEC (spase://VSPO/NumericalData/CNOFS/VEFI/BField/PT1S):
2026-02-02T16:45:24.579212Z ERROR hpde_io       First value = ['Earth.NearSurface', 'Earth.NearSurface.Ionosphere']
2026-02-02T16:45:24.579233Z ERROR hpde_io       This value  = ['Earth.NearSurface.Ionosphere']
2026-02-02T16:45:24.579255Z ERROR hpde_io        Combining values.
2026-02-02T16:45:24.579279Z ERROR hpde_io   CNOFS_VEFI_EFIELD_1SEC (spase://NASA/NumericalData/CNOFS/VEFI/EField/PT1S):
2026-02-02T16:45:24.579316Z ERROR hpde_io       First value = ['Earth.NearSurface', 'Earth.NearSurface.Ionosphere']
2026-02-02T16:45:24.579337Z ERROR hpde_io       This value  = ['Earth.NearSurface.Ionosphere']
2026-02-02T16:45:24.579357Z ERROR hpde_io        Combining values.
2026-02-02T16:45:24.579381Z ERROR hpde_io   CNOFS_VEFI_LD_500MS (spase://VSPO/NumericalData/CNOFS/VEFI/Lightning/PT0.5S):
2026-02-02T16:45:24.579418Z ERROR hpde_io       First value = ['Earth.NearSurface', 'Earth.NearSurface.Ionosphere']
2026-02-02T16:45:24.579439Z ERROR hpde_io       This value  = ['Earth.NearSurface.Ionosphere']
2026-02-02T16:45:24.579459Z ERROR hpde_io        Combining values.
2026-02-02T16:45:24.579518Z ERROR hpde_io   CN_K0_MARI (spase://GBO/NumericalData/CANOPUS/MARI/PT60S):
2026-02-02T16:45:24.579554Z ERROR hpde_io       First value = ['Earth.NearSurface.AuroralRegion', 'Earth.NearSurface.Ionosphere']
2026-02-02T16:45:24.579575Z ERROR hpde_io       This value  = ['Earth.Surface']
2026-02-02T16:45:24.579596Z ERROR hpde_io        Combining values.
2026-02-02T16:45:24.579621Z ERROR hpde_io   CN_K0_MPA (spase://GBO/NumericalData/CANOPUS/MPA/KeyParameter/K0/PT1M):
2026-02-02T16:45:24.579662Z ERROR hpde_io       First value = ['Earth.NearSurface.AuroralRegion', 'Earth.NearSurface.Ionosphere', 'Earth.Surface']
2026-02-02T16:45:24.579684Z ERROR hpde_io       This value  = ['Earth.NearSurface.AuroralRegion', 'Earth.NearSurface.Ionosphere']
2026-02-02T16:45:24.579705Z ERROR hpde_io        Combining values.
2026-02-02T16:45:24.579730Z ERROR hpde_io   CN_K1_MARI (spase://GBO/NumericalData/CANOPUS/MARI/KeyParameter/K1/PT1M):
2026-02-02T16:45:24.579767Z ERROR hpde_io       First value = ['Earth.NearSurface.AuroralRegion', 'Earth.NearSurface.Ionosphere', 'Earth.Surface']
2026-02-02T16:45:24.579793Z ERROR hpde_io       This value  = ['Earth.NearSurface.AuroralRegion', 'Earth.NearSurface.Ionosphere']
2026-02-02T16:45:24.579814Z ERROR hpde_io        Combining values.
2026-02-02T16:45:24.580045Z ERROR hpde_io   DE1_6SEC_MAGAGMS (spase://NASA/NumericalData/DE1/MAGA/PT6S):
2026-02-02T16:45:24.580082Z ERROR hpde_io       First value = ['Earth.Magnetosphere', 'Earth.Magnetosphere.Polar', 'Earth.NearSurface', 'Earth.NearSurface.AuroralRegion', 'Earth.NearSurface.EquatorialRegion', 'Earth.NearSurface.Ionosphere', 'Earth.NearSurface.PolarCap']
2026-02-02T16:45:24.580105Z ERROR hpde_io       This value  = ['Earth.Magnetosphere.Plasmasphere', 'Earth.Magnetosphere.Polar', 'Earth.NearSurface.Ionosphere']
2026-02-02T16:45:24.580126Z ERROR hpde_io        Combining values.
2026-02-02T16:45:24.580153Z ERROR hpde_io   DE1_PWI_LFC-SPECTRA (spase://NASA/NumericalData/DE1/PWI/LFC/PT0.25S):
2026-02-02T16:45:24.580191Z ERROR hpde_io       First value = ['Earth.Magnetosphere', 'Earth.Magnetosphere.Plasmasphere', 'Earth.Magnetosphere.Polar', 'Earth.NearSurface', 'Earth.NearSurface.AuroralRegion', 'Earth.NearSurface.EquatorialRegion', 'Earth.NearSurface.Ionosphere', 'Earth.NearSurface.PolarCap']
2026-02-02T16:45:24.580216Z ERROR hpde_io       This value  = ['Earth.Magnetosphere.Plasmasphere', 'Earth.Magnetosphere.Polar', 'Earth.NearSurface.Ionosphere']
2026-02-02T16:45:24.580238Z ERROR hpde_io        Combining values.
2026-02-02T16:45:24.580263Z ERROR hpde_io   DE1_PWI_OR-AT (spase://NASA/NumericalData/DE1/Ephemeris/PT8S):
2026-02-02T16:45:24.580302Z ERROR hpde_io       First value = ['Earth.Magnetosphere', 'Earth.Magnetosphere.Plasmasphere', 'Earth.Magnetosphere.Polar', 'Earth.NearSurface', 'Earth.NearSurface.AuroralRegion', 'Earth.NearSurface.EquatorialRegion', 'Earth.NearSurface.Ionosphere', 'Earth.NearSurface.PolarCap']
2026-02-02T16:45:24.580324Z ERROR hpde_io       This value  = ['Earth.Magnetosphere.Plasmasphere', 'Earth.Magnetosphere.Polar', 'Earth.NearSurface.Ionosphere']
2026-02-02T16:45:24.580346Z ERROR hpde_io        Combining values.
2026-02-02T16:45:24.580371Z ERROR hpde_io   DE1_PWI_SFC-SPECTRA (spase://NASA/NumericalData/DE1/PWI/SFC/PT0.25S):
2026-02-02T16:45:24.580408Z ERROR hpde_io       First value = ['Earth.Magnetosphere', 'Earth.Magnetosphere.Plasmasphere', 'Earth.Magnetosphere.Polar', 'Earth.NearSurface', 'Earth.NearSurface.AuroralRegion', 'Earth.NearSurface.EquatorialRegion', 'Earth.NearSurface.Ionosphere', 'Earth.NearSurface.PolarCap']
2026-02-02T16:45:24.580431Z ERROR hpde_io       This value  = ['Earth.Magnetosphere.Plasmasphere', 'Earth.Magnetosphere.Polar', 'Earth.NearSurface.Ionosphere']
2026-02-02T16:45:24.580452Z ERROR hpde_io        Combining values.
2026-02-02T16:45:24.580517Z ERROR hpde_io   DE2_DUCT16MS_RPA (spase://NASA/NumericalData/DE2/RPA/PT0.016S):
2026-02-02T16:45:24.580555Z ERROR hpde_io       First value = ['Earth.Magnetosphere', 'Earth.Magnetosphere.Polar', 'Earth.NearSurface', 'Earth.NearSurface.AuroralRegion', 'Earth.NearSurface.EquatorialRegion', 'Earth.NearSurface.Ionosphere', 'Earth.NearSurface.PolarCap']
2026-02-02T16:45:24.580576Z ERROR hpde_io       This value  = ['Earth.NearSurface.Ionosphere']
2026-02-02T16:45:24.580598Z ERROR hpde_io        Combining values.
2026-02-02T16:45:24.580623Z ERROR hpde_io   DE2_ION2S_RPA (spase://VSPO/NumericalData/DE2/RPA/PT2S):
2026-02-02T16:45:24.580661Z ERROR hpde_io       First value = ['Earth.Magnetosphere', 'Earth.Magnetosphere.Polar', 'Earth.NearSurface', 'Earth.NearSurface.AuroralRegion', 'Earth.NearSurface.EquatorialRegion', 'Earth.NearSurface.Ionosphere', 'Earth.NearSurface.PolarCap']
2026-02-02T16:45:24.580687Z ERROR hpde_io       This value  = ['Earth.NearSurface.Ionosphere']
2026-02-02T16:45:24.580709Z ERROR hpde_io        Combining values.
2026-02-02T16:45:24.580742Z ERROR hpde_io   DE2_NEUTRAL1S_NACS (spase://VSPO/NumericalData/DE2/NACS/PT1S):
2026-02-02T16:45:24.580789Z ERROR hpde_io       First value = ['Earth.Magnetosphere', 'Earth.Magnetosphere.Polar', 'Earth.NearSurface', 'Earth.NearSurface.AuroralRegion', 'Earth.NearSurface.EquatorialRegion', 'Earth.NearSurface.Ionosphere', 'Earth.NearSurface.PolarCap']
2026-02-02T16:45:24.580811Z ERROR hpde_io       This value  = ['Earth.NearSurface.Atmosphere']
2026-02-02T16:45:24.580832Z ERROR hpde_io        Combining values.
2026-02-02T16:45:24.580857Z ERROR hpde_io   DE2_NEUTRAL8S_FPI (spase://NASA/NumericalData/DE2/FPI/Neutral/PT8S):
2026-02-02T16:45:24.580895Z ERROR hpde_io       First value = ['Earth.Magnetosphere', 'Earth.Magnetosphere.Polar', 'Earth.NearSurface', 'Earth.NearSurface.Atmosphere', 'Earth.NearSurface.AuroralRegion', 'Earth.NearSurface.EquatorialRegion', 'Earth.NearSurface.Ionosphere', 'Earth.NearSurface.PolarCap']
2026-02-02T16:45:24.580917Z ERROR hpde_io       This value  = ['Earth.NearSurface.Ionosphere', 'Earth.NearSurface.Thermosphere']
2026-02-02T16:45:24.580938Z ERROR hpde_io        Combining values.
2026-02-02T16:45:24.580963Z ERROR hpde_io   DE2_PLASMA500MS_LANG (spase://VSPO/NumericalData/DE2/LANG/PT0.5S):
2026-02-02T16:45:24.581000Z ERROR hpde_io       First value = ['Earth.Magnetosphere', 'Earth.Magnetosphere.Polar', 'Earth.NearSurface', 'Earth.NearSurface.Atmosphere', 'Earth.NearSurface.AuroralRegion', 'Earth.NearSurface.EquatorialRegion', 'Earth.NearSurface.Ionosphere', 'Earth.NearSurface.PolarCap', 'Earth.NearSurface.Thermosphere']
2026-02-02T16:45:24.581023Z ERROR hpde_io       This value  = ['Earth.NearSurface.Ionosphere']
2026-02-02T16:45:24.581043Z ERROR hpde_io        Combining values.
2026-02-02T16:45:24.581068Z ERROR hpde_io   DE2_UA16S_ALL (spase://VSPO/NumericalData/DE2/PT16S):
2026-02-02T16:45:24.581113Z ERROR hpde_io       First value = ['Earth.Magnetosphere', 'Earth.Magnetosphere.Polar', 'Earth.NearSurface', 'Earth.NearSurface.Atmosphere', 'Earth.NearSurface.AuroralRegion', 'Earth.NearSurface.EquatorialRegion', 'Earth.NearSurface.Ionosphere', 'Earth.NearSurface.PolarCap', 'Earth.NearSurface.Thermosphere']
2026-02-02T16:45:24.581140Z ERROR hpde_io       This value  = ['Earth.NearSurface.Atmosphere', 'Earth.NearSurface.Ionosphere']
2026-02-02T16:45:24.581162Z ERROR hpde_io        Combining values.
2026-02-02T16:45:24.581186Z ERROR hpde_io   DE2_VION250MS_IDM (spase://NASA/NumericalData/DE2/IDM/PT0.25S):
2026-02-02T16:45:24.581223Z ERROR hpde_io       First value = ['Earth.Magnetosphere', 'Earth.Magnetosphere.Polar', 'Earth.NearSurface', 'Earth.NearSurface.Atmosphere', 'Earth.NearSurface.AuroralRegion', 'Earth.NearSurface.EquatorialRegion', 'Earth.NearSurface.Ionosphere', 'Earth.NearSurface.PolarCap', 'Earth.NearSurface.Thermosphere']
2026-02-02T16:45:24.581245Z ERROR hpde_io       This value  = ['Earth.NearSurface.Ionosphere']
2026-02-02T16:45:24.581266Z ERROR hpde_io        Combining values.
2026-02-02T16:45:24.581291Z ERROR hpde_io   DE2_WIND2S_WATS (spase://VSPO/NumericalData/DE2/WATS/PT2S):
2026-02-02T16:45:24.581328Z ERROR hpde_io       First value = ['Earth.Magnetosphere', 'Earth.Magnetosphere.Polar', 'Earth.NearSurface', 'Earth.NearSurface.Atmosphere', 'Earth.NearSurface.AuroralRegion', 'Earth.NearSurface.EquatorialRegion', 'Earth.NearSurface.Ionosphere', 'Earth.NearSurface.PolarCap', 'Earth.NearSurface.Thermosphere']
2026-02-02T16:45:24.581349Z ERROR hpde_io       This value  = ['Earth.NearSurface.Atmosphere']
2026-02-02T16:45:24.581371Z ERROR hpde_io        Combining values.
2026-02-02T16:45:24.581428Z ERROR hpde_io   DE_VS_EICS (spase://NASA/NumericalData/DE1/EICS/PT96S):
2026-02-02T16:45:24.581464Z ERROR hpde_io       First value = ['Earth.NearSurface.Atmosphere']
2026-02-02T16:45:24.581489Z ERROR hpde_io       This value  = ['Earth.Magnetosphere.Plasmasphere', 'Earth.Magnetosphere.Polar', 'Earth.NearSurface.Ionosphere']
2026-02-02T16:45:24.581511Z ERROR hpde_io        Combining values.
2026-02-02T16:45:24.581920Z ERROR hpde_io   EQ_PP_EDI (spase://ESA/NumericalData/Equator-S/EDI/PP/PT60s):
2026-02-02T16:45:24.581956Z ERROR hpde_io       First value = ['Earth.Magnetosphere', 'Earth.Magnetosphere.Main', 'Earth.Magnetosphere.RadiationBelt', 'Earth.NearSurface.EquatorialRegion']
2026-02-02T16:45:24.581978Z ERROR hpde_io       This value  = ['Earth.Magnetosphere']
2026-02-02T16:45:24.581999Z ERROR hpde_io        Combining values.
2026-02-02T16:45:24.582024Z ERROR hpde_io   EQ_PP_EPI (spase://ESA/NumericalData/Equator-S/EPI/PP/PT60S):
2026-02-02T16:45:24.582060Z ERROR hpde_io       First value = ['Earth.Magnetosphere', 'Earth.Magnetosphere.Main', 'Earth.Magnetosphere.RadiationBelt', 'Earth.NearSurface.EquatorialRegion']
2026-02-02T16:45:24.582082Z ERROR hpde_io       This value  = ['Earth.Magnetosphere']
2026-02-02T16:45:24.582103Z ERROR hpde_io        Combining values.
2026-02-02T16:45:24.582127Z ERROR hpde_io   EQ_PP_ICI (spase://ESA/NumericalData/Equator-S/ICI/PP/PT60S):
2026-02-02T16:45:24.582164Z ERROR hpde_io       First value = ['Earth.Magnetosphere', 'Earth.Magnetosphere.Main', 'Earth.Magnetosphere.RadiationBelt', 'Earth.NearSurface.EquatorialRegion']
2026-02-02T16:45:24.582186Z ERROR hpde_io       This value  = ['Earth.Magnetosphere']
2026-02-02T16:45:24.582207Z ERROR hpde_io        Combining values.
2026-02-02T16:45:24.582230Z ERROR hpde_io   EQ_PP_MAM (spase://ESA/NumericalData/Equator-S/MAM/PP/PT60S):
2026-02-02T16:45:24.582267Z ERROR hpde_io       First value = ['Earth.Magnetosphere', 'Earth.Magnetosphere.Main', 'Earth.Magnetosphere.RadiationBelt', 'Earth.NearSurface.EquatorialRegion']
2026-02-02T16:45:24.582288Z ERROR hpde_io       This value  = ['Earth.Magnetosphere']
2026-02-02T16:45:24.582309Z ERROR hpde_io        Combining values.
2026-02-02T16:45:24.582333Z ERROR hpde_io   EQ_PP_PCD (spase://ESA/NumericalData/Equator-S/PCD/PP/PT60S):
2026-02-02T16:45:24.582369Z ERROR hpde_io       First value = ['Earth.Magnetosphere', 'Earth.Magnetosphere.Main', 'Earth.Magnetosphere.RadiationBelt', 'Earth.NearSurface.EquatorialRegion']
2026-02-02T16:45:24.582391Z ERROR hpde_io       This value  = ['Earth.NearSurface.Ionosphere', 'Earth.NearSurface.Thermosphere']
2026-02-02T16:45:24.582412Z ERROR hpde_io        Combining values.
2026-02-02T16:45:24.582436Z ERROR hpde_io   EQ_SP_SFD (spase://ESA/NumericalData/Equator-S/SFD/PP/PT60S):
2026-02-02T16:45:24.582478Z ERROR hpde_io       First value = ['Earth.Magnetosphere', 'Earth.Magnetosphere.Main', 'Earth.Magnetosphere.RadiationBelt', 'Earth.NearSurface.EquatorialRegion', 'Earth.NearSurface.Ionosphere', 'Earth.NearSurface.Thermosphere']
2026-02-02T16:45:24.582502Z ERROR hpde_io       This value  = ['Earth.Magnetosphere']
2026-02-02T16:45:24.582522Z ERROR hpde_io        Combining values.
2026-02-02T16:45:24.582643Z ERROR hpde_io   FA_K0_ACF (spase://VSPO/NumericalData/FAST/ACF/PT5S):
2026-02-02T16:45:24.582680Z ERROR hpde_io       First value = ['Earth.Magnetosphere', 'Earth.Magnetosphere.Polar', 'Earth.NearSurface', 'Earth.NearSurface.AuroralRegion', 'Earth.NearSurface.EquatorialRegion', 'Earth.NearSurface.Ionosphere', 'Earth.NearSurface.PolarCap']
2026-02-02T16:45:24.582702Z ERROR hpde_io       This value  = ['Earth.Magnetosphere', 'Earth.NearSurface.AuroralRegion', 'Earth.NearSurface.Plasmasphere', 'Earth.NearSurface.PolarCap']
2026-02-02T16:45:24.582724Z ERROR hpde_io        Combining values.
2026-02-02T16:45:24.582749Z ERROR hpde_io   FA_K0_TMS (spase://VSPO/NumericalData/FAST/TEAMS/KeyParameter/PT5S):
2026-02-02T16:45:24.582786Z ERROR hpde_io       First value = ['Earth.Magnetosphere', 'Earth.Magnetosphere.Polar', 'Earth.NearSurface', 'Earth.NearSurface.AuroralRegion', 'Earth.NearSurface.EquatorialRegion', 'Earth.NearSurface.Ionosphere', 'Earth.NearSurface.Plasmasphere', 'Earth.NearSurface.PolarCap']
2026-02-02T16:45:24.582812Z ERROR hpde_io       This value  = ['Earth.NearSurface', 'Earth.NearSurface.AuroralRegion', 'Earth.NearSurface.AuroralRegion', 'Earth.NearSurface.EquatorialRegion', 'Earth.NearSurface.Ionosphere', 'Earth.NearSurface.Ionosphere', 'Earth.NearSurface.PolarCap']
2026-02-02T16:45:24.582834Z ERROR hpde_io        Combining values.
2026-02-02T16:45:24.583051Z ERROR hpde_io   G6_K0_MAG (spase://NOAA/NumericalData/GOES/6/MAG/PT60S):
2026-02-02T16:45:24.583087Z ERROR hpde_io       First value = ['Earth.Magnetosphere', 'Earth.Magnetosphere.RadiationBelt']
2026-02-02T16:45:24.583109Z ERROR hpde_io       This value  = ['Earth.Magnetosphere']
2026-02-02T16:45:24.583130Z ERROR hpde_io        Combining values.
2026-02-02T16:45:24.583188Z ERROR hpde_io   G7_K1_MAG (spase://NOAA/NumericalData/GOES/7/MAG/PowerSpectralDensity/PT1M):
2026-02-02T16:45:24.583225Z ERROR hpde_io       First value = ['Earth.Magnetosphere']
2026-02-02T16:45:24.583247Z ERROR hpde_io       This value  = ['Earth.Magnetosphere', 'Earth.Magnetosphere.RadiationBelt']
2026-02-02T16:45:24.583268Z ERROR hpde_io        Combining values.
2026-02-02T16:45:24.583429Z ERROR hpde_io   GE_AT_DEF (spase://JAXA/NumericalData/Geotail/Ephemeris/Def_AT/PT10M):
2026-02-02T16:45:24.583465Z ERROR hpde_io       First value = ['Heliosphere.NearEarth']
2026-02-02T16:45:24.583487Z ERROR hpde_io       This value  = ['Earth.Magnetosphere', 'Heliosphere.NearEarth']
2026-02-02T16:45:24.583507Z ERROR hpde_io        Combining values.
2026-02-02T16:45:24.583533Z ERROR hpde_io   GE_EDA12SEC_LEP (spase://JAXA/NumericalData/Geotail/LEP/EDA/PT12S):
2026-02-02T16:45:24.583570Z ERROR hpde_io       First value = ['Earth.Magnetosphere', 'Heliosphere.NearEarth']
2026-02-02T16:45:24.583592Z ERROR hpde_io       This value  = ['Earth.Magnetosheath', 'Earth.Magnetosphere', 'Earth.Magnetosphere.Magnetotail', 'Heliosphere.NearEarth']
2026-02-02T16:45:24.583613Z ERROR hpde_io        Combining values.
2026-02-02T16:45:24.583644Z ERROR hpde_io   GE_H0_CPI (spase://VMO/NumericalData/Geotail/CPI/SWA_PT48S):
2026-02-02T16:45:24.583680Z ERROR hpde_io       First value = ['Earth.Magnetosheath', 'Earth.Magnetosphere', 'Earth.Magnetosphere.Magnetotail', 'Heliosphere.NearEarth']
2026-02-02T16:45:24.583702Z ERROR hpde_io       This value  = ['Earth.Magnetosheath', 'Heliosphere.NearEarth']
2026-02-02T16:45:24.583723Z ERROR hpde_io        Combining values.
2026-02-02T16:45:24.583748Z ERROR hpde_io   GE_HPAMOM_CPI (spase://VMO/NumericalData/Geotail/CPI/HPA_PT64S):
2026-02-02T16:45:24.583784Z ERROR hpde_io       First value = ['Earth.Magnetosheath', 'Earth.Magnetosphere', 'Earth.Magnetosphere.Magnetotail', 'Heliosphere.NearEarth']
2026-02-02T16:45:24.583805Z ERROR hpde_io       This value  = ['Earth.Magnetosheath', 'Earth.Magnetosphere', 'Earth.Magnetosphere.Magnetotail']
2026-02-02T16:45:24.583826Z ERROR hpde_io        Combining values.
2026-02-02T16:45:24.583853Z ERROR hpde_io   GE_K0_EFD (spase://JAXA/NumericalData/Geotail/EFD/PT64S):
2026-02-02T16:45:24.583889Z ERROR hpde_io       First value = ['Earth.Magnetosheath', 'Earth.Magnetosphere', 'Earth.Magnetosphere.Magnetotail', 'Heliosphere.NearEarth']
2026-02-02T16:45:24.583911Z ERROR hpde_io       This value  = ['Earth.Magnetosphere', 'Heliosphere.NearEarth']
2026-02-02T16:45:24.583931Z ERROR hpde_io        Combining values.
2026-02-02T16:45:24.583955Z ERROR hpde_io   GE_K0_EPI (spase://JAXA/NumericalData/Geotail/EPIC/PT96S):
2026-02-02T16:45:24.583992Z ERROR hpde_io       First value = ['Earth.Magnetosheath', 'Earth.Magnetosphere', 'Earth.Magnetosphere.Magnetotail', 'Heliosphere.NearEarth']
2026-02-02T16:45:24.584014Z ERROR hpde_io       This value  = ['Earth.Magnetosphere', 'Heliosphere.NearEarth']
2026-02-02T16:45:24.584039Z ERROR hpde_io        Combining values.
2026-02-02T16:45:24.584062Z ERROR hpde_io   GE_K0_LEP (spase://JAXA/NumericalData/Geotail/LEP/PT64S):
2026-02-02T16:45:24.584098Z ERROR hpde_io       First value = ['Earth.Magnetosheath', 'Earth.Magnetosphere', 'Earth.Magnetosphere.Magnetotail', 'Heliosphere.NearEarth']
2026-02-02T16:45:24.584123Z ERROR hpde_io       This value  = ['Heliosphere.NearEarth']
2026-02-02T16:45:24.584144Z ERROR hpde_io        Combining values.
2026-02-02T16:45:24.584170Z ERROR hpde_io   GE_K0_PWI (spase://JAXA/NumericalData/Geotail/PWI/KP/PT64S):
2026-02-02T16:45:24.584207Z ERROR hpde_io       First value = ['Earth.Magnetosheath', 'Earth.Magnetosphere', 'Earth.Magnetosphere.Magnetotail', 'Heliosphere.NearEarth']
2026-02-02T16:45:24.584228Z ERROR hpde_io       This value  = ['Earth.Magnetosphere']
2026-02-02T16:45:24.584248Z ERROR hpde_io        Combining values.
2026-02-02T16:45:24.584272Z ERROR hpde_io   GE_K0_SPHA (spase://JAXA/NumericalData/Geotail/Ephemeris/Spin_Phase_KP/PT10M):
2026-02-02T16:45:24.584309Z ERROR hpde_io       First value = ['Earth.Magnetosheath', 'Earth.Magnetosphere', 'Earth.Magnetosphere.Magnetotail', 'Heliosphere.NearEarth']
2026-02-02T16:45:24.584330Z ERROR hpde_io       This value  = ['Earth.Magnetosphere', 'Heliosphere.NearEarth']
2026-02-02T16:45:24.584351Z ERROR hpde_io        Combining values.
2026-02-02T16:45:24.584375Z ERROR hpde_io   GE_OR_PRE (spase://JAXA/NumericalData/Geotail/Ephemeris/PT600S):
2026-02-02T16:45:24.584412Z ERROR hpde_io       First value = ['Earth.Magnetosheath', 'Earth.Magnetosphere', 'Earth.Magnetosphere.Magnetotail', 'Heliosphere.NearEarth']
2026-02-02T16:45:24.584435Z ERROR hpde_io       This value  = ['Earth.Magnetosphere', 'Heliosphere.NearEarth']
2026-02-02T16:45:24.584461Z ERROR hpde_io        Combining values.
2026-02-02T16:45:24.584488Z ERROR hpde_io   GE_SW_CPI (spase://JAXA/NumericalData/Geotail/CPI/SWMD/PT48S):
2026-02-02T16:45:24.584539Z ERROR hpde_io       First value = ['Earth.Magnetosheath', 'Earth.Magnetosphere', 'Earth.Magnetosphere.Magnetotail', 'Heliosphere.NearEarth']
2026-02-02T16:45:24.584566Z ERROR hpde_io       This value  = ['Earth.Magnetosheath', 'Heliosphere.NearEarth']
2026-02-02T16:45:24.584590Z ERROR hpde_io        Combining values.
2026-02-02T16:45:24.585193Z ERROR hpde_io   GPS_TEC15MIN_IGS (spase://NASA/NumericalData/IGS/GPS_Receiver/TEC/PT15M):
2026-02-02T16:45:24.585233Z ERROR hpde_io       First value = ['Earth.Magnetosphere', 'Earth.Magnetosphere.Main', 'Earth.Magnetosphere.RadiationBelt', 'Earth.NearSurface.Ionosphere']
2026-02-02T16:45:24.585259Z ERROR hpde_io       This value  = ['Earth.NearSurface.Ionosphere']
2026-02-02T16:45:24.585286Z ERROR hpde_io        Combining values.
2026-02-02T16:45:24.585316Z ERROR hpde_io   GPS_TEC1HR_IGS (spase://VSPO/NumericalData/IGS/GPS_Receiver/TEC/PT60M):
2026-02-02T16:45:24.585361Z ERROR hpde_io       First value = ['Earth.Magnetosphere', 'Earth.Magnetosphere.Main', 'Earth.Magnetosphere.RadiationBelt', 'Earth.NearSurface.Ionosphere']
2026-02-02T16:45:24.585388Z ERROR hpde_io       This value  = ['Earth.NearSurface.Ionosphere']
2026-02-02T16:45:24.585414Z ERROR hpde_io        Combining values.
2026-02-02T16:45:24.585443Z ERROR hpde_io   GPS_TEC2HR_IGS (spase://VSPO/NumericalData/IGS/GPS_Receiver/TEC/PT120M):
2026-02-02T16:45:24.585485Z ERROR hpde_io       First value = ['Earth.Magnetosphere', 'Earth.Magnetosphere.Main', 'Earth.Magnetosphere.RadiationBelt', 'Earth.NearSurface.Ionosphere']
2026-02-02T16:45:24.585512Z ERROR hpde_io       This value  = ['Earth.NearSurface.Ionosphere']
2026-02-02T16:45:24.585538Z ERROR hpde_io        Combining values.
2026-02-02T16:45:24.585763Z ERROR hpde_io   HELIOS1_E6_1HOUR_PARTICLE_FLUX (spase://NASA/NumericalData/Helios1/E6/ParticleFlux/PT1H):
2026-02-02T16:45:24.585805Z ERROR hpde_io       First value = ['Heliosphere.Inner']
2026-02-02T16:45:24.585833Z ERROR hpde_io       This value  = ['Heliosphere', 'Heliosphere.Inner', 'Heliosphere.NearEarth']
2026-02-02T16:45:24.585857Z ERROR hpde_io        Combining values.
2026-02-02T16:45:24.585934Z ERROR hpde_io   HELIOS2_COHO1HR_MERGED_MAG_PLASMA (spase://VSPO/NumericalData/Helios2/MAGandPLS/PT1H):
2026-02-02T16:45:24.585979Z ERROR hpde_io       First value = ['Heliosphere', 'Heliosphere.Inner']
2026-02-02T16:45:24.586005Z ERROR hpde_io       This value  = ['Heliosphere.Inner']
2026-02-02T16:45:24.586028Z ERROR hpde_io        Combining values.
2026-02-02T16:45:24.586061Z ERROR hpde_io   HELIOS2_E6_1HOUR_PARTICLE_FLUX (spase://VSPO/NumericalData/Helios2/E6/ParticleFlux/PT1H):
2026-02-02T16:45:24.586104Z ERROR hpde_io       First value = ['Heliosphere', 'Heliosphere.Inner']
2026-02-02T16:45:24.586130Z ERROR hpde_io       This value  = ['Heliosphere', 'Heliosphere.Inner', 'Heliosphere.NearEarth']
2026-02-02T16:45:24.586155Z ERROR hpde_io        Combining values.
2026-02-02T16:45:24.586229Z ERROR hpde_io   HK_H0_VLF (spase://VSPO/NumericalData/Hawkeye/VLF/PT22S):
2026-02-02T16:45:24.586272Z ERROR hpde_io       First value = ['Earth.Magnetosphere', 'Earth.NearSurface.Ionosphere']
2026-02-02T16:45:24.586298Z ERROR hpde_io       This value  = ['Earth.Magnetosphere', 'Earth.Magnetosphere.Polar', 'Earth.NearSurface.AuroralRegion', 'Earth.NearSurface.PolarCap', 'Heliosphere.Inner']
2026-02-02T16:45:24.586324Z ERROR hpde_io        Combining values.
2026-02-02T16:45:24.586442Z ERROR hpde_io   I1_AV_ALL (spase://VSPO/NumericalData/ISIS1/SFS/Ionogram/PT29S):
2026-02-02T16:45:24.586494Z ERROR hpde_io       First value = ['Earth.Magnetosphere', 'Earth.Magnetosphere.Polar', 'Earth.NearSurface', 'Earth.NearSurface.AuroralRegion', 'Earth.NearSurface.EquatorialRegion', 'Earth.NearSurface.Ionosphere', 'Earth.NearSurface.PolarCap']
2026-02-02T16:45:24.586520Z ERROR hpde_io       This value  = ['Earth.Magnetosphere', 'Earth.Magnetosphere.Polar', 'Earth.NearSurface.AuroralRegion', 'Earth.NearSurface.Ionosphere', 'Earth.NearSurface.Ionosphere.Topside', 'Earth.NearSurface.PolarCap']
2026-02-02T16:45:24.586544Z ERROR hpde_io        Combining values.
2026-02-02T16:45:24.586573Z ERROR hpde_io   I1_AV_KER (spase://VSPO/NumericalData/ISIS1/SFS/AverageIonogram/KerguelenIsland/PT29S):
2026-02-02T16:45:24.586619Z ERROR hpde_io       First value = ['Earth.Magnetosphere', 'Earth.Magnetosphere.Polar', 'Earth.NearSurface', 'Earth.NearSurface.AuroralRegion', 'Earth.NearSurface.EquatorialRegion', 'Earth.NearSurface.Ionosphere', 'Earth.NearSurface.Ionosphere.Topside', 'Earth.NearSurface.PolarCap']
2026-02-02T16:45:24.586647Z ERROR hpde_io       This value  = ['Earth.Magnetosphere', 'Earth.Magnetosphere.Polar', 'Earth.NearSurface', 'Earth.NearSurface.AuroralRegion', 'Earth.NearSurface.EquatorialRegion', 'Earth.NearSurface.Ionosphere', 'Earth.NearSurface.PolarCap']
2026-02-02T16:45:24.586672Z ERROR hpde_io        Combining values.
2026-02-02T16:45:24.586705Z ERROR hpde_io   I1_AV_KWA (spase://VSPO/NumericalData/ISIS1/SFS/AverageIonogram/Kwajalein/PT29S):
2026-02-02T16:45:24.586752Z ERROR hpde_io       First value = ['Earth.Magnetosphere', 'Earth.Magnetosphere.Polar', 'Earth.NearSurface', 'Earth.NearSurface.AuroralRegion', 'Earth.NearSurface.EquatorialRegion', 'Earth.NearSurface.Ionosphere', 'Earth.NearSurface.Ionosphere.Topside', 'Earth.NearSurface.PolarCap']
2026-02-02T16:45:24.586780Z ERROR hpde_io       This value  = ['Earth.Magnetosphere', 'Earth.Magnetosphere.Polar', 'Earth.NearSurface', 'Earth.NearSurface.AuroralRegion', 'Earth.NearSurface.EquatorialRegion', 'Earth.NearSurface.Ionosphere', 'Earth.NearSurface.PolarCap']
2026-02-02T16:45:24.586808Z ERROR hpde_io        Combining values.
2026-02-02T16:45:24.586841Z ERROR hpde_io   I1_AV_ORR (spase://VSPO/NumericalData/ISIS1/SFS/AverageIonogram/Orroral/PT29S):
2026-02-02T16:45:24.586886Z ERROR hpde_io       First value = ['Earth.Magnetosphere', 'Earth.Magnetosphere.Polar', 'Earth.NearSurface', 'Earth.NearSurface.AuroralRegion', 'Earth.NearSurface.EquatorialRegion', 'Earth.NearSurface.Ionosphere', 'Earth.NearSurface.Ionosphere.Topside', 'Earth.NearSurface.PolarCap']
2026-02-02T16:45:24.586912Z ERROR hpde_io       This value  = ['Earth.Magnetosphere', 'Earth.Magnetosphere.Polar', 'Earth.NearSurface', 'Earth.NearSurface.AuroralRegion', 'Earth.NearSurface.EquatorialRegion', 'Earth.NearSurface.Ionosphere', 'Earth.NearSurface.PolarCap']
2026-02-02T16:45:24.586942Z ERROR hpde_io        Combining values.
2026-02-02T16:45:24.586979Z ERROR hpde_io   I1_AV_RES (spase://VSPO/NumericalData/ISIS1/SFS/AverageIonogram/ResoluteBay/PT29S):
2026-02-02T16:45:24.587030Z ERROR hpde_io       First value = ['Earth.Magnetosphere', 'Earth.Magnetosphere.Polar', 'Earth.NearSurface', 'Earth.NearSurface.AuroralRegion', 'Earth.NearSurface.EquatorialRegion', 'Earth.NearSurface.Ionosphere', 'Earth.NearSurface.Ionosphere.Topside', 'Earth.NearSurface.PolarCap']
2026-02-02T16:45:24.587057Z ERROR hpde_io       This value  = ['Earth.Magnetosphere', 'Earth.Magnetosphere.Polar', 'Earth.NearSurface', 'Earth.NearSurface.AuroralRegion', 'Earth.NearSurface.EquatorialRegion', 'Earth.NearSurface.Ionosphere', 'Earth.NearSurface.PolarCap']
2026-02-02T16:45:24.587084Z ERROR hpde_io        Combining values.
2026-02-02T16:45:24.587126Z ERROR hpde_io   I1_AV_ULA (spase://VSPO/NumericalData/ISIS1/SFS/AverageIonogram/Fairbanks/PT29S):
2026-02-02T16:45:24.587169Z ERROR hpde_io       First value = ['Earth.Magnetosphere', 'Earth.Magnetosphere.Polar', 'Earth.NearSurface', 'Earth.NearSurface.AuroralRegion', 'Earth.NearSurface.EquatorialRegion', 'Earth.NearSurface.Ionosphere', 'Earth.NearSurface.Ionosphere.Topside', 'Earth.NearSurface.PolarCap']
2026-02-02T16:45:24.587197Z ERROR hpde_io       This value  = ['Earth.Magnetosphere', 'Earth.Magnetosphere.Polar', 'Earth.NearSurface', 'Earth.NearSurface.AuroralRegion', 'Earth.NearSurface.EquatorialRegion', 'Earth.NearSurface.Ionosphere', 'Earth.NearSurface.PolarCap']
2026-02-02T16:45:24.587224Z ERROR hpde_io        Combining values.
2026-02-02T16:45:24.587256Z ERROR hpde_io   I1_NEPROF_TOPS (spase://VSPO/NumericalData/ISIS1/SFS/TOPS):
2026-02-02T16:45:24.587304Z ERROR hpde_io       First value = ['Earth.Magnetosphere', 'Earth.Magnetosphere.Polar', 'Earth.NearSurface', 'Earth.NearSurface.AuroralRegion', 'Earth.NearSurface.EquatorialRegion', 'Earth.NearSurface.Ionosphere', 'Earth.NearSurface.Ionosphere.Topside', 'Earth.NearSurface.PolarCap']
2026-02-02T16:45:24.587330Z ERROR hpde_io       This value  = ['Earth.NearSurface.Ionosphere']
2026-02-02T16:45:24.587355Z ERROR hpde_io        Combining values.
2026-02-02T16:45:24.587480Z ERROR hpde_io   I2_NEPROF_TOPIST (spase://NASA/NumericalData/ISIS2/SFS/TOPIST):
2026-02-02T16:45:24.587526Z ERROR hpde_io       First value = ['Earth.Magnetosphere', 'Earth.Magnetosphere.Polar', 'Earth.NearSurface', 'Earth.NearSurface.AuroralRegion', 'Earth.NearSurface.EquatorialRegion', 'Earth.NearSurface.Ionosphere', 'Earth.NearSurface.PolarCap']
2026-02-02T16:45:24.587552Z ERROR hpde_io       This value  = ['Earth.NearSurface.Ionosphere']
2026-02-02T16:45:24.587579Z ERROR hpde_io        Combining values.
2026-02-02T16:45:24.587609Z ERROR hpde_io   I2_NEPROF_TOPS (spase://VSPO/NumericalData/ISIS2/SFS/TOPS):
2026-02-02T16:45:24.587655Z ERROR hpde_io       First value = ['Earth.Magnetosphere', 'Earth.Magnetosphere.Polar', 'Earth.NearSurface', 'Earth.NearSurface.AuroralRegion', 'Earth.NearSurface.EquatorialRegion', 'Earth.NearSurface.Ionosphere', 'Earth.NearSurface.PolarCap']
2026-02-02T16:45:24.587681Z ERROR hpde_io       This value  = ['Earth.NearSurface.Ionosphere']
2026-02-02T16:45:24.587710Z ERROR hpde_io        Combining values.
2026-02-02T16:45:24.587774Z ERROR hpde_io   I8_320MSEC_MAG (spase://VMO/NumericalData/IMP8/MAG/PT0.32S):
2026-02-02T16:45:24.587820Z ERROR hpde_io       First value = ['Earth.Magnetosheath', 'Earth.Magnetosphere.Magnetotail', 'Heliosphere.NearEarth']
2026-02-02T16:45:24.587847Z ERROR hpde_io       This value  = ['Earth.Magnetosphere.Magnetotail', 'Heliosphere.NearEarth']
2026-02-02T16:45:24.587873Z ERROR hpde_io        Combining values.
2026-02-02T16:45:24.587899Z ERROR hpde_io   I8_H0_GME (spase://VEPO/NumericalData/IMP8/GME/PT30M):
2026-02-02T16:45:24.587946Z ERROR hpde_io       First value = ['Earth.Magnetosheath', 'Earth.Magnetosphere.Magnetotail', 'Heliosphere.NearEarth']
2026-02-02T16:45:24.587972Z ERROR hpde_io       This value  = ['Heliosphere.NearEarth']
2026-02-02T16:45:24.587998Z ERROR hpde_io        Combining values.
2026-02-02T16:45:24.588029Z ERROR hpde_io   I8_H0_MITPLASMA (spase://NASA/NumericalData/IMP8/PLS/PT01M):
2026-02-02T16:45:24.588074Z ERROR hpde_io       First value = ['Earth.Magnetosheath', 'Earth.Magnetosphere.Magnetotail', 'Heliosphere.NearEarth']
2026-02-02T16:45:24.588104Z ERROR hpde_io       This value  = ['Earth.Magnetosheath', 'Heliosphere.NearEarth']
2026-02-02T16:45:24.588129Z ERROR hpde_io        Combining values.
2026-02-02T16:45:24.588207Z ERROR hpde_io   IA_OR_DEF (spase://NASA/NumericalData/Interball-2/Ephemeris/PT120S):
2026-02-02T16:45:24.588251Z ERROR hpde_io       First value = ['Earth.Magnetosphere']
2026-02-02T16:45:24.588275Z ERROR hpde_io       This value  = ['Earth.Magnetosphere', 'Heliosphere.NearEarth']
2026-02-02T16:45:24.588301Z ERROR hpde_io        Combining values.
2026-02-02T16:45:24.588459Z ERROR hpde_io   IBEX_H3_ENA_HI_R10_CG_NOSP_ANTIRAM_1YR (spase://NASA/NumericalData/IBEX/Hi/H3/Release10/CG/NOSP/Antiram/P1Y):
2026-02-02T16:45:24.588504Z ERROR hpde_io       First value = ['Heliosphere.Remote1AU']
2026-02-02T16:45:24.588528Z ERROR hpde_io       This value  = ['Heliosphere.Inner']
2026-02-02T16:45:24.588553Z ERROR hpde_io        Combining values.
2026-02-02T16:45:24.588584Z ERROR hpde_io   IBEX_H3_ENA_HI_R10_CG_NOSP_ANTIRAM_7YR (spase://VSPO/NumericalData/IBEX/Hi/H3/Release10/CG/NOSP/Antiram/P7Y):
2026-02-02T16:45:24.588627Z ERROR hpde_io       First value = ['Heliosphere.Inner', 'Heliosphere.Remote1AU']
2026-02-02T16:45:24.588651Z ERROR hpde_io       This value  = ['Heliosphere.Inner']
2026-02-02T16:45:24.588675Z ERROR hpde_io        Combining values.
2026-02-02T16:45:24.588705Z ERROR hpde_io   IBEX_H3_ENA_HI_R10_CG_NOSP_OMNI_6MO (spase://VSPO/NumericalData/IBEX/Hi/H3/Release10/CG/NOSP/Omni/P6M):
2026-02-02T16:45:24.588748Z ERROR hpde_io       First value = ['Heliosphere.Inner', 'Heliosphere.Remote1AU']
2026-02-02T16:45:24.588773Z ERROR hpde_io       This value  = ['Heliosphere.Inner']
2026-02-02T16:45:24.588796Z ERROR hpde_io        Combining values.
2026-02-02T16:45:24.588826Z ERROR hpde_io   IBEX_H3_ENA_HI_R10_CG_NOSP_OMNI_7YR (spase://NASA/NumericalData/IBEX/Hi/H3/Release10/CG/NOSP/Omni/P7Y):
2026-02-02T16:45:24.588869Z ERROR hpde_io       First value = ['Heliosphere.Inner', 'Heliosphere.Remote1AU']
2026-02-02T16:45:24.588894Z ERROR hpde_io       This value  = ['Heliosphere.Inner']
2026-02-02T16:45:24.588918Z ERROR hpde_io        Combining values.
2026-02-02T16:45:24.588947Z ERROR hpde_io   IBEX_H3_ENA_HI_R10_CG_NOSP_RAM_1YR (spase://NASA/NumericalData/IBEX/Hi/H3/Release10/CG/NOSP/Ram/P1Y):
2026-02-02T16:45:24.588992Z ERROR hpde_io       First value = ['Heliosphere.Inner', 'Heliosphere.Remote1AU']
2026-02-02T16:45:24.589017Z ERROR hpde_io       This value  = ['Heliosphere.Inner']
2026-02-02T16:45:24.589042Z ERROR hpde_io        Combining values.
2026-02-02T16:45:24.589072Z ERROR hpde_io   IBEX_H3_ENA_HI_R10_CG_NOSP_RAM_7YR (spase://VSPO/NumericalData/IBEX/Hi/H3/Release10/CG/NOSP/Ram/P7Y):
2026-02-02T16:45:24.589117Z ERROR hpde_io       First value = ['Heliosphere.Inner', 'Heliosphere.Remote1AU']
2026-02-02T16:45:24.589140Z ERROR hpde_io       This value  = ['Heliosphere.Inner']
2026-02-02T16:45:24.589163Z ERROR hpde_io        Combining values.
2026-02-02T16:45:24.589191Z ERROR hpde_io   IBEX_H3_ENA_HI_R10_CG_SP_ANTIRAM_1YR (spase://NASA/NumericalData/IBEX/Hi/H3/Release10/CG/SP/Antiram/P1Y):
2026-02-02T16:45:24.589237Z ERROR hpde_io       First value = ['Heliosphere.Inner', 'Heliosphere.Remote1AU']
2026-02-02T16:45:24.589262Z ERROR hpde_io       This value  = ['Heliosphere.Inner']
2026-02-02T16:45:24.589288Z ERROR hpde_io        Combining values.
2026-02-02T16:45:24.589318Z ERROR hpde_io   IBEX_H3_ENA_HI_R10_CG_SP_ANTIRAM_7YR (spase://VSPO/NumericalData/IBEX/Hi/H3/Release10/CG/SP/Antiram/P7Y):
2026-02-02T16:45:24.589361Z ERROR hpde_io       First value = ['Heliosphere.Inner', 'Heliosphere.Remote1AU']
2026-02-02T16:45:24.589387Z ERROR hpde_io       This value  = ['Heliosphere.Inner']
2026-02-02T16:45:24.589411Z ERROR hpde_io        Combining values.
2026-02-02T16:45:24.589441Z ERROR hpde_io   IBEX_H3_ENA_HI_R10_CG_SP_OMNI_6MO (spase://VSPO/NumericalData/IBEX/Hi/H3/Release10/CG/SP/Omni/P6M):
2026-02-02T16:45:24.589486Z ERROR hpde_io       First value = ['Heliosphere.Inner', 'Heliosphere.Remote1AU']
2026-02-02T16:45:24.589516Z ERROR hpde_io       This value  = ['Heliosphere.Inner']
2026-02-02T16:45:24.589541Z ERROR hpde_io        Combining values.
2026-02-02T16:45:24.589568Z ERROR hpde_io   IBEX_H3_ENA_HI_R10_CG_SP_OMNI_7YR (spase://NASA/NumericalData/IBEX/Hi/H3/Release10/CG/SP/Omni/P7Y):
2026-02-02T16:45:24.589609Z ERROR hpde_io       First value = ['Heliosphere.Inner', 'Heliosphere.Remote1AU']
2026-02-02T16:45:24.589635Z ERROR hpde_io       This value  = ['Heliosphere.Inner']
2026-02-02T16:45:24.589659Z ERROR hpde_io        Combining values.
2026-02-02T16:45:24.589689Z ERROR hpde_io   IBEX_H3_ENA_HI_R10_CG_SP_RAM_1YR (spase://NASA/NumericalData/IBEX/Hi/H3/Release10/CG/SP/Ram/P1Y):
2026-02-02T16:45:24.589735Z ERROR hpde_io       First value = ['Heliosphere.Inner', 'Heliosphere.Remote1AU']
2026-02-02T16:45:24.589761Z ERROR hpde_io       This value  = ['Heliosphere.Inner']
2026-02-02T16:45:24.589786Z ERROR hpde_io        Combining values.
2026-02-02T16:45:24.589813Z ERROR hpde_io   IBEX_H3_ENA_HI_R10_CG_SP_RAM_7YR (spase://VSPO/NumericalData/IBEX/Hi/H3/Release10/CG/SP/Ram/P7Y):
2026-02-02T16:45:24.589859Z ERROR hpde_io       First value = ['Heliosphere.Inner', 'Heliosphere.Remote1AU']
2026-02-02T16:45:24.589882Z ERROR hpde_io       This value  = ['Heliosphere.Inner']
2026-02-02T16:45:24.589907Z ERROR hpde_io        Combining values.
2026-02-02T16:45:24.589936Z ERROR hpde_io   IBEX_H3_ENA_HI_R10_NOCG_NOSP_ANTIRAM_1YR (spase://VSPO/NumericalData/IBEX/Hi/H3/Release10/NOCG/NOSP/Antiram/P1Y):
2026-02-02T16:45:24.589981Z ERROR hpde_io       First value = ['Heliosphere.Inner', 'Heliosphere.Remote1AU']
2026-02-02T16:45:24.590004Z ERROR hpde_io       This value  = ['Heliosphere.Inner']
2026-02-02T16:45:24.590028Z ERROR hpde_io        Combining values.
2026-02-02T16:45:24.590054Z ERROR hpde_io   IBEX_H3_ENA_HI_R10_NOCG_NOSP_ANTIRAM_7YR (spase://NASA/NumericalData/IBEX/Hi/H3/Release10/NOCG/NOSP/Antiram/P7Y):
2026-02-02T16:45:24.590097Z ERROR hpde_io       First value = ['Heliosphere.Inner', 'Heliosphere.Remote1AU']
2026-02-02T16:45:24.590123Z ERROR hpde_io       This value  = ['Heliosphere.Inner']
2026-02-02T16:45:24.590150Z ERROR hpde_io        Combining values.
2026-02-02T16:45:24.590177Z ERROR hpde_io   IBEX_H3_ENA_HI_R10_NOCG_NOSP_OMNI_6MO (spase://VSPO/NumericalData/IBEX/Hi/H3/Release10/NOCG/NOSP/Omni/P6M):
2026-02-02T16:45:24.590218Z ERROR hpde_io       First value = ['Heliosphere.Inner', 'Heliosphere.Remote1AU']
2026-02-02T16:45:24.590245Z ERROR hpde_io       This value  = ['Heliosphere.Inner']
2026-02-02T16:45:24.590271Z ERROR hpde_io        Combining values.
2026-02-02T16:45:24.590298Z ERROR hpde_io   IBEX_H3_ENA_HI_R10_NOCG_NOSP_OMNI_7YR (spase://NASA/NumericalData/IBEX/Hi/H3/Release10/NOCG/NOSP/Omni/P7Y):
2026-02-02T16:45:24.590343Z ERROR hpde_io       First value = ['Heliosphere.Inner', 'Heliosphere.Remote1AU']
2026-02-02T16:45:24.590370Z ERROR hpde_io       This value  = ['Heliosphere.Inner']
2026-02-02T16:45:24.590395Z ERROR hpde_io        Combining values.
2026-02-02T16:45:24.590424Z ERROR hpde_io   IBEX_H3_ENA_HI_R10_NOCG_NOSP_RAM_1YR (spase://VSPO/NumericalData/IBEX/Hi/H3/Release10/NOCG/NOSP/Ram/P1Y):
2026-02-02T16:45:24.590468Z ERROR hpde_io       First value = ['Heliosphere.Inner', 'Heliosphere.Remote1AU']
2026-02-02T16:45:24.590493Z ERROR hpde_io       This value  = ['Heliosphere.Inner']
2026-02-02T16:45:24.590518Z ERROR hpde_io        Combining values.
2026-02-02T16:45:24.590547Z ERROR hpde_io   IBEX_H3_ENA_HI_R10_NOCG_SP_ANTIRAM_1YR (spase://NASA/NumericalData/IBEX/Hi/H3/Release10/NOCG/SP/Antiram/P1Y):
2026-02-02T16:45:24.590593Z ERROR hpde_io       First value = ['Heliosphere.Inner', 'Heliosphere.Remote1AU']
2026-02-02T16:45:24.590616Z ERROR hpde_io       This value  = ['Heliosphere.Inner']
2026-02-02T16:45:24.590640Z ERROR hpde_io        Combining values.
2026-02-02T16:45:24.590670Z ERROR hpde_io   IBEX_H3_ENA_HI_R10_NOCG_SP_ANTIRAM_7YR (spase://VSPO/NumericalData/IBEX/Hi/H3/Release10/NOCG/SP/Antiram/P7Y):
2026-02-02T16:45:24.590712Z ERROR hpde_io       First value = ['Heliosphere.Inner', 'Heliosphere.Remote1AU']
2026-02-02T16:45:24.590742Z ERROR hpde_io       This value  = ['Heliosphere.Inner']
2026-02-02T16:45:24.590769Z ERROR hpde_io        Combining values.
2026-02-02T16:45:24.590799Z ERROR hpde_io   IBEX_H3_ENA_HI_R10_NOCG_SP_OMNI_6MO (spase://NASA/NumericalData/IBEX/Hi/H3/Release10/NOCG/SP/Omni/P6M):
2026-02-02T16:45:24.590843Z ERROR hpde_io       First value = ['Heliosphere.Inner', 'Heliosphere.Remote1AU']
2026-02-02T16:45:24.590868Z ERROR hpde_io       This value  = ['Heliosphere.Inner']
2026-02-02T16:45:24.590892Z ERROR hpde_io        Combining values.
2026-02-02T16:45:24.590921Z ERROR hpde_io   IBEX_H3_ENA_HI_R10_NOCG_SP_OMNI_7YR (spase://VSPO/NumericalData/IBEX/Hi/H3/Release10/NOCG/SP/Omni/P7Y):
2026-02-02T16:45:24.590964Z ERROR hpde_io       First value = ['Heliosphere.Inner', 'Heliosphere.Remote1AU']
2026-02-02T16:45:24.590989Z ERROR hpde_io       This value  = ['Heliosphere.Inner']
2026-02-02T16:45:24.591012Z ERROR hpde_io        Combining values.
2026-02-02T16:45:24.591040Z ERROR hpde_io   IBEX_H3_ENA_HI_R10_NOCG_SP_RAM_1YR (spase://NASA/NumericalData/IBEX/Hi/H3/Release10/NOCG/SP/Ram/P1Y):
2026-02-02T16:45:24.591085Z ERROR hpde_io       First value = ['Heliosphere.Inner', 'Heliosphere.Remote1AU']
2026-02-02T16:45:24.591110Z ERROR hpde_io       This value  = ['Heliosphere.Inner']
2026-02-02T16:45:24.591132Z ERROR hpde_io        Combining values.
2026-02-02T16:45:24.591161Z ERROR hpde_io   IBEX_H3_ENA_HI_R12_MAGNETOSPHERE_24MIN (spase://VSPO/NumericalData/IBEX/Hi/H3/Release12/Magnetosphere/PT24M):
2026-02-02T16:45:24.591205Z ERROR hpde_io       First value = ['Heliosphere.Inner', 'Heliosphere.Remote1AU']
2026-02-02T16:45:24.591230Z ERROR hpde_io       This value  = ['Heliosphere.Inner']
2026-02-02T16:45:24.591255Z ERROR hpde_io        Combining values.
2026-02-02T16:45:24.591284Z ERROR hpde_io   IBEX_H3_ENA_HI_R13_CG_NOSP_ANTIRAM_1YR (spase://VSPO/NumericalData/IBEX/Hi/H3/Release13/CG/NOSP/Antiram/P1Y):
2026-02-02T16:45:24.591334Z ERROR hpde_io       First value = ['Heliosphere.Inner', 'Heliosphere.Remote1AU']
2026-02-02T16:45:24.591359Z ERROR hpde_io       This value  = ['Heliosphere.Inner']
2026-02-02T16:45:24.591385Z ERROR hpde_io        Combining values.
2026-02-02T16:45:24.591411Z ERROR hpde_io   IBEX_H3_ENA_HI_R13_CG_NOSP_RAM_1YR (spase://NASA/NumericalData/IBEX/Hi/H3/Release13/CG/NOSP/Ram/P1Y):
2026-02-02T16:45:24.591455Z ERROR hpde_io       First value = ['Heliosphere.Inner', 'Heliosphere.Remote1AU']
2026-02-02T16:45:24.591482Z ERROR hpde_io       This value  = ['Heliosphere.Inner']
2026-02-02T16:45:24.591509Z ERROR hpde_io        Combining values.
2026-02-02T16:45:24.591536Z ERROR hpde_io   IBEX_H3_ENA_HI_R14_PRESS-SLOPE_CG_NOSP_RAM_3YR (spase://NASA/NumericalData/IBEX/Hi/H3/Release14/CG/NOSP/Ram/P3Y):
2026-02-02T16:45:24.591579Z ERROR hpde_io       First value = ['Heliosphere.Inner', 'Heliosphere.Remote1AU']
2026-02-02T16:45:24.591604Z ERROR hpde_io       This value  = ['Heliosphere.Inner']
2026-02-02T16:45:24.591629Z ERROR hpde_io        Combining values.
2026-02-02T16:45:24.591660Z ERROR hpde_io   IBEX_H3_ENA_HI_R16_CG_NOSP_ANTIRAM_11YR (spase://NASA/NumericalData/IBEX/Hi/H3/Release16/CG/NOSP/Antiram/P11Y):
2026-02-02T16:45:24.591703Z ERROR hpde_io       First value = ['Heliosphere.Inner', 'Heliosphere.Remote1AU']
2026-02-02T16:45:24.591728Z ERROR hpde_io       This value  = ['Heliosphere.Remote1AU']
2026-02-02T16:45:24.591754Z ERROR hpde_io        Combining values.
2026-02-02T16:45:24.591783Z ERROR hpde_io   IBEX_H3_ENA_HI_R16_CG_NOSP_ANTIRAM_1YR (spase://NASA/NumericalData/IBEX/Hi/H3/Release16/CG/NOSP/Antiram/P1Y):
2026-02-02T16:45:24.591889Z ERROR hpde_io       First value = ['Heliosphere.Inner', 'Heliosphere.Remote1AU']
2026-02-02T16:45:24.591913Z ERROR hpde_io       This value  = ['Heliosphere.Remote1AU']
2026-02-02T16:45:24.591937Z ERROR hpde_io        Combining values.
2026-02-02T16:45:24.591969Z ERROR hpde_io   IBEX_H3_ENA_HI_R16_CG_NOSP_OMNI_11YR (spase://NASA/NumericalData/IBEX/Hi/H3/Release16/CG/NOSP/Omni/P11Y):
2026-02-02T16:45:24.592013Z ERROR hpde_io       First value = ['Heliosphere.Inner', 'Heliosphere.Remote1AU']
2026-02-02T16:45:24.592043Z ERROR hpde_io       This value  = ['Heliosphere.Remote1AU']
2026-02-02T16:45:24.592069Z ERROR hpde_io        Combining values.
2026-02-02T16:45:24.592096Z ERROR hpde_io   IBEX_H3_ENA_HI_R16_CG_NOSP_OMNI_6MO (spase://NASA/NumericalData/IBEX/Hi/H3/Release16/CG/NOSP/Omni/P6M):
2026-02-02T16:45:24.592137Z ERROR hpde_io       First value = ['Heliosphere.Inner', 'Heliosphere.Remote1AU']
2026-02-02T16:45:24.592162Z ERROR hpde_io       This value  = ['Heliosphere.Remote1AU']
2026-02-02T16:45:24.592185Z ERROR hpde_io        Combining values.
2026-02-02T16:45:24.592215Z ERROR hpde_io   IBEX_H3_ENA_HI_R16_CG_NOSP_RAM_11YR (spase://NASA/NumericalData/IBEX/Hi/H3/Release16/CG/NOSP/Ram/P11Y):
2026-02-02T16:45:24.592256Z ERROR hpde_io       First value = ['Heliosphere.Inner', 'Heliosphere.Remote1AU']
2026-02-02T16:45:24.592281Z ERROR hpde_io       This value  = ['Heliosphere.Remote1AU']
2026-02-02T16:45:24.592306Z ERROR hpde_io        Combining values.
2026-02-02T16:45:24.592336Z ERROR hpde_io   IBEX_H3_ENA_HI_R16_CG_NOSP_RAM_1YR (spase://NASA/NumericalData/IBEX/Hi/H3/Release16/CG/NOSP/Ram/P1Y):
2026-02-02T16:45:24.592379Z ERROR hpde_io       First value = ['Heliosphere.Inner', 'Heliosphere.Remote1AU']
2026-02-02T16:45:24.592403Z ERROR hpde_io       This value  = ['Heliosphere.Remote1AU']
2026-02-02T16:45:24.592428Z ERROR hpde_io        Combining values.
2026-02-02T16:45:24.592460Z ERROR hpde_io   IBEX_H3_ENA_HI_R16_CG_SP_ANTIRAM_11YR (spase://NASA/NumericalData/IBEX/Hi/H3/Release16/CG/SP/Antiram/P11Y):
2026-02-02T16:45:24.592505Z ERROR hpde_io       First value = ['Heliosphere.Inner', 'Heliosphere.Remote1AU']
2026-02-02T16:45:24.592530Z ERROR hpde_io       This value  = ['Heliosphere.Remote1AU']
2026-02-02T16:45:24.592555Z ERROR hpde_io        Combining values.
2026-02-02T16:45:24.592586Z ERROR hpde_io   IBEX_H3_ENA_HI_R16_CG_SP_ANTIRAM_1YR (spase://NASA/NumericalData/IBEX/Hi/H3/Release16/CG/SP/Antiram/P1Y):
2026-02-02T16:45:24.592626Z ERROR hpde_io       First value = ['Heliosphere.Inner', 'Heliosphere.Remote1AU']
2026-02-02T16:45:24.592653Z ERROR hpde_io       This value  = ['Heliosphere.Remote1AU']
2026-02-02T16:45:24.592678Z ERROR hpde_io        Combining values.
2026-02-02T16:45:24.592709Z ERROR hpde_io   IBEX_H3_ENA_HI_R16_CG_SP_OMNI_11YR (spase://NASA/NumericalData/IBEX/Hi/H3/Release16/CG/SP/Omni/P11Y):
2026-02-02T16:45:24.592752Z ERROR hpde_io       First value = ['Heliosphere.Inner', 'Heliosphere.Remote1AU']
2026-02-02T16:45:24.592775Z ERROR hpde_io       This value  = ['Heliosphere.Remote1AU']
2026-02-02T16:45:24.592800Z ERROR hpde_io        Combining values.
2026-02-02T16:45:24.592830Z ERROR hpde_io   IBEX_H3_ENA_HI_R16_CG_SP_OMNI_2YR (spase://NASA/NumericalData/IBEX/Hi/H3/Release16/CG/SP/Omni/P2Y):
2026-02-02T16:45:24.592874Z ERROR hpde_io       First value = ['Heliosphere.Inner', 'Heliosphere.Remote1AU']
2026-02-02T16:45:24.592900Z ERROR hpde_io       This value  = ['Heliosphere.Remote1AU']
2026-02-02T16:45:24.592924Z ERROR hpde_io        Combining values.
2026-02-02T16:45:24.592955Z ERROR hpde_io   IBEX_H3_ENA_HI_R16_CG_SP_OMNI_3YR (spase://NASA/NumericalData/IBEX/Hi/H3/Release16/CG/SP/Omni/P3Y):
2026-02-02T16:45:24.592997Z ERROR hpde_io       First value = ['Heliosphere.Inner', 'Heliosphere.Remote1AU']
2026-02-02T16:45:24.593022Z ERROR hpde_io       This value  = ['Heliosphere.Remote1AU']
2026-02-02T16:45:24.593047Z ERROR hpde_io        Combining values.
2026-02-02T16:45:24.593076Z ERROR hpde_io   IBEX_H3_ENA_HI_R16_CG_SP_OMNI_6MO (spase://NASA/NumericalData/IBEX/Hi/H3/Release16/CG/SP/Omni/P6M):
2026-02-02T16:45:24.593120Z ERROR hpde_io       First value = ['Heliosphere.Inner', 'Heliosphere.Remote1AU']
2026-02-02T16:45:24.593145Z ERROR hpde_io       This value  = ['Heliosphere.Remote1AU']
2026-02-02T16:45:24.593169Z ERROR hpde_io        Combining values.
2026-02-02T16:45:24.593200Z ERROR hpde_io   IBEX_H3_ENA_HI_R16_CG_SP_RAM_11YR (spase://NASA/NumericalData/IBEX/Hi/H3/Release16/CG/SP/Ram/P11Y):
2026-02-02T16:45:24.593244Z ERROR hpde_io       First value = ['Heliosphere.Inner', 'Heliosphere.Remote1AU']
2026-02-02T16:45:24.593267Z ERROR hpde_io       This value  = ['Heliosphere.Remote1AU']
2026-02-02T16:45:24.593291Z ERROR hpde_io        Combining values.
2026-02-02T16:45:24.593321Z ERROR hpde_io   IBEX_H3_ENA_HI_R16_CG_SP_RAM_1YR (spase://NASA/NumericalData/IBEX/Hi/H3/Release16/CG/SP/Ram/P1Y):
2026-02-02T16:45:24.593366Z ERROR hpde_io       First value = ['Heliosphere.Inner', 'Heliosphere.Remote1AU']
2026-02-02T16:45:24.593389Z ERROR hpde_io       This value  = ['Heliosphere.Remote1AU']
2026-02-02T16:45:24.593413Z ERROR hpde_io        Combining values.
2026-02-02T16:45:24.593444Z ERROR hpde_io   IBEX_H3_ENA_HI_R16_NOCG_NOSP_ANTIRAM_11YR (spase://NASA/NumericalData/IBEX/Hi/H3/Release16/NOCG/NOSP/Antiram/P11Y):
2026-02-02T16:45:24.593491Z ERROR hpde_io       First value = ['Heliosphere.Inner', 'Heliosphere.Remote1AU']
2026-02-02T16:45:24.593516Z ERROR hpde_io       This value  = ['Heliosphere.Remote1AU']
2026-02-02T16:45:24.593542Z ERROR hpde_io        Combining values.
2026-02-02T16:45:24.593571Z ERROR hpde_io   IBEX_H3_ENA_HI_R16_NOCG_NOSP_ANTIRAM_1YR (spase://NASA/NumericalData/IBEX/Hi/H3/Release16/NOCG/NOSP/Antiram/P1Y):
2026-02-02T16:45:24.593612Z ERROR hpde_io       First value = ['Heliosphere.Inner', 'Heliosphere.Remote1AU']
2026-02-02T16:45:24.593639Z ERROR hpde_io       This value  = ['Heliosphere.Remote1AU']
2026-02-02T16:45:24.593663Z ERROR hpde_io        Combining values.
2026-02-02T16:45:24.593692Z ERROR hpde_io   IBEX_H3_ENA_HI_R16_NOCG_NOSP_OMNI_11YR (spase://NASA/NumericalData/IBEX/Hi/H3/Release16/NOCG/NOSP/Omni/P11Y):
2026-02-02T16:45:24.593734Z ERROR hpde_io       First value = ['Heliosphere.Inner', 'Heliosphere.Remote1AU']
2026-02-02T16:45:24.593760Z ERROR hpde_io       This value  = ['Heliosphere.Remote1AU']
2026-02-02T16:45:24.593786Z ERROR hpde_io        Combining values.
2026-02-02T16:45:24.593813Z ERROR hpde_io   IBEX_H3_ENA_HI_R16_NOCG_NOSP_OMNI_6MO (spase://NASA/NumericalData/IBEX/Hi/H3/Release16/NOCG/NOSP/Omni/P6M):
2026-02-02T16:45:24.593855Z ERROR hpde_io       First value = ['Heliosphere.Inner', 'Heliosphere.Remote1AU']
2026-02-02T16:45:24.593882Z ERROR hpde_io       This value  = ['Heliosphere.Remote1AU']
2026-02-02T16:45:24.593908Z ERROR hpde_io        Combining values.
2026-02-02T16:45:24.593935Z ERROR hpde_io   IBEX_H3_ENA_HI_R16_NOCG_NOSP_RAM_11YR (spase://NASA/NumericalData/IBEX/Hi/H3/Release16/NOCG/NOSP/Ram/P11Y):
2026-02-02T16:45:24.593978Z ERROR hpde_io       First value = ['Heliosphere.Inner', 'Heliosphere.Remote1AU']
2026-02-02T16:45:24.594004Z ERROR hpde_io       This value  = ['Heliosphere.Remote1AU']
2026-02-02T16:45:24.594030Z ERROR hpde_io        Combining values.
2026-02-02T16:45:24.594058Z ERROR hpde_io   IBEX_H3_ENA_HI_R16_NOCG_NOSP_RAM_1YR (spase://NASA/NumericalData/IBEX/Hi/H3/Release16/NOCG/NOSP/Ram/P1Y):
2026-02-02T16:45:24.594103Z ERROR hpde_io       First value = ['Heliosphere.Inner', 'Heliosphere.Remote1AU']
2026-02-02T16:45:24.594126Z ERROR hpde_io       This value  = ['Heliosphere.Remote1AU']
2026-02-02T16:45:24.594150Z ERROR hpde_io        Combining values.
2026-02-02T16:45:24.594178Z ERROR hpde_io   IBEX_H3_ENA_HI_R16_NOCG_SP_ANTIRAM_11YR (spase://NASA/NumericalData/IBEX/Hi/H3/Release16/NOCG/SP/Antiram/P11Y):
2026-02-02T16:45:24.594221Z ERROR hpde_io       First value = ['Heliosphere.Inner', 'Heliosphere.Remote1AU']
2026-02-02T16:45:24.594242Z ERROR hpde_io       This value  = ['Heliosphere.Remote1AU']
2026-02-02T16:45:24.594263Z ERROR hpde_io        Combining values.
2026-02-02T16:45:24.594293Z ERROR hpde_io   IBEX_H3_ENA_HI_R16_NOCG_SP_ANTIRAM_1YR (spase://NASA/NumericalData/IBEX/Hi/H3/Release16/NOCG/SP/Antiram/P1Y):
2026-02-02T16:45:24.594329Z ERROR hpde_io       First value = ['Heliosphere.Inner', 'Heliosphere.Remote1AU']
2026-02-02T16:45:24.594350Z ERROR hpde_io       This value  = ['Heliosphere.Remote1AU']
2026-02-02T16:45:24.594370Z ERROR hpde_io        Combining values.
2026-02-02T16:45:24.594394Z ERROR hpde_io   IBEX_H3_ENA_HI_R16_NOCG_SP_OMNI_11YR (spase://NASA/NumericalData/IBEX/Hi/H3/Release16/NOCG/SP/Omni/P11Y):
2026-02-02T16:45:24.594429Z ERROR hpde_io       First value = ['Heliosphere.Inner', 'Heliosphere.Remote1AU']
2026-02-02T16:45:24.594450Z ERROR hpde_io       This value  = ['Heliosphere.Remote1AU']
2026-02-02T16:45:24.594470Z ERROR hpde_io        Combining values.
2026-02-02T16:45:24.594493Z ERROR hpde_io   IBEX_H3_ENA_HI_R16_NOCG_SP_OMNI_6MO (spase://NASA/NumericalData/IBEX/Hi/H3/Release16/NOCG/SP/Omni/P6M):
2026-02-02T16:45:24.594534Z ERROR hpde_io       First value = ['Heliosphere.Inner', 'Heliosphere.Remote1AU']
2026-02-02T16:45:24.594554Z ERROR hpde_io       This value  = ['Heliosphere.Remote1AU']
2026-02-02T16:45:24.594575Z ERROR hpde_io        Combining values.
2026-02-02T16:45:24.594598Z ERROR hpde_io   IBEX_H3_ENA_HI_R16_NOCG_SP_RAM_11YR (spase://NASA/NumericalData/IBEX/Hi/H3/Release16/NOCG/SP/Ram/P11Y):
2026-02-02T16:45:24.594633Z ERROR hpde_io       First value = ['Heliosphere.Inner', 'Heliosphere.Remote1AU']
2026-02-02T16:45:24.594653Z ERROR hpde_io       This value  = ['Heliosphere.Remote1AU']
2026-02-02T16:45:24.594673Z ERROR hpde_io        Combining values.
2026-02-02T16:45:24.594697Z ERROR hpde_io   IBEX_H3_ENA_HI_R16_NOCG_SP_RAM_1YR (spase://NASA/NumericalData/IBEX/Hi/H3/Release16/NOCG/SP/Ram/P1Y):
2026-02-02T16:45:24.594731Z ERROR hpde_io       First value = ['Heliosphere.Inner', 'Heliosphere.Remote1AU']
2026-02-02T16:45:24.594752Z ERROR hpde_io       This value  = ['Heliosphere.Remote1AU']
2026-02-02T16:45:24.594772Z ERROR hpde_io        Combining values.
2026-02-02T16:45:24.594847Z ERROR hpde_io   IBEX_H3_ENA_LO_R04_CG_SP_ANTIRAM_3YR (spase://NASA/NumericalData/IBEX/Lo/H3/Release04/CG/SP/Antiram/P3Y):
2026-02-02T16:45:24.594883Z ERROR hpde_io       First value = ['Heliosphere.Inner', 'Heliosphere.Remote1AU']
2026-02-02T16:45:24.594904Z ERROR hpde_io       This value  = ['Heliosphere.Remote1AU']
2026-02-02T16:45:24.594924Z ERROR hpde_io        Combining values.
2026-02-02T16:45:24.594947Z ERROR hpde_io   IBEX_H3_ENA_LO_R04_CG_SP_RAM_3YR (spase://NASA/NumericalData/IBEX/Lo/H3/Release04/CG/SP/Ram/P3Y):
2026-02-02T16:45:24.594981Z ERROR hpde_io       First value = ['Heliosphere.Inner', 'Heliosphere.Remote1AU']
2026-02-02T16:45:24.595002Z ERROR hpde_io       This value  = ['Heliosphere.Remote1AU']
2026-02-02T16:45:24.595022Z ERROR hpde_io        Combining values.
2026-02-02T16:45:24.595048Z ERROR hpde_io   IBEX_H3_ENA_LO_R07_NOCG_NOSP_OMNI_6MO (spase://NASA/NumericalData/IBEX/Lo/H3/Release07/NOCG/NOSP/Omni/P6M):
2026-02-02T16:45:24.595083Z ERROR hpde_io       First value = ['Heliosphere.Inner', 'Heliosphere.Remote1AU']
2026-02-02T16:45:24.595104Z ERROR hpde_io       This value  = ['Heliosphere.Remote1AU']
2026-02-02T16:45:24.595128Z ERROR hpde_io        Combining values.
2026-02-02T16:45:24.595151Z ERROR hpde_io   IBEX_H3_ENA_LO_R07_NOCG_SP_OMNI_6MO (spase://NASA/NumericalData/IBEX/Lo/H3/Release07/NOCG/SP/Omni/P6M):
2026-02-02T16:45:24.595189Z ERROR hpde_io       First value = ['Heliosphere.Inner', 'Heliosphere.Remote1AU']
2026-02-02T16:45:24.595209Z ERROR hpde_io       This value  = ['Heliosphere.Remote1AU']
2026-02-02T16:45:24.595229Z ERROR hpde_io        Combining values.
2026-02-02T16:45:24.595261Z ERROR hpde_io   IBEX_H3_ENA_LO_R10_NOCG_NOSP_OMNI_6MO (spase://NASA/NumericalData/IBEX/Lo/H3/Release10/NOCG/NOSP/Omni/P6M):
2026-02-02T16:45:24.595296Z ERROR hpde_io       First value = ['Heliosphere.Inner', 'Heliosphere.Remote1AU']
2026-02-02T16:45:24.595317Z ERROR hpde_io       This value  = ['Heliosphere.Remote1AU']
2026-02-02T16:45:24.595337Z ERROR hpde_io        Combining values.
2026-02-02T16:45:24.595361Z ERROR hpde_io   IBEX_H3_ENA_LO_R10_NOCG_NOSP_OMNI_7YR (spase://NASA/NumericalData/IBEX/Lo/H3/Release10/NOCG/NOSP/Omni/P7Y):
2026-02-02T16:45:24.595396Z ERROR hpde_io       First value = ['Heliosphere.Inner', 'Heliosphere.Remote1AU']
2026-02-02T16:45:24.595419Z ERROR hpde_io       This value  = ['Heliosphere.Inner']
2026-02-02T16:45:24.595445Z ERROR hpde_io        Combining values.
2026-02-02T16:45:24.595468Z ERROR hpde_io   IBEX_H3_ENA_LO_R10_NOCG_SP_OMNI_6MO (spase://NASA/NumericalData/IBEX/Lo/H3/Release10/NOCG/SP/Omni/P6M):
2026-02-02T16:45:24.595506Z ERROR hpde_io       First value = ['Heliosphere.Inner', 'Heliosphere.Remote1AU']
2026-02-02T16:45:24.595526Z ERROR hpde_io       This value  = ['Heliosphere.Remote1AU']
2026-02-02T16:45:24.595547Z ERROR hpde_io        Combining values.
2026-02-02T16:45:24.595569Z ERROR hpde_io   IBEX_H3_ENA_LO_R10_NOCG_SP_OMNI_7YR (spase://VSPO/NumericalData/IBEX/Lo/H3/Release10/NOCG/SP/Omni/P7Y):
2026-02-02T16:45:24.595604Z ERROR hpde_io       First value = ['Heliosphere.Inner', 'Heliosphere.Remote1AU']
2026-02-02T16:45:24.595630Z ERROR hpde_io       This value  = ['Heliosphere.Inner']
2026-02-02T16:45:24.595657Z ERROR hpde_io        Combining values.
2026-02-02T16:45:24.595687Z ERROR hpde_io   IBEX_H3_ENA_LO_R17_CG_NOSP_ANTIRAM_1YR (spase://NASA/NumericalData/IBEX/Lo/H3/Release17/CG/NOSP/Antiram/P1Y):
2026-02-02T16:45:24.595728Z ERROR hpde_io       First value = ['Heliosphere.Inner', 'Heliosphere.Remote1AU']
2026-02-02T16:45:24.595752Z ERROR hpde_io       This value  = ['Heliosphere.Remote1AU']
2026-02-02T16:45:24.595774Z ERROR hpde_io        Combining values.
2026-02-02T16:45:24.595804Z ERROR hpde_io   IBEX_H3_ENA_LO_R17_CG_NOSP_OMNI_1YR (spase://NASA/NumericalData/IBEX/Lo/H3/Release17/CG/NOSP/Omni/P1Y):
2026-02-02T16:45:24.595845Z ERROR hpde_io       First value = ['Heliosphere.Inner', 'Heliosphere.Remote1AU']
2026-02-02T16:45:24.595877Z ERROR hpde_io       This value  = ['Heliosphere.Remote1AU']
2026-02-02T16:45:24.595904Z ERROR hpde_io        Combining values.
2026-02-02T16:45:24.595934Z ERROR hpde_io   IBEX_H3_ENA_LO_R17_CG_NOSP_RAM_1YR (spase://NASA/NumericalData/IBEX/Lo/H3/Release17/CG/NOSP/Ram/P1Y):
2026-02-02T16:45:24.595985Z ERROR hpde_io       First value = ['Heliosphere.Inner', 'Heliosphere.Remote1AU']
2026-02-02T16:45:24.596009Z ERROR hpde_io       This value  = ['Heliosphere.Remote1AU']
2026-02-02T16:45:24.596035Z ERROR hpde_io        Combining values.
2026-02-02T16:45:24.596064Z ERROR hpde_io   IBEX_H3_ENA_LO_R17_CG_SP_ANTIRAM_1YR (spase://NASA/NumericalData/IBEX/Lo/H3/Release17/CG/SP/Antiram/P1Y):
2026-02-02T16:45:24.596107Z ERROR hpde_io       First value = ['Heliosphere.Inner', 'Heliosphere.Remote1AU']
2026-02-02T16:45:24.596133Z ERROR hpde_io       This value  = ['Heliosphere.Remote1AU']
2026-02-02T16:45:24.596159Z ERROR hpde_io        Combining values.
2026-02-02T16:45:24.596190Z ERROR hpde_io   IBEX_H3_ENA_LO_R17_CG_SP_OMNI_1YR (spase://NASA/NumericalData/IBEX/Lo/H3/Release17/CG/SP/Omni/P1Y):
2026-02-02T16:45:24.596233Z ERROR hpde_io       First value = ['Heliosphere.Inner', 'Heliosphere.Remote1AU']
2026-02-02T16:45:24.596255Z ERROR hpde_io       This value  = ['Heliosphere.Remote1AU']
2026-02-02T16:45:24.596280Z ERROR hpde_io        Combining values.
2026-02-02T16:45:24.596310Z ERROR hpde_io   IBEX_H3_ENA_LO_R17_CG_SP_RAM_1YR (spase://NASA/NumericalData/IBEX/Lo/H3/Release17/CG/SP/Ram/P1Y):
2026-02-02T16:45:24.596355Z ERROR hpde_io       First value = ['Heliosphere.Inner', 'Heliosphere.Remote1AU']
2026-02-02T16:45:24.596379Z ERROR hpde_io       This value  = ['Heliosphere.Remote1AU']
2026-02-02T16:45:24.596405Z ERROR hpde_io        Combining values.
2026-02-02T16:45:24.596434Z ERROR hpde_io   IBEX_H3_ENA_LO_R17_NOCG_NOSP_RAM_1YR (spase://NASA/NumericalData/IBEX/Lo/H3/Release17/NOCG/NOSP/Ram/P1Y):
2026-02-02T16:45:24.596480Z ERROR hpde_io       First value = ['Heliosphere.Inner', 'Heliosphere.Remote1AU']
2026-02-02T16:45:24.596503Z ERROR hpde_io       This value  = ['Heliosphere.Remote1AU']
2026-02-02T16:45:24.596527Z ERROR hpde_io        Combining values.
2026-02-02T16:45:24.596773Z ERROR hpde_io   IM_OR_DEF (spase://NASA/NumericalData/IMAGE/Orbit/Definitive/PT120S):
2026-02-02T16:45:24.596816Z ERROR hpde_io       First value = ['Earth.Magnetosphere', 'Earth.NearSurface.AuroralRegion', 'Earth.NearSurface.Plasmasphere', 'Earth.NearSurface.PolarCap', 'Heliosphere.Inner']
2026-02-02T16:45:24.596844Z ERROR hpde_io       This value  = ['Earth.Magnetosphere', 'Earth.NearSurface.AuroralRegion', 'Earth.NearSurface.Plasmasphere', 'Earth.NearSurface.PolarCap']
2026-02-02T16:45:24.596871Z ERROR hpde_io        Combining values.
2026-02-02T16:45:24.596991Z ERROR hpde_io   ISEE1_H0_FE (spase://VMO/NumericalData/ISEE1/VES/PT18S):
2026-02-02T16:45:24.597035Z ERROR hpde_io       First value = ['Earth.Magnetosheath', 'Earth.Magnetosphere', 'Heliosphere.NearEarth']
2026-02-02T16:45:24.597058Z ERROR hpde_io       This value  = ['Earth.Magnetosphere']
2026-02-02T16:45:24.597084Z ERROR hpde_io        Combining values.
2026-02-02T16:45:24.597114Z ERROR hpde_io   ISEE1_H1_FPE (spase://VSPO/NumericalData/ISEE1/FPE/PT1M):
2026-02-02T16:45:24.597158Z ERROR hpde_io       First value = ['Earth.Magnetosheath', 'Earth.Magnetosphere', 'Heliosphere.NearEarth']
2026-02-02T16:45:24.597183Z ERROR hpde_io       This value  = ['Earth.Magnetosheath', 'Earth.Magnetosphere']
2026-02-02T16:45:24.597208Z ERROR hpde_io        Combining values.
2026-02-02T16:45:24.597237Z ERROR hpde_io   ISEE1_H2_FPE (spase://VMO/NumericalData/ISEE1/FPE/PT24S):
2026-02-02T16:45:24.597283Z ERROR hpde_io       First value = ['Earth.Magnetosheath', 'Earth.Magnetosphere', 'Heliosphere.NearEarth']
2026-02-02T16:45:24.597309Z ERROR hpde_io       This value  = ['Heliosphere.NearEarth']
2026-02-02T16:45:24.597334Z ERROR hpde_io        Combining values.
2026-02-02T16:45:24.597424Z ERROR hpde_io   ISEE2_H1_FPE (spase://VSPO/NumericalData/ISEE2/FPE/PT1M):
2026-02-02T16:45:24.597476Z ERROR hpde_io       First value = ['Earth.Magnetosheath', 'Earth.Magnetosphere', 'Heliosphere.NearEarth']
2026-02-02T16:45:24.597501Z ERROR hpde_io       This value  = ['Earth.Magnetosheath', 'Earth.Magnetosphere']
2026-02-02T16:45:24.597524Z ERROR hpde_io        Combining values.
2026-02-02T16:45:24.597639Z ERROR hpde_io   IT_K0_AKR (spase://NASA/NumericalData/Interball-1/AKR2/KP/PT120S):
2026-02-02T16:45:24.597681Z ERROR hpde_io       First value = ['Earth.Magnetosphere', 'Heliosphere.NearEarth']
2026-02-02T16:45:24.597708Z ERROR hpde_io       This value  = ['Earth.Magnetosphere']
2026-02-02T16:45:24.597734Z ERROR hpde_io        Combining values.
2026-02-02T16:45:24.597773Z ERROR hpde_io   IT_K0_VDP (spase://NASA/NumericalData/Interball-1/VDP/PT2M):
2026-02-02T16:45:24.597818Z ERROR hpde_io       First value = ['Earth.Magnetosphere', 'Heliosphere.NearEarth']
2026-02-02T16:45:24.597844Z ERROR hpde_io       This value  = ['Heliosphere.NearEarth']
2026-02-02T16:45:24.597870Z ERROR hpde_io        Combining values.
2026-02-02T16:45:24.597902Z ERROR hpde_io   IT_OR_DEF (spase://VMO/NumericalData/Interball-Tail/Ephemeris/PT2M):
2026-02-02T16:45:24.597944Z ERROR hpde_io       First value = ['Earth.Magnetosphere', 'Heliosphere.NearEarth']
2026-02-02T16:45:24.597970Z ERROR hpde_io       This value  = ['Earth.Magnetosheath', 'Earth.Magnetosphere', 'Earth.Magnetosphere.Main', 'Earth.Magnetosphere.Polar', 'Heliosphere.NearEarth']
2026-02-02T16:45:24.597995Z ERROR hpde_io        Combining values.
2026-02-02T16:45:24.598146Z ERROR hpde_io   L0_K0_SPA (spase://NASA/NumericalData/LANL/1990/SOPA/PT60S):
2026-02-02T16:45:24.598190Z ERROR hpde_io       First value = ['Earth.Magnetosphere.Main', 'Earth.Magnetosphere.RadiationBelt', 'Earth.NearSurface.Plasmasphere']
2026-02-02T16:45:24.598217Z ERROR hpde_io       This value  = ['Earth.Magnetosphere.Main', 'Earth.Magnetosphere.Main', 'Earth.Magnetosphere.RadiationBelt', 'Earth.Magnetosphere.RadiationBelt', 'Earth.NearSurface.Plasmasphere', 'Earth.NearSurface.Plasmasphere']
2026-02-02T16:45:24.598241Z ERROR hpde_io        Combining values.
2026-02-02T16:45:24.599971Z ERROR hpde_io   OMNI_HRO_1MIN (spase://NASA/NumericalData/OMNI/HighResolutionObservations/Version1/PT1M):
2026-02-02T16:45:24.600013Z ERROR hpde_io       First value = ['Heliosphere', 'Heliosphere.Inner', 'Heliosphere.NearEarth']
2026-02-02T16:45:24.600036Z ERROR hpde_io       This value  = ['Heliosphere.NearEarth']
2026-02-02T16:45:24.600063Z ERROR hpde_io        Combining values.
2026-02-02T16:45:24.600093Z ERROR hpde_io   OMNI_HRO_5MIN (spase://VMO/NumericalData/OMNI/PT5M):
2026-02-02T16:45:24.600136Z ERROR hpde_io       First value = ['Heliosphere', 'Heliosphere.Inner', 'Heliosphere.NearEarth']
2026-02-02T16:45:24.600160Z ERROR hpde_io       This value  = ['Heliosphere.NearEarth']
2026-02-02T16:45:24.600186Z ERROR hpde_io        Combining values.
2026-02-02T16:45:24.600294Z ERROR hpde_io   PIONEER10_HELIO1DAY_POSITION (spase://VSPO/NumericalData/Pioneer10/HelioWeb/Ephemeris/P1D):
2026-02-02T16:45:24.600338Z ERROR hpde_io       First value = ['Heliosphere.Outer']
2026-02-02T16:45:24.600365Z ERROR hpde_io       This value  = ['Heliosphere', 'Heliosphere.NearEarth', 'Heliosphere.Outer']
2026-02-02T16:45:24.600391Z ERROR hpde_io        Combining values.
2026-02-02T16:45:24.600466Z ERROR hpde_io   PIONEER11_HELIO1DAY_POSITION (spase://NASA/NumericalData/Pioneer11/HelioWeb/Ephemeris/P1D):
2026-02-02T16:45:24.600509Z ERROR hpde_io       First value = ['Heliosphere.Outer']
2026-02-02T16:45:24.600536Z ERROR hpde_io       This value  = ['Heliosphere', 'Heliosphere.NearEarth', 'Heliosphere.Outer']
2026-02-02T16:45:24.600561Z ERROR hpde_io        Combining values.
2026-02-02T16:45:24.600635Z ERROR hpde_io   PIONEERVENUS_MERGED_SOLAR-WIND_10M (spase://NASA/NumericalData/PioneerVenusOrbiter/Merged/OMAG_OPA/CDF/PT10M):
2026-02-02T16:45:24.600680Z ERROR hpde_io       First value = ['Heliosphere.Inner']
2026-02-02T16:45:24.600706Z ERROR hpde_io       This value  = ['Venus']
2026-02-02T16:45:24.600733Z ERROR hpde_io        Combining values.
2026-02-02T16:45:24.600847Z ERROR hpde_io   PO_6SECEDSC_EFI (spase://NASA/NumericalData/POLAR/EFI/Despun/PT6S):
2026-02-02T16:45:24.600888Z ERROR hpde_io       First value = ['Earth.Magnetosphere', 'Earth.Magnetosphere.Polar', 'Earth.NearSurface', 'Earth.NearSurface.AuroralRegion', 'Earth.NearSurface.EquatorialRegion', 'Earth.NearSurface.Ionosphere', 'Earth.NearSurface.PolarCap']
2026-02-02T16:45:24.600915Z ERROR hpde_io       This value  = ['Earth.Magnetosphere']
2026-02-02T16:45:24.600941Z ERROR hpde_io        Combining values.
2026-02-02T16:45:24.600975Z ERROR hpde_io   PO_AT_PRE (spase://VSPO/NumericalData/POLAR/Ephemeris/Attitude/PT60S):
2026-02-02T16:45:24.601022Z ERROR hpde_io       First value = ['Earth.Magnetosphere', 'Earth.Magnetosphere.Polar', 'Earth.NearSurface', 'Earth.NearSurface.AuroralRegion', 'Earth.NearSurface.EquatorialRegion', 'Earth.NearSurface.Ionosphere', 'Earth.NearSurface.PolarCap']
2026-02-02T16:45:24.601050Z ERROR hpde_io       This value  = ['Earth.Magnetosphere']
2026-02-02T16:45:24.601075Z ERROR hpde_io        Combining values.
2026-02-02T16:45:24.601107Z ERROR hpde_io   PO_H0_CAM (spase://NASA/NumericalData/POLAR/CAMMICE/Fluxes/PT204S):
2026-02-02T16:45:24.601149Z ERROR hpde_io       First value = ['Earth.Magnetosphere', 'Earth.Magnetosphere.Polar', 'Earth.NearSurface', 'Earth.NearSurface.AuroralRegion', 'Earth.NearSurface.EquatorialRegion', 'Earth.NearSurface.Ionosphere', 'Earth.NearSurface.PolarCap']
2026-02-02T16:45:24.601177Z ERROR hpde_io       This value  = ['Earth.Magnetosphere']
2026-02-02T16:45:24.601201Z ERROR hpde_io        Combining values.
2026-02-02T16:45:24.601231Z ERROR hpde_io   PO_H0_HYD (spase://NASA/NumericalData/POLAR/HYDRA/PT13.8S):
2026-02-02T16:45:24.601275Z ERROR hpde_io       First value = ['Earth.Magnetosphere', 'Earth.Magnetosphere.Polar', 'Earth.NearSurface', 'Earth.NearSurface.AuroralRegion', 'Earth.NearSurface.EquatorialRegion', 'Earth.NearSurface.Ionosphere', 'Earth.NearSurface.PolarCap']
2026-02-02T16:45:24.601309Z ERROR hpde_io       This value  = ['Earth.Magnetosphere']
2026-02-02T16:45:24.601333Z ERROR hpde_io        Combining values.
2026-02-02T16:45:24.601363Z ERROR hpde_io   PO_H0_PWI (spase://VSPO/NumericalData/POLAR/PWI/MCA/PT1.3S):
2026-02-02T16:45:24.601407Z ERROR hpde_io       First value = ['Earth.Magnetosphere', 'Earth.Magnetosphere.Polar', 'Earth.NearSurface', 'Earth.NearSurface.AuroralRegion', 'Earth.NearSurface.EquatorialRegion', 'Earth.NearSurface.Ionosphere', 'Earth.NearSurface.PolarCap']
2026-02-02T16:45:24.601432Z ERROR hpde_io       This value  = ['Earth.Magnetosphere', 'Earth.NearSurface.AuroralRegion', 'Earth.NearSurface.Plasmasphere', 'Earth.NearSurface.PolarCap', 'Heliosphere.Inner']
2026-02-02T16:45:24.601462Z ERROR hpde_io        Combining values.
2026-02-02T16:45:24.601494Z ERROR hpde_io   PO_H0_TID (spase://VSPO/NumericalData/POLAR/TIDE/H0_CDF):
2026-02-02T16:45:24.601540Z ERROR hpde_io       First value = ['Earth.Magnetosphere', 'Earth.Magnetosphere.Polar', 'Earth.NearSurface', 'Earth.NearSurface.AuroralRegion', 'Earth.NearSurface.EquatorialRegion', 'Earth.NearSurface.Ionosphere', 'Earth.NearSurface.Plasmasphere', 'Earth.NearSurface.PolarCap', 'Heliosphere.Inner']
2026-02-02T16:45:24.601566Z ERROR hpde_io       This value  = ['Earth.Magnetosphere', 'Earth.Magnetosphere.Polar']
2026-02-02T16:45:24.601592Z ERROR hpde_io        Combining values.
2026-02-02T16:45:24.601621Z ERROR hpde_io   PO_H0_TIM (spase://VMO/NumericalData/POLAR/TIMAS/H0_PT12S):
2026-02-02T16:45:24.601667Z ERROR hpde_io       First value = ['Earth.Magnetosphere', 'Earth.Magnetosphere.Polar', 'Earth.NearSurface', 'Earth.NearSurface.AuroralRegion', 'Earth.NearSurface.EquatorialRegion', 'Earth.NearSurface.Ionosphere', 'Earth.NearSurface.Plasmasphere', 'Earth.NearSurface.PolarCap', 'Heliosphere.Inner']
2026-02-02T16:45:24.601692Z ERROR hpde_io       This value  = ['Earth.Magnetosphere', 'Earth.Magnetosphere.Polar', 'Earth.Magnetosphere.RadiationBelt']
2026-02-02T16:45:24.601718Z ERROR hpde_io        Combining values.
2026-02-02T16:45:24.601748Z ERROR hpde_io   PO_H1_PWI (spase://NASA/NumericalData/POLAR/PWI/SFR/AB/PT2S):
2026-02-02T16:45:24.601796Z ERROR hpde_io       First value = ['Earth.Magnetosphere', 'Earth.Magnetosphere.Polar', 'Earth.Magnetosphere.RadiationBelt', 'Earth.NearSurface', 'Earth.NearSurface.AuroralRegion', 'Earth.NearSurface.EquatorialRegion', 'Earth.NearSurface.Ionosphere', 'Earth.NearSurface.Plasmasphere', 'Earth.NearSurface.PolarCap', 'Heliosphere.Inner']
2026-02-02T16:45:24.601821Z ERROR hpde_io       This value  = ['Earth.Magnetosphere', 'Earth.NearSurface.AuroralRegion', 'Earth.NearSurface.Plasmasphere', 'Earth.NearSurface.PolarCap', 'Heliosphere.Inner']
2026-02-02T16:45:24.601845Z ERROR hpde_io        Combining values.
2026-02-02T16:45:24.601873Z ERROR hpde_io   PO_H1_TID (spase://VMO/NumericalData/POLAR/TIDE/H1_CDF):
2026-02-02T16:45:24.601917Z ERROR hpde_io       First value = ['Earth.Magnetosphere', 'Earth.Magnetosphere.Polar', 'Earth.Magnetosphere.RadiationBelt', 'Earth.NearSurface', 'Earth.NearSurface.AuroralRegion', 'Earth.NearSurface.EquatorialRegion', 'Earth.NearSurface.Ionosphere', 'Earth.NearSurface.Plasmasphere', 'Earth.NearSurface.PolarCap', 'Heliosphere.Inner']
2026-02-02T16:45:24.601943Z ERROR hpde_io       This value  = ['Earth.Magnetosphere', 'Earth.Magnetosphere.Polar']
2026-02-02T16:45:24.601968Z ERROR hpde_io        Combining values.
2026-02-02T16:45:24.601997Z ERROR hpde_io   PO_H2_PWI (spase://VWO/NumericalData/POLAR/PWI/LFWR.PT0.01S):
2026-02-02T16:45:24.602044Z ERROR hpde_io       First value = ['Earth.Magnetosphere', 'Earth.Magnetosphere.Polar', 'Earth.Magnetosphere.RadiationBelt', 'Earth.NearSurface', 'Earth.NearSurface.AuroralRegion', 'Earth.NearSurface.EquatorialRegion', 'Earth.NearSurface.Ionosphere', 'Earth.NearSurface.Plasmasphere', 'Earth.NearSurface.PolarCap', 'Heliosphere.Inner']
2026-02-02T16:45:24.602074Z ERROR hpde_io       This value  = ['Earth.Magnetosphere', 'Earth.NearSurface.AuroralRegion', 'Earth.NearSurface.Plasmasphere', 'Earth.NearSurface.PolarCap', 'Heliosphere.Inner']
2026-02-02T16:45:24.602097Z ERROR hpde_io        Combining values.
2026-02-02T16:45:24.602128Z ERROR hpde_io   PO_H2_TIM (spase://NASA/NumericalData/POLAR/TIMAS/H2/PT12S):
2026-02-02T16:45:24.602171Z ERROR hpde_io       First value = ['Earth.Magnetosphere', 'Earth.Magnetosphere.Polar', 'Earth.Magnetosphere.RadiationBelt', 'Earth.NearSurface', 'Earth.NearSurface.AuroralRegion', 'Earth.NearSurface.EquatorialRegion', 'Earth.NearSurface.Ionosphere', 'Earth.NearSurface.Plasmasphere', 'Earth.NearSurface.PolarCap', 'Heliosphere.Inner']
2026-02-02T16:45:24.602198Z ERROR hpde_io       This value  = ['Earth.Magnetosphere', 'Earth.Magnetosphere.Polar', 'Earth.Magnetosphere.RadiationBelt']
2026-02-02T16:45:24.602228Z ERROR hpde_io        Combining values.
2026-02-02T16:45:24.602261Z ERROR hpde_io   PO_H5_PWI (spase://NASA/NumericalData/POLAR/PWI/LHFWR/16kHz/Interferometry/PT0.000028S):
2026-02-02T16:45:24.602306Z ERROR hpde_io       First value = ['Earth.Magnetosphere', 'Earth.Magnetosphere.Polar', 'Earth.Magnetosphere.RadiationBelt', 'Earth.NearSurface', 'Earth.NearSurface.AuroralRegion', 'Earth.NearSurface.EquatorialRegion', 'Earth.NearSurface.Ionosphere', 'Earth.NearSurface.Plasmasphere', 'Earth.NearSurface.PolarCap', 'Heliosphere.Inner']
2026-02-02T16:45:24.602332Z ERROR hpde_io       This value  = ['Earth.Magnetosphere', 'Earth.Magnetosphere.Polar', 'Earth.NearSurface.AuroralRegion']
2026-02-02T16:45:24.602357Z ERROR hpde_io        Combining values.
2026-02-02T16:45:24.602387Z ERROR hpde_io   PO_H7_PWI (spase://NASA/NumericalData/POLAR/PWI/HFWR/25kHz/PT0.000014S):
2026-02-02T16:45:24.602430Z ERROR hpde_io       First value = ['Earth.Magnetosphere', 'Earth.Magnetosphere.Polar', 'Earth.Magnetosphere.RadiationBelt', 'Earth.NearSurface', 'Earth.NearSurface.AuroralRegion', 'Earth.NearSurface.EquatorialRegion', 'Earth.NearSurface.Ionosphere', 'Earth.NearSurface.Plasmasphere', 'Earth.NearSurface.PolarCap', 'Heliosphere.Inner']
2026-02-02T16:45:24.602458Z ERROR hpde_io       This value  = ['Earth.Magnetosphere', 'Earth.Magnetosphere.Polar', 'Earth.NearSurface.AuroralRegion']
2026-02-02T16:45:24.602483Z ERROR hpde_io        Combining values.
2026-02-02T16:45:24.602518Z ERROR hpde_io   PO_K0_CAM (spase://VSPO/NumericalData/POLAR/CAMMICE/KeyParameters/PT204S):
2026-02-02T16:45:24.602564Z ERROR hpde_io       First value = ['Earth.Magnetosphere', 'Earth.Magnetosphere.Polar', 'Earth.Magnetosphere.RadiationBelt', 'Earth.NearSurface', 'Earth.NearSurface.AuroralRegion', 'Earth.NearSurface.EquatorialRegion', 'Earth.NearSurface.Ionosphere', 'Earth.NearSurface.Plasmasphere', 'Earth.NearSurface.PolarCap', 'Heliosphere.Inner']
2026-02-02T16:45:24.602590Z ERROR hpde_io       This value  = ['Earth.Magnetosphere']
2026-02-02T16:45:24.602615Z ERROR hpde_io        Combining values.
2026-02-02T16:45:24.602645Z ERROR hpde_io   PO_K0_CEP (spase://NASA/NumericalData/POLAR/CEPPAD/PT100S):
2026-02-02T16:45:24.602687Z ERROR hpde_io       First value = ['Earth.Magnetosphere', 'Earth.Magnetosphere.Polar', 'Earth.Magnetosphere.RadiationBelt', 'Earth.NearSurface', 'Earth.NearSurface.AuroralRegion', 'Earth.NearSurface.EquatorialRegion', 'Earth.NearSurface.Ionosphere', 'Earth.NearSurface.Plasmasphere', 'Earth.NearSurface.PolarCap', 'Heliosphere.Inner']
2026-02-02T16:45:24.602714Z ERROR hpde_io       This value  = ['Earth.Magnetosphere']
2026-02-02T16:45:24.602740Z ERROR hpde_io        Combining values.
2026-02-02T16:45:24.602767Z ERROR hpde_io   PO_K0_EFI (spase://VSPO/NumericalData/POLAR/EFI/KeyParameters/PT6S):
2026-02-02T16:45:24.602814Z ERROR hpde_io       First value = ['Earth.Magnetosphere', 'Earth.Magnetosphere.Polar', 'Earth.Magnetosphere.RadiationBelt', 'Earth.NearSurface', 'Earth.NearSurface.AuroralRegion', 'Earth.NearSurface.EquatorialRegion', 'Earth.NearSurface.Ionosphere', 'Earth.NearSurface.Plasmasphere', 'Earth.NearSurface.PolarCap', 'Heliosphere.Inner']
2026-02-02T16:45:24.602840Z ERROR hpde_io       This value  = ['Earth.Magnetosphere']
2026-02-02T16:45:24.602864Z ERROR hpde_io        Combining values.
2026-02-02T16:45:24.602894Z ERROR hpde_io   PO_K0_HYD (spase://VSPO/NumericalData/POLAR/HYDRA/PT55S):
2026-02-02T16:45:24.602937Z ERROR hpde_io       First value = ['Earth.Magnetosphere', 'Earth.Magnetosphere.Polar', 'Earth.Magnetosphere.RadiationBelt', 'Earth.NearSurface', 'Earth.NearSurface.AuroralRegion', 'Earth.NearSurface.EquatorialRegion', 'Earth.NearSurface.Ionosphere', 'Earth.NearSurface.Plasmasphere', 'Earth.NearSurface.PolarCap', 'Heliosphere.Inner']
2026-02-02T16:45:24.602964Z ERROR hpde_io       This value  = ['Earth.Magnetosphere']
2026-02-02T16:45:24.602990Z ERROR hpde_io        Combining values.
2026-02-02T16:45:24.603020Z ERROR hpde_io   PO_K0_MFE (spase://NASA/NumericalData/POLAR/MFE/PT55S):
2026-02-02T16:45:24.603064Z ERROR hpde_io       First value = ['Earth.Magnetosphere', 'Earth.Magnetosphere.Polar', 'Earth.Magnetosphere.RadiationBelt', 'Earth.NearSurface', 'Earth.NearSurface.AuroralRegion', 'Earth.NearSurface.EquatorialRegion', 'Earth.NearSurface.Ionosphere', 'Earth.NearSurface.Plasmasphere', 'Earth.NearSurface.PolarCap', 'Heliosphere.Inner']
2026-02-02T16:45:24.603088Z ERROR hpde_io       This value  = ['Earth.Magnetosphere', 'Earth.Magnetosphere.Polar', 'Earth.Magnetosphere.RadiationBelt']
2026-02-02T16:45:24.603112Z ERROR hpde_io        Combining values.
2026-02-02T16:45:24.603141Z ERROR hpde_io   PO_K0_PWI (spase://NASA/NumericalData/POLAR/PWI/KeyParameters/PT300S):
2026-02-02T16:45:24.603186Z ERROR hpde_io       First value = ['Earth.Magnetosphere', 'Earth.Magnetosphere.Polar', 'Earth.Magnetosphere.RadiationBelt', 'Earth.NearSurface', 'Earth.NearSurface.AuroralRegion', 'Earth.NearSurface.EquatorialRegion', 'Earth.NearSurface.Ionosphere', 'Earth.NearSurface.Plasmasphere', 'Earth.NearSurface.PolarCap', 'Heliosphere.Inner']
2026-02-02T16:45:24.603210Z ERROR hpde_io       This value  = ['Earth.Magnetosphere']
2026-02-02T16:45:24.603233Z ERROR hpde_io        Combining values.
2026-02-02T16:45:24.603263Z ERROR hpde_io   PO_K0_SPHA (spase://VSPO/NumericalData/POLAR/Ephemeris/KeyParameters/PT24H):
2026-02-02T16:45:24.603310Z ERROR hpde_io       First value = ['Earth.Magnetosphere', 'Earth.Magnetosphere.Polar', 'Earth.Magnetosphere.RadiationBelt', 'Earth.NearSurface', 'Earth.NearSurface.AuroralRegion', 'Earth.NearSurface.EquatorialRegion', 'Earth.NearSurface.Ionosphere', 'Earth.NearSurface.Plasmasphere', 'Earth.NearSurface.PolarCap', 'Heliosphere.Inner']
2026-02-02T16:45:24.603334Z ERROR hpde_io       This value  = ['Earth.Magnetosphere']
2026-02-02T16:45:24.603358Z ERROR hpde_io        Combining values.
2026-02-02T16:45:24.603388Z ERROR hpde_io   PO_K0_UVI (spase://NASA/NumericalData/POLAR/UVI/K0_CDF):
2026-02-02T16:45:24.603434Z ERROR hpde_io       First value = ['Earth.Magnetosphere', 'Earth.Magnetosphere.Polar', 'Earth.Magnetosphere.RadiationBelt', 'Earth.NearSurface', 'Earth.NearSurface.AuroralRegion', 'Earth.NearSurface.EquatorialRegion', 'Earth.NearSurface.Ionosphere', 'Earth.NearSurface.Plasmasphere', 'Earth.NearSurface.PolarCap', 'Heliosphere.Inner']
2026-02-02T16:45:24.603461Z ERROR hpde_io       This value  = ['Earth.NearSurface.Ionosphere']
2026-02-02T16:45:24.603486Z ERROR hpde_io        Combining values.
2026-02-02T16:45:24.603515Z ERROR hpde_io   PO_K1_TIM (spase://NASA/NumericalData/POLAR/TIMAS/K1/PT96S):
2026-02-02T16:45:24.603564Z ERROR hpde_io       First value = ['Earth.Magnetosphere', 'Earth.Magnetosphere.Polar', 'Earth.Magnetosphere.RadiationBelt', 'Earth.NearSurface', 'Earth.NearSurface.AuroralRegion', 'Earth.NearSurface.EquatorialRegion', 'Earth.NearSurface.Ionosphere', 'Earth.NearSurface.Plasmasphere', 'Earth.NearSurface.PolarCap', 'Heliosphere.Inner']
2026-02-02T16:45:24.603590Z ERROR hpde_io       This value  = ['Earth.Magnetosphere', 'Earth.Magnetosphere.Polar', 'Earth.Magnetosphere.RadiationBelt']
2026-02-02T16:45:24.603615Z ERROR hpde_io        Combining values.
2026-02-02T16:45:24.603647Z ERROR hpde_io   PO_LEVEL1_UVI (spase://VMO/NumericalData/POLAR/UVI/L1_CDF):
2026-02-02T16:45:24.603692Z ERROR hpde_io       First value = ['Earth.Magnetosphere', 'Earth.Magnetosphere.Polar', 'Earth.Magnetosphere.RadiationBelt', 'Earth.NearSurface', 'Earth.NearSurface.AuroralRegion', 'Earth.NearSurface.EquatorialRegion', 'Earth.NearSurface.Ionosphere', 'Earth.NearSurface.Plasmasphere', 'Earth.NearSurface.PolarCap', 'Heliosphere.Inner']
2026-02-02T16:45:24.603718Z ERROR hpde_io       This value  = ['Earth.NearSurface.Ionosphere']
2026-02-02T16:45:24.603742Z ERROR hpde_io        Combining values.
2026-02-02T16:45:24.603773Z ERROR hpde_io   PO_OR_DEF (spase://NASA/NumericalData/POLAR/Ephemeris/Definitive/PT1M):
2026-02-02T16:45:24.603818Z ERROR hpde_io       First value = ['Earth.Magnetosphere', 'Earth.Magnetosphere.Polar', 'Earth.Magnetosphere.RadiationBelt', 'Earth.NearSurface', 'Earth.NearSurface.AuroralRegion', 'Earth.NearSurface.EquatorialRegion', 'Earth.NearSurface.Ionosphere', 'Earth.NearSurface.Plasmasphere', 'Earth.NearSurface.PolarCap', 'Heliosphere.Inner']
2026-02-02T16:45:24.603843Z ERROR hpde_io       This value  = ['Earth.Magnetosphere', 'Earth.Magnetosphere.Polar', 'Earth.NearSurface', 'Earth.NearSurface.AuroralRegion', 'Earth.NearSurface.EquatorialRegion', 'Earth.NearSurface.Ionosphere', 'Earth.NearSurface.PolarCap']
2026-02-02T16:45:24.603868Z ERROR hpde_io        Combining values.
2026-02-02T16:45:24.603896Z ERROR hpde_io   PO_OR_PRE (spase://NASA/NumericalData/POLAR/Ephemeris/PT60S):
2026-02-02T16:45:24.603943Z ERROR hpde_io       First value = ['Earth.Magnetosphere', 'Earth.Magnetosphere.Polar', 'Earth.Magnetosphere.RadiationBelt', 'Earth.NearSurface', 'Earth.NearSurface.AuroralRegion', 'Earth.NearSurface.EquatorialRegion', 'Earth.NearSurface.Ionosphere', 'Earth.NearSurface.Plasmasphere', 'Earth.NearSurface.PolarCap', 'Heliosphere.Inner']
2026-02-02T16:45:24.603967Z ERROR hpde_io       This value  = ['Earth.Magnetosphere']
2026-02-02T16:45:24.603990Z ERROR hpde_io        Combining values.
2026-02-02T16:45:24.604020Z ERROR hpde_io   PO_PA_DEF (spase://NASA/NumericalData/POLAR/Ephemeris/Attitude/PT24H):
2026-02-02T16:45:24.604066Z ERROR hpde_io       First value = ['Earth.Magnetosphere', 'Earth.Magnetosphere.Polar', 'Earth.Magnetosphere.RadiationBelt', 'Earth.NearSurface', 'Earth.NearSurface.AuroralRegion', 'Earth.NearSurface.EquatorialRegion', 'Earth.NearSurface.Ionosphere', 'Earth.NearSurface.Plasmasphere', 'Earth.NearSurface.PolarCap', 'Heliosphere.Inner']
2026-02-02T16:45:24.604090Z ERROR hpde_io       This value  = ['Earth.Magnetosphere']
2026-02-02T16:45:24.604115Z ERROR hpde_io        Combining values.
2026-02-02T16:45:24.604145Z ERROR hpde_io   PO_VIS_EARTH-CAMERA-CALIBRATED (spase://VSPO/NumericalData/POLAR/VIS/EarthCameraCalibrated/PT4M):
2026-02-02T16:45:24.604196Z ERROR hpde_io       First value = ['Earth.Magnetosphere', 'Earth.Magnetosphere.Polar', 'Earth.Magnetosphere.RadiationBelt', 'Earth.NearSurface', 'Earth.NearSurface.AuroralRegion', 'Earth.NearSurface.EquatorialRegion', 'Earth.NearSurface.Ionosphere', 'Earth.NearSurface.Plasmasphere', 'Earth.NearSurface.PolarCap', 'Heliosphere.Inner']
2026-02-02T16:45:24.604223Z ERROR hpde_io       This value  = ['Earth.Magnetosphere', 'Earth.Magnetosphere.Polar', 'Earth.NearSurface', 'Earth.NearSurface.AuroralRegion', 'Earth.NearSurface.EquatorialRegion', 'Earth.NearSurface.Ionosphere', 'Earth.NearSurface.PolarCap']
2026-02-02T16:45:24.604247Z ERROR hpde_io        Combining values.
2026-02-02T16:45:24.604277Z ERROR hpde_io   PO_VIS_VISIBLE-IMAGER-CALIBRATED (spase://NASA/NumericalData/POLAR/VIS/VisibleImagerCalibrated/PT24S):
2026-02-02T16:45:24.604324Z ERROR hpde_io       First value = ['Earth.Magnetosphere', 'Earth.Magnetosphere.Polar', 'Earth.Magnetosphere.RadiationBelt', 'Earth.NearSurface', 'Earth.NearSurface.AuroralRegion', 'Earth.NearSurface.EquatorialRegion', 'Earth.NearSurface.Ionosphere', 'Earth.NearSurface.Plasmasphere', 'Earth.NearSurface.PolarCap', 'Heliosphere.Inner']
2026-02-02T16:45:24.604349Z ERROR hpde_io       This value  = ['Earth.Magnetosphere', 'Earth.Magnetosphere.Polar', 'Earth.NearSurface', 'Earth.NearSurface.AuroralRegion', 'Earth.NearSurface.EquatorialRegion', 'Earth.NearSurface.Ionosphere', 'Earth.NearSurface.PolarCap']
2026-02-02T16:45:24.604373Z ERROR hpde_io        Combining values.
2026-02-02T16:45:24.604736Z ERROR hpde_io   RBSP-A-RBSPICE_LEV-3-PAP_ESRHELT (spase://VSPO/NumericalData/RBSP/A/RBSPICE/L3/PAP/ESRHELT/PT10.9S):
2026-02-02T16:45:24.604779Z ERROR hpde_io       First value = ['Earth.Magnetosphere.Main', 'Earth.Magnetosphere.Plasmasphere', 'Earth.Magnetosphere.RadiationBelt', 'Earth.Magnetosphere.RingCurrent']
2026-02-02T16:45:24.604807Z ERROR hpde_io       This value  = ['Earth.Magnetosphere', 'Earth.Magnetosphere.Main', 'Earth.Magnetosphere.RadiationBelt', 'Earth.NearSurface.EquatorialRegion']
2026-02-02T16:45:24.604834Z ERROR hpde_io        Combining values.
2026-02-02T16:45:24.604865Z ERROR hpde_io   RBSP-A-RBSPICE_LEV-3-PAP_ESRLEHT (spase://NASA/NumericalData/RBSP/A/RBSPICE/L3/PAP/ESRLEHT/PT10.9S):
2026-02-02T16:45:24.604910Z ERROR hpde_io       First value = ['Earth.Magnetosphere', 'Earth.Magnetosphere.Main', 'Earth.Magnetosphere.Plasmasphere', 'Earth.Magnetosphere.RadiationBelt', 'Earth.Magnetosphere.RingCurrent', 'Earth.NearSurface.EquatorialRegion']
2026-02-02T16:45:24.604937Z ERROR hpde_io       This value  = ['Earth.Magnetosphere', 'Earth.Magnetosphere.Main', 'Earth.Magnetosphere.RadiationBelt', 'Earth.NearSurface.EquatorialRegion']
2026-02-02T16:45:24.604963Z ERROR hpde_io        Combining values.
2026-02-02T16:45:24.604996Z ERROR hpde_io   RBSP-A-RBSPICE_LEV-3-PAP_TOFXEH (spase://NASA/NumericalData/RBSP/A/RBSPICE/L3/PAP/TOFXEH/PT10.9S):
2026-02-02T16:45:24.605043Z ERROR hpde_io       First value = ['Earth.Magnetosphere', 'Earth.Magnetosphere.Main', 'Earth.Magnetosphere.Plasmasphere', 'Earth.Magnetosphere.RadiationBelt', 'Earth.Magnetosphere.RingCurrent', 'Earth.NearSurface.EquatorialRegion']
2026-02-02T16:45:24.605070Z ERROR hpde_io       This value  = ['Earth.Magnetosphere', 'Earth.Magnetosphere.Main', 'Earth.Magnetosphere.RadiationBelt', 'Earth.NearSurface.EquatorialRegion']
2026-02-02T16:45:24.605097Z ERROR hpde_io        Combining values.
2026-02-02T16:45:24.605126Z ERROR hpde_io   RBSP-A-RBSPICE_LEV-3-PAP_TOFXEHE (spase://NASA/NumericalData/RBSP/A/RBSPICE/L3/PAP/TOFXEHE/PT10.9S):
2026-02-02T16:45:24.605171Z ERROR hpde_io       First value = ['Earth.Magnetosphere', 'Earth.Magnetosphere.Main', 'Earth.Magnetosphere.Plasmasphere', 'Earth.Magnetosphere.RadiationBelt', 'Earth.Magnetosphere.RingCurrent', 'Earth.NearSurface.EquatorialRegion']
2026-02-02T16:45:24.605198Z ERROR hpde_io       This value  = ['Earth.Magnetosphere', 'Earth.Magnetosphere.Main', 'Earth.Magnetosphere.RadiationBelt', 'Earth.NearSurface.EquatorialRegion']
2026-02-02T16:45:24.605224Z ERROR hpde_io        Combining values.
2026-02-02T16:45:24.605255Z ERROR hpde_io   RBSP-A-RBSPICE_LEV-3-PAP_TOFXEHE-0 (spase://NASA/NumericalData/RBSP/A/RBSPICE/L3/PAP/TOFXEHE-0/PT10.9S):
2026-02-02T16:45:24.605301Z ERROR hpde_io       First value = ['Earth.Magnetosphere', 'Earth.Magnetosphere.Main', 'Earth.Magnetosphere.Plasmasphere', 'Earth.Magnetosphere.RadiationBelt', 'Earth.Magnetosphere.RingCurrent', 'Earth.NearSurface.EquatorialRegion']
2026-02-02T16:45:24.605327Z ERROR hpde_io       This value  = ['Earth.Magnetosphere', 'Earth.Magnetosphere.Main', 'Earth.Magnetosphere.RadiationBelt', 'Earth.NearSurface.EquatorialRegion']
2026-02-02T16:45:24.605350Z ERROR hpde_io        Combining values.
2026-02-02T16:45:24.605381Z ERROR hpde_io   RBSP-A-RBSPICE_LEV-3-PAP_TOFXEION (spase://NASA/NumericalData/RBSP/A/RBSPICE/L3/PAP/TOFXEION/PT10.9S):
2026-02-02T16:45:24.605427Z ERROR hpde_io       First value = ['Earth.Magnetosphere', 'Earth.Magnetosphere.Main', 'Earth.Magnetosphere.Plasmasphere', 'Earth.Magnetosphere.RadiationBelt', 'Earth.Magnetosphere.RingCurrent', 'Earth.NearSurface.EquatorialRegion']
2026-02-02T16:45:24.605454Z ERROR hpde_io       This value  = ['Earth.Magnetosphere', 'Earth.Magnetosphere.Main', 'Earth.Magnetosphere.RadiationBelt', 'Earth.NearSurface.EquatorialRegion']
2026-02-02T16:45:24.605479Z ERROR hpde_io        Combining values.
2026-02-02T16:45:24.605509Z ERROR hpde_io   RBSP-A-RBSPICE_LEV-3-PAP_TOFXEO (spase://VSPO/NumericalData/RBSP/A/RBSPICE/L3/PAP/TOFXEO/PT10.9S):
2026-02-02T16:45:24.605554Z ERROR hpde_io       First value = ['Earth.Magnetosphere', 'Earth.Magnetosphere.Main', 'Earth.Magnetosphere.Plasmasphere', 'Earth.Magnetosphere.RadiationBelt', 'Earth.Magnetosphere.RingCurrent', 'Earth.NearSurface.EquatorialRegion']
2026-02-02T16:45:24.605578Z ERROR hpde_io       This value  = ['Earth.Magnetosphere', 'Earth.Magnetosphere.Main', 'Earth.Magnetosphere.RadiationBelt', 'Earth.NearSurface.EquatorialRegion']
2026-02-02T16:45:24.605601Z ERROR hpde_io        Combining values.
2026-02-02T16:45:24.605632Z ERROR hpde_io   RBSP-A-RBSPICE_LEV-3-PAP_TOFXEO-0 (spase://NASA/NumericalData/RBSP/A/RBSPICE/L3/PAP/TOFXEO-0/PT10.9S):
2026-02-02T16:45:24.605679Z ERROR hpde_io       First value = ['Earth.Magnetosphere', 'Earth.Magnetosphere.Main', 'Earth.Magnetosphere.Plasmasphere', 'Earth.Magnetosphere.RadiationBelt', 'Earth.Magnetosphere.RingCurrent', 'Earth.NearSurface.EquatorialRegion']
2026-02-02T16:45:24.605705Z ERROR hpde_io       This value  = ['Earth.Magnetosphere', 'Earth.Magnetosphere.Main', 'Earth.Magnetosphere.RadiationBelt', 'Earth.NearSurface.EquatorialRegion']
2026-02-02T16:45:24.605729Z ERROR hpde_io        Combining values.
2026-02-02T16:45:24.605757Z ERROR hpde_io   RBSP-A-RBSPICE_LEV-3-PAP_TOFXPHHHELT (spase://VSPO/NumericalData/RBSP/A/RBSPICE/L3/PAP/TOFXPHHHELT/PT10.9S):
2026-02-02T16:45:24.605803Z ERROR hpde_io       First value = ['Earth.Magnetosphere', 'Earth.Magnetosphere.Main', 'Earth.Magnetosphere.Plasmasphere', 'Earth.Magnetosphere.RadiationBelt', 'Earth.Magnetosphere.RingCurrent', 'Earth.NearSurface.EquatorialRegion']
2026-02-02T16:45:24.605828Z ERROR hpde_io       This value  = ['Earth.Magnetosphere', 'Earth.Magnetosphere.Main', 'Earth.Magnetosphere.RadiationBelt', 'Earth.NearSurface.EquatorialRegion']
2026-02-02T16:45:24.605852Z ERROR hpde_io        Combining values.
2026-02-02T16:45:24.605881Z ERROR hpde_io   RBSP-A-RBSPICE_LEV-3-PAP_TOFXPHHLEHT (spase://VSPO/NumericalData/RBSP/A/RBSPICE/L3/PAP/TOFXPHHLEHT/PT10.9S):
2026-02-02T16:45:24.605928Z ERROR hpde_io       First value = ['Earth.Magnetosphere', 'Earth.Magnetosphere.Main', 'Earth.Magnetosphere.Plasmasphere', 'Earth.Magnetosphere.RadiationBelt', 'Earth.Magnetosphere.RingCurrent', 'Earth.NearSurface.EquatorialRegion']
2026-02-02T16:45:24.605953Z ERROR hpde_io       This value  = ['Earth.Magnetosphere', 'Earth.Magnetosphere.Main', 'Earth.Magnetosphere.RadiationBelt', 'Earth.NearSurface.EquatorialRegion']
2026-02-02T16:45:24.605979Z ERROR hpde_io        Combining values.
2026-02-02T16:45:24.606009Z ERROR hpde_io   RBSP-A-RBSPICE_LEV-3-PAP_TOFXPHOHELT (spase://VSPO/NumericalData/RBSP/A/RBSPICE/L3/PAP/TOFXPHOHELT/PT10.9S):
2026-02-02T16:45:24.606054Z ERROR hpde_io       First value = ['Earth.Magnetosphere', 'Earth.Magnetosphere.Main', 'Earth.Magnetosphere.Plasmasphere', 'Earth.Magnetosphere.RadiationBelt', 'Earth.Magnetosphere.RingCurrent', 'Earth.NearSurface.EquatorialRegion']
2026-02-02T16:45:24.606077Z ERROR hpde_io       This value  = ['Earth.Magnetosphere', 'Earth.Magnetosphere.Main', 'Earth.Magnetosphere.RadiationBelt', 'Earth.NearSurface.EquatorialRegion']
2026-02-02T16:45:24.606103Z ERROR hpde_io        Combining values.
2026-02-02T16:45:24.606133Z ERROR hpde_io   RBSP-A-RBSPICE_LEV-3-PAP_TOFXPHOLEHT (spase://VSPO/NumericalData/RBSP/A/RBSPICE/L3/PAP/TOFXPHOLEHT/PT10.9S):
2026-02-02T16:45:24.606180Z ERROR hpde_io       First value = ['Earth.Magnetosphere', 'Earth.Magnetosphere.Main', 'Earth.Magnetosphere.Plasmasphere', 'Earth.Magnetosphere.RadiationBelt', 'Earth.Magnetosphere.RingCurrent', 'Earth.NearSurface.EquatorialRegion']
2026-02-02T16:45:24.606205Z ERROR hpde_io       This value  = ['Earth.Magnetosphere', 'Earth.Magnetosphere.Main', 'Earth.Magnetosphere.RadiationBelt', 'Earth.NearSurface.EquatorialRegion']
2026-02-02T16:45:24.606228Z ERROR hpde_io        Combining values.
2026-02-02T16:45:24.606265Z ERROR hpde_io   RBSP-A-RBSPICE_LEV-3_TOFXEION (spase://NASA/NumericalData/RBSP/A/RBSPICE/L3/TOFXEION):
2026-02-02T16:45:24.606307Z ERROR hpde_io       First value = ['Earth.Magnetosphere', 'Earth.Magnetosphere.Main', 'Earth.Magnetosphere.Plasmasphere', 'Earth.Magnetosphere.RadiationBelt', 'Earth.Magnetosphere.RingCurrent', 'Earth.NearSurface.EquatorialRegion']
2026-02-02T16:45:24.606335Z ERROR hpde_io       This value  = ['Earth.Magnetosphere.Main', 'Earth.Magnetosphere.Plasmasphere', 'Earth.Magnetosphere.RadiationBelt', 'Earth.Magnetosphere.RingCurrent']
2026-02-02T16:45:24.606361Z ERROR hpde_io        Combining values.
2026-02-02T16:45:24.606392Z ERROR hpde_io   RBSP-A-RBSPICE_LEV-3_TOFXPHHLEHT (spase://NASA/NumericalData/RBSP/A/RBSPICE/L3/TOFXPHHLEHT):
2026-02-02T16:45:24.606437Z ERROR hpde_io       First value = ['Earth.Magnetosphere', 'Earth.Magnetosphere.Main', 'Earth.Magnetosphere.Plasmasphere', 'Earth.Magnetosphere.RadiationBelt', 'Earth.Magnetosphere.RingCurrent', 'Earth.NearSurface.EquatorialRegion']
2026-02-02T16:45:24.606464Z ERROR hpde_io       This value  = ['Earth.Magnetosphere.Main', 'Earth.Magnetosphere.Plasmasphere', 'Earth.Magnetosphere.RadiationBelt', 'Earth.Magnetosphere.RingCurrent']
2026-02-02T16:45:24.606491Z ERROR hpde_io        Combining values.
2026-02-02T16:45:24.606592Z ERROR hpde_io   RBSP-A_MAGNETOMETER_HIRES-GSE_EMFISIS-L3 (spase://NASA/NumericalData/RBSP/A/EMFISIS/MAGNETOMETER/L3/GSE/PT0.015625S):
2026-02-02T16:45:24.606637Z ERROR hpde_io       First value = ['Earth.Magnetosphere', 'Earth.Magnetosphere.Main', 'Earth.Magnetosphere.RadiationBelt', 'Earth.NearSurface.EquatorialRegion']
2026-02-02T16:45:24.606664Z ERROR hpde_io       This value  = ['Earth.Magnetosphere.Main', 'Earth.Magnetosphere.Plasmasphere', 'Earth.Magnetosphere.RadiationBelt', 'Earth.Magnetosphere.RingCurrent']
2026-02-02T16:45:24.606689Z ERROR hpde_io        Combining values.
2026-02-02T16:45:24.606724Z ERROR hpde_io   RBSP-A_MAGNETOMETER_UVW_EMFISIS-L2 (spase://NASA/NumericalData/RBSP/A/EMFISIS/MAGNETOMETER/L2/UVW):
2026-02-02T16:45:24.606769Z ERROR hpde_io       First value = ['Earth.Magnetosphere', 'Earth.Magnetosphere.Main', 'Earth.Magnetosphere.Plasmasphere', 'Earth.Magnetosphere.RadiationBelt', 'Earth.Magnetosphere.RingCurrent', 'Earth.NearSurface.EquatorialRegion']
2026-02-02T16:45:24.606795Z ERROR hpde_io       This value  = ['Earth.Magnetosphere.Main', 'Earth.Magnetosphere.Plasmasphere', 'Earth.Magnetosphere.RadiationBelt', 'Earth.Magnetosphere.RingCurrent']
2026-02-02T16:45:24.606817Z ERROR hpde_io        Combining values.
2026-02-02T16:45:24.606852Z ERROR hpde_io   RBSP-A_WFR-SPECTRAL-MATRIX_EMFISIS-L2 (spase://VSPO/NumericalData/RBSP/A/EMFISIS/WFR/L2/SPECTRAL-MATRIX/PT6S):
2026-02-02T16:45:24.606898Z ERROR hpde_io       First value = ['Earth.Magnetosphere', 'Earth.Magnetosphere.Main', 'Earth.Magnetosphere.Plasmasphere', 'Earth.Magnetosphere.RadiationBelt', 'Earth.Magnetosphere.RingCurrent', 'Earth.NearSurface.EquatorialRegion']
2026-02-02T16:45:24.606924Z ERROR hpde_io       This value  = ['Earth.Magnetosphere', 'Earth.Magnetosphere.Main', 'Earth.Magnetosphere.RadiationBelt', 'Earth.NearSurface.EquatorialRegion']
2026-02-02T16:45:24.606950Z ERROR hpde_io        Combining values.
2026-02-02T16:45:24.606977Z ERROR hpde_io   RBSP-A_WFR-WAVEFORM-CONTINUOUS-BURST_EMFISIS-L2 (spase://VSPO/NumericalData/RBSP/A/EMFISIS/WFR/L2/WaveformContinuousBurst/PT6S):
2026-02-02T16:45:24.607022Z ERROR hpde_io       First value = ['Earth.Magnetosphere', 'Earth.Magnetosphere.Main', 'Earth.Magnetosphere.Plasmasphere', 'Earth.Magnetosphere.RadiationBelt', 'Earth.Magnetosphere.RingCurrent', 'Earth.NearSurface.EquatorialRegion']
2026-02-02T16:45:24.607046Z ERROR hpde_io       This value  = ['Earth.Magnetosphere', 'Earth.Magnetosphere.Main', 'Earth.Magnetosphere.RadiationBelt', 'Earth.NearSurface.EquatorialRegion']
2026-02-02T16:45:24.607072Z ERROR hpde_io        Combining values.
2026-02-02T16:45:24.607104Z ERROR hpde_io   RBSP-A_WNA-SURVEY-SHEATH-CORRECTED-E_EMFISIS-L4 (spase://NASA/NumericalData/RBSP/A/EMFISIS/WFR/L4/WaveNormalAngle_Sheath-Corrected-E/PT6S):
2026-02-02T16:45:24.607149Z ERROR hpde_io       First value = ['Earth.Magnetosphere', 'Earth.Magnetosphere.Main', 'Earth.Magnetosphere.Plasmasphere', 'Earth.Magnetosphere.RadiationBelt', 'Earth.Magnetosphere.RingCurrent', 'Earth.NearSurface.EquatorialRegion']
2026-02-02T16:45:24.607176Z ERROR hpde_io       This value  = ['Earth.Magnetosphere', 'Earth.Magnetosphere.Main', 'Earth.Magnetosphere.Plasmasphere', 'Earth.Magnetosphere.RadiationBelt', 'Earth.Magnetosphere.RingCurrent', 'Earth.NearSurface.MidLatitudeRegion']
2026-02-02T16:45:24.607202Z ERROR hpde_io        Combining values.
2026-02-02T16:45:24.607297Z ERROR hpde_io   RBSP-B-RBSPICE_LEV-3-PAP_ESRHELT (spase://VSPO/NumericalData/RBSP/B/RBSPICE/L3/PAP/ESRHELT/PT10.9S):
2026-02-02T16:45:24.607341Z ERROR hpde_io       First value = ['Earth.Magnetosphere.Main', 'Earth.Magnetosphere.Plasmasphere', 'Earth.Magnetosphere.RadiationBelt', 'Earth.Magnetosphere.RingCurrent']
2026-02-02T16:45:24.607364Z ERROR hpde_io       This value  = ['Earth.Magnetosphere', 'Earth.Magnetosphere.Main', 'Earth.Magnetosphere.RadiationBelt', 'Earth.NearSurface.EquatorialRegion']
2026-02-02T16:45:24.607389Z ERROR hpde_io        Combining values.
2026-02-02T16:45:24.607420Z ERROR hpde_io   RBSP-B-RBSPICE_LEV-3-PAP_ESRLEHT (spase://NASA/NumericalData/RBSP/B/RBSPICE/L3/PAP/ESRLEHT/PT10.9S):
2026-02-02T16:45:24.607461Z ERROR hpde_io       First value = ['Earth.Magnetosphere', 'Earth.Magnetosphere.Main', 'Earth.Magnetosphere.Plasmasphere', 'Earth.Magnetosphere.RadiationBelt', 'Earth.Magnetosphere.RingCurrent', 'Earth.NearSurface.EquatorialRegion']
2026-02-02T16:45:24.607488Z ERROR hpde_io       This value  = ['Earth.Magnetosphere', 'Earth.Magnetosphere.Main', 'Earth.Magnetosphere.RadiationBelt', 'Earth.NearSurface.EquatorialRegion']
2026-02-02T16:45:24.607511Z ERROR hpde_io        Combining values.
2026-02-02T16:45:24.607540Z ERROR hpde_io   RBSP-B-RBSPICE_LEV-3-PAP_TOFXEH (spase://NASA/NumericalData/RBSP/B/RBSPICE/L3/PAP/TOFXEH/PT10.9S):
2026-02-02T16:45:24.607586Z ERROR hpde_io       First value = ['Earth.Magnetosphere', 'Earth.Magnetosphere.Main', 'Earth.Magnetosphere.Plasmasphere', 'Earth.Magnetosphere.RadiationBelt', 'Earth.Magnetosphere.RingCurrent', 'Earth.NearSurface.EquatorialRegion']
2026-02-02T16:45:24.607612Z ERROR hpde_io       This value  = ['Earth.Magnetosphere', 'Earth.Magnetosphere.Main', 'Earth.Magnetosphere.RadiationBelt', 'Earth.NearSurface.EquatorialRegion']
2026-02-02T16:45:24.607637Z ERROR hpde_io        Combining values.
2026-02-02T16:45:24.607668Z ERROR hpde_io   RBSP-B-RBSPICE_LEV-3-PAP_TOFXEHE (spase://NASA/NumericalData/RBSP/B/RBSPICE/L3/PAP/TOFXEHE/PT10.9S):
2026-02-02T16:45:24.607713Z ERROR hpde_io       First value = ['Earth.Magnetosphere', 'Earth.Magnetosphere.Main', 'Earth.Magnetosphere.Plasmasphere', 'Earth.Magnetosphere.RadiationBelt', 'Earth.Magnetosphere.RingCurrent', 'Earth.NearSurface.EquatorialRegion']
2026-02-02T16:45:24.607740Z ERROR hpde_io       This value  = ['Earth.Magnetosphere', 'Earth.Magnetosphere.Main', 'Earth.Magnetosphere.RadiationBelt', 'Earth.NearSurface.EquatorialRegion']
2026-02-02T16:45:24.607764Z ERROR hpde_io        Combining values.
2026-02-02T16:45:24.607794Z ERROR hpde_io   RBSP-B-RBSPICE_LEV-3-PAP_TOFXEHE-0 (spase://NASA/NumericalData/RBSP/B/RBSPICE/L3/PAP/TOFXEHE-0/PT10.9S):
2026-02-02T16:45:24.607838Z ERROR hpde_io       First value = ['Earth.Magnetosphere', 'Earth.Magnetosphere.Main', 'Earth.Magnetosphere.Plasmasphere', 'Earth.Magnetosphere.RadiationBelt', 'Earth.Magnetosphere.RingCurrent', 'Earth.NearSurface.EquatorialRegion']
2026-02-02T16:45:24.607864Z ERROR hpde_io       This value  = ['Earth.Magnetosphere', 'Earth.Magnetosphere.Main', 'Earth.Magnetosphere.RadiationBelt', 'Earth.NearSurface.EquatorialRegion']
2026-02-02T16:45:24.607888Z ERROR hpde_io        Combining values.
2026-02-02T16:45:24.607920Z ERROR hpde_io   RBSP-B-RBSPICE_LEV-3-PAP_TOFXEION (spase://NASA/NumericalData/RBSP/B/RBSPICE/L3/PAP/TOFXEION/PT10.9S):
2026-02-02T16:45:24.607964Z ERROR hpde_io       First value = ['Earth.Magnetosphere', 'Earth.Magnetosphere.Main', 'Earth.Magnetosphere.Plasmasphere', 'Earth.Magnetosphere.RadiationBelt', 'Earth.Magnetosphere.RingCurrent', 'Earth.NearSurface.EquatorialRegion']
2026-02-02T16:45:24.607990Z ERROR hpde_io       This value  = ['Earth.Magnetosphere', 'Earth.Magnetosphere.Main', 'Earth.Magnetosphere.RadiationBelt', 'Earth.NearSurface.EquatorialRegion']
2026-02-02T16:45:24.608014Z ERROR hpde_io        Combining values.
2026-02-02T16:45:24.608044Z ERROR hpde_io   RBSP-B-RBSPICE_LEV-3-PAP_TOFXEO (spase://VSPO/NumericalData/RBSP/B/RBSPICE/L3/PAP/TOFXEO/PT10.9S):
2026-02-02T16:45:24.608089Z ERROR hpde_io       First value = ['Earth.Magnetosphere', 'Earth.Magnetosphere.Main', 'Earth.Magnetosphere.Plasmasphere', 'Earth.Magnetosphere.RadiationBelt', 'Earth.Magnetosphere.RingCurrent', 'Earth.NearSurface.EquatorialRegion']
2026-02-02T16:45:24.608115Z ERROR hpde_io       This value  = ['Earth.Magnetosphere', 'Earth.Magnetosphere.Main', 'Earth.Magnetosphere.RadiationBelt', 'Earth.NearSurface.EquatorialRegion']
2026-02-02T16:45:24.608140Z ERROR hpde_io        Combining values.
2026-02-02T16:45:24.608170Z ERROR hpde_io   RBSP-B-RBSPICE_LEV-3-PAP_TOFXEO-0 (spase://NASA/NumericalData/RBSP/B/RBSPICE/L3/PAP/TOFXEO-0/PT10.9S):
2026-02-02T16:45:24.608216Z ERROR hpde_io       First value = ['Earth.Magnetosphere', 'Earth.Magnetosphere.Main', 'Earth.Magnetosphere.Plasmasphere', 'Earth.Magnetosphere.RadiationBelt', 'Earth.Magnetosphere.RingCurrent', 'Earth.NearSurface.EquatorialRegion']
2026-02-02T16:45:24.608239Z ERROR hpde_io       This value  = ['Earth.Magnetosphere', 'Earth.Magnetosphere.Main', 'Earth.Magnetosphere.RadiationBelt', 'Earth.NearSurface.EquatorialRegion']
2026-02-02T16:45:24.608264Z ERROR hpde_io        Combining values.
2026-02-02T16:45:24.608295Z ERROR hpde_io   RBSP-B-RBSPICE_LEV-3-PAP_TOFXPHHHELT (spase://VSPO/NumericalData/RBSP/B/RBSPICE/L3/PAP/TOFXPHHHELT/PT10.9S):
2026-02-02T16:45:24.608336Z ERROR hpde_io       First value = ['Earth.Magnetosphere', 'Earth.Magnetosphere.Main', 'Earth.Magnetosphere.Plasmasphere', 'Earth.Magnetosphere.RadiationBelt', 'Earth.Magnetosphere.RingCurrent', 'Earth.NearSurface.EquatorialRegion']
2026-02-02T16:45:24.608364Z ERROR hpde_io       This value  = ['Earth.Magnetosphere', 'Earth.Magnetosphere.Main', 'Earth.Magnetosphere.RadiationBelt', 'Earth.NearSurface.EquatorialRegion']
2026-02-02T16:45:24.608390Z ERROR hpde_io        Combining values.
2026-02-02T16:45:24.608416Z ERROR hpde_io   RBSP-B-RBSPICE_LEV-3-PAP_TOFXPHHLEHT (spase://VSPO/NumericalData/RBSP/B/RBSPICE/L3/PAP/TOFXPHHLEHT/PT10.9S):
2026-02-02T16:45:24.608458Z ERROR hpde_io       First value = ['Earth.Magnetosphere', 'Earth.Magnetosphere.Main', 'Earth.Magnetosphere.Plasmasphere', 'Earth.Magnetosphere.RadiationBelt', 'Earth.Magnetosphere.RingCurrent', 'Earth.NearSurface.EquatorialRegion']
2026-02-02T16:45:24.608486Z ERROR hpde_io       This value  = ['Earth.Magnetosphere', 'Earth.Magnetosphere.Main', 'Earth.Magnetosphere.RadiationBelt', 'Earth.NearSurface.EquatorialRegion']
2026-02-02T16:45:24.608511Z ERROR hpde_io        Combining values.
2026-02-02T16:45:24.608538Z ERROR hpde_io   RBSP-B-RBSPICE_LEV-3-PAP_TOFXPHOHELT (spase://VSPO/NumericalData/RBSP/B/RBSPICE/L3/PAP/TOFXPHOHELT/PT10.9S):
2026-02-02T16:45:24.608584Z ERROR hpde_io       First value = ['Earth.Magnetosphere', 'Earth.Magnetosphere.Main', 'Earth.Magnetosphere.Plasmasphere', 'Earth.Magnetosphere.RadiationBelt', 'Earth.Magnetosphere.RingCurrent', 'Earth.NearSurface.EquatorialRegion']
2026-02-02T16:45:24.608609Z ERROR hpde_io       This value  = ['Earth.Magnetosphere', 'Earth.Magnetosphere.Main', 'Earth.Magnetosphere.RadiationBelt', 'Earth.NearSurface.EquatorialRegion']
2026-02-02T16:45:24.608634Z ERROR hpde_io        Combining values.
2026-02-02T16:45:24.608664Z ERROR hpde_io   RBSP-B-RBSPICE_LEV-3-PAP_TOFXPHOLEHT (spase://VSPO/NumericalData/RBSP/B/RBSPICE/L3/PAP/TOFXPHOLEHT/PT10.9S):
2026-02-02T16:45:24.608711Z ERROR hpde_io       First value = ['Earth.Magnetosphere', 'Earth.Magnetosphere.Main', 'Earth.Magnetosphere.Plasmasphere', 'Earth.Magnetosphere.RadiationBelt', 'Earth.Magnetosphere.RingCurrent', 'Earth.NearSurface.EquatorialRegion']
2026-02-02T16:45:24.608737Z ERROR hpde_io       This value  = ['Earth.Magnetosphere', 'Earth.Magnetosphere.Main', 'Earth.Magnetosphere.RadiationBelt', 'Earth.NearSurface.EquatorialRegion']
2026-02-02T16:45:24.608762Z ERROR hpde_io        Combining values.
2026-02-02T16:45:24.608795Z ERROR hpde_io   RBSP-B-RBSPICE_LEV-3_ESRLEHT (spase://NASA/NumericalData/RBSP/B/RBSPICE/L3/ESRLEHT):
2026-02-02T16:45:24.608838Z ERROR hpde_io       First value = ['Earth.Magnetosphere', 'Earth.Magnetosphere.Main', 'Earth.Magnetosphere.Plasmasphere', 'Earth.Magnetosphere.RadiationBelt', 'Earth.Magnetosphere.RingCurrent', 'Earth.NearSurface.EquatorialRegion']
2026-02-02T16:45:24.608863Z ERROR hpde_io       This value  = ['Earth.Magnetosphere.Main', 'Earth.Magnetosphere.Plasmasphere', 'Earth.Magnetosphere.RadiationBelt', 'Earth.Magnetosphere.RingCurrent']
2026-02-02T16:45:24.608890Z ERROR hpde_io        Combining values.
2026-02-02T16:45:24.608926Z ERROR hpde_io   RBSP-B-RBSPICE_LEV-3_TOFXPHHHELT (spase://NASA/NumericalData/RBSP/B/RBSPICE/L3/TOFXPHHHELT):
2026-02-02T16:45:24.608970Z ERROR hpde_io       First value = ['Earth.Magnetosphere', 'Earth.Magnetosphere.Main', 'Earth.Magnetosphere.Plasmasphere', 'Earth.Magnetosphere.RadiationBelt', 'Earth.Magnetosphere.RingCurrent', 'Earth.NearSurface.EquatorialRegion']
2026-02-02T16:45:24.608996Z ERROR hpde_io       This value  = ['Earth.Magnetosphere.Main', 'Earth.Magnetosphere.Plasmasphere', 'Earth.Magnetosphere.RadiationBelt', 'Earth.Magnetosphere.RingCurrent']
2026-02-02T16:45:24.609023Z ERROR hpde_io        Combining values.
2026-02-02T16:45:24.609102Z ERROR hpde_io   RBSP-B_MAGNETOMETER_1SEC-GEO_EMFISIS-L3 (spase://NASA/NumericalData/RBSP/B/EMFISIS/MAGNETOMETER/L3/GEO/PT1S):
2026-02-02T16:45:24.609149Z ERROR hpde_io       First value = ['Earth.Magnetosphere', 'Earth.Magnetosphere.Main', 'Earth.Magnetosphere.RadiationBelt', 'Earth.NearSurface.EquatorialRegion']
2026-02-02T16:45:24.609173Z ERROR hpde_io       This value  = ['Earth.Magnetosphere.Main', 'Earth.Magnetosphere.Plasmasphere', 'Earth.Magnetosphere.RadiationBelt', 'Earth.Magnetosphere.RingCurrent']
2026-02-02T16:45:24.609199Z ERROR hpde_io        Combining values.
2026-02-02T16:45:24.609240Z ERROR hpde_io   RBSP-B_MAGNETOMETER_4SEC-GSM_EMFISIS-L3 (spase://NASA/NumericalData/RBSP/B/EMFISIS/MAGNETOMETER/L3/GSM/PT4S):
2026-02-02T16:45:24.609285Z ERROR hpde_io       First value = ['Earth.Magnetosphere', 'Earth.Magnetosphere.Main', 'Earth.Magnetosphere.Plasmasphere', 'Earth.Magnetosphere.RadiationBelt', 'Earth.Magnetosphere.RingCurrent', 'Earth.NearSurface.EquatorialRegion']
2026-02-02T16:45:24.609310Z ERROR hpde_io       This value  = ['Earth.Magnetosphere.Main', 'Earth.Magnetosphere.Plasmasphere', 'Earth.Magnetosphere.RadiationBelt', 'Earth.Magnetosphere.RingCurrent']
2026-02-02T16:45:24.609335Z ERROR hpde_io        Combining values.
2026-02-02T16:45:24.609367Z ERROR hpde_io   RBSP-B_MAGNETOMETER_HIRES-GEO_EMFISIS-L3 (spase://NASA/NumericalData/RBSP/B/EMFISIS/MAGNETOMETER/L3/GEO/PT0.015625S):
2026-02-02T16:45:24.609411Z ERROR hpde_io       First value = ['Earth.Magnetosphere', 'Earth.Magnetosphere.Main', 'Earth.Magnetosphere.Plasmasphere', 'Earth.Magnetosphere.RadiationBelt', 'Earth.Magnetosphere.RingCurrent', 'Earth.NearSurface.EquatorialRegion']
2026-02-02T16:45:24.609437Z ERROR hpde_io       This value  = ['Earth.Magnetosphere.Main', 'Earth.Magnetosphere.Plasmasphere', 'Earth.Magnetosphere.RadiationBelt', 'Earth.Magnetosphere.RingCurrent']
2026-02-02T16:45:24.609463Z ERROR hpde_io        Combining values.
2026-02-02T16:45:24.609512Z ERROR hpde_io   RBSP-B_WNA-SURVEY-SHEATH-CORRECTED-E_EMFISIS-L4 (spase://NASA/NumericalData/RBSP/B/EMFISIS/WFR/L4/WaveNormalAngle_Sheath-Corrected-E/PT6S):
2026-02-02T16:45:24.609554Z ERROR hpde_io       First value = ['Earth.Magnetosphere', 'Earth.Magnetosphere.Main', 'Earth.Magnetosphere.Plasmasphere', 'Earth.Magnetosphere.RadiationBelt', 'Earth.Magnetosphere.RingCurrent', 'Earth.NearSurface.EquatorialRegion']
2026-02-02T16:45:24.609580Z ERROR hpde_io       This value  = ['Earth.Magnetosphere', 'Earth.Magnetosphere.Main', 'Earth.Magnetosphere.Plasmasphere', 'Earth.Magnetosphere.RadiationBelt', 'Earth.Magnetosphere.RingCurrent', 'Earth.NearSurface.MidLatitudeRegion']
2026-02-02T16:45:24.609605Z ERROR hpde_io        Combining values.
2026-02-02T16:45:24.609688Z ERROR hpde_io   RBSPA_L2-1MIN_PSBR-RPS (spase://VSPO/NumericalData/RBSP/A/RPS/L2/PT1M):
2026-02-02T16:45:24.609733Z ERROR hpde_io       First value = ['Earth.Magnetosphere.Main', 'Earth.Magnetosphere.Plasmasphere', 'Earth.Magnetosphere.RadiationBelt', 'Earth.Magnetosphere.RingCurrent']
2026-02-02T16:45:24.609760Z ERROR hpde_io       This value  = ['Earth.Magnetosphere', 'Earth.Magnetosphere.Main', 'Earth.Magnetosphere.RadiationBelt', 'Earth.NearSurface.EquatorialRegion']
2026-02-02T16:45:24.609785Z ERROR hpde_io        Combining values.
2026-02-02T16:45:24.609820Z ERROR hpde_io   RBSPA_L2_PSBR-RPS (spase://NASA/NumericalData/RBSP/A/RPS/L2/PT0.058S):
2026-02-02T16:45:24.609863Z ERROR hpde_io       First value = ['Earth.Magnetosphere', 'Earth.Magnetosphere.Main', 'Earth.Magnetosphere.Plasmasphere', 'Earth.Magnetosphere.RadiationBelt', 'Earth.Magnetosphere.RingCurrent', 'Earth.NearSurface.EquatorialRegion']
2026-02-02T16:45:24.609888Z ERROR hpde_io       This value  = ['Earth.Magnetosphere', 'Earth.Magnetosphere.Main', 'Earth.Magnetosphere.RadiationBelt', 'Earth.NearSurface.EquatorialRegion']
2026-02-02T16:45:24.609910Z ERROR hpde_io        Combining values.
2026-02-02T16:45:24.609940Z ERROR hpde_io   RBSPA_REL03_ECT-MAGEIS-L2 (spase://VSPO/NumericalData/RBSP/A/ECT/MagEIS/L2/Sectors/Release03/PT10.9S):
2026-02-02T16:45:24.609983Z ERROR hpde_io       First value = ['Earth.Magnetosphere', 'Earth.Magnetosphere.Main', 'Earth.Magnetosphere.Plasmasphere', 'Earth.Magnetosphere.RadiationBelt', 'Earth.Magnetosphere.RingCurrent', 'Earth.NearSurface.EquatorialRegion']
2026-02-02T16:45:24.610009Z ERROR hpde_io       This value  = ['Earth.Magnetosphere', 'Earth.Magnetosphere.Main', 'Earth.Magnetosphere.RadiationBelt', 'Earth.NearSurface.EquatorialRegion']
2026-02-02T16:45:24.610035Z ERROR hpde_io        Combining values.
2026-02-02T16:45:24.610065Z ERROR hpde_io   RBSPA_REL03_ECT-REPT-SCI-L2 (spase://VSPO/NumericalData/RBSP/A/ECT/REPT/L2/Sectors/Release03/PT4.2S):
2026-02-02T16:45:24.610109Z ERROR hpde_io       First value = ['Earth.Magnetosphere', 'Earth.Magnetosphere.Main', 'Earth.Magnetosphere.Plasmasphere', 'Earth.Magnetosphere.RadiationBelt', 'Earth.Magnetosphere.RingCurrent', 'Earth.NearSurface.EquatorialRegion']
2026-02-02T16:45:24.610135Z ERROR hpde_io       This value  = ['Earth.Magnetosphere', 'Earth.Magnetosphere.Main', 'Earth.Magnetosphere.RadiationBelt', 'Earth.NearSurface.EquatorialRegion']
2026-02-02T16:45:24.610161Z ERROR hpde_io        Combining values.
2026-02-02T16:45:24.610189Z ERROR hpde_io   RBSPA_REL03_ECT-REPT-SCI-L3 (spase://NASA/NumericalData/RBSP/A/ECT/REPT/L3/Sectors/Release03/PT4.2S):
2026-02-02T16:45:24.610235Z ERROR hpde_io       First value = ['Earth.Magnetosphere', 'Earth.Magnetosphere.Main', 'Earth.Magnetosphere.Plasmasphere', 'Earth.Magnetosphere.RadiationBelt', 'Earth.Magnetosphere.RingCurrent', 'Earth.NearSurface.EquatorialRegion']
2026-02-02T16:45:24.610259Z ERROR hpde_io       This value  = ['Earth.Magnetosphere', 'Earth.Magnetosphere.Main', 'Earth.Magnetosphere.RadiationBelt', 'Earth.NearSurface.EquatorialRegion']
2026-02-02T16:45:24.610283Z ERROR hpde_io        Combining values.
2026-02-02T16:45:24.610311Z ERROR hpde_io   RBSPA_REL04_ECT-HOPE-MOM-L3 (spase://NASA/NumericalData/RBSP/A/ECT/HOPE/L3/Moments/Release04/PT24.35S):
2026-02-02T16:45:24.610356Z ERROR hpde_io       First value = ['Earth.Magnetosphere', 'Earth.Magnetosphere.Main', 'Earth.Magnetosphere.Plasmasphere', 'Earth.Magnetosphere.RadiationBelt', 'Earth.Magnetosphere.RingCurrent', 'Earth.NearSurface.EquatorialRegion']
2026-02-02T16:45:24.610380Z ERROR hpde_io       This value  = ['Earth.Magnetosphere', 'Earth.Magnetosphere.Main', 'Earth.Magnetosphere.RadiationBelt', 'Earth.NearSurface.EquatorialRegion']
2026-02-02T16:45:24.610405Z ERROR hpde_io        Combining values.
2026-02-02T16:45:24.610435Z ERROR hpde_io   RBSPA_REL04_ECT-HOPE-PA-L3 (spase://VSPO/NumericalData/RBSP/A/ECT/HOPE/L3/PitchAngle/Release04/PT11.35S):
2026-02-02T16:45:24.610481Z ERROR hpde_io       First value = ['Earth.Magnetosphere', 'Earth.Magnetosphere.Main', 'Earth.Magnetosphere.Plasmasphere', 'Earth.Magnetosphere.RadiationBelt', 'Earth.Magnetosphere.RingCurrent', 'Earth.NearSurface.EquatorialRegion']
2026-02-02T16:45:24.610507Z ERROR hpde_io       This value  = ['Earth.Magnetosphere', 'Earth.Magnetosphere.Main', 'Earth.Magnetosphere.RadiationBelt', 'Earth.NearSurface.EquatorialRegion']
2026-02-02T16:45:24.610532Z ERROR hpde_io        Combining values.
2026-02-02T16:45:24.610562Z ERROR hpde_io   RBSPA_REL04_ECT-HOPE-SCI-L2 (spase://NASA/NumericalData/RBSP/A/ECT/HOPE/L2/Sectors/Release04/PT24S):
2026-02-02T16:45:24.610605Z ERROR hpde_io       First value = ['Earth.Magnetosphere', 'Earth.Magnetosphere.Main', 'Earth.Magnetosphere.Plasmasphere', 'Earth.Magnetosphere.RadiationBelt', 'Earth.Magnetosphere.RingCurrent', 'Earth.NearSurface.EquatorialRegion']
2026-02-02T16:45:24.610630Z ERROR hpde_io       This value  = ['Earth.Magnetosphere.Main', 'Earth.Magnetosphere.Plasmasphere', 'Earth.Magnetosphere.RadiationBelt', 'Earth.Magnetosphere.RingCurrent']
2026-02-02T16:45:24.610655Z ERROR hpde_io        Combining values.
2026-02-02T16:45:24.610686Z ERROR hpde_io   RBSPA_REL04_ECT-HOPE-SCI-L2SA (spase://VSPO/NumericalData/RBSP/A/ECT/HOPE/L2/SpinAverage/Release04/PT24S):
2026-02-02T16:45:24.610731Z ERROR hpde_io       First value = ['Earth.Magnetosphere', 'Earth.Magnetosphere.Main', 'Earth.Magnetosphere.Plasmasphere', 'Earth.Magnetosphere.RadiationBelt', 'Earth.Magnetosphere.RingCurrent', 'Earth.NearSurface.EquatorialRegion']
2026-02-02T16:45:24.610757Z ERROR hpde_io       This value  = ['Earth.Magnetosphere', 'Earth.Magnetosphere.Main', 'Earth.Magnetosphere.RadiationBelt', 'Earth.NearSurface.EquatorialRegion']
2026-02-02T16:45:24.610782Z ERROR hpde_io        Combining values.
2026-02-02T16:45:24.610812Z ERROR hpde_io   RBSPA_REL04_ECT-MAGEIS-L3 (spase://NASA/NumericalData/RBSP/A/ECT/MagEIS/L3/Sectors/Release04/PT10.9S):
2026-02-02T16:45:24.610858Z ERROR hpde_io       First value = ['Earth.Magnetosphere', 'Earth.Magnetosphere.Main', 'Earth.Magnetosphere.Plasmasphere', 'Earth.Magnetosphere.RadiationBelt', 'Earth.Magnetosphere.RingCurrent', 'Earth.NearSurface.EquatorialRegion']
2026-02-02T16:45:24.610882Z ERROR hpde_io       This value  = ['Earth.Magnetosphere', 'Earth.Magnetosphere.Main', 'Earth.Magnetosphere.RadiationBelt', 'Earth.NearSurface.EquatorialRegion']
2026-02-02T16:45:24.610906Z ERROR hpde_io        Combining values.
2026-02-02T16:45:24.610988Z ERROR hpde_io   RBSPB_L2-1MIN_PSBR-RPS (spase://NASA/NumericalData/RBSP/B/RPS/L2/PT1M):
2026-02-02T16:45:24.611032Z ERROR hpde_io       First value = ['Earth.Magnetosphere.Main', 'Earth.Magnetosphere.Plasmasphere', 'Earth.Magnetosphere.RadiationBelt', 'Earth.Magnetosphere.RingCurrent']
2026-02-02T16:45:24.611059Z ERROR hpde_io       This value  = ['Earth.Magnetosphere', 'Earth.Magnetosphere.Main', 'Earth.Magnetosphere.RadiationBelt', 'Earth.NearSurface.EquatorialRegion']
2026-02-02T16:45:24.611082Z ERROR hpde_io        Combining values.
2026-02-02T16:45:24.611113Z ERROR hpde_io   RBSPB_L2_PSBR-RPS (spase://VSPO/NumericalData/RBSP/B/RPS/L2/PT0.058S):
2026-02-02T16:45:24.611156Z ERROR hpde_io       First value = ['Earth.Magnetosphere', 'Earth.Magnetosphere.Main', 'Earth.Magnetosphere.Plasmasphere', 'Earth.Magnetosphere.RadiationBelt', 'Earth.Magnetosphere.RingCurrent', 'Earth.NearSurface.EquatorialRegion']
2026-02-02T16:45:24.611182Z ERROR hpde_io       This value  = ['Earth.Magnetosphere', 'Earth.Magnetosphere.Main', 'Earth.Magnetosphere.RadiationBelt', 'Earth.NearSurface.EquatorialRegion']
2026-02-02T16:45:24.611207Z ERROR hpde_io        Combining values.
2026-02-02T16:45:24.611237Z ERROR hpde_io   RBSPB_REL03_ECT-MAGEIS-L2 (spase://NASA/NumericalData/RBSP/B/ECT/MagEIS/L2/Sectors/Release03/PT10.9S):
2026-02-02T16:45:24.611282Z ERROR hpde_io       First value = ['Earth.Magnetosphere', 'Earth.Magnetosphere.Main', 'Earth.Magnetosphere.Plasmasphere', 'Earth.Magnetosphere.RadiationBelt', 'Earth.Magnetosphere.RingCurrent', 'Earth.NearSurface.EquatorialRegion']
2026-02-02T16:45:24.611309Z ERROR hpde_io       This value  = ['Earth.Magnetosphere', 'Earth.Magnetosphere.Main', 'Earth.Magnetosphere.RadiationBelt', 'Earth.NearSurface.EquatorialRegion']
2026-02-02T16:45:24.611334Z ERROR hpde_io        Combining values.
2026-02-02T16:45:24.611362Z ERROR hpde_io   RBSPB_REL03_ECT-REPT-SCI-L2 (spase://NASA/NumericalData/RBSP/B/ECT/REPT/L2/Sectors/Release03/PT4.2S):
2026-02-02T16:45:24.611407Z ERROR hpde_io       First value = ['Earth.Magnetosphere', 'Earth.Magnetosphere.Main', 'Earth.Magnetosphere.Plasmasphere', 'Earth.Magnetosphere.RadiationBelt', 'Earth.Magnetosphere.RingCurrent', 'Earth.NearSurface.EquatorialRegion']
2026-02-02T16:45:24.611431Z ERROR hpde_io       This value  = ['Earth.Magnetosphere', 'Earth.Magnetosphere.Main', 'Earth.Magnetosphere.RadiationBelt', 'Earth.NearSurface.EquatorialRegion']
2026-02-02T16:45:24.611456Z ERROR hpde_io        Combining values.
2026-02-02T16:45:24.611483Z ERROR hpde_io   RBSPB_REL03_ECT-REPT-SCI-L3 (spase://VSPO/NumericalData/RBSP/B/ECT/REPT/L3/Sectors/Release03/PT4.2S):
2026-02-02T16:45:24.611528Z ERROR hpde_io       First value = ['Earth.Magnetosphere', 'Earth.Magnetosphere.Main', 'Earth.Magnetosphere.Plasmasphere', 'Earth.Magnetosphere.RadiationBelt', 'Earth.Magnetosphere.RingCurrent', 'Earth.NearSurface.EquatorialRegion']
2026-02-02T16:45:24.611553Z ERROR hpde_io       This value  = ['Earth.Magnetosphere', 'Earth.Magnetosphere.Main', 'Earth.Magnetosphere.RadiationBelt', 'Earth.NearSurface.EquatorialRegion']
2026-02-02T16:45:24.611578Z ERROR hpde_io        Combining values.
2026-02-02T16:45:24.611606Z ERROR hpde_io   RBSPB_REL04_ECT-HOPE-MOM-L3 (spase://VSPO/NumericalData/RBSP/B/ECT/HOPE/L3/Moments/Release04/PT24.35S):
2026-02-02T16:45:24.611651Z ERROR hpde_io       First value = ['Earth.Magnetosphere', 'Earth.Magnetosphere.Main', 'Earth.Magnetosphere.Plasmasphere', 'Earth.Magnetosphere.RadiationBelt', 'Earth.Magnetosphere.RingCurrent', 'Earth.NearSurface.EquatorialRegion']
2026-02-02T16:45:24.611677Z ERROR hpde_io       This value  = ['Earth.Magnetosphere', 'Earth.Magnetosphere.Main', 'Earth.Magnetosphere.RadiationBelt', 'Earth.NearSurface.EquatorialRegion']
2026-02-02T16:45:24.611703Z ERROR hpde_io        Combining values.
2026-02-02T16:45:24.611733Z ERROR hpde_io   RBSPB_REL04_ECT-HOPE-PA-L3 (spase://NASA/NumericalData/RBSP/B/ECT/HOPE/L3/PitchAngle/Release04/PT11.35S):
2026-02-02T16:45:24.611777Z ERROR hpde_io       First value = ['Earth.Magnetosphere', 'Earth.Magnetosphere.Main', 'Earth.Magnetosphere.Plasmasphere', 'Earth.Magnetosphere.RadiationBelt', 'Earth.Magnetosphere.RingCurrent', 'Earth.NearSurface.EquatorialRegion']
2026-02-02T16:45:24.611803Z ERROR hpde_io       This value  = ['Earth.Magnetosphere', 'Earth.Magnetosphere.Main', 'Earth.Magnetosphere.RadiationBelt', 'Earth.NearSurface.EquatorialRegion']
2026-02-02T16:45:24.611828Z ERROR hpde_io        Combining values.
2026-02-02T16:45:24.611860Z ERROR hpde_io   RBSPB_REL04_ECT-HOPE-SCI-L2SA (spase://NASA/NumericalData/RBSP/B/ECT/HOPE/L2/SpinAverage/Release04/PT24S):
2026-02-02T16:45:24.611904Z ERROR hpde_io       First value = ['Earth.Magnetosphere', 'Earth.Magnetosphere.Main', 'Earth.Magnetosphere.Plasmasphere', 'Earth.Magnetosphere.RadiationBelt', 'Earth.Magnetosphere.RingCurrent', 'Earth.NearSurface.EquatorialRegion']
2026-02-02T16:45:24.611930Z ERROR hpde_io       This value  = ['Earth.Magnetosphere', 'Earth.Magnetosphere.Main', 'Earth.Magnetosphere.RadiationBelt', 'Earth.NearSurface.EquatorialRegion']
2026-02-02T16:45:24.611955Z ERROR hpde_io        Combining values.
2026-02-02T16:45:24.611986Z ERROR hpde_io   RBSPB_REL04_ECT-MAGEIS-L3 (spase://VSPO/NumericalData/RBSP/B/ECT/MagEIS/L3/Sectors/Release04/PT10.9S):
2026-02-02T16:45:24.612035Z ERROR hpde_io       First value = ['Earth.Magnetosphere', 'Earth.Magnetosphere.Main', 'Earth.Magnetosphere.Plasmasphere', 'Earth.Magnetosphere.RadiationBelt', 'Earth.Magnetosphere.RingCurrent', 'Earth.NearSurface.EquatorialRegion']
2026-02-02T16:45:24.612060Z ERROR hpde_io       This value  = ['Earth.Magnetosphere', 'Earth.Magnetosphere.Main', 'Earth.Magnetosphere.RadiationBelt', 'Earth.NearSurface.EquatorialRegion']
2026-02-02T16:45:24.612086Z ERROR hpde_io        Combining values.
2026-02-02T16:45:24.612243Z ERROR hpde_io   RENU2_H0_UVPMT (spase://NASA/NumericalData/RENU2/UVPMT/PT0.042S):
2026-02-02T16:45:24.612285Z ERROR hpde_io       First value = ['Earth.NearSurface.AuroralRegion', 'Earth.NearSurface.Ionosphere', 'Earth.NearSurface.Ionosphere.DRegion', 'Earth.NearSurface.Ionosphere.ERegion', 'Earth.NearSurface.Ionosphere.FRegion', 'Earth.NearSurface.Ionosphere.Topside', 'Earth.NearSurface.PolarCap', 'Earth.NearSurface.Thermosphere']
2026-02-02T16:45:24.612314Z ERROR hpde_io       This value  = ['Earth.NearSurface.AuroralRegion', 'Earth.NearSurface.Ionosphere']
2026-02-02T16:45:24.612342Z ERROR hpde_io        Combining values.
2026-02-02T16:45:24.612588Z ERROR hpde_io   SE_K0_MAG (spase://VSPO/NumericalData/SESAME/KeyParameters/MAG/PT60S):
2026-02-02T16:45:24.612631Z ERROR hpde_io       First value = ['Earth.NearSurface.Ionosphere']
2026-02-02T16:45:24.612656Z ERROR hpde_io       This value  = ['Earth.Magnetosphere']
2026-02-02T16:45:24.612681Z ERROR hpde_io        Combining values.
2026-02-02T16:45:24.612712Z ERROR hpde_io   SE_K0_RIO (spase://NASA/NumericalData/SESAME/KeyParameters/RIO/PT60S):
2026-02-02T16:45:24.612757Z ERROR hpde_io       First value = ['Earth.Magnetosphere', 'Earth.NearSurface.Ionosphere']
2026-02-02T16:45:24.612782Z ERROR hpde_io       This value  = ['Earth.NearSurface.Ionosphere']
2026-02-02T16:45:24.612808Z ERROR hpde_io        Combining values.
2026-02-02T16:45:24.612838Z ERROR hpde_io   SE_K0_VLF (spase://NASA/NumericalData/SESAME/KeyParameters/VLF-ELF/PT60S):
2026-02-02T16:45:24.612881Z ERROR hpde_io       First value = ['Earth.Magnetosphere', 'Earth.NearSurface.Ionosphere']
2026-02-02T16:45:24.612907Z ERROR hpde_io       This value  = ['Earth.NearSurface.Ionosphere']
2026-02-02T16:45:24.612929Z ERROR hpde_io        Combining values.
2026-02-02T16:45:24.613243Z ERROR hpde_io   SO_K0_CEL (spase://VSPO/NumericalData/SOHO/CELIAS/KP/PT5M):
2026-02-02T16:45:24.613288Z ERROR hpde_io       First value = ['Heliosphere', 'Heliosphere.Inner', 'Heliosphere.NearEarth']
2026-02-02T16:45:24.613315Z ERROR hpde_io       This value  = ['Heliosphere.NearEarth']
2026-02-02T16:45:24.613339Z ERROR hpde_io        Combining values.
2026-02-02T16:45:24.613365Z ERROR hpde_io   SO_K0_CST (spase://VEPO/NumericalData/SOHO/COSTEP/KP/PT5M):
2026-02-02T16:45:24.613413Z ERROR hpde_io       First value = ['Heliosphere', 'Heliosphere.Inner', 'Heliosphere.NearEarth']
2026-02-02T16:45:24.613437Z ERROR hpde_io       This value  = ['Heliosphere.NearEarth']
2026-02-02T16:45:24.613463Z ERROR hpde_io        Combining values.
2026-02-02T16:45:24.613492Z ERROR hpde_io   SO_K0_ERN (spase://ESA/NumericalData/SOHO/ERNE/KP/PT128S):
2026-02-02T16:45:24.613535Z ERROR hpde_io       First value = ['Heliosphere', 'Heliosphere.Inner', 'Heliosphere.NearEarth']
2026-02-02T16:45:24.613562Z ERROR hpde_io       This value  = ['Heliosphere.NearEarth']
2026-02-02T16:45:24.613589Z ERROR hpde_io        Combining values.
2026-02-02T16:45:24.614100Z ERROR hpde_io   THA_L2_ESA (spase://VSPO/NumericalData/THEMIS/A/ESA/PT3S):
2026-02-02T16:45:24.614143Z ERROR hpde_io       First value = ['Earth.Magnetosheath', 'Earth.Magnetosphere', 'Earth.Magnetosphere.Magnetotail', 'Earth.Magnetosphere.Main', 'Earth.Magnetosphere.RadiationBelt', 'Heliosphere.NearEarth']
2026-02-02T16:45:24.614171Z ERROR hpde_io       This value  = ['Earth.Magnetosheath', 'Earth.Magnetosphere.Magnetotail', 'Earth.Magnetosphere.Main', 'Heliosphere.NearEarth']
2026-02-02T16:45:24.614198Z ERROR hpde_io        Combining values.
2026-02-02T16:45:24.614230Z ERROR hpde_io   THA_L2_FBK (spase://NASA/NumericalData/THEMIS/A/FBK/PT4S):
2026-02-02T16:45:24.614274Z ERROR hpde_io       First value = ['Earth.Magnetosheath', 'Earth.Magnetosphere', 'Earth.Magnetosphere.Magnetotail', 'Earth.Magnetosphere.Main', 'Earth.Magnetosphere.RadiationBelt', 'Heliosphere.NearEarth']
2026-02-02T16:45:24.614299Z ERROR hpde_io       This value  = ['Earth.Magnetosheath', 'Earth.Magnetosphere.Magnetotail', 'Earth.Magnetosphere.Main', 'Earth.Magnetosphere.Plasmasphere', 'Earth.Magnetosphere.RadiationBelt', 'Heliosphere.NearEarth', 'Heliosphere.NearEarth']
2026-02-02T16:45:24.614324Z ERROR hpde_io        Combining values.
2026-02-02T16:45:24.614355Z ERROR hpde_io   THA_L2_FGM (spase://VMO/NumericalData/THEMIS/A/FGM/PT0.0078125S):
2026-02-02T16:45:24.614399Z ERROR hpde_io       First value = ['Earth.Magnetosheath', 'Earth.Magnetosphere', 'Earth.Magnetosphere.Magnetotail', 'Earth.Magnetosphere.Main', 'Earth.Magnetosphere.Plasmasphere', 'Earth.Magnetosphere.RadiationBelt', 'Heliosphere.NearEarth']
2026-02-02T16:45:24.614425Z ERROR hpde_io       This value  = ['Earth.Magnetosheath', 'Earth.Magnetosphere.Magnetotail', 'Earth.Magnetosphere.Main', 'Heliosphere.NearEarth']
2026-02-02T16:45:24.614452Z ERROR hpde_io        Combining values.
2026-02-02T16:45:24.614482Z ERROR hpde_io   THA_L2_FIT (spase://VMO/NumericalData/THEMIS/A/Fits/PT3S):
2026-02-02T16:45:24.614529Z ERROR hpde_io       First value = ['Earth.Magnetosheath', 'Earth.Magnetosphere', 'Earth.Magnetosphere.Magnetotail', 'Earth.Magnetosphere.Main', 'Earth.Magnetosphere.Plasmasphere', 'Earth.Magnetosphere.RadiationBelt', 'Heliosphere.NearEarth']
2026-02-02T16:45:24.614554Z ERROR hpde_io       This value  = ['Earth.Magnetosheath', 'Earth.Magnetosphere.Magnetotail', 'Earth.Magnetosphere.Main', 'Heliosphere.NearEarth']
2026-02-02T16:45:24.614580Z ERROR hpde_io        Combining values.
2026-02-02T16:45:24.614613Z ERROR hpde_io   THA_L2_MOM (spase://VMO/NumericalData/THEMIS/A/MOM/PT3S):
2026-02-02T16:45:24.614657Z ERROR hpde_io       First value = ['Earth.Magnetosheath', 'Earth.Magnetosphere', 'Earth.Magnetosphere.Magnetotail', 'Earth.Magnetosphere.Main', 'Earth.Magnetosphere.Plasmasphere', 'Earth.Magnetosphere.RadiationBelt', 'Heliosphere.NearEarth']
2026-02-02T16:45:24.614681Z ERROR hpde_io       This value  = ['Earth.Magnetosheath', 'Earth.Magnetosphere.Magnetotail', 'Earth.Magnetosphere.Main', 'Heliosphere.NearEarth']
2026-02-02T16:45:24.614708Z ERROR hpde_io        Combining values.
2026-02-02T16:45:24.614737Z ERROR hpde_io   THA_L2_SCM (spase://VSPO/NumericalData/THEMIS/A/SCM/PT0.125S):
2026-02-02T16:45:24.614779Z ERROR hpde_io       First value = ['Earth.Magnetosheath', 'Earth.Magnetosphere', 'Earth.Magnetosphere.Magnetotail', 'Earth.Magnetosphere.Main', 'Earth.Magnetosphere.Plasmasphere', 'Earth.Magnetosphere.RadiationBelt', 'Heliosphere.NearEarth']
2026-02-02T16:45:24.614806Z ERROR hpde_io       This value  = ['Earth.Magnetosheath', 'Earth.Magnetosphere.Magnetotail', 'Earth.Magnetosphere.Main', 'Heliosphere.NearEarth']
2026-02-02T16:45:24.614833Z ERROR hpde_io        Combining values.
2026-02-02T16:45:24.614911Z ERROR hpde_io   THB_L1_STATE (spase://NASA/NumericalData/THEMIS/B/Ephemeris/PT01M):
2026-02-02T16:45:24.614957Z ERROR hpde_io       First value = ['Earth.Magnetosheath', 'Earth.Magnetosphere.Magnetotail', 'Earth.Magnetosphere.Main', 'Earth.Magnetosphere.Plasmasphere', 'Earth.Magnetosphere.RadiationBelt', 'Earth.Moon', 'Heliosphere.NearEarth', 'Heliosphere.NearEarth']
2026-02-02T16:45:24.614982Z ERROR hpde_io       This value  = ['Earth.Magnetosheath', 'Earth.Magnetosphere', 'Earth.Magnetosphere.Magnetotail', 'Earth.Magnetosphere.Main', 'Earth.Magnetosphere.RadiationBelt', 'Heliosphere.NearEarth']
2026-02-02T16:45:24.615008Z ERROR hpde_io        Combining values.
2026-02-02T16:45:24.615039Z ERROR hpde_io   THB_L2_EFI (spase://VSPO/NumericalData/THEMIS/B/EFI/PT3S):
2026-02-02T16:45:24.615085Z ERROR hpde_io       First value = ['Earth.Magnetosheath', 'Earth.Magnetosphere', 'Earth.Magnetosphere.Magnetotail', 'Earth.Magnetosphere.Main', 'Earth.Magnetosphere.Plasmasphere', 'Earth.Magnetosphere.RadiationBelt', 'Earth.Moon', 'Heliosphere.NearEarth']
2026-02-02T16:45:24.615118Z ERROR hpde_io       This value  = ['Earth.Magnetosheath', 'Earth.Magnetosphere', 'Earth.Magnetosphere.Magnetotail', 'Earth.Magnetosphere.Main', 'Earth.Magnetosphere.RadiationBelt', 'Heliosphere.NearEarth']
2026-02-02T16:45:24.615146Z ERROR hpde_io        Combining values.
2026-02-02T16:45:24.615176Z ERROR hpde_io   THB_L2_ESA (spase://VSPO/NumericalData/THEMIS/B/ESA/PT3S):
2026-02-02T16:45:24.615224Z ERROR hpde_io       First value = ['Earth.Magnetosheath', 'Earth.Magnetosphere', 'Earth.Magnetosphere.Magnetotail', 'Earth.Magnetosphere.Main', 'Earth.Magnetosphere.Plasmasphere', 'Earth.Magnetosphere.RadiationBelt', 'Earth.Moon', 'Heliosphere.NearEarth']
2026-02-02T16:45:24.615249Z ERROR hpde_io       This value  = ['Earth.Magnetosheath', 'Earth.Magnetosphere.Magnetotail', 'Earth.Magnetosphere.Main', 'Heliosphere.NearEarth']
2026-02-02T16:45:24.615273Z ERROR hpde_io        Combining values.
2026-02-02T16:45:24.615307Z ERROR hpde_io   THB_L2_FGM (spase://VMO/NumericalData/THEMIS/B/FGM/PT0.0078125S):
2026-02-02T16:45:24.615352Z ERROR hpde_io       First value = ['Earth.Magnetosheath', 'Earth.Magnetosphere', 'Earth.Magnetosphere.Magnetotail', 'Earth.Magnetosphere.Main', 'Earth.Magnetosphere.Plasmasphere', 'Earth.Magnetosphere.RadiationBelt', 'Earth.Moon', 'Heliosphere.NearEarth']
2026-02-02T16:45:24.615383Z ERROR hpde_io       This value  = ['Earth.Magnetosheath', 'Earth.Magnetosphere.Magnetotail', 'Earth.Magnetosphere.Main', 'Heliosphere.NearEarth']
2026-02-02T16:45:24.615421Z ERROR hpde_io        Combining values.
2026-02-02T16:45:24.615450Z ERROR hpde_io   THB_L2_FIT (spase://VMO/NumericalData/THEMIS/B/Fits/PT3S):
2026-02-02T16:45:24.615493Z ERROR hpde_io       First value = ['Earth.Magnetosheath', 'Earth.Magnetosphere', 'Earth.Magnetosphere.Magnetotail', 'Earth.Magnetosphere.Main', 'Earth.Magnetosphere.Plasmasphere', 'Earth.Magnetosphere.RadiationBelt', 'Earth.Moon', 'Heliosphere.NearEarth']
2026-02-02T16:45:24.615521Z ERROR hpde_io       This value  = ['Earth.Magnetosheath', 'Earth.Magnetosphere.Magnetotail', 'Earth.Magnetosphere.Main', 'Heliosphere.NearEarth']
2026-02-02T16:45:24.615548Z ERROR hpde_io        Combining values.
2026-02-02T16:45:24.615576Z ERROR hpde_io   THB_L2_GMOM (spase://NASA/NumericalData/THEMIS/B/GMOM/PT3S):
2026-02-02T16:45:24.615620Z ERROR hpde_io       First value = ['Earth.Magnetosheath', 'Earth.Magnetosphere', 'Earth.Magnetosphere.Magnetotail', 'Earth.Magnetosphere.Main', 'Earth.Magnetosphere.Plasmasphere', 'Earth.Magnetosphere.RadiationBelt', 'Earth.Moon', 'Heliosphere.NearEarth']
2026-02-02T16:45:24.615649Z ERROR hpde_io       This value  = ['Earth.Magnetosheath', 'Earth.Magnetosphere.Magnetotail', 'Earth.Magnetosphere.Main', 'Earth.Magnetosphere.Plasmasphere', 'Earth.Magnetosphere.RadiationBelt', 'Earth.Moon', 'Heliosphere.NearEarth', 'Heliosphere.NearEarth']
2026-02-02T16:45:24.615677Z ERROR hpde_io        Combining values.
2026-02-02T16:45:24.615707Z ERROR hpde_io   THB_L2_MERGED (spase://NASA/NumericalData/THEMIS/B/ESA.FGM/PT96S):
2026-02-02T16:45:24.615752Z ERROR hpde_io       First value = ['Earth.Magnetosheath', 'Earth.Magnetosphere', 'Earth.Magnetosphere.Magnetotail', 'Earth.Magnetosphere.Main', 'Earth.Magnetosphere.Plasmasphere', 'Earth.Magnetosphere.RadiationBelt', 'Earth.Moon', 'Heliosphere.NearEarth']
2026-02-02T16:45:24.615787Z ERROR hpde_io       This value  = ['Earth.Magnetosheath', 'Earth.Magnetosphere.Magnetotail', 'Heliosphere.NearEarth']
2026-02-02T16:45:24.615814Z ERROR hpde_io        Combining values.
2026-02-02T16:45:24.615844Z ERROR hpde_io   THB_L2_MOM (spase://VMO/NumericalData/THEMIS/B/MOM/PT3S):
2026-02-02T16:45:24.615887Z ERROR hpde_io       First value = ['Earth.Magnetosheath', 'Earth.Magnetosphere', 'Earth.Magnetosphere.Magnetotail', 'Earth.Magnetosphere.Main', 'Earth.Magnetosphere.Plasmasphere', 'Earth.Magnetosphere.RadiationBelt', 'Earth.Moon', 'Heliosphere.NearEarth']
2026-02-02T16:45:24.615916Z ERROR hpde_io       This value  = ['Earth.Magnetosheath', 'Earth.Magnetosphere.Magnetotail', 'Earth.Magnetosphere.Main', 'Heliosphere.NearEarth']
2026-02-02T16:45:24.615942Z ERROR hpde_io        Combining values.
2026-02-02T16:45:24.615970Z ERROR hpde_io   THB_L2_SCM (spase://VSPO/NumericalData/THEMIS/B/SCM/PT0.125S):
2026-02-02T16:45:24.616016Z ERROR hpde_io       First value = ['Earth.Magnetosheath', 'Earth.Magnetosphere', 'Earth.Magnetosphere.Magnetotail', 'Earth.Magnetosphere.Main', 'Earth.Magnetosphere.Plasmasphere', 'Earth.Magnetosphere.RadiationBelt', 'Earth.Moon', 'Heliosphere.NearEarth']
2026-02-02T16:45:24.616043Z ERROR hpde_io       This value  = ['Earth.Magnetosheath', 'Earth.Magnetosphere.Magnetotail', 'Earth.Magnetosphere.Main', 'Heliosphere.NearEarth']
2026-02-02T16:45:24.616076Z ERROR hpde_io        Combining values.
2026-02-02T16:45:24.616154Z ERROR hpde_io   THC_L1_STATE (spase://VMO/NumericalData/THEMIS/C/Ephemeris/PT01M):
2026-02-02T16:45:24.616198Z ERROR hpde_io       First value = ['Earth.Magnetosheath', 'Earth.Magnetosphere.Magnetotail', 'Earth.Magnetosphere.Main', 'Earth.Magnetosphere.Plasmasphere', 'Earth.Magnetosphere.RadiationBelt', 'Earth.Moon', 'Heliosphere.NearEarth', 'Heliosphere.NearEarth']
2026-02-02T16:45:24.616226Z ERROR hpde_io       This value  = ['Earth.Magnetosheath', 'Earth.Magnetosphere.Magnetotail', 'Earth.Magnetosphere.Main', 'Heliosphere.NearEarth']
2026-02-02T16:45:24.616252Z ERROR hpde_io        Combining values.
2026-02-02T16:45:24.616279Z ERROR hpde_io   THC_L2_EFI (spase://VSPO/NumericalData/THEMIS/C/EFI/PT3S):
2026-02-02T16:45:24.616327Z ERROR hpde_io       First value = ['Earth.Magnetosheath', 'Earth.Magnetosphere.Magnetotail', 'Earth.Magnetosphere.Main', 'Earth.Magnetosphere.Plasmasphere', 'Earth.Magnetosphere.RadiationBelt', 'Earth.Moon', 'Heliosphere.NearEarth']
2026-02-02T16:45:24.616353Z ERROR hpde_io       This value  = ['Earth.Magnetosheath', 'Earth.Magnetosphere', 'Earth.Magnetosphere.Magnetotail', 'Earth.Magnetosphere.Main', 'Earth.Magnetosphere.RadiationBelt', 'Heliosphere.NearEarth']
2026-02-02T16:45:24.616376Z ERROR hpde_io        Combining values.
2026-02-02T16:45:24.616409Z ERROR hpde_io   THC_L2_ESA (spase://VMO/NumericalData/THEMIS/C/ESA/PT3S):
2026-02-02T16:45:24.616455Z ERROR hpde_io       First value = ['Earth.Magnetosheath', 'Earth.Magnetosphere', 'Earth.Magnetosphere.Magnetotail', 'Earth.Magnetosphere.Main', 'Earth.Magnetosphere.Plasmasphere', 'Earth.Magnetosphere.RadiationBelt', 'Earth.Moon', 'Heliosphere.NearEarth']
2026-02-02T16:45:24.616481Z ERROR hpde_io       This value  = ['Earth.Magnetosheath', 'Earth.Magnetosphere.Magnetotail', 'Earth.Magnetosphere.Main', 'Heliosphere.NearEarth']
2026-02-02T16:45:24.616507Z ERROR hpde_io        Combining values.
2026-02-02T16:45:24.616538Z ERROR hpde_io   THC_L2_FFT (spase://NASA/NumericalData/THEMIS/C/FFT/PT0.0556S):
2026-02-02T16:45:24.616583Z ERROR hpde_io       First value = ['Earth.Magnetosheath', 'Earth.Magnetosphere', 'Earth.Magnetosphere.Magnetotail', 'Earth.Magnetosphere.Main', 'Earth.Magnetosphere.Plasmasphere', 'Earth.Magnetosphere.RadiationBelt', 'Earth.Moon', 'Heliosphere.NearEarth']
2026-02-02T16:45:24.616609Z ERROR hpde_io       This value  = ['Earth.Magnetosheath', 'Earth.Magnetosphere.Magnetotail', 'Earth.Magnetosphere.Main', 'Earth.Magnetosphere.Plasmasphere', 'Earth.Magnetosphere.RadiationBelt', 'Earth.Moon', 'Heliosphere.NearEarth', 'Heliosphere.NearEarth']
2026-02-02T16:45:24.616635Z ERROR hpde_io        Combining values.
2026-02-02T16:45:24.616666Z ERROR hpde_io   THC_L2_FGM (spase://DLR/NumericalData/THEMIS/C/FGM/PT0.0078125S):
2026-02-02T16:45:24.616712Z ERROR hpde_io       First value = ['Earth.Magnetosheath', 'Earth.Magnetosphere', 'Earth.Magnetosphere.Magnetotail', 'Earth.Magnetosphere.Main', 'Earth.Magnetosphere.Plasmasphere', 'Earth.Magnetosphere.RadiationBelt', 'Earth.Moon', 'Heliosphere.NearEarth']
2026-02-02T16:45:24.616737Z ERROR hpde_io       This value  = ['Earth.Magnetosheath', 'Earth.Magnetosphere.Magnetotail', 'Earth.Magnetosphere.Main', 'Heliosphere.NearEarth']
2026-02-02T16:45:24.616761Z ERROR hpde_io        Combining values.
2026-02-02T16:45:24.616789Z ERROR hpde_io   THC_L2_FIT (spase://VSPO/NumericalData/THEMIS/C/Fits/PT3S):
2026-02-02T16:45:24.616835Z ERROR hpde_io       First value = ['Earth.Magnetosheath', 'Earth.Magnetosphere', 'Earth.Magnetosphere.Magnetotail', 'Earth.Magnetosphere.Main', 'Earth.Magnetosphere.Plasmasphere', 'Earth.Magnetosphere.RadiationBelt', 'Earth.Moon', 'Heliosphere.NearEarth']
2026-02-02T16:45:24.616860Z ERROR hpde_io       This value  = ['Earth.Magnetosheath', 'Earth.Magnetosphere.Magnetotail', 'Earth.Magnetosphere.Main', 'Heliosphere.NearEarth']
2026-02-02T16:45:24.616884Z ERROR hpde_io        Combining values.
2026-02-02T16:45:24.616914Z ERROR hpde_io   THC_L2_GMOM (spase://NASA/NumericalData/THEMIS/C/GMOM/PT3S):
2026-02-02T16:45:24.616959Z ERROR hpde_io       First value = ['Earth.Magnetosheath', 'Earth.Magnetosphere', 'Earth.Magnetosphere.Magnetotail', 'Earth.Magnetosphere.Main', 'Earth.Magnetosphere.Plasmasphere', 'Earth.Magnetosphere.RadiationBelt', 'Earth.Moon', 'Heliosphere.NearEarth']
2026-02-02T16:45:24.616985Z ERROR hpde_io       This value  = ['Earth.Magnetosheath', 'Earth.Magnetosphere.Magnetotail', 'Earth.Magnetosphere.Main', 'Earth.Magnetosphere.Plasmasphere', 'Earth.Magnetosphere.RadiationBelt', 'Earth.Moon', 'Heliosphere.NearEarth', 'Heliosphere.NearEarth']
2026-02-02T16:45:24.617011Z ERROR hpde_io        Combining values.
2026-02-02T16:45:24.617039Z ERROR hpde_io   THC_L2_MERGED (spase://VMO/NumericalData/THEMIS/C/ESA.FGM/PT96S):
2026-02-02T16:45:24.617083Z ERROR hpde_io       First value = ['Earth.Magnetosheath', 'Earth.Magnetosphere', 'Earth.Magnetosphere.Magnetotail', 'Earth.Magnetosphere.Main', 'Earth.Magnetosphere.Plasmasphere', 'Earth.Magnetosphere.RadiationBelt', 'Earth.Moon', 'Heliosphere.NearEarth']
2026-02-02T16:45:24.617110Z ERROR hpde_io       This value  = ['Earth.Magnetosheath', 'Earth.Magnetosphere.Magnetotail', 'Heliosphere.NearEarth']
2026-02-02T16:45:24.617136Z ERROR hpde_io        Combining values.
2026-02-02T16:45:24.617164Z ERROR hpde_io   THC_L2_MOM (spase://NASA/NumericalData/THEMIS/C/MOM/PT3S):
2026-02-02T16:45:24.617206Z ERROR hpde_io       First value = ['Earth.Magnetosheath', 'Earth.Magnetosphere', 'Earth.Magnetosphere.Magnetotail', 'Earth.Magnetosphere.Main', 'Earth.Magnetosphere.Plasmasphere', 'Earth.Magnetosphere.RadiationBelt', 'Earth.Moon', 'Heliosphere.NearEarth']
2026-02-02T16:45:24.617234Z ERROR hpde_io       This value  = ['Earth.Magnetosheath', 'Earth.Magnetosphere', 'Earth.Magnetosphere.Magnetotail', 'Earth.Magnetosphere.Main', 'Earth.Magnetosphere.RadiationBelt', 'Heliosphere.NearEarth']
2026-02-02T16:45:24.617260Z ERROR hpde_io        Combining values.
2026-02-02T16:45:24.617287Z ERROR hpde_io   THC_L2_SCM (spase://VMO/NumericalData/THEMIS/C/SCM/PT0.125S):
2026-02-02T16:45:24.617333Z ERROR hpde_io       First value = ['Earth.Magnetosheath', 'Earth.Magnetosphere', 'Earth.Magnetosphere.Magnetotail', 'Earth.Magnetosphere.Main', 'Earth.Magnetosphere.Plasmasphere', 'Earth.Magnetosphere.RadiationBelt', 'Earth.Moon', 'Heliosphere.NearEarth']
2026-02-02T16:45:24.617359Z ERROR hpde_io       This value  = ['Earth.Magnetosheath', 'Earth.Magnetosphere.Magnetotail', 'Earth.Magnetosphere.Main', 'Heliosphere.NearEarth']
2026-02-02T16:45:24.617389Z ERROR hpde_io        Combining values.
2026-02-02T16:45:24.617420Z ERROR hpde_io   THC_L2_SST (spase://NASA/NumericalData/THEMIS/C/SST/PT3S):
2026-02-02T16:45:24.617464Z ERROR hpde_io       First value = ['Earth.Magnetosheath', 'Earth.Magnetosphere', 'Earth.Magnetosphere.Magnetotail', 'Earth.Magnetosphere.Main', 'Earth.Magnetosphere.Plasmasphere', 'Earth.Magnetosphere.RadiationBelt', 'Earth.Moon', 'Heliosphere.NearEarth']
2026-02-02T16:45:24.617492Z ERROR hpde_io       This value  = ['Earth.Magnetosheath', 'Earth.Magnetosphere.Magnetotail', 'Earth.Magnetosphere.Main', 'Earth.Magnetosphere.Plasmasphere', 'Earth.Magnetosphere.RadiationBelt', 'Earth.Moon', 'Heliosphere.NearEarth', 'Heliosphere.NearEarth']
2026-02-02T16:45:24.617518Z ERROR hpde_io        Combining values.
2026-02-02T16:45:24.617600Z ERROR hpde_io   THD_L2_EFI (spase://VSPO/NumericalData/THEMIS/D/EFI/PT3S):
2026-02-02T16:45:24.617643Z ERROR hpde_io       First value = ['Earth.Magnetosheath', 'Earth.Magnetosphere.Magnetotail', 'Earth.Magnetosphere.Main', 'Heliosphere.NearEarth']
2026-02-02T16:45:24.617669Z ERROR hpde_io       This value  = ['Earth.Magnetosheath', 'Earth.Magnetosphere', 'Earth.Magnetosphere.Magnetotail', 'Earth.Magnetosphere.Main', 'Earth.Magnetosphere.RadiationBelt', 'Heliosphere.NearEarth']
2026-02-02T16:45:24.617695Z ERROR hpde_io        Combining values.
2026-02-02T16:45:24.617735Z ERROR hpde_io   THD_L2_ESA (spase://VMO/NumericalData/THEMIS/D/ESA/PT3S):
2026-02-02T16:45:24.617780Z ERROR hpde_io       First value = ['Earth.Magnetosheath', 'Earth.Magnetosphere', 'Earth.Magnetosphere.Magnetotail', 'Earth.Magnetosphere.Main', 'Earth.Magnetosphere.RadiationBelt', 'Heliosphere.NearEarth']
2026-02-02T16:45:24.617808Z ERROR hpde_io       This value  = ['Earth.Magnetosheath', 'Earth.Magnetosphere.Magnetotail', 'Earth.Magnetosphere.Main', 'Heliosphere.NearEarth']
2026-02-02T16:45:24.617834Z ERROR hpde_io        Combining values.
2026-02-02T16:45:24.617871Z ERROR hpde_io   THD_L2_FFT (spase://NASA/NumericalData/THEMIS/D/FFT/PT0.0556S):
2026-02-02T16:45:24.617914Z ERROR hpde_io       First value = ['Earth.Magnetosheath', 'Earth.Magnetosphere', 'Earth.Magnetosphere.Magnetotail', 'Earth.Magnetosphere.Main', 'Earth.Magnetosphere.RadiationBelt', 'Heliosphere.NearEarth']
2026-02-02T16:45:24.617939Z ERROR hpde_io       This value  = ['Earth.Magnetosheath', 'Earth.Magnetosphere.Magnetotail', 'Earth.Magnetosphere.Main', 'Earth.Magnetosphere.Plasmasphere', 'Earth.Magnetosphere.RadiationBelt', 'Heliosphere.NearEarth', 'Heliosphere.NearEarth']
2026-02-02T16:45:24.617965Z ERROR hpde_io        Combining values.
2026-02-02T16:45:24.617994Z ERROR hpde_io   THD_L2_FGM (spase://DLR/NumericalData/THEMIS/D/FGM/PT0.0078125S):
2026-02-02T16:45:24.618040Z ERROR hpde_io       First value = ['Earth.Magnetosheath', 'Earth.Magnetosphere', 'Earth.Magnetosphere.Magnetotail', 'Earth.Magnetosphere.Main', 'Earth.Magnetosphere.Plasmasphere', 'Earth.Magnetosphere.RadiationBelt', 'Heliosphere.NearEarth']
2026-02-02T16:45:24.618064Z ERROR hpde_io       This value  = ['Earth.Magnetosheath', 'Earth.Magnetosphere.Magnetotail', 'Earth.Magnetosphere.Main', 'Heliosphere.NearEarth']
2026-02-02T16:45:24.618090Z ERROR hpde_io        Combining values.
2026-02-02T16:45:24.618116Z ERROR hpde_io   THD_L2_FIT (spase://VSPO/NumericalData/THEMIS/D/Fits/PT3S):
2026-02-02T16:45:24.618162Z ERROR hpde_io       First value = ['Earth.Magnetosheath', 'Earth.Magnetosphere', 'Earth.Magnetosphere.Magnetotail', 'Earth.Magnetosphere.Main', 'Earth.Magnetosphere.Plasmasphere', 'Earth.Magnetosphere.RadiationBelt', 'Heliosphere.NearEarth']
2026-02-02T16:45:24.618189Z ERROR hpde_io       This value  = ['Earth.Magnetosheath', 'Earth.Magnetosphere.Magnetotail', 'Earth.Magnetosphere.Main', 'Heliosphere.NearEarth']
2026-02-02T16:45:24.618214Z ERROR hpde_io        Combining values.
2026-02-02T16:45:24.618245Z ERROR hpde_io   THD_L2_MOM (spase://NASA/NumericalData/THEMIS/D/MOM/PT3S):
2026-02-02T16:45:24.618289Z ERROR hpde_io       First value = ['Earth.Magnetosheath', 'Earth.Magnetosphere', 'Earth.Magnetosphere.Magnetotail', 'Earth.Magnetosphere.Main', 'Earth.Magnetosphere.Plasmasphere', 'Earth.Magnetosphere.RadiationBelt', 'Heliosphere.NearEarth']
2026-02-02T16:45:24.618314Z ERROR hpde_io       This value  = ['Earth.Magnetosheath', 'Earth.Magnetosphere', 'Earth.Magnetosphere.Magnetotail', 'Earth.Magnetosphere.Main', 'Earth.Magnetosphere.RadiationBelt', 'Heliosphere.NearEarth']
2026-02-02T16:45:24.618338Z ERROR hpde_io        Combining values.
2026-02-02T16:45:24.618366Z ERROR hpde_io   THD_L2_SCM (spase://VMO/NumericalData/THEMIS/D/SCM/PT0.125S):
2026-02-02T16:45:24.618412Z ERROR hpde_io       First value = ['Earth.Magnetosheath', 'Earth.Magnetosphere', 'Earth.Magnetosphere.Magnetotail', 'Earth.Magnetosphere.Main', 'Earth.Magnetosphere.Plasmasphere', 'Earth.Magnetosphere.RadiationBelt', 'Heliosphere.NearEarth']
2026-02-02T16:45:24.618436Z ERROR hpde_io       This value  = ['Earth.Magnetosheath', 'Earth.Magnetosphere.Magnetotail', 'Earth.Magnetosphere.Main', 'Heliosphere.NearEarth']
2026-02-02T16:45:24.618459Z ERROR hpde_io        Combining values.
2026-02-02T16:45:24.618490Z ERROR hpde_io   THD_L2_SST (spase://NASA/NumericalData/THEMIS/D/SST/PT3S):
2026-02-02T16:45:24.618536Z ERROR hpde_io       First value = ['Earth.Magnetosheath', 'Earth.Magnetosphere', 'Earth.Magnetosphere.Magnetotail', 'Earth.Magnetosphere.Main', 'Earth.Magnetosphere.Plasmasphere', 'Earth.Magnetosphere.RadiationBelt', 'Heliosphere.NearEarth']
2026-02-02T16:45:24.618561Z ERROR hpde_io       This value  = ['Earth.Magnetosheath', 'Earth.Magnetosphere.Magnetotail', 'Earth.Magnetosphere.Main', 'Earth.Magnetosphere.Plasmasphere', 'Earth.Magnetosphere.RadiationBelt', 'Heliosphere.NearEarth', 'Heliosphere.NearEarth']
2026-02-02T16:45:24.618586Z ERROR hpde_io        Combining values.
2026-02-02T16:45:24.618654Z ERROR hpde_io   THE_L2_EFI (spase://VSPO/NumericalData/THEMIS/E/EFI/PT3S):
2026-02-02T16:45:24.618698Z ERROR hpde_io       First value = ['Earth.Magnetosheath', 'Earth.Magnetosphere.Magnetotail', 'Earth.Magnetosphere.Main', 'Heliosphere.NearEarth']
2026-02-02T16:45:24.618725Z ERROR hpde_io       This value  = ['Earth.Magnetosheath', 'Earth.Magnetosphere', 'Earth.Magnetosphere.Magnetotail', 'Earth.Magnetosphere.Main', 'Earth.Magnetosphere.RadiationBelt', 'Heliosphere.NearEarth']
2026-02-02T16:45:24.618752Z ERROR hpde_io        Combining values.
2026-02-02T16:45:24.618783Z ERROR hpde_io   THE_L2_ESA (spase://VMO/NumericalData/THEMIS/E/ESA/PT3S):
2026-02-02T16:45:24.618829Z ERROR hpde_io       First value = ['Earth.Magnetosheath', 'Earth.Magnetosphere', 'Earth.Magnetosphere.Magnetotail', 'Earth.Magnetosphere.Main', 'Earth.Magnetosphere.RadiationBelt', 'Heliosphere.NearEarth']
2026-02-02T16:45:24.618855Z ERROR hpde_io       This value  = ['Earth.Magnetosheath', 'Earth.Magnetosphere.Magnetotail', 'Earth.Magnetosphere.Main', 'Heliosphere.NearEarth']
2026-02-02T16:45:24.618880Z ERROR hpde_io        Combining values.
2026-02-02T16:45:24.618913Z ERROR hpde_io   THE_L2_FFT (spase://NASA/NumericalData/THEMIS/E/FFT/PT0.0556S):
2026-02-02T16:45:24.618957Z ERROR hpde_io       First value = ['Earth.Magnetosheath', 'Earth.Magnetosphere', 'Earth.Magnetosphere.Magnetotail', 'Earth.Magnetosphere.Main', 'Earth.Magnetosphere.RadiationBelt', 'Heliosphere.NearEarth']
2026-02-02T16:45:24.618984Z ERROR hpde_io       This value  = ['Earth.Magnetosheath', 'Earth.Magnetosphere.Magnetotail', 'Earth.Magnetosphere.Main', 'Earth.Magnetosphere.Plasmasphere', 'Earth.Magnetosphere.RadiationBelt', 'Heliosphere.NearEarth', 'Heliosphere.NearEarth']
2026-02-02T16:45:24.619008Z ERROR hpde_io        Combining values.
2026-02-02T16:45:24.619035Z ERROR hpde_io   THE_L2_FGM (spase://DLR/NumericalData/THEMIS/E/FGM/PT0.0078125S):
2026-02-02T16:45:24.619079Z ERROR hpde_io       First value = ['Earth.Magnetosheath', 'Earth.Magnetosphere', 'Earth.Magnetosphere.Magnetotail', 'Earth.Magnetosphere.Main', 'Earth.Magnetosphere.Plasmasphere', 'Earth.Magnetosphere.RadiationBelt', 'Heliosphere.NearEarth']
2026-02-02T16:45:24.619105Z ERROR hpde_io       This value  = ['Earth.Magnetosheath', 'Earth.Magnetosphere.Magnetotail', 'Earth.Magnetosphere.Main', 'Heliosphere.NearEarth']
2026-02-02T16:45:24.619130Z ERROR hpde_io        Combining values.
2026-02-02T16:45:24.619161Z ERROR hpde_io   THE_L2_FIT (spase://VSPO/NumericalData/THEMIS/E/Fits/PT3S):
2026-02-02T16:45:24.619208Z ERROR hpde_io       First value = ['Earth.Magnetosheath', 'Earth.Magnetosphere', 'Earth.Magnetosphere.Magnetotail', 'Earth.Magnetosphere.Main', 'Earth.Magnetosphere.Plasmasphere', 'Earth.Magnetosphere.RadiationBelt', 'Heliosphere.NearEarth']
2026-02-02T16:45:24.619233Z ERROR hpde_io       This value  = ['Earth.Magnetosheath', 'Earth.Magnetosphere.Magnetotail', 'Earth.Magnetosphere.Main', 'Heliosphere.NearEarth']
2026-02-02T16:45:24.619256Z ERROR hpde_io        Combining values.
2026-02-02T16:45:24.619289Z ERROR hpde_io   THE_L2_MOM (spase://NASA/NumericalData/THEMIS/E/MOM/PT3S):
2026-02-02T16:45:24.619335Z ERROR hpde_io       First value = ['Earth.Magnetosheath', 'Earth.Magnetosphere', 'Earth.Magnetosphere.Magnetotail', 'Earth.Magnetosphere.Main', 'Earth.Magnetosphere.Plasmasphere', 'Earth.Magnetosphere.RadiationBelt', 'Heliosphere.NearEarth']
2026-02-02T16:45:24.619359Z ERROR hpde_io       This value  = ['Earth.Magnetosheath', 'Earth.Magnetosphere', 'Earth.Magnetosphere.Magnetotail', 'Earth.Magnetosphere.Main', 'Earth.Magnetosphere.RadiationBelt', 'Heliosphere.NearEarth']
2026-02-02T16:45:24.619385Z ERROR hpde_io        Combining values.
2026-02-02T16:45:24.619413Z ERROR hpde_io   THE_L2_SCM (spase://VMO/NumericalData/THEMIS/E/SCM/PT0.125S):
2026-02-02T16:45:24.619455Z ERROR hpde_io       First value = ['Earth.Magnetosheath', 'Earth.Magnetosphere', 'Earth.Magnetosphere.Magnetotail', 'Earth.Magnetosphere.Main', 'Earth.Magnetosphere.Plasmasphere', 'Earth.Magnetosphere.RadiationBelt', 'Heliosphere.NearEarth']
2026-02-02T16:45:24.619482Z ERROR hpde_io       This value  = ['Earth.Magnetosheath', 'Earth.Magnetosphere.Magnetotail', 'Earth.Magnetosphere.Main', 'Heliosphere.NearEarth']
2026-02-02T16:45:24.619508Z ERROR hpde_io        Combining values.
2026-02-02T16:45:24.619538Z ERROR hpde_io   THE_L2_SST (spase://NASA/NumericalData/THEMIS/E/SST/PT3S):
2026-02-02T16:45:24.619582Z ERROR hpde_io       First value = ['Earth.Magnetosheath', 'Earth.Magnetosphere', 'Earth.Magnetosphere.Magnetotail', 'Earth.Magnetosphere.Main', 'Earth.Magnetosphere.Plasmasphere', 'Earth.Magnetosphere.RadiationBelt', 'Heliosphere.NearEarth']
2026-02-02T16:45:24.619606Z ERROR hpde_io       This value  = ['Earth.Magnetosheath', 'Earth.Magnetosphere.Magnetotail', 'Earth.Magnetosphere.Main', 'Earth.Magnetosphere.Plasmasphere', 'Earth.Magnetosphere.RadiationBelt', 'Heliosphere.NearEarth', 'Heliosphere.NearEarth']
2026-02-02T16:45:24.619631Z ERROR hpde_io        Combining values.
2026-02-02T16:45:24.620147Z ERROR hpde_io   TIMED_L1BV20_SABER (spase://VITMO/NumericalData/TIMED/SABER/L1B):
2026-02-02T16:45:24.620191Z ERROR hpde_io       First value = ['Earth.NearSurface.Ionosphere']
2026-02-02T16:45:24.620218Z ERROR hpde_io       This value  = ['Earth.NearSurface.Mesosphere', 'Earth.NearSurface.Thermosphere']
2026-02-02T16:45:24.620242Z ERROR hpde_io        Combining values.
2026-02-02T16:45:24.620271Z ERROR hpde_io   TIMED_L1CDISK_GUVI (spase://VITMO/NumericalData/TIMED/GUVI/Imaging/L1C_Disk):
2026-02-02T16:45:24.620313Z ERROR hpde_io       First value = ['Earth.NearSurface.Ionosphere', 'Earth.NearSurface.Mesosphere', 'Earth.NearSurface.Thermosphere']
2026-02-02T16:45:24.620338Z ERROR hpde_io       This value  = ['Earth.NearSurface.AuroralRegion', 'Earth.NearSurface.Ionosphere', 'Earth.NearSurface.Thermosphere']
2026-02-02T16:45:24.620364Z ERROR hpde_io        Combining values.
2026-02-02T16:45:24.620393Z ERROR hpde_io   TIMED_L3A_SEE (spase://VSPO/NumericalData/TIMED/SEE/L3A):
2026-02-02T16:45:24.620435Z ERROR hpde_io       First value = ['Earth.NearSurface.AuroralRegion', 'Earth.NearSurface.Ionosphere', 'Earth.NearSurface.Mesosphere', 'Earth.NearSurface.Thermosphere']
2026-02-02T16:45:24.620462Z ERROR hpde_io       This value  = ['Sun']
2026-02-02T16:45:24.620487Z ERROR hpde_io        Combining values.
2026-02-02T16:45:24.620518Z ERROR hpde_io   TIMED_WINDVECTORSNCAR_TIDI (spase://VSPO/NumericalData/TIMED/TIDI/WindVectors/PT82.28S):
2026-02-02T16:45:24.620563Z ERROR hpde_io       First value = ['Earth.NearSurface.AuroralRegion', 'Earth.NearSurface.Ionosphere', 'Earth.NearSurface.Mesosphere', 'Earth.NearSurface.Thermosphere', 'Sun']
2026-02-02T16:45:24.620590Z ERROR hpde_io       This value  = ['Earth.NearSurface', 'Earth.NearSurface.Atmosphere', 'Earth.NearSurface.AuroralRegion', 'Earth.NearSurface.EquatorialRegion', 'Earth.NearSurface.Mesosphere', 'Earth.NearSurface.PolarCap', 'Earth.NearSurface.Stratosphere', 'Earth.NearSurface.Thermosphere']
2026-02-02T16:45:24.620618Z ERROR hpde_io        Combining values.
2026-02-02T16:45:24.620830Z ERROR hpde_io   TWINS1_L1_IMAGER (spase://VMO/NumericalData/TWINS1/ENA/L1.PT15M):
2026-02-02T16:45:24.620876Z ERROR hpde_io       First value = ['Earth.Magnetosheath', 'Earth.Magnetosphere', 'Earth.Magnetosphere.Magnetotail', 'Earth.Magnetosphere.Main', 'Earth.Magnetosphere.RadiationBelt']
2026-02-02T16:45:24.620903Z ERROR hpde_io       This value  = ['Earth.Magnetosphere']
2026-02-02T16:45:24.620928Z ERROR hpde_io        Combining values.
2026-02-02T16:45:24.620961Z ERROR hpde_io   TWINS1_OR_DEF (spase://VSPO/NumericalData/TWINS1/Ephemeris/PT1M45S):
2026-02-02T16:45:24.621005Z ERROR hpde_io       First value = ['Earth.Magnetosheath', 'Earth.Magnetosphere', 'Earth.Magnetosphere.Magnetotail', 'Earth.Magnetosphere.Main', 'Earth.Magnetosphere.RadiationBelt']
2026-02-02T16:45:24.621029Z ERROR hpde_io       This value  = ['Earth.Magnetosphere']
2026-02-02T16:45:24.621054Z ERROR hpde_io        Combining values.
2026-02-02T16:45:24.621128Z ERROR hpde_io   TWINS2_L1_IMAGER (spase://NASA/NumericalData/TWINS2/ENA/L1/PT15M):
2026-02-02T16:45:24.621170Z ERROR hpde_io       First value = ['Earth.Magnetosheath', 'Earth.Magnetosphere', 'Earth.Magnetosphere.Magnetotail', 'Earth.Magnetosphere.Main', 'Earth.Magnetosphere.RadiationBelt']
2026-02-02T16:45:24.621201Z ERROR hpde_io       This value  = ['Earth.Magnetosphere']
2026-02-02T16:45:24.621224Z ERROR hpde_io        Combining values.
2026-02-02T16:45:24.621256Z ERROR hpde_io   TWINS2_OR_DEF (spase://VMO/NumericalData/TWINS2/Ephemeris/PT1M45S):
2026-02-02T16:45:24.621302Z ERROR hpde_io       First value = ['Earth.Magnetosheath', 'Earth.Magnetosphere', 'Earth.Magnetosphere.Magnetotail', 'Earth.Magnetosphere.Main', 'Earth.Magnetosphere.RadiationBelt']
2026-02-02T16:45:24.621326Z ERROR hpde_io       This value  = ['Earth.Magnetosphere']
2026-02-02T16:45:24.621350Z ERROR hpde_io        Combining values.
2026-02-02T16:45:24.621547Z ERROR hpde_io   UY_ALPHA-DISTRIBUTIONS_SWOOPS (spase://VSPO/NumericalData/Ulysses/SWOOPS/AlphaParticle/FitParameters/PT4M):
2026-02-02T16:45:24.621588Z ERROR hpde_io       First value = ['Heliosphere.Inner', 'Heliosphere.NearEarth', 'Heliosphere.Outer']
2026-02-02T16:45:24.621616Z ERROR hpde_io       This value  = ['Heliosphere', 'Heliosphere.Inner', 'Heliosphere.NearEarth', 'Heliosphere.Outer']
2026-02-02T16:45:24.621643Z ERROR hpde_io        Combining values.
2026-02-02T16:45:24.621677Z ERROR hpde_io   UY_COHO1HR_MERGED_MAG_PLASMA (spase://NASA/NumericalData/Ulysses/MAGandPLS/PT1H):
2026-02-02T16:45:24.621722Z ERROR hpde_io       First value = ['Heliosphere', 'Heliosphere.Inner', 'Heliosphere.NearEarth', 'Heliosphere.Outer']
2026-02-02T16:45:24.621746Z ERROR hpde_io       This value  = ['Heliosphere.Outer']
2026-02-02T16:45:24.621771Z ERROR hpde_io        Combining values.
2026-02-02T16:45:24.621801Z ERROR hpde_io   UY_H0_GLG (spase://VSPO/NumericalData/Ulysses/SWICS/GSFC/SPDF/PT13M):
2026-02-02T16:45:24.621847Z ERROR hpde_io       First value = ['Heliosphere', 'Heliosphere.Inner', 'Heliosphere.NearEarth', 'Heliosphere.Outer']
2026-02-02T16:45:24.621873Z ERROR hpde_io       This value  = ['Heliosphere.NearEarth', 'Heliosphere.Outer']
2026-02-02T16:45:24.621897Z ERROR hpde_io        Combining values.
2026-02-02T16:45:24.621928Z ERROR hpde_io   UY_M0_AT1 (spase://VEPO/NumericalData/Ulysses/COSPIN/AT/Fluxes/PT10M):
2026-02-02T16:45:24.621971Z ERROR hpde_io       First value = ['Heliosphere', 'Heliosphere.Inner', 'Heliosphere.NearEarth', 'Heliosphere.Outer']
2026-02-02T16:45:24.621996Z ERROR hpde_io       This value  = ['Heliosphere.Outer']
2026-02-02T16:45:24.622021Z ERROR hpde_io        Combining values.
2026-02-02T16:45:24.622052Z ERROR hpde_io   UY_M0_BAE (spase://VSPO/NumericalData/Ulysses/SWOOPS/ElectronParams/PT335.00S):
2026-02-02T16:45:24.622095Z ERROR hpde_io       First value = ['Heliosphere', 'Heliosphere.Inner', 'Heliosphere.NearEarth', 'Heliosphere.Outer']
2026-02-02T16:45:24.622119Z ERROR hpde_io       This value  = ['Heliosphere.Outer']
2026-02-02T16:45:24.622144Z ERROR hpde_io        Combining values.
2026-02-02T16:45:24.622174Z ERROR hpde_io   UY_M0_BAI (spase://NASA/NumericalData/Ulysses/SWOOPS/IonParams/CDF/PT335S):
2026-02-02T16:45:24.622217Z ERROR hpde_io       First value = ['Heliosphere', 'Heliosphere.Inner', 'Heliosphere.NearEarth', 'Heliosphere.Outer']
2026-02-02T16:45:24.622242Z ERROR hpde_io       This value  = ['Heliosphere', 'Heliosphere.Inner', 'Heliosphere.NearEarth', 'Heliosphere.Outer', 'Jupiter', 'Sun.Corona']
2026-02-02T16:45:24.622267Z ERROR hpde_io        Combining values.
2026-02-02T16:45:24.622298Z ERROR hpde_io   UY_M0_GRB (spase://NASA/NumericalData/Ulysses/SWICS/GSFC/SPDF/GRB/PT5M):
2026-02-02T16:45:24.622342Z ERROR hpde_io       First value = ['Heliosphere', 'Heliosphere.Inner', 'Heliosphere.NearEarth', 'Heliosphere.Outer', 'Jupiter', 'Sun.Corona']
2026-02-02T16:45:24.622369Z ERROR hpde_io       This value  = ['Heliosphere.Outer']
2026-02-02T16:45:24.622392Z ERROR hpde_io        Combining values.
2026-02-02T16:45:24.622423Z ERROR hpde_io   UY_M0_HET (spase://VSPO/NumericalData/Ulysses/COSPIN/HET/Rates/SpinAveraged/PT10M):
2026-02-02T16:45:24.622469Z ERROR hpde_io       First value = ['Heliosphere', 'Heliosphere.Inner', 'Heliosphere.NearEarth', 'Heliosphere.Outer', 'Jupiter', 'Sun.Corona']
2026-02-02T16:45:24.622494Z ERROR hpde_io       This value  = ['Heliosphere.Outer']
2026-02-02T16:45:24.622519Z ERROR hpde_io        Combining values.
2026-02-02T16:45:24.622549Z ERROR hpde_io   UY_M0_HFT (spase://VSPO/NumericalData/Ulysses/COSPIN/HFT/Ion/Fluxes/PT10M):
2026-02-02T16:45:24.622594Z ERROR hpde_io       First value = ['Heliosphere', 'Heliosphere.Inner', 'Heliosphere.NearEarth', 'Heliosphere.Outer', 'Jupiter', 'Sun.Corona']
2026-02-02T16:45:24.622621Z ERROR hpde_io       This value  = ['Heliosphere.Outer']
2026-02-02T16:45:24.622647Z ERROR hpde_io        Combining values.
2026-02-02T16:45:24.622677Z ERROR hpde_io   UY_M0_KET (spase://VSPO/NumericalData/Ulysses/COSPIN/KET/Rates/PT10M):
2026-02-02T16:45:24.622721Z ERROR hpde_io       First value = ['Heliosphere', 'Heliosphere.Inner', 'Heliosphere.NearEarth', 'Heliosphere.Outer', 'Jupiter', 'Sun.Corona']
2026-02-02T16:45:24.622746Z ERROR hpde_io       This value  = ['Heliosphere.Outer']
2026-02-02T16:45:24.622771Z ERROR hpde_io        Combining values.
2026-02-02T16:45:24.622801Z ERROR hpde_io   UY_M0_LET (spase://VEPO/NumericalData/Ulysses/COSPIN/LET/RATES/PT10M):
2026-02-02T16:45:24.622846Z ERROR hpde_io       First value = ['Heliosphere', 'Heliosphere.Inner', 'Heliosphere.NearEarth', 'Heliosphere.Outer', 'Jupiter', 'Sun.Corona']
2026-02-02T16:45:24.622871Z ERROR hpde_io       This value  = ['Heliosphere.Outer']
2026-02-02T16:45:24.622895Z ERROR hpde_io        Combining values.
2026-02-02T16:45:24.622923Z ERROR hpde_io   UY_M0_PFRA (spase://NASA/NumericalData/Ulysses/URAP/GSFC/SPDF/PFRA/PT10M):
2026-02-02T16:45:24.622966Z ERROR hpde_io       First value = ['Heliosphere', 'Heliosphere.Inner', 'Heliosphere.NearEarth', 'Heliosphere.Outer', 'Jupiter', 'Sun.Corona']
2026-02-02T16:45:24.622992Z ERROR hpde_io       This value  = ['Heliosphere.Outer']
2026-02-02T16:45:24.623017Z ERROR hpde_io        Combining values.
2026-02-02T16:45:24.623046Z ERROR hpde_io   UY_M0_PFRP (spase://NASA/NumericalData/Ulysses/URAP/GSFC/SPDF/PFRP/PT10M):
2026-02-02T16:45:24.623088Z ERROR hpde_io       First value = ['Heliosphere', 'Heliosphere.Inner', 'Heliosphere.NearEarth', 'Heliosphere.Outer', 'Jupiter', 'Sun.Corona']
2026-02-02T16:45:24.623113Z ERROR hpde_io       This value  = ['Heliosphere.Outer']
2026-02-02T16:45:24.623138Z ERROR hpde_io        Combining values.
2026-02-02T16:45:24.623167Z ERROR hpde_io   UY_M0_R144 (spase://VSPO/NumericalData/Ulysses/URAP/GSFC/SPDF/RAR/CDF/PT144S):
2026-02-02T16:45:24.623212Z ERROR hpde_io       First value = ['Heliosphere', 'Heliosphere.Inner', 'Heliosphere.NearEarth', 'Heliosphere.Outer', 'Jupiter', 'Sun.Corona']
2026-02-02T16:45:24.623237Z ERROR hpde_io       This value  = ['Heliosphere.Inner', 'Heliosphere.Outer', 'Jupiter', 'Sun.Corona']
2026-02-02T16:45:24.623262Z ERROR hpde_io        Combining values.
2026-02-02T16:45:24.623291Z ERROR hpde_io   UY_M0_RARA (spase://VSPO/NumericalData/Ulysses/URAP/GSFC/SPDF/RARA/PT10M):
2026-02-02T16:45:24.623334Z ERROR hpde_io       First value = ['Heliosphere', 'Heliosphere.Inner', 'Heliosphere.NearEarth', 'Heliosphere.Outer', 'Jupiter', 'Sun.Corona']
2026-02-02T16:45:24.623360Z ERROR hpde_io       This value  = ['Heliosphere.Outer']
2026-02-02T16:45:24.623382Z ERROR hpde_io        Combining values.
2026-02-02T16:45:24.623410Z ERROR hpde_io   UY_M0_RARP (spase://VSPO/NumericalData/Ulysses/URAP/GSFC/SPDF/RARP/PT10M):
2026-02-02T16:45:24.623452Z ERROR hpde_io       First value = ['Heliosphere', 'Heliosphere.Inner', 'Heliosphere.NearEarth', 'Heliosphere.Outer', 'Jupiter', 'Sun.Corona']
2026-02-02T16:45:24.623474Z ERROR hpde_io       This value  = ['Heliosphere.Outer']
2026-02-02T16:45:24.623500Z ERROR hpde_io        Combining values.
2026-02-02T16:45:24.623530Z ERROR hpde_io   UY_M0_WFBA (spase://NASA/NumericalData/Ulysses/URAP/GSFC/SPDF/WFBA/PT10M):
2026-02-02T16:45:24.623574Z ERROR hpde_io       First value = ['Heliosphere', 'Heliosphere.Inner', 'Heliosphere.NearEarth', 'Heliosphere.Outer', 'Jupiter', 'Sun.Corona']
2026-02-02T16:45:24.623599Z ERROR hpde_io       This value  = ['Heliosphere.Outer']
2026-02-02T16:45:24.623624Z ERROR hpde_io        Combining values.
2026-02-02T16:45:24.623652Z ERROR hpde_io   UY_M0_WFBP (spase://NASA/NumericalData/Ulysses/URAP/GSFC/SPDF/WFBP/PT10M):
2026-02-02T16:45:24.623702Z ERROR hpde_io       First value = ['Heliosphere', 'Heliosphere.Inner', 'Heliosphere.NearEarth', 'Heliosphere.Outer', 'Jupiter', 'Sun.Corona']
2026-02-02T16:45:24.623724Z ERROR hpde_io       This value  = ['Heliosphere.Outer']
2026-02-02T16:45:24.623748Z ERROR hpde_io        Combining values.
2026-02-02T16:45:24.623778Z ERROR hpde_io   UY_M0_WFEA (spase://VSPO/NumericalData/Ulysses/URAP/GSFC/SPDF/WFEA/PT10M):
2026-02-02T16:45:24.623820Z ERROR hpde_io       First value = ['Heliosphere', 'Heliosphere.Inner', 'Heliosphere.NearEarth', 'Heliosphere.Outer', 'Jupiter', 'Sun.Corona']
2026-02-02T16:45:24.623847Z ERROR hpde_io       This value  = ['Heliosphere.Outer']
2026-02-02T16:45:24.623872Z ERROR hpde_io        Combining values.
2026-02-02T16:45:24.623898Z ERROR hpde_io   UY_M0_WFEP (spase://VSPO/NumericalData/Ulysses/URAP/GSFC/SPDF/WFEP/PT10M):
2026-02-02T16:45:24.623940Z ERROR hpde_io       First value = ['Heliosphere', 'Heliosphere.Inner', 'Heliosphere.NearEarth', 'Heliosphere.Outer', 'Jupiter', 'Sun.Corona']
2026-02-02T16:45:24.623965Z ERROR hpde_io       This value  = ['Heliosphere.Outer']
2026-02-02T16:45:24.623989Z ERROR hpde_io        Combining values.
2026-02-02T16:45:24.624018Z ERROR hpde_io   UY_M1_BAI (spase://VSPO/NumericalData/Ulysses/SWOOPS/IonParams/CDF/PT1H):
2026-02-02T16:45:24.624061Z ERROR hpde_io       First value = ['Heliosphere', 'Heliosphere.Inner', 'Heliosphere.NearEarth', 'Heliosphere.Outer', 'Jupiter', 'Sun.Corona']
2026-02-02T16:45:24.624088Z ERROR hpde_io       This value  = ['Heliosphere', 'Heliosphere.Inner', 'Heliosphere.NearEarth', 'Heliosphere.Outer']
2026-02-02T16:45:24.624113Z ERROR hpde_io        Combining values.
2026-02-02T16:45:24.624143Z ERROR hpde_io   UY_M1_EPA (spase://NASA/NumericalData/Ulysses/EPAC/GSFC/SPDF/PT3600.00S):
2026-02-02T16:45:24.624183Z ERROR hpde_io       First value = ['Heliosphere', 'Heliosphere.Inner', 'Heliosphere.NearEarth', 'Heliosphere.Outer', 'Jupiter', 'Sun.Corona']
2026-02-02T16:45:24.624209Z ERROR hpde_io       This value  = ['Heliosphere.Outer']
2026-02-02T16:45:24.624235Z ERROR hpde_io        Combining values.
2026-02-02T16:45:24.624262Z ERROR hpde_io   UY_M1_LF15 (spase://VSPO/NumericalData/Ulysses/HISCALE/GSFC/SPFD/ELECTRON150_COUNTS/PT2M):
2026-02-02T16:45:24.624307Z ERROR hpde_io       First value = ['Heliosphere', 'Heliosphere.Inner', 'Heliosphere.NearEarth', 'Heliosphere.Outer', 'Jupiter', 'Sun.Corona']
2026-02-02T16:45:24.624332Z ERROR hpde_io       This value  = ['Heliosphere.Outer']
2026-02-02T16:45:24.624358Z ERROR hpde_io        Combining values.
2026-02-02T16:45:24.624385Z ERROR hpde_io   UY_M1_LF60 (spase://NASA/NumericalData/Ulysses/HISCALE/GSFC/SPFD/ELECTRON60_COUNTS/PT2M):
2026-02-02T16:45:24.624428Z ERROR hpde_io       First value = ['Heliosphere', 'Heliosphere.Inner', 'Heliosphere.NearEarth', 'Heliosphere.Outer', 'Jupiter', 'Sun.Corona']
2026-02-02T16:45:24.624455Z ERROR hpde_io       This value  = ['Heliosphere.Outer']
2026-02-02T16:45:24.624480Z ERROR hpde_io        Combining values.
2026-02-02T16:45:24.624510Z ERROR hpde_io   UY_M1_LM12 (spase://NASA/NumericalData/Ulysses/HISCALE/GSFC/SPFD/ELECTRON120_COUNTS/PT2M):
2026-02-02T16:45:24.624557Z ERROR hpde_io       First value = ['Heliosphere', 'Heliosphere.Inner', 'Heliosphere.NearEarth', 'Heliosphere.Outer', 'Jupiter', 'Sun.Corona']
2026-02-02T16:45:24.624582Z ERROR hpde_io       This value  = ['Heliosphere.Outer']
2026-02-02T16:45:24.624607Z ERROR hpde_io        Combining values.
2026-02-02T16:45:24.624637Z ERROR hpde_io   UY_M1_LM30 (spase://VSPO/NumericalData/Ulysses/HISCALE/GSFC/SPFD/ELECTRON30_COUNTS/PT2M):
2026-02-02T16:45:24.624678Z ERROR hpde_io       First value = ['Heliosphere', 'Heliosphere.Inner', 'Heliosphere.NearEarth', 'Heliosphere.Outer', 'Jupiter', 'Sun.Corona']
2026-02-02T16:45:24.624705Z ERROR hpde_io       This value  = ['Heliosphere.Outer']
2026-02-02T16:45:24.624731Z ERROR hpde_io        Combining values.
2026-02-02T16:45:24.624758Z ERROR hpde_io   UY_M1_LMDE (spase://NASA/NumericalData/Ulysses/HISCALE/GSFC/SPFD/ELECTRON30D_COUNTS/PT2M):
2026-02-02T16:45:24.624799Z ERROR hpde_io       First value = ['Heliosphere', 'Heliosphere.Inner', 'Heliosphere.NearEarth', 'Heliosphere.Outer', 'Jupiter', 'Sun.Corona']
2026-02-02T16:45:24.624826Z ERROR hpde_io       This value  = ['Heliosphere.Outer']
2026-02-02T16:45:24.624852Z ERROR hpde_io        Combining values.
2026-02-02T16:45:24.624878Z ERROR hpde_io   UY_M1_SCS (spase://VSPO/NumericalData/Ulysses/SWICS/GSFC/SPDF/ChargeStates/PT3H30M):
2026-02-02T16:45:24.624923Z ERROR hpde_io       First value = ['Heliosphere', 'Heliosphere.Inner', 'Heliosphere.NearEarth', 'Heliosphere.Outer', 'Jupiter', 'Sun.Corona']
2026-02-02T16:45:24.624949Z ERROR hpde_io       This value  = ['Heliosphere', 'Heliosphere.Inner', 'Heliosphere.NearEarth', 'Heliosphere.Outer']
2026-02-02T16:45:24.624974Z ERROR hpde_io        Combining values.
2026-02-02T16:45:24.625001Z ERROR hpde_io   UY_M1_SWI (spase://NASA/NumericalData/Ulysses/SWICS/GSFC/SPDF/PT3H):
2026-02-02T16:45:24.625043Z ERROR hpde_io       First value = ['Heliosphere', 'Heliosphere.Inner', 'Heliosphere.NearEarth', 'Heliosphere.Outer', 'Jupiter', 'Sun.Corona']
2026-02-02T16:45:24.625067Z ERROR hpde_io       This value  = ['Heliosphere.Outer']
2026-02-02T16:45:24.625091Z ERROR hpde_io        Combining values.
2026-02-02T16:45:24.625119Z ERROR hpde_io   UY_M1_VHM (spase://NASA/NumericalData/Ulysses/FGM/GSFC/SPDF/PT3600S):
2026-02-02T16:45:24.625162Z ERROR hpde_io       First value = ['Heliosphere', 'Heliosphere.Inner', 'Heliosphere.NearEarth', 'Heliosphere.Outer', 'Jupiter', 'Sun.Corona']
2026-02-02T16:45:24.625188Z ERROR hpde_io       This value  = ['Heliosphere.Inner', 'Heliosphere.NearEarth', 'Heliosphere.Outer']
2026-02-02T16:45:24.625213Z ERROR hpde_io        Combining values.
2026-02-02T16:45:24.625243Z ERROR hpde_io   UY_M1_WART (spase://VSPO/NumericalData/Ulysses/HISCALE/GSFC/SPFD/PROTON60_COUNTS/PT2M):
2026-02-02T16:45:24.625285Z ERROR hpde_io       First value = ['Heliosphere', 'Heliosphere.Inner', 'Heliosphere.NearEarth', 'Heliosphere.Outer', 'Jupiter', 'Sun.Corona']
2026-02-02T16:45:24.625309Z ERROR hpde_io       This value  = ['Heliosphere.Outer']
2026-02-02T16:45:24.625333Z ERROR hpde_io        Combining values.
2026-02-02T16:45:24.625363Z ERROR hpde_io   UY_M1_WRTD (spase://NASA/NumericalData/Ulysses/HISCALE/GSFC/SPFD/ION60_COUNTS/PT2M):
2026-02-02T16:45:24.625407Z ERROR hpde_io       First value = ['Heliosphere', 'Heliosphere.Inner', 'Heliosphere.NearEarth', 'Heliosphere.Outer', 'Jupiter', 'Sun.Corona']
2026-02-02T16:45:24.625432Z ERROR hpde_io       This value  = ['Heliosphere.Outer']
2026-02-02T16:45:24.625457Z ERROR hpde_io        Combining values.
2026-02-02T16:45:24.625487Z ERROR hpde_io   UY_PROTON-DISTRIBUTIONS_SWOOPS (spase://VSPO/NumericalData/Ulysses/SWOOPS/Proton/ParticleDistributions/PT4M):
2026-02-02T16:45:24.625533Z ERROR hpde_io       First value = ['Heliosphere', 'Heliosphere.Inner', 'Heliosphere.NearEarth', 'Heliosphere.Outer', 'Jupiter', 'Sun.Corona']
2026-02-02T16:45:24.625556Z ERROR hpde_io       This value  = ['Heliosphere', 'Heliosphere.Inner', 'Heliosphere.NearEarth', 'Heliosphere.Outer']
2026-02-02T16:45:24.625580Z ERROR hpde_io        Combining values.
2026-02-02T16:45:24.625608Z ERROR hpde_io   UY_PROTON-FIT-PARAMETERS_SWOOPS (spase://NASA/NumericalData/Ulysses/SWOOPS/Proton/FitParameters/PT4M):
2026-02-02T16:45:24.625656Z ERROR hpde_io       First value = ['Heliosphere', 'Heliosphere.Inner', 'Heliosphere.NearEarth', 'Heliosphere.Outer', 'Jupiter', 'Sun.Corona']
2026-02-02T16:45:24.625679Z ERROR hpde_io       This value  = ['Heliosphere', 'Heliosphere.Inner', 'Heliosphere.NearEarth', 'Heliosphere.Outer']
2026-02-02T16:45:24.625703Z ERROR hpde_io        Combining values.
2026-02-02T16:45:24.625733Z ERROR hpde_io   UY_PROTON-MOMENTS_SWOOPS (spase://NASA/NumericalData/Ulysses/SWOOPS/Proton/Moments/PT4M):
2026-02-02T16:45:24.625782Z ERROR hpde_io       First value = ['Heliosphere', 'Heliosphere.Inner', 'Heliosphere.NearEarth', 'Heliosphere.Outer', 'Jupiter', 'Sun.Corona']
2026-02-02T16:45:24.625805Z ERROR hpde_io       This value  = ['Heliosphere', 'Heliosphere.Inner', 'Heliosphere.NearEarth', 'Heliosphere.Outer']
2026-02-02T16:45:24.625829Z ERROR hpde_io        Combining values.
2026-02-02T16:45:24.625939Z ERROR hpde_io   VG1_PWS_WF (spase://NASA/NumericalData/Voyager1/PWS/Waveform-CDF/PT0.00003472S):
2026-02-02T16:45:24.625983Z ERROR hpde_io       First value = ['Heliosphere', 'Heliosphere.NearEarth', 'Heliosphere.Outer']
2026-02-02T16:45:24.626012Z ERROR hpde_io       This value  = ['Heliosphere.Heliosheath', 'Heliosphere.Heliosheath', 'Heliosphere.Outer', 'Jupiter', 'Jupiter.Callisto', 'Jupiter.Europa', 'Jupiter.Ganymede', 'Jupiter.Io', 'Jupiter.Magnetosphere', 'Saturn', 'Saturn.Magnetosphere', 'Saturn.Mimas', 'Saturn.Rhea', 'Saturn.Tethys', 'Saturn.Titan']
2026-02-02T16:45:24.626036Z ERROR hpde_io        Combining values.
2026-02-02T16:45:24.626109Z ERROR hpde_io   VG2_PWS_WF (spase://NASA/NumericalData/Voyager2/PWS/Waveform-CDF/PT0.00003472S):
2026-02-02T16:45:24.626153Z ERROR hpde_io       First value = ['Heliosphere', 'Heliosphere.NearEarth', 'Heliosphere.Outer']
2026-02-02T16:45:24.626182Z ERROR hpde_io       This value  = ['Heliosphere.Heliosheath', 'Heliosphere.Heliosheath', 'Heliosphere.Outer', 'Jupiter', 'Jupiter.Callisto', 'Jupiter.Europa', 'Jupiter.Ganymede', 'Jupiter.Io', 'Jupiter.Magnetosphere', 'Neptune', 'Neptune.Magnetosphere', 'Neptune.Proteus', 'Neptune.Triton', 'Saturn', 'Saturn.Dione', 'Saturn.Enceladus', 'Saturn.Iapetus', 'Saturn.Magnetosphere', 'Saturn.Mimas', 'Saturn.Rhea', 'Saturn.Tethys', 'Saturn.Titan', 'Uranus', 'Uranus.Ariel', 'Uranus.Magnetosphere', 'Uranus.Miranda', 'Uranus.Oberon', 'Uranus.Titania', 'Uranus.Umbriel']
2026-02-02T16:45:24.626211Z ERROR hpde_io        Combining values.
2026-02-02T16:45:24.626375Z ERROR hpde_io   VOYAGER1_48S_MAG (spase://NASA/NumericalData/Voyager1/MAG/CDF/PT48S):
2026-02-02T16:45:24.626420Z ERROR hpde_io       First value = ['Heliosphere', 'Heliosphere.Heliosheath', 'Heliosphere.Outer']
2026-02-02T16:45:24.626443Z ERROR hpde_io       This value  = ['Heliosphere.Heliosheath', 'Heliosphere.Outer']
2026-02-02T16:45:24.626468Z ERROR hpde_io        Combining values.
2026-02-02T16:45:24.626496Z ERROR hpde_io   VOYAGER1_48S_MAG-VIM (spase://VSPO/NumericalData/Voyager1/MAG/VIM/CDF/PT48S):
2026-02-02T16:45:24.626537Z ERROR hpde_io       First value = ['Heliosphere', 'Heliosphere.Heliosheath', 'Heliosphere.Outer']
2026-02-02T16:45:24.626563Z ERROR hpde_io       This value  = ['Heliosphere.Heliosheath', 'Heliosphere.Outer']
2026-02-02T16:45:24.626589Z ERROR hpde_io        Combining values.
2026-02-02T16:45:24.626617Z ERROR hpde_io   VOYAGER1_COHO1HR_MERGED_MAG_PLASMA (spase://NASA/NumericalData/Voyager1/MAGandPLS/PT1H):
2026-02-02T16:45:24.626658Z ERROR hpde_io       First value = ['Heliosphere', 'Heliosphere.Heliosheath', 'Heliosphere.Outer']
2026-02-02T16:45:24.626685Z ERROR hpde_io       This value  = ['Heliosphere.Heliosheath', 'Heliosphere.Outer']
2026-02-02T16:45:24.626711Z ERROR hpde_io        Combining values.
2026-02-02T16:45:24.626739Z ERROR hpde_io   VOYAGER1_CRS_DAILY_FLUX (spase://NASA/NumericalData/Voyager1/CRS/Flux/EnergyFlux/HydrogenHelium/LevelH3/CDF/P1D):
2026-02-02T16:45:24.626785Z ERROR hpde_io       First value = ['Heliosphere', 'Heliosphere.Heliosheath', 'Heliosphere.Outer']
2026-02-02T16:45:24.626811Z ERROR hpde_io       This value  = ['Heliosphere.Heliosheath', 'Heliosphere.Heliosheath', 'Heliosphere.Outer', 'Jupiter', 'Jupiter.Callisto', 'Jupiter.Europa', 'Jupiter.Ganymede', 'Jupiter.Io', 'Jupiter.Magnetosphere', 'Saturn', 'Saturn.Magnetosphere', 'Saturn.Mimas', 'Saturn.Rhea', 'Saturn.Tethys', 'Saturn.Titan']
2026-02-02T16:45:24.626837Z ERROR hpde_io        Combining values.
2026-02-02T16:45:24.627143Z ERROR hpde_io   VOYAGER2_48S_MAG (spase://VSPO/NumericalData/Voyager2/MAG/CDF/PT48S):
2026-02-02T16:45:24.627189Z ERROR hpde_io       First value = ['Heliosphere', 'Heliosphere.Heliosheath', 'Heliosphere.Outer']
2026-02-02T16:45:24.627219Z ERROR hpde_io       This value  = ['Heliosphere.Heliosheath', 'Heliosphere.Outer']
2026-02-02T16:45:24.627243Z ERROR hpde_io        Combining values.
2026-02-02T16:45:24.627272Z ERROR hpde_io   VOYAGER2_48S_MAG-VIM (spase://VSPO/NumericalData/Voyager2/MAG/VIM/CDF/PT48S):
2026-02-02T16:45:24.627318Z ERROR hpde_io       First value = ['Heliosphere', 'Heliosphere.Heliosheath', 'Heliosphere.Outer']
2026-02-02T16:45:24.627345Z ERROR hpde_io       This value  = ['Heliosphere.Heliosheath', 'Heliosphere.Outer']
2026-02-02T16:45:24.627366Z ERROR hpde_io        Combining values.
2026-02-02T16:45:24.627396Z ERROR hpde_io   VOYAGER2_COHO1HR_MERGED_MAG_PLASMA (spase://VSPO/NumericalData/Voyager2/MAGandPLS/PT1H):
2026-02-02T16:45:24.627441Z ERROR hpde_io       First value = ['Heliosphere', 'Heliosphere.Heliosheath', 'Heliosphere.Outer']
2026-02-02T16:45:24.627466Z ERROR hpde_io       This value  = ['Heliosphere.Heliosheath', 'Heliosphere.Outer']
2026-02-02T16:45:24.627490Z ERROR hpde_io        Combining values.
2026-02-02T16:45:24.627878Z ERROR hpde_io   WI_EHPD_3DP (spase://VSPO/NumericalData/Wind/3DP/EESA_HIGH/PD/PT24S):
2026-02-02T16:45:24.627921Z ERROR hpde_io       First value = ['Heliosphere', 'Heliosphere.Inner', 'Heliosphere.NearEarth']
2026-02-02T16:45:24.627947Z ERROR hpde_io       This value  = ['Heliosphere.NearEarth']
2026-02-02T16:45:24.627973Z ERROR hpde_io        Combining values.
2026-02-02T16:45:24.628003Z ERROR hpde_io   WI_EHSP_3DP (spase://NASA/NumericalData/Wind/3DP/EESA_HIGH/SP/PT24S):
2026-02-02T16:45:24.628046Z ERROR hpde_io       First value = ['Heliosphere', 'Heliosphere.Inner', 'Heliosphere.NearEarth']
2026-02-02T16:45:24.628072Z ERROR hpde_io       This value  = ['Heliosphere.NearEarth']
2026-02-02T16:45:24.628096Z ERROR hpde_io        Combining values.
2026-02-02T16:45:24.628125Z ERROR hpde_io   WI_ELM2_3DP (spase://NASA/NumericalData/Wind/3DP/EESA_LOW/Moments):
2026-02-02T16:45:24.628170Z ERROR hpde_io       First value = ['Heliosphere', 'Heliosphere.Inner', 'Heliosphere.NearEarth']
2026-02-02T16:45:24.628192Z ERROR hpde_io       This value  = ['Heliosphere.NearEarth']
2026-02-02T16:45:24.628216Z ERROR hpde_io        Combining values.
2026-02-02T16:45:24.628243Z ERROR hpde_io   WI_ELPD_3DP (spase://VHO/NumericalData/Wind/3DP/ELPD.PT96S):
2026-02-02T16:45:24.628284Z ERROR hpde_io       First value = ['Heliosphere', 'Heliosphere.Inner', 'Heliosphere.NearEarth']
2026-02-02T16:45:24.628311Z ERROR hpde_io       This value  = ['Heliosphere.NearEarth']
2026-02-02T16:45:24.628337Z ERROR hpde_io        Combining values.
2026-02-02T16:45:24.628369Z ERROR hpde_io   WI_EM_3DP (spase://VSPO/NumericalData/Wind/3DP/EM/PT3S):
2026-02-02T16:45:24.628414Z ERROR hpde_io       First value = ['Heliosphere', 'Heliosphere.Inner', 'Heliosphere.NearEarth']
2026-02-02T16:45:24.628440Z ERROR hpde_io       This value  = ['Heliosphere.NearEarth']
2026-02-02T16:45:24.628466Z ERROR hpde_io        Combining values.
2026-02-02T16:45:24.628510Z ERROR hpde_io   WI_H0_MFI (spase://NASA/NumericalData/Wind/MFI/PT03S):
2026-02-02T16:45:24.628551Z ERROR hpde_io       First value = ['Heliosphere', 'Heliosphere.Inner', 'Heliosphere.NearEarth']
2026-02-02T16:45:24.628576Z ERROR hpde_io       This value  = ['Earth.Magnetosheath', 'Earth.Magnetosphere', 'Earth.Magnetosphere.Magnetotail', 'Earth.Magnetosphere.Main', 'Heliosphere.NearEarth']
2026-02-02T16:45:24.628603Z ERROR hpde_io        Combining values.
2026-02-02T16:45:24.628632Z ERROR hpde_io   WI_H0_SWE (spase://VSPO/NumericalData/Wind/SWE/H0/PT06S):
2026-02-02T16:45:24.628674Z ERROR hpde_io       First value = ['Earth.Magnetosheath', 'Earth.Magnetosphere', 'Earth.Magnetosphere.Magnetotail', 'Earth.Magnetosphere.Main', 'Heliosphere', 'Heliosphere.Inner', 'Heliosphere.NearEarth']
2026-02-02T16:45:24.628703Z ERROR hpde_io       This value  = ['Earth.Magnetosheath', 'Earth.Magnetosphere.Magnetotail', 'Heliosphere.Inner', 'Heliosphere.NearEarth']
2026-02-02T16:45:24.628730Z ERROR hpde_io        Combining values.
2026-02-02T16:45:24.628757Z ERROR hpde_io   WI_H0_WAV (spase://VSPO/NumericalData/Wind/WAVES/PlasmaDensity/H0/PT18S):
2026-02-02T16:45:24.628802Z ERROR hpde_io       First value = ['Earth.Magnetosheath', 'Earth.Magnetosphere', 'Earth.Magnetosphere.Magnetotail', 'Earth.Magnetosphere.Main', 'Heliosphere', 'Heliosphere.Inner', 'Heliosphere.NearEarth']
2026-02-02T16:45:24.628828Z ERROR hpde_io       This value  = ['Heliosphere', 'Heliosphere.Inner', 'Heliosphere.NearEarth']
2026-02-02T16:45:24.628853Z ERROR hpde_io        Combining values.
2026-02-02T16:45:24.628883Z ERROR hpde_io   WI_H1_SWE (spase://NASA/NumericalData/Wind/SWE/Definitive/PT92S):
2026-02-02T16:45:24.628924Z ERROR hpde_io       First value = ['Earth.Magnetosheath', 'Earth.Magnetosphere', 'Earth.Magnetosphere.Magnetotail', 'Earth.Magnetosphere.Main', 'Heliosphere', 'Heliosphere.Inner', 'Heliosphere.NearEarth']
2026-02-02T16:45:24.628951Z ERROR hpde_io       This value  = ['Heliosphere.NearEarth']
2026-02-02T16:45:24.628976Z ERROR hpde_io        Combining values.
2026-02-02T16:45:24.629005Z ERROR hpde_io   WI_H1_WAV (spase://NASA/NumericalData/Wind/WAVES/DS/PT1M):
2026-02-02T16:45:24.629047Z ERROR hpde_io       First value = ['Earth.Magnetosheath', 'Earth.Magnetosphere', 'Earth.Magnetosphere.Magnetotail', 'Earth.Magnetosphere.Main', 'Heliosphere', 'Heliosphere.Inner', 'Heliosphere.NearEarth']
2026-02-02T16:45:24.629073Z ERROR hpde_io       This value  = ['Earth.Magnetosphere', 'Earth.NearSurface.AuroralRegion', 'Earth.NearSurface.Plasmasphere', 'Earth.NearSurface.PolarCap', 'Heliosphere.Inner']
2026-02-02T16:45:24.629099Z ERROR hpde_io        Combining values.
2026-02-02T16:45:24.629129Z ERROR hpde_io   WI_H2_MFI (spase://VSPO/NumericalData/Wind/MFI/PT0.092S):
2026-02-02T16:45:24.629172Z ERROR hpde_io       First value = ['Earth.Magnetosheath', 'Earth.Magnetosphere', 'Earth.Magnetosphere.Magnetotail', 'Earth.Magnetosphere.Main', 'Earth.NearSurface.AuroralRegion', 'Earth.NearSurface.Plasmasphere', 'Earth.NearSurface.PolarCap', 'Heliosphere', 'Heliosphere.Inner', 'Heliosphere.NearEarth']
2026-02-02T16:45:24.629201Z ERROR hpde_io       This value  = ['Earth.Magnetosheath', 'Earth.Magnetosphere', 'Earth.Magnetosphere.Magnetotail', 'Earth.Magnetosphere.Main', 'Heliosphere.NearEarth']
2026-02-02T16:45:24.629227Z ERROR hpde_io        Combining values.
2026-02-02T16:45:24.629255Z ERROR hpde_io   WI_H3-RTN_MFI (spase://NASA/NumericalData/Wind/MFI/RTN/PT03S):
2026-02-02T16:45:24.629301Z ERROR hpde_io       First value = ['Earth.Magnetosheath', 'Earth.Magnetosphere', 'Earth.Magnetosphere.Magnetotail', 'Earth.Magnetosphere.Main', 'Earth.NearSurface.AuroralRegion', 'Earth.NearSurface.Plasmasphere', 'Earth.NearSurface.PolarCap', 'Heliosphere', 'Heliosphere.Inner', 'Heliosphere.NearEarth']
2026-02-02T16:45:24.629328Z ERROR hpde_io       This value  = ['Earth.Magnetosheath', 'Earth.Magnetosphere', 'Earth.Magnetosphere.Magnetotail', 'Earth.Magnetosphere.Main', 'Heliosphere.NearEarth']
2026-02-02T16:45:24.629355Z ERROR hpde_io        Combining values.
2026-02-02T16:45:24.629385Z ERROR hpde_io   WI_H3_SWE (spase://VSPO/NumericalData/Wind/SWE/H3/PT12S):
2026-02-02T16:45:24.629432Z ERROR hpde_io       First value = ['Earth.Magnetosheath', 'Earth.Magnetosphere', 'Earth.Magnetosphere.Magnetotail', 'Earth.Magnetosphere.Main', 'Earth.NearSurface.AuroralRegion', 'Earth.NearSurface.Plasmasphere', 'Earth.NearSurface.PolarCap', 'Heliosphere', 'Heliosphere.Inner', 'Heliosphere.NearEarth']
2026-02-02T16:45:24.629457Z ERROR hpde_io       This value  = ['Earth.Magnetosheath', 'Earth.Magnetosphere.Magnetotail', 'Heliosphere.Inner', 'Heliosphere.NearEarth']
2026-02-02T16:45:24.629482Z ERROR hpde_io        Combining values.
2026-02-02T16:45:24.629509Z ERROR hpde_io   WI_H4-RTN_MFI (spase://NASA/NumericalData/Wind/MFI/RTN/PT0.092S):
2026-02-02T16:45:24.629545Z ERROR hpde_io       First value = ['Earth.Magnetosheath', 'Earth.Magnetosphere', 'Earth.Magnetosphere.Magnetotail', 'Earth.Magnetosphere.Main', 'Earth.NearSurface.AuroralRegion', 'Earth.NearSurface.Plasmasphere', 'Earth.NearSurface.PolarCap', 'Heliosphere', 'Heliosphere.Inner', 'Heliosphere.NearEarth']
2026-02-02T16:45:24.629567Z ERROR hpde_io       This value  = ['Earth.Magnetosheath', 'Earth.Magnetosphere', 'Earth.Magnetosphere.Magnetotail', 'Earth.Magnetosphere.Main', 'Heliosphere.NearEarth']
2026-02-02T16:45:24.629587Z ERROR hpde_io        Combining values.
2026-02-02T16:45:24.629611Z ERROR hpde_io   WI_H4_SWE (spase://NASA/NumericalData/Wind/SWE/H4/PT06S):
2026-02-02T16:45:24.629647Z ERROR hpde_io       First value = ['Earth.Magnetosheath', 'Earth.Magnetosphere', 'Earth.Magnetosphere.Magnetotail', 'Earth.Magnetosphere.Main', 'Earth.NearSurface.AuroralRegion', 'Earth.NearSurface.Plasmasphere', 'Earth.NearSurface.PolarCap', 'Heliosphere', 'Heliosphere.Inner', 'Heliosphere.NearEarth']
2026-02-02T16:45:24.629668Z ERROR hpde_io       This value  = ['Earth.Magnetosheath', 'Earth.Magnetosphere.Magnetotail', 'Heliosphere.Inner', 'Heliosphere.NearEarth']
2026-02-02T16:45:24.629688Z ERROR hpde_io        Combining values.
2026-02-02T16:45:24.629712Z ERROR hpde_io   WI_H5_SWE (spase://NASA/NumericalData/Wind/SWE/H5/PT12S):
2026-02-02T16:45:24.629747Z ERROR hpde_io       First value = ['Earth.Magnetosheath', 'Earth.Magnetosphere', 'Earth.Magnetosphere.Magnetotail', 'Earth.Magnetosphere.Main', 'Earth.NearSurface.AuroralRegion', 'Earth.NearSurface.Plasmasphere', 'Earth.NearSurface.PolarCap', 'Heliosphere', 'Heliosphere.Inner', 'Heliosphere.NearEarth']
2026-02-02T16:45:24.629769Z ERROR hpde_io       This value  = ['Earth.Magnetosheath', 'Earth.Magnetosphere.Magnetotail', 'Heliosphere.Inner', 'Heliosphere.NearEarth']
2026-02-02T16:45:24.629789Z ERROR hpde_io        Combining values.
2026-02-02T16:45:24.629812Z ERROR hpde_io   WI_K0_3DP (spase://NASA/NumericalData/Wind/3DP/KP/PT92S):
2026-02-02T16:45:24.629848Z ERROR hpde_io       First value = ['Earth.Magnetosheath', 'Earth.Magnetosphere', 'Earth.Magnetosphere.Magnetotail', 'Earth.Magnetosphere.Main', 'Earth.NearSurface.AuroralRegion', 'Earth.NearSurface.Plasmasphere', 'Earth.NearSurface.PolarCap', 'Heliosphere', 'Heliosphere.Inner', 'Heliosphere.NearEarth']
2026-02-02T16:45:24.629869Z ERROR hpde_io       This value  = ['Heliosphere.NearEarth']
2026-02-02T16:45:24.629889Z ERROR hpde_io        Combining values.
2026-02-02T16:45:24.629913Z ERROR hpde_io   WI_K0_EPA (spase://NASA/NumericalData/Wind/EPACT/PT92S):
2026-02-02T16:45:24.629948Z ERROR hpde_io       First value = ['Earth.Magnetosheath', 'Earth.Magnetosphere', 'Earth.Magnetosphere.Magnetotail', 'Earth.Magnetosphere.Main', 'Earth.NearSurface.AuroralRegion', 'Earth.NearSurface.Plasmasphere', 'Earth.NearSurface.PolarCap', 'Heliosphere', 'Heliosphere.Inner', 'Heliosphere.NearEarth']
2026-02-02T16:45:24.629969Z ERROR hpde_io       This value  = ['Heliosphere.NearEarth']
2026-02-02T16:45:24.629990Z ERROR hpde_io        Combining values.
2026-02-02T16:45:24.630013Z ERROR hpde_io   WI_K0_MFI (spase://NASA/NumericalData/Wind/MFI/KeyParameter/PT92S):
2026-02-02T16:45:24.630050Z ERROR hpde_io       First value = ['Earth.Magnetosheath', 'Earth.Magnetosphere', 'Earth.Magnetosphere.Magnetotail', 'Earth.Magnetosphere.Main', 'Earth.NearSurface.AuroralRegion', 'Earth.NearSurface.Plasmasphere', 'Earth.NearSurface.PolarCap', 'Heliosphere', 'Heliosphere.Inner', 'Heliosphere.NearEarth']
2026-02-02T16:45:24.630071Z ERROR hpde_io       This value  = ['Heliosphere', 'Heliosphere.Inner', 'Heliosphere.NearEarth']
2026-02-02T16:45:24.630091Z ERROR hpde_io        Combining values.
2026-02-02T16:45:24.630115Z ERROR hpde_io   WI_K0_SMS (spase://NASA/NumericalData/Wind/SMS/KP/PT4H):
2026-02-02T16:45:24.630151Z ERROR hpde_io       First value = ['Earth.Magnetosheath', 'Earth.Magnetosphere', 'Earth.Magnetosphere.Magnetotail', 'Earth.Magnetosphere.Main', 'Earth.NearSurface.AuroralRegion', 'Earth.NearSurface.Plasmasphere', 'Earth.NearSurface.PolarCap', 'Heliosphere', 'Heliosphere.Inner', 'Heliosphere.NearEarth']
2026-02-02T16:45:24.630172Z ERROR hpde_io       This value  = ['Heliosphere.NearEarth']
2026-02-02T16:45:24.630192Z ERROR hpde_io        Combining values.
2026-02-02T16:45:24.630218Z ERROR hpde_io   WI_K0_SPHA (spase://VSPO/NumericalData/Wind/Ephemeris/SpinPhase/KeyParameter/PT92S):
2026-02-02T16:45:24.630254Z ERROR hpde_io       First value = ['Earth.Magnetosheath', 'Earth.Magnetosphere', 'Earth.Magnetosphere.Magnetotail', 'Earth.Magnetosphere.Main', 'Earth.NearSurface.AuroralRegion', 'Earth.NearSurface.Plasmasphere', 'Earth.NearSurface.PolarCap', 'Heliosphere', 'Heliosphere.Inner', 'Heliosphere.NearEarth']
2026-02-02T16:45:24.630275Z ERROR hpde_io       This value  = ['Heliosphere', 'Heliosphere.Inner', 'Heliosphere.NearEarth']
2026-02-02T16:45:24.630296Z ERROR hpde_io        Combining values.
2026-02-02T16:45:24.630320Z ERROR hpde_io   WI_K0_SWE (spase://VSPO/NumericalData/Wind/SWE/IonMoments/KeyParameter/PT99S):
2026-02-02T16:45:24.630356Z ERROR hpde_io       First value = ['Earth.Magnetosheath', 'Earth.Magnetosphere', 'Earth.Magnetosphere.Magnetotail', 'Earth.Magnetosphere.Main', 'Earth.NearSurface.AuroralRegion', 'Earth.NearSurface.Plasmasphere', 'Earth.NearSurface.PolarCap', 'Heliosphere', 'Heliosphere.Inner', 'Heliosphere.NearEarth']
2026-02-02T16:45:24.630380Z ERROR hpde_io       This value  = ['Heliosphere', 'Heliosphere.Inner', 'Heliosphere.NearEarth']
2026-02-02T16:45:24.630406Z ERROR hpde_io        Combining values.
2026-02-02T16:45:24.630431Z ERROR hpde_io   WI_K0_WAV (spase://VSPO/NumericalData/Wind/WAVES/ElectricFieldIntensity/KeyParameter/PT3M):
2026-02-02T16:45:24.630467Z ERROR hpde_io       First value = ['Earth.Magnetosheath', 'Earth.Magnetosphere', 'Earth.Magnetosphere.Magnetotail', 'Earth.Magnetosphere.Main', 'Earth.NearSurface.AuroralRegion', 'Earth.NearSurface.Plasmasphere', 'Earth.NearSurface.PolarCap', 'Heliosphere', 'Heliosphere.Inner', 'Heliosphere.NearEarth']
2026-02-02T16:45:24.630488Z ERROR hpde_io       This value  = ['Heliosphere', 'Heliosphere.Inner', 'Heliosphere.NearEarth']
2026-02-02T16:45:24.630509Z ERROR hpde_io        Combining values.
2026-02-02T16:45:24.630533Z ERROR hpde_io   WI_L2-1HOUR-SEP_EPACT-APE_B (spase://VSPO/NumericalData/Wind/EPACT/SEP/PT1H):
2026-02-02T16:45:24.630586Z ERROR hpde_io       First value = ['Earth.Magnetosheath', 'Earth.Magnetosphere', 'Earth.Magnetosphere.Magnetotail', 'Earth.Magnetosphere.Main', 'Earth.NearSurface.AuroralRegion', 'Earth.NearSurface.Plasmasphere', 'Earth.NearSurface.PolarCap', 'Heliosphere', 'Heliosphere.Inner', 'Heliosphere.NearEarth']
2026-02-02T16:45:24.630613Z ERROR hpde_io       This value  = ['Heliosphere', 'Heliosphere.Inner', 'Heliosphere.NearEarth']
2026-02-02T16:45:24.630639Z ERROR hpde_io        Combining values.
2026-02-02T16:45:24.630671Z ERROR hpde_io   WI_L2-1HOUR-SEP_EPACT-LEMT (spase://NASA/NumericalData/Wind/EPACT/LEMT/L2/PT1H):
2026-02-02T16:45:24.630714Z ERROR hpde_io       First value = ['Earth.Magnetosheath', 'Earth.Magnetosphere', 'Earth.Magnetosphere.Magnetotail', 'Earth.Magnetosphere.Main', 'Earth.NearSurface.AuroralRegion', 'Earth.NearSurface.Plasmasphere', 'Earth.NearSurface.PolarCap', 'Heliosphere', 'Heliosphere.Inner', 'Heliosphere.NearEarth']
2026-02-02T16:45:24.630740Z ERROR hpde_io       This value  = ['Heliosphere.NearEarth']
2026-02-02T16:45:24.630766Z ERROR hpde_io        Combining values.
2026-02-02T16:45:24.630804Z ERROR hpde_io   WI_L2-30MIN_SMS-STICS-AFM-MAGNETOSPHERE (spase://NASA/NumericalData/Wind/SMS/STICS/AngularFluxMap/Level2/Magnetosphere/PT30M):
2026-02-02T16:45:24.630850Z ERROR hpde_io       First value = ['Earth.Magnetosheath', 'Earth.Magnetosphere', 'Earth.Magnetosphere.Magnetotail', 'Earth.Magnetosphere.Main', 'Earth.NearSurface.AuroralRegion', 'Earth.NearSurface.Plasmasphere', 'Earth.NearSurface.PolarCap', 'Heliosphere', 'Heliosphere.Inner', 'Heliosphere.NearEarth']
2026-02-02T16:45:24.630877Z ERROR hpde_io       This value  = ['Earth.Magnetosphere']
2026-02-02T16:45:24.630899Z ERROR hpde_io        Combining values.
2026-02-02T16:45:24.630927Z ERROR hpde_io   WI_L2-30MIN_SMS-STICS-AFM-SOLARWIND (spase://NASA/NumericalData/Wind/SMS/STICS/AngularFluxMap/Level2/SolarWind/PT30M):
2026-02-02T16:45:24.630971Z ERROR hpde_io       First value = ['Earth.Magnetosheath', 'Earth.Magnetosphere', 'Earth.Magnetosphere.Magnetotail', 'Earth.Magnetosphere.Main', 'Earth.NearSurface.AuroralRegion', 'Earth.NearSurface.Plasmasphere', 'Earth.NearSurface.PolarCap', 'Heliosphere', 'Heliosphere.Inner', 'Heliosphere.NearEarth']
2026-02-02T16:45:24.630996Z ERROR hpde_io       This value  = ['Heliosphere', 'Heliosphere.Inner', 'Heliosphere.NearEarth']
2026-02-02T16:45:24.631021Z ERROR hpde_io        Combining values.
2026-02-02T16:45:24.631051Z ERROR hpde_io   WI_L2-30MIN_SMS-STICS-ERPA-MAGNETOSPHERE (spase://NASA/NumericalData/Wind/SMS/STICS/EnergyResolvedPitchAngleDistribution/Level2/Magnetosphere/PT30M):
2026-02-02T16:45:24.631095Z ERROR hpde_io       First value = ['Earth.Magnetosheath', 'Earth.Magnetosphere', 'Earth.Magnetosphere.Magnetotail', 'Earth.Magnetosphere.Main', 'Earth.NearSurface.AuroralRegion', 'Earth.NearSurface.Plasmasphere', 'Earth.NearSurface.PolarCap', 'Heliosphere', 'Heliosphere.Inner', 'Heliosphere.NearEarth']
2026-02-02T16:45:24.631121Z ERROR hpde_io       This value  = ['Earth.Magnetosphere']
2026-02-02T16:45:24.631146Z ERROR hpde_io        Combining values.
2026-02-02T16:45:24.631174Z ERROR hpde_io   WI_L2-30MIN_SMS-STICS-ERPA-SOLARWIND (spase://NASA/NumericalData/Wind/SMS/STICS/EnergyResolvedPitchAngleDistribution/Level2/SolarWind/PT30M):
2026-02-02T16:45:24.631220Z ERROR hpde_io       First value = ['Earth.Magnetosheath', 'Earth.Magnetosphere', 'Earth.Magnetosphere.Magnetotail', 'Earth.Magnetosphere.Main', 'Earth.NearSurface.AuroralRegion', 'Earth.NearSurface.Plasmasphere', 'Earth.NearSurface.PolarCap', 'Heliosphere', 'Heliosphere.Inner', 'Heliosphere.NearEarth']
2026-02-02T16:45:24.631244Z ERROR hpde_io       This value  = ['Heliosphere', 'Heliosphere.Inner', 'Heliosphere.NearEarth']
2026-02-02T16:45:24.631276Z ERROR hpde_io        Combining values.
2026-02-02T16:45:24.631306Z ERROR hpde_io   WI_L2-3MIN_SMS-STICS-VDF-MAGNETOSPHERE (spase://NASA/NumericalData/Wind/SMS/STICS/DistributionFunction/Level2/Magnetosphere/PT3M):
2026-02-02T16:45:24.631353Z ERROR hpde_io       First value = ['Earth.Magnetosheath', 'Earth.Magnetosphere', 'Earth.Magnetosphere.Magnetotail', 'Earth.Magnetosphere.Main', 'Earth.NearSurface.AuroralRegion', 'Earth.NearSurface.Plasmasphere', 'Earth.NearSurface.PolarCap', 'Heliosphere', 'Heliosphere.Inner', 'Heliosphere.NearEarth']
2026-02-02T16:45:24.631377Z ERROR hpde_io       This value  = ['Earth.Magnetosphere']
2026-02-02T16:45:24.631400Z ERROR hpde_io        Combining values.
2026-02-02T16:45:24.631430Z ERROR hpde_io   WI_L2-3MIN_SMS-STICS-VDF-SOLARWIND (spase://NASA/NumericalData/Wind/SMS/STICS/DistributionFunction/Level2/SolarWind/PT3M):
2026-02-02T16:45:24.631476Z ERROR hpde_io       First value = ['Earth.Magnetosheath', 'Earth.Magnetosphere', 'Earth.Magnetosphere.Magnetotail', 'Earth.Magnetosphere.Main', 'Earth.NearSurface.AuroralRegion', 'Earth.NearSurface.Plasmasphere', 'Earth.NearSurface.PolarCap', 'Heliosphere', 'Heliosphere.Inner', 'Heliosphere.NearEarth']
2026-02-02T16:45:24.631503Z ERROR hpde_io       This value  = ['Heliosphere', 'Heliosphere.Inner', 'Heliosphere.NearEarth']
2026-02-02T16:45:24.631528Z ERROR hpde_io        Combining values.
2026-02-02T16:45:24.631558Z ERROR hpde_io   WI_L2-5MIN-SEP_EPACT-LEMT (spase://VSPO/NumericalData/Wind/EPACT/LEMT/L2/PT5M):
2026-02-02T16:45:24.631604Z ERROR hpde_io       First value = ['Earth.Magnetosheath', 'Earth.Magnetosphere', 'Earth.Magnetosphere.Magnetotail', 'Earth.Magnetosphere.Main', 'Earth.NearSurface.AuroralRegion', 'Earth.NearSurface.Plasmasphere', 'Earth.NearSurface.PolarCap', 'Heliosphere', 'Heliosphere.Inner', 'Heliosphere.NearEarth']
2026-02-02T16:45:24.631628Z ERROR hpde_io       This value  = ['Heliosphere.NearEarth']
2026-02-02T16:45:24.631651Z ERROR hpde_io        Combining values.
2026-02-02T16:45:24.631681Z ERROR hpde_io   WI_L2_3MIN_SMS-STICS-NVT-MAGNETOSPHERE (spase://NASA/NumericalData/Wind/SMS/STICS/Moments/Level2/Magnetosphere/PT3M):
2026-02-02T16:45:24.631727Z ERROR hpde_io       First value = ['Earth.Magnetosheath', 'Earth.Magnetosphere', 'Earth.Magnetosphere.Magnetotail', 'Earth.Magnetosphere.Main', 'Earth.NearSurface.AuroralRegion', 'Earth.NearSurface.Plasmasphere', 'Earth.NearSurface.PolarCap', 'Heliosphere', 'Heliosphere.Inner', 'Heliosphere.NearEarth']
2026-02-02T16:45:24.631754Z ERROR hpde_io       This value  = ['Earth.Magnetosphere']
2026-02-02T16:45:24.631780Z ERROR hpde_io        Combining values.
2026-02-02T16:45:24.631811Z ERROR hpde_io   WI_L2_3MIN_SMS-STICS-NVT-SOLARWIND (spase://NASA/NumericalData/Wind/SMS/STICS/Moments/Level2/SolarWind/PT3M):
2026-02-02T16:45:24.631855Z ERROR hpde_io       First value = ['Earth.Magnetosheath', 'Earth.Magnetosphere', 'Earth.Magnetosphere.Magnetotail', 'Earth.Magnetosphere.Main', 'Earth.NearSurface.AuroralRegion', 'Earth.NearSurface.Plasmasphere', 'Earth.NearSurface.PolarCap', 'Heliosphere', 'Heliosphere.Inner', 'Heliosphere.NearEarth']
2026-02-02T16:45:24.631881Z ERROR hpde_io       This value  = ['Heliosphere', 'Heliosphere.Inner', 'Heliosphere.NearEarth']
2026-02-02T16:45:24.631906Z ERROR hpde_io        Combining values.
2026-02-02T16:45:24.631936Z ERROR hpde_io   WI_L2_WAV_RAD1 (spase://NASA/NumericalData/Wind/WAVES/RAD2/L2/PT16S):
2026-02-02T16:45:24.631979Z ERROR hpde_io       First value = ['Earth.Magnetosheath', 'Earth.Magnetosphere', 'Earth.Magnetosphere.Magnetotail', 'Earth.Magnetosphere.Main', 'Earth.NearSurface.AuroralRegion', 'Earth.NearSurface.Plasmasphere', 'Earth.NearSurface.PolarCap', 'Heliosphere', 'Heliosphere.Inner', 'Heliosphere.NearEarth']
2026-02-02T16:45:24.632004Z ERROR hpde_io       This value  = ['Earth.Magnetosphere', 'Earth.NearSurface.AuroralRegion', 'Earth.NearSurface.Plasmasphere', 'Heliosphere.Inner']
2026-02-02T16:45:24.632030Z ERROR hpde_io        Combining values.
2026-02-02T16:45:24.632062Z ERROR hpde_io   WI_L3-DUSTIMPACT_WAVES (spase://NASA/NumericalData/Wind/WAVES/DustImpact/PT1S):
2026-02-02T16:45:24.632108Z ERROR hpde_io       First value = ['Earth.Magnetosheath', 'Earth.Magnetosphere', 'Earth.Magnetosphere.Magnetotail', 'Earth.Magnetosphere.Main', 'Earth.NearSurface.AuroralRegion', 'Earth.NearSurface.Plasmasphere', 'Earth.NearSurface.PolarCap', 'Heliosphere', 'Heliosphere.Inner', 'Heliosphere.NearEarth']
2026-02-02T16:45:24.632133Z ERROR hpde_io       This value  = ['Heliosphere', 'Heliosphere.Inner', 'Heliosphere.NearEarth']
2026-02-02T16:45:24.632156Z ERROR hpde_io        Combining values.
2026-02-02T16:45:24.632185Z ERROR hpde_io   WI_M0_SWE (spase://VSPO/NumericalData/Wind/SWE/M0/PT12S):
2026-02-02T16:45:24.632230Z ERROR hpde_io       First value = ['Earth.Magnetosheath', 'Earth.Magnetosphere', 'Earth.Magnetosphere.Magnetotail', 'Earth.Magnetosphere.Main', 'Earth.NearSurface.AuroralRegion', 'Earth.NearSurface.Plasmasphere', 'Earth.NearSurface.PolarCap', 'Heliosphere', 'Heliosphere.Inner', 'Heliosphere.NearEarth']
2026-02-02T16:45:24.632255Z ERROR hpde_io       This value  = ['Earth.Magnetosheath', 'Earth.Magnetosphere.Magnetotail', 'Heliosphere.Inner', 'Heliosphere.NearEarth']
2026-02-02T16:45:24.632279Z ERROR hpde_io        Combining values.
2026-02-02T16:45:24.632308Z ERROR hpde_io   WI_M2_SWE (spase://NASA/NumericalData/Wind/SWE/M2/PT06S):
2026-02-02T16:45:24.632355Z ERROR hpde_io       First value = ['Earth.Magnetosheath', 'Earth.Magnetosphere', 'Earth.Magnetosphere.Magnetotail', 'Earth.Magnetosphere.Main', 'Earth.NearSurface.AuroralRegion', 'Earth.NearSurface.Plasmasphere', 'Earth.NearSurface.PolarCap', 'Heliosphere', 'Heliosphere.Inner', 'Heliosphere.NearEarth']
2026-02-02T16:45:24.632379Z ERROR hpde_io       This value  = ['Earth.Magnetosheath', 'Earth.Magnetosphere.Magnetotail', 'Heliosphere.Inner', 'Heliosphere.NearEarth']
2026-02-02T16:45:24.632404Z ERROR hpde_io        Combining values.
2026-02-02T16:45:24.632435Z ERROR hpde_io   WI_OR_DEF (spase://VSPO/NumericalData/Wind/Ephemeris/definitive/PT10M):
2026-02-02T16:45:24.632477Z ERROR hpde_io       First value = ['Earth.Magnetosheath', 'Earth.Magnetosphere', 'Earth.Magnetosphere.Magnetotail', 'Earth.Magnetosphere.Main', 'Earth.NearSurface.AuroralRegion', 'Earth.NearSurface.Plasmasphere', 'Earth.NearSurface.PolarCap', 'Heliosphere', 'Heliosphere.Inner', 'Heliosphere.NearEarth']
2026-02-02T16:45:24.632504Z ERROR hpde_io       This value  = ['Heliosphere', 'Heliosphere.Inner', 'Heliosphere.NearEarth']
2026-02-02T16:45:24.632531Z ERROR hpde_io        Combining values.
2026-02-02T16:45:24.632558Z ERROR hpde_io   WI_OR_PRE (spase://NASA/NumericalData/Wind/Ephemeris/predicted/PT10M):
2026-02-02T16:45:24.632603Z ERROR hpde_io       First value = ['Earth.Magnetosheath', 'Earth.Magnetosphere', 'Earth.Magnetosphere.Magnetotail', 'Earth.Magnetosphere.Main', 'Earth.NearSurface.AuroralRegion', 'Earth.NearSurface.Plasmasphere', 'Earth.NearSurface.PolarCap', 'Heliosphere', 'Heliosphere.Inner', 'Heliosphere.NearEarth']
2026-02-02T16:45:24.632631Z ERROR hpde_io       This value  = ['Heliosphere.NearEarth']
2026-02-02T16:45:24.632658Z ERROR hpde_io        Combining values.
2026-02-02T16:45:24.632687Z ERROR hpde_io   WI_PLSP_3DP (spase://VSPO/NumericalData/Wind/3DP/PLSP/PT24S):
2026-02-02T16:45:24.632730Z ERROR hpde_io       First value = ['Earth.Magnetosheath', 'Earth.Magnetosphere', 'Earth.Magnetosphere.Magnetotail', 'Earth.Magnetosphere.Main', 'Earth.NearSurface.AuroralRegion', 'Earth.NearSurface.Plasmasphere', 'Earth.NearSurface.PolarCap', 'Heliosphere', 'Heliosphere.Inner', 'Heliosphere.NearEarth']
2026-02-02T16:45:24.632756Z ERROR hpde_io       This value  = ['Heliosphere.NearEarth']
2026-02-02T16:45:24.632783Z ERROR hpde_io        Combining values.
2026-02-02T16:45:24.632813Z ERROR hpde_io   WI_PM_3DP (spase://VSPO/NumericalData/Wind/3DP/PM/PT03S):
2026-02-02T16:45:24.632858Z ERROR hpde_io       First value = ['Earth.Magnetosheath', 'Earth.Magnetosphere', 'Earth.Magnetosphere.Magnetotail', 'Earth.Magnetosphere.Main', 'Earth.NearSurface.AuroralRegion', 'Earth.NearSurface.Plasmasphere', 'Earth.NearSurface.PolarCap', 'Heliosphere', 'Heliosphere.Inner', 'Heliosphere.NearEarth']
2026-02-02T16:45:24.632882Z ERROR hpde_io       This value  = ['Heliosphere.NearEarth']
2026-02-02T16:45:24.632907Z ERROR hpde_io        Combining values.
2026-02-02T16:45:24.632936Z ERROR hpde_io   WI_SFPD_3DP (spase://NASA/NumericalData/Wind/3DP/SST_Foil/PD/PT24S):
2026-02-02T16:45:24.632981Z ERROR hpde_io       First value = ['Earth.Magnetosheath', 'Earth.Magnetosphere', 'Earth.Magnetosphere.Magnetotail', 'Earth.Magnetosphere.Main', 'Earth.NearSurface.AuroralRegion', 'Earth.NearSurface.Plasmasphere', 'Earth.NearSurface.PolarCap', 'Heliosphere', 'Heliosphere.Inner', 'Heliosphere.NearEarth']
2026-02-02T16:45:24.633007Z ERROR hpde_io       This value  = ['Heliosphere.NearEarth']
2026-02-02T16:45:24.633032Z ERROR hpde_io        Combining values.
2026-02-02T16:45:24.633061Z ERROR hpde_io   WI_SFSP_3DP (spase://VSPO/NumericalData/Wind/3DP/SST_Foil/SP/PT24S):
2026-02-02T16:45:24.633105Z ERROR hpde_io       First value = ['Earth.Magnetosheath', 'Earth.Magnetosphere', 'Earth.Magnetosphere.Magnetotail', 'Earth.Magnetosphere.Main', 'Earth.NearSurface.AuroralRegion', 'Earth.NearSurface.Plasmasphere', 'Earth.NearSurface.PolarCap', 'Heliosphere', 'Heliosphere.Inner', 'Heliosphere.NearEarth']
2026-02-02T16:45:24.633132Z ERROR hpde_io       This value  = ['Heliosphere.NearEarth']
2026-02-02T16:45:24.633157Z ERROR hpde_io        Combining values.
2026-02-02T16:45:24.633186Z ERROR hpde_io   WI_SOPD_3DP (spase://NASA/NumericalData/Wind/3DP/SST_Open/PD/PT24S):
2026-02-02T16:45:24.633232Z ERROR hpde_io       First value = ['Earth.Magnetosheath', 'Earth.Magnetosphere', 'Earth.Magnetosphere.Magnetotail', 'Earth.Magnetosphere.Main', 'Earth.NearSurface.AuroralRegion', 'Earth.NearSurface.Plasmasphere', 'Earth.NearSurface.PolarCap', 'Heliosphere', 'Heliosphere.Inner', 'Heliosphere.NearEarth']
2026-02-02T16:45:24.633256Z ERROR hpde_io       This value  = ['Heliosphere.NearEarth']
2026-02-02T16:45:24.633279Z ERROR hpde_io        Combining values.
2026-02-02T16:45:24.633308Z ERROR hpde_io   WI_SOSP_3DP (spase://VSPO/NumericalData/Wind/3DP/SST_Open/SP/PT24S):
2026-02-02T16:45:24.633354Z ERROR hpde_io       First value = ['Earth.Magnetosheath', 'Earth.Magnetosphere', 'Earth.Magnetosphere.Magnetotail', 'Earth.Magnetosphere.Main', 'Earth.NearSurface.AuroralRegion', 'Earth.NearSurface.Plasmasphere', 'Earth.NearSurface.PolarCap', 'Heliosphere', 'Heliosphere.Inner', 'Heliosphere.NearEarth']
2026-02-02T16:45:24.633380Z ERROR hpde_io       This value  = ['Heliosphere.NearEarth']
2026-02-02T16:45:24.633405Z ERROR hpde_io        Combining values.
2026-02-02T16:45:24.633435Z ERROR hpde_io   WI_STRAHL0_SWE (spase://NASA/NumericalData/Wind/SWE/Strahl/PT12S):
2026-02-02T16:45:24.633478Z ERROR hpde_io       First value = ['Earth.Magnetosheath', 'Earth.Magnetosphere', 'Earth.Magnetosphere.Magnetotail', 'Earth.Magnetosphere.Main', 'Earth.NearSurface.AuroralRegion', 'Earth.NearSurface.Plasmasphere', 'Earth.NearSurface.PolarCap', 'Heliosphere', 'Heliosphere.Inner', 'Heliosphere.NearEarth']
2026-02-02T16:45:24.633504Z ERROR hpde_io       This value  = ['Heliosphere', 'Heliosphere.Inner', 'Heliosphere.NearEarth']
2026-02-02T16:45:24.633529Z ERROR hpde_io        Combining values.
2026-02-02T16:45:24.633560Z ERROR hpde_io   WI_SW-ION-DIST_SWE-FARADAY (spase://VSPO/NumericalData/Wind/SWE/FaradayCup/IonDistribution/PT92S):
2026-02-02T16:45:24.633600Z ERROR hpde_io       First value = ['Earth.Magnetosheath', 'Earth.Magnetosphere', 'Earth.Magnetosphere.Magnetotail', 'Earth.Magnetosphere.Main', 'Earth.NearSurface.AuroralRegion', 'Earth.NearSurface.Plasmasphere', 'Earth.NearSurface.PolarCap', 'Heliosphere', 'Heliosphere.Inner', 'Heliosphere.NearEarth']
2026-02-02T16:45:24.633626Z ERROR hpde_io       This value  = ['Earth.Magnetosheath', 'Earth.Magnetosphere.Magnetotail', 'Heliosphere', 'Heliosphere.Inner', 'Heliosphere.NearEarth']
2026-02-02T16:45:24.633653Z ERROR hpde_io        Combining values.
